Date,Average of Water heights in meter,Station,Name of river,Subdistrict,District,Province
2022-01-01,2.822608696,Ban Chiang Dao,แม่น้ำปิง,เชียงดาว,เชียงดาว,เชียงใหม่
2022-01-01,3.235652174,Ban Chor Lae,แม่น้ำปิง,ช่อแล,แม่แตง,เชียงใหม่
2022-01-01,4.014782609,Ban Don Chai,แม่น้ำวัง,ล้อมแรด,เถิน,ลำปาง
2022-01-01,8.068369565,Ban Don Mun,แม่น้ำวัง,บ้านแลง,เมือง,ลำปาง
2022-01-01,3.78,Ban Don Sali,น้ำแม่ลาว,ป่าแดด,แม่สรวย,เชียงราย
2022-01-01,5.12,Ban Hai,แม่น้ำวัง,ปงดอน,แจ้ห่ม,ลำปาง
2022-01-01,2.753478261,Ban Hua Sapan,น้ำแม่จัน,ป่าซาง,แม่จัน,เชียงราย
2022-01-01,5.1,Ban Huai Pa Sang,น้ำแม่แตง,กึ๊ดช้าง,แม่แตง,เชียงใหม่
2022-01-01,9.74,Ban Huai Sak,แม่น้ำยม,เตาปูน,สอง,แพร่
2022-01-01,6.145652174,Ban Klang,น้ำแม่ขาน,บ้านกลาง,สันป่าตอง,เชียงใหม่
2022-01-01,3.24,Ban Ko Kha,แม่น้ำวัง,ศาลา,เกาะคา,ลำปาง
2022-01-01,4.52,Ban Krariang Tung Phrao,น้ำแม่สรวย,วาวี,แม่สรวย,เชียงราย
2022-01-01,-3.08,Ban Lai Kaeo,น้ำแม่ลี้,ศรีเตี้ย,บ้านโฮ่ง,ลำพูน
2022-01-01,3.91,Ban Luang Nuea,น้ำงาว,หลวงใต้,งาว,ลำปาง
2022-01-01,6.726666667,Ban Mae E Hi,น้ำแม่ลี้,ศรีวิชัย,ลี้,ลำพูน
2022-01-01,4.9,Ban Mae Kha Bridge,น้ำฝาง,แม่ข่า,ฝาง,เชียงใหม่
2022-01-01,5.27,Ban Mae Khom Mi Tamnak Tham,น้ำแม่คำมี,ตำหนักธรรม,หนองม่วงไข่,แพร่
2022-01-01,5.9425,Ban Mae Lai,น้ำแม่หล่าย,แม่หล่าย,เมือง,แพร่
2022-01-01,1.735217391,Ban Mae Tae,แม่น้ำปิง,แม่แฝกเก่า,สันทราย,เชียงใหม่
2022-01-01,5.2,Ban Mai Rim Fang,น้ำฝาง,เวียงฝาง,ฝาง,เชียงใหม่
2022-01-01,7.54,Ban Mang,น้ำปี้,มาง,เชียงม่วน,พะเยา
2022-01-01,4.387391304,Ban Mueang Kuet,น้ำแม่แตง,กึ๊ดช้าง,แม่แตง,เชียงใหม่
2022-01-01,2.46,Ban Mueang Mai,ห้วยแม่ต๋า,เมืองมาย,แจ้ห่ม,ลำปาง
2022-01-01,4.35173913,Ban Mueang Pha,น้ำแม่ริม,ริมเหนือ,แม่ริม,เชียงใหม่
2022-01-01,8.325652174,Ban Nam Khong,แม่น้ำยม,ป่าแมต,เมือง,แพร่
2022-01-01,6.073913043,Ban Nam Yao,น้ำยาว,อวน,ปัว,น่าน
2022-01-01,1.659130435,Ban Nong Naw,น้ำแม่สอย,แจ้ห่ม,แจ้ห่ม,ลำปาง
2022-01-01,3.47,Ban Nong Pham,น้ำแม่ลาว,แม่สรวย,แม่สรวย,เชียงราย
2022-01-01,7,Ban Pa Kha,น้ำควร,ควร,ปง,พะเยา
2022-01-01,7.945217391,Ban Pa Khoi Tai,แม่น้ำปิง,สันผีเสื้อ,เมือง,เชียงใหม่
2022-01-01,4.751304348,Ban Pa Sang,น้ำแม่ทา,ป่าซาง,ป่าซาง,ลำพูน
2022-01-01,5.56,Ban Pang Sa,ห้วยน้ำยาว,ผาทอง,ท่าวังผา,น่าน
2022-01-01,10.21956522,Ban Pha Khwang,แม่น้ำน่าน,บ่อ,เมือง,น่าน
2022-01-01,6.51,Ban Phai Ngarm,แม่น้ำน่าน,ส้าน,เวียงสา,น่าน
2022-01-01,4.346521739,Ban Phan Ton,น้ำแม่วาง,ทุ่งปี้,แม่วาง,เชียงใหม่
2022-01-01,4.7,Ban Phi Tai,น้ำปี้,บ้านพี้,บ้านหลวง,น่าน
2022-01-01,6.612608696,Ban Pong,น้ำแม่กวง,บวกค้าง,สันกำแพง,เชียงใหม่
2022-01-01,4.675,Ban Pong,ห้วยโป่ง,บ้านโป่ง,งาว,ลำปาง
2022-01-01,4.11,Ban Rong Kho,แม่น้ำวัง,ร่องเคาะ,วังเหนือ,ลำปาง
2022-01-01,5.844782609,Ban Sop Mae Sapoot,แม่น้ำแม่ทา,ทาสบเส้า,แม่ทา,ลำพูน
2022-01-01,5.54,Ban Sop Prap,แม่น้ำวัง,สบปราบ,สบปราบ,ลำปาง
2022-01-01,5.89,Ban Sop Tam,น้ำแม่ต่ำ,เกาะคา,เกาะคา,ลำปาง
2022-01-01,4.47,Ban Sop Win,น้ำแม่วาง,แม่วิน,แม่วาง,เชียงใหม่
2022-01-01,5.61,Ban Tha Duea,แม่น้ำวัง,พิชัย,เมือง,ลำปาง
2022-01-01,5.18,Ban Tha Lo,น้ำแม่ตุ๋ย,บ่อแฮ้ว,เมือง,ลำปาง
2022-01-01,3.83,Ban Tha Pong Daeng,น้ำปาย,ผาบ่อง,เมือง,แม่ฮ่องสอน
2022-01-01,6.847826087,Ban Thung Nong,แม่น้ำยม,สระ,เชียงม่วน,พะเยา
2022-01-01,3.7,Ban Ton Yang,น้ำแม่ลาว,บัวสลี,แม่ลาว,เชียงราย
2022-01-01,12.67826087,Ban Wang Chin,แม่น้ำยม,วังชิ้น,วังชิ้น,แพร่
2022-01-01,4.85,Chedingam,น้ำอิง,ท่าวังทอง,เมือง,พะเยา
2022-01-01,6.823913043,In front of the Forestry Office,แม่น้ำน่าน,ในเวียง,เมือง,น่าน
2022-01-01,5.48,Mae Kham Lak Chet,น้ำแม่คำ,ศรีค้ำ,แม่จัน,เชียงราย
2022-01-01,5.213043478,Nawarat Bridge,แม่น้ำปิง,วัดเกต,เมือง,เชียงใหม่
2022-01-01,4.512173913,Pracha Uthit Bridge,น้ำแม่กลาง,บ้านหลวง,จอมทอง,เชียงใหม่
2022-01-01,4.44,Saphan Ban Khay,น้ำฝาง,แม่นาวาง,แม่อาย,เชียงใหม่
2022-01-01,4.578695652,Setuwaree Bridge,แม้น้ำวัง,เวียงเหนือ,เมือง,ลำปาง
2022-01-01,11.39,Tha Li Bridge,น้ำว้า,ขึ่ง,เวียงสา,น่าน
2022-01-01,7.662173913,Tha Nang Bridge,น้ำแม่กวง,ในเมือง,เมือง,ลำพูน
2022-01-01,3.27,Wang Phrao,น้ำแม่จาง,วังพร้าว,เกาะคา,ลำปาง
2022-01-02,2.82,Ban Chiang Dao,แม่น้ำปิง,เชียงดาว,เชียงดาว,เชียงใหม่
2022-01-02,3.179166667,Ban Chor Lae,แม่น้ำปิง,ช่อแล,แม่แตง,เชียงใหม่
2022-01-02,4.00875,Ban Don Chai,แม่น้ำวัง,ล้อมแรด,เถิน,ลำปาง
2022-01-02,8.068541667,Ban Don Mun,แม่น้ำวัง,บ้านแลง,เมือง,ลำปาง
2022-01-02,3.78,Ban Don Sali,น้ำแม่ลาว,ป่าแดด,แม่สรวย,เชียงราย
2022-01-02,5.121666667,Ban Hai,แม่น้ำวัง,ปงดอน,แจ้ห่ม,ลำปาง
2022-01-02,2.8,Ban Hong,น้ำแม่ออน,ร้องวัวแดง,สันกำแพง,เชียงใหม่
2022-01-02,2.75,Ban Hua Sapan,น้ำแม่จัน,ป่าซาง,แม่จัน,เชียงราย
2022-01-02,5.1,Ban Huai Pa Sang,น้ำแม่แตง,กึ๊ดช้าง,แม่แตง,เชียงใหม่
2022-01-02,9.74,Ban Huai Sak,แม่น้ำยม,เตาปูน,สอง,แพร่
2022-01-02,6.154166667,Ban Klang,น้ำแม่ขาน,บ้านกลาง,สันป่าตอง,เชียงใหม่
2022-01-02,3.246666667,Ban Ko Kha,แม่น้ำวัง,ศาลา,เกาะคา,ลำปาง
2022-01-02,4.52,Ban Krariang Tung Phrao,น้ำแม่สรวย,วาวี,แม่สรวย,เชียงราย
2022-01-02,-3.08,Ban Lai Kaeo,น้ำแม่ลี้,ศรีเตี้ย,บ้านโฮ่ง,ลำพูน
2022-01-02,6.67,Ban Luang,น้ำแม่ตื่น,ยางเปียง,อมก๋อย,เชียงใหม่
2022-01-02,3.91,Ban Luang Nuea,น้ำงาว,หลวงใต้,งาว,ลำปาง
2022-01-02,6.794166667,Ban Mae E Hi,น้ำแม่ลี้,ศรีวิชัย,ลี้,ลำพูน
2022-01-02,4.88,Ban Mae Kha Bridge,น้ำฝาง,แม่ข่า,ฝาง,เชียงใหม่
2022-01-02,5.26,Ban Mae Khom Mi Tamnak Tham,น้ำแม่คำมี,ตำหนักธรรม,หนองม่วงไข่,แพร่
2022-01-02,5.91125,Ban Mae Lai,น้ำแม่หล่าย,แม่หล่าย,เมือง,แพร่
2022-01-02,1.735416667,Ban Mae Tae,แม่น้ำปิง,แม่แฝกเก่า,สันทราย,เชียงใหม่
2022-01-02,2.45,Ban Mae Taeng,แม่น้ำแตง,สันมหาพล,แม่แตง,เชียงใหม่
2022-01-02,3.54,Ban Mae Wan,น้ำแม่กวง,ป่าเมี่ยง,ดอยสะเก็ด,เชียงใหม่
2022-01-02,5.24,Ban Mai Rim Fang,น้ำฝาง,เวียงฝาง,ฝาง,เชียงใหม่
2022-01-02,7.545833333,Ban Mang,น้ำปี้,มาง,เชียงม่วน,พะเยา
2022-01-02,5.71,Ban Muang Pok,น้ำแม่แตง,เปียงหลวง,เวียงแหง,เชียงใหม่
2022-01-02,4.365,Ban Mueang Kuet,น้ำแม่แตง,กึ๊ดช้าง,แม่แตง,เชียงใหม่
2022-01-02,2.456666667,Ban Mueang Mai,ห้วยแม่ต๋า,เมืองมาย,แจ้ห่ม,ลำปาง
2022-01-02,4.345416667,Ban Mueang Pha,น้ำแม่ริม,ริมเหนือ,แม่ริม,เชียงใหม่
2022-01-02,8.338333333,Ban Nam Khong,แม่น้ำยม,ป่าแมต,เมือง,แพร่
2022-01-02,6.0525,Ban Nam Yao,น้ำยาว,อวน,ปัว,น่าน
2022-01-02,1.652083333,Ban Nong Naw,น้ำแม่สอย,แจ้ห่ม,แจ้ห่ม,ลำปาง
2022-01-02,3.467916667,Ban Nong Pham,น้ำแม่ลาว,แม่สรวย,แม่สรวย,เชียงราย
2022-01-02,6.99,Ban Pa Kha,น้ำควร,ควร,ปง,พะเยา
2022-01-02,7.96,Ban Pa Khoi Tai,แม่น้ำปิง,สันผีเสื้อ,เมือง,เชียงใหม่
2022-01-02,4.75,Ban Pa Sang,น้ำแม่ทา,ป่าซาง,ป่าซาง,ลำพูน
2022-01-02,5.56,Ban Pang Sa,ห้วยน้ำยาว,ผาทอง,ท่าวังผา,น่าน
2022-01-02,10.22,Ban Pha Khwang,แม่น้ำน่าน,บ่อ,เมือง,น่าน
2022-01-02,6.51,Ban Phai Ngarm,แม่น้ำน่าน,ส้าน,เวียงสา,น่าน
2022-01-02,4.34625,Ban Phan Ton,น้ำแม่วาง,ทุ่งปี้,แม่วาง,เชียงใหม่
2022-01-02,4.7,Ban Phi Tai,น้ำปี้,บ้านพี้,บ้านหลวง,น่าน
2022-01-02,6.629166667,Ban Pong,น้ำแม่กวง,บวกค้าง,สันกำแพง,เชียงใหม่
2022-01-02,4.643333333,Ban Pong,ห้วยโป่ง,บ้านโป่ง,งาว,ลำปาง
2022-01-02,4.11,Ban Rong Kho,แม่น้ำวัง,ร่องเคาะ,วังเหนือ,ลำปาง
2022-01-02,3.04,Ban Saluang Nok,น้ำแม่ริม,สลวง,แม่ริม,เชียงใหม่
2022-01-02,4.38,Ban San Pu Loei,น้ำแม่ขอด,โหล่งขอด,พร้าว,เชียงใหม่
2022-01-02,3.93,Ban Singpotin,น้ำแม่ลาย,ป่าเมี่ยง,ดอยสะเก็ด,เชียงใหม่
2022-01-02,9.64,Ban Sob Soi,แม่น้ำปิง,แม่สอย,จอมทอง,เชียงใหม่
2022-01-02,5.847916667,Ban Sop Mae Sapoot,แม่น้ำแม่ทา,ทาสบเส้า,แม่ทา,ลำพูน
2022-01-02,7.7,Ban Sop Pae,แม่น้ำปิง,สบแปะ,จอมทอง,เชียงใหม่
2022-01-02,5.54,Ban Sop Prap,แม่น้ำวัง,สบปราบ,สบปราบ,ลำปาง
2022-01-02,5.89,Ban Sop Tam,น้ำแม่ต่ำ,เกาะคา,เกาะคา,ลำปาง
2022-01-02,4.47,Ban Sop Win,น้ำแม่วาง,แม่วิน,แม่วาง,เชียงใหม่
2022-01-02,5.616666667,Ban Tha Duea,แม่น้ำวัง,พิชัย,เมือง,ลำปาง
2022-01-02,5.18,Ban Tha Lo,น้ำแม่ตุ๋ย,บ่อแฮ้ว,เมือง,ลำปาง
2022-01-02,3.83,Ban Tha Pong Daeng,น้ำปาย,ผาบ่อง,เมือง,แม่ฮ่องสอน
2022-01-02,6.830833333,Ban Thung Nong,แม่น้ำยม,สระ,เชียงม่วน,พะเยา
2022-01-02,3.679166667,Ban Ton Yang,น้ำแม่ลาว,บัวสลี,แม่ลาว,เชียงราย
2022-01-02,12.68875,Ban Wang Chin,แม่น้ำยม,วังชิ้น,วังชิ้น,แพร่
2022-01-02,4.88,Chedingam,น้ำอิง,ท่าวังทอง,เมือง,พะเยา
2022-01-02,6.82375,In front of the Forestry Office,แม่น้ำน่าน,ในเวียง,เมือง,น่าน
2022-01-02,5.48,Mae Kham Lak Chet,น้ำแม่คำ,ศรีค้ำ,แม่จัน,เชียงราย
2022-01-02,2.1,Nam Mae Chaem,น้ำแม่แจ่ม,บ้านท่าข้าม,จอมทอง,เชียงใหม่
2022-01-02,5.204583333,Nawarat Bridge,แม่น้ำปิง,วัดเกต,เมือง,เชียงใหม่
2022-01-02,4.5,Pracha Uthit Bridge,น้ำแม่กลาง,บ้านหลวง,จอมทอง,เชียงใหม่
2022-01-02,5.51,Romklao Cooperative House,น้ำแม่งัด,แม่แวน,พร้าว,เชียงใหม่
2022-01-02,4.45,Saphan Ban Khay,น้ำฝาง,แม่นาวาง,แม่อาย,เชียงใหม่
2022-01-02,4.588333333,Setuwaree Bridge,แม้น้ำวัง,เวียงเหนือ,เมือง,ลำปาง
2022-01-02,11.38875,Tha Li Bridge,น้ำว้า,ขึ่ง,เวียงสา,น่าน
2022-01-02,7.722916667,Tha Nang Bridge,น้ำแม่กวง,ในเมือง,เมือง,ลำพูน
2022-01-02,3.275833333,Wang Phrao,น้ำแม่จาง,วังพร้าว,เกาะคา,ลำปาง
2022-01-03,2.83625,Ban Chiang Dao,แม่น้ำปิง,เชียงดาว,เชียงดาว,เชียงใหม่
2022-01-03,3.19875,Ban Chor Lae,แม่น้ำปิง,ช่อแล,แม่แตง,เชียงใหม่
2022-01-03,4,Ban Don Chai,แม่น้ำวัง,ล้อมแรด,เถิน,ลำปาง
2022-01-03,8.064375,Ban Don Mun,แม่น้ำวัง,บ้านแลง,เมือง,ลำปาง
2022-01-03,3.71,Ban Don Sali,น้ำแม่ลาว,ป่าแดด,แม่สรวย,เชียงราย
2022-01-03,5.12,Ban Hai,แม่น้ำวัง,ปงดอน,แจ้ห่ม,ลำปาง
2022-01-03,2.8,Ban Hong,น้ำแม่ออน,ร้องวัวแดง,สันกำแพง,เชียงใหม่
2022-01-03,2.695416667,Ban Hua Sapan,น้ำแม่จัน,ป่าซาง,แม่จัน,เชียงราย
2022-01-03,5.08,Ban Huai Pa Sang,น้ำแม่แตง,กึ๊ดช้าง,แม่แตง,เชียงใหม่
2022-01-03,9.74,Ban Huai Sak,แม่น้ำยม,เตาปูน,สอง,แพร่
2022-01-03,6.14,Ban Klang,น้ำแม่ขาน,บ้านกลาง,สันป่าตอง,เชียงใหม่
2022-01-03,3.25,Ban Ko Kha,แม่น้ำวัง,ศาลา,เกาะคา,ลำปาง
2022-01-03,4.51,Ban Krariang Tung Phrao,น้ำแม่สรวย,วาวี,แม่สรวย,เชียงราย
2022-01-03,-3.075,Ban Lai Kaeo,น้ำแม่ลี้,ศรีเตี้ย,บ้านโฮ่ง,ลำพูน
2022-01-03,6.67,Ban Luang,น้ำแม่ตื่น,ยางเปียง,อมก๋อย,เชียงใหม่
2022-01-03,3.89125,Ban Luang Nuea,น้ำงาว,หลวงใต้,งาว,ลำปาง
2022-01-03,6.727083333,Ban Mae E Hi,น้ำแม่ลี้,ศรีวิชัย,ลี้,ลำพูน
2022-01-03,4.87,Ban Mae Kha Bridge,น้ำฝาง,แม่ข่า,ฝาง,เชียงใหม่
2022-01-03,5.24,Ban Mae Khom Mi Tamnak Tham,น้ำแม่คำมี,ตำหนักธรรม,หนองม่วงไข่,แพร่
2022-01-03,5.91,Ban Mae Lai,น้ำแม่หล่าย,แม่หล่าย,เมือง,แพร่
2022-01-03,1.756666667,Ban Mae Tae,แม่น้ำปิง,แม่แฝกเก่า,สันทราย,เชียงใหม่
2022-01-03,2.48,Ban Mae Taeng,แม่น้ำแตง,สันมหาพล,แม่แตง,เชียงใหม่
2022-01-03,3.54,Ban Mae Wan,น้ำแม่กวง,ป่าเมี่ยง,ดอยสะเก็ด,เชียงใหม่
2022-01-03,5.3,Ban Mai Rim Fang,น้ำฝาง,เวียงฝาง,ฝาง,เชียงใหม่
2022-01-03,7.545,Ban Mang,น้ำปี้,มาง,เชียงม่วน,พะเยา
2022-01-03,5.71,Ban Muang Pok,น้ำแม่แตง,เปียงหลวง,เวียงแหง,เชียงใหม่
2022-01-03,4.3675,Ban Mueang Kuet,น้ำแม่แตง,กึ๊ดช้าง,แม่แตง,เชียงใหม่
2022-01-03,2.47,Ban Mueang Mai,ห้วยแม่ต๋า,เมืองมาย,แจ้ห่ม,ลำปาง
2022-01-03,4.342083333,Ban Mueang Pha,น้ำแม่ริม,ริมเหนือ,แม่ริม,เชียงใหม่
2022-01-03,8.325416667,Ban Nam Khong,แม่น้ำยม,ป่าแมต,เมือง,แพร่
2022-01-03,6.047083333,Ban Nam Yao,น้ำยาว,อวน,ปัว,น่าน
2022-01-03,1.647083333,Ban Nong Naw,น้ำแม่สอย,แจ้ห่ม,แจ้ห่ม,ลำปาง
2022-01-03,3.432916667,Ban Nong Pham,น้ำแม่ลาว,แม่สรวย,แม่สรวย,เชียงราย
2022-01-03,6.99,Ban Pa Kha,น้ำควร,ควร,ปง,พะเยา
2022-01-03,7.889583333,Ban Pa Khoi Tai,แม่น้ำปิง,สันผีเสื้อ,เมือง,เชียงใหม่
2022-01-03,4.75,Ban Pa Sang,น้ำแม่ทา,ป่าซาง,ป่าซาง,ลำพูน
2022-01-03,5.550416667,Ban Pang Sa,ห้วยน้ำยาว,ผาทอง,ท่าวังผา,น่าน
2022-01-03,10.22,Ban Pha Khwang,แม่น้ำน่าน,บ่อ,เมือง,น่าน
2022-01-03,6.51,Ban Phai Ngarm,แม่น้ำน่าน,ส้าน,เวียงสา,น่าน
2022-01-03,4.342916667,Ban Phan Ton,น้ำแม่วาง,ทุ่งปี้,แม่วาง,เชียงใหม่
2022-01-03,4.8,Ban Phi Tai,น้ำปี้,บ้านพี้,บ้านหลวง,น่าน
2022-01-03,6.64375,Ban Pong,น้ำแม่กวง,บวกค้าง,สันกำแพง,เชียงใหม่
2022-01-03,4.68,Ban Pong,ห้วยโป่ง,บ้านโป่ง,งาว,ลำปาง
2022-01-03,4.11,Ban Rong Kho,แม่น้ำวัง,ร่องเคาะ,วังเหนือ,ลำปาง
2022-01-03,3.04,Ban Saluang Nok,น้ำแม่ริม,สลวง,แม่ริม,เชียงใหม่
2022-01-03,4.38,Ban San Pu Loei,น้ำแม่ขอด,โหล่งขอด,พร้าว,เชียงใหม่
2022-01-03,3.93,Ban Singpotin,น้ำแม่ลาย,ป่าเมี่ยง,ดอยสะเก็ด,เชียงใหม่
2022-01-03,9.62,Ban Sob Soi,แม่น้ำปิง,แม่สอย,จอมทอง,เชียงใหม่
2022-01-03,5.887916667,Ban Sop Mae Sapoot,แม่น้ำแม่ทา,ทาสบเส้า,แม่ทา,ลำพูน
2022-01-03,7.7,Ban Sop Pae,แม่น้ำปิง,สบแปะ,จอมทอง,เชียงใหม่
2022-01-03,5.54,Ban Sop Prap,แม่น้ำวัง,สบปราบ,สบปราบ,ลำปาง
2022-01-03,5.89,Ban Sop Tam,น้ำแม่ต่ำ,เกาะคา,เกาะคา,ลำปาง
2022-01-03,4.465,Ban Sop Win,น้ำแม่วาง,แม่วิน,แม่วาง,เชียงใหม่
2022-01-03,5.65,Ban Tha Duea,แม่น้ำวัง,พิชัย,เมือง,ลำปาง
2022-01-03,5.18,Ban Tha Lo,น้ำแม่ตุ๋ย,บ่อแฮ้ว,เมือง,ลำปาง
2022-01-03,3.82,Ban Tha Pong Daeng,น้ำปาย,ผาบ่อง,เมือง,แม่ฮ่องสอน
2022-01-03,6.842083333,Ban Thung Nong,แม่น้ำยม,สระ,เชียงม่วน,พะเยา
2022-01-03,3.602083333,Ban Ton Yang,น้ำแม่ลาว,บัวสลี,แม่ลาว,เชียงราย
2022-01-03,12.69333333,Ban Wang Chin,แม่น้ำยม,วังชิ้น,วังชิ้น,แพร่
2022-01-03,4.88,Chedingam,น้ำอิง,ท่าวังทอง,เมือง,พะเยา
2022-01-03,6.8175,In front of the Forestry Office,แม่น้ำน่าน,ในเวียง,เมือง,น่าน
2022-01-03,5.47,Mae Kham Lak Chet,น้ำแม่คำ,ศรีค้ำ,แม่จัน,เชียงราย
2022-01-03,2.1,Nam Mae Chaem,น้ำแม่แจ่ม,บ้านท่าข้าม,จอมทอง,เชียงใหม่
2022-01-03,5.145,Nawarat Bridge,แม่น้ำปิง,วัดเกต,เมือง,เชียงใหม่
2022-01-03,4.5,Pracha Uthit Bridge,น้ำแม่กลาง,บ้านหลวง,จอมทอง,เชียงใหม่
2022-01-03,5.51,Romklao Cooperative House,น้ำแม่งัด,แม่แวน,พร้าว,เชียงใหม่
2022-01-03,4.603333333,Setuwaree Bridge,แม้น้ำวัง,เวียงเหนือ,เมือง,ลำปาง
2022-01-03,11.38,Tha Li Bridge,น้ำว้า,ขึ่ง,เวียงสา,น่าน
2022-01-03,7.82,Tha Nang Bridge,น้ำแม่กวง,ในเมือง,เมือง,ลำพูน
2022-01-03,3.265652174,Wang Phrao,น้ำแม่จาง,วังพร้าว,เกาะคา,ลำปาง
2022-01-04,2.835416667,Ban Chiang Dao,แม่น้ำปิง,เชียงดาว,เชียงดาว,เชียงใหม่
2022-01-04,3.23125,Ban Chor Lae,แม่น้ำปิง,ช่อแล,แม่แตง,เชียงใหม่
2022-01-04,4.0025,Ban Don Chai,แม่น้ำวัง,ล้อมแรด,เถิน,ลำปาง
2022-01-04,8.066666667,Ban Don Mun,แม่น้ำวัง,บ้านแลง,เมือง,ลำปาง
2022-01-04,3.72,Ban Don Sali,น้ำแม่ลาว,ป่าแดด,แม่สรวย,เชียงราย
2022-01-04,5.12,Ban Hai,แม่น้ำวัง,ปงดอน,แจ้ห่ม,ลำปาง
2022-01-04,2.8,Ban Hong,น้ำแม่ออน,ร้องวัวแดง,สันกำแพง,เชียงใหม่
2022-01-04,2.556666667,Ban Hua Sapan,น้ำแม่จัน,ป่าซาง,แม่จัน,เชียงราย
2022-01-04,5.06,Ban Huai Pa Sang,น้ำแม่แตง,กึ๊ดช้าง,แม่แตง,เชียงใหม่
2022-01-04,9.74,Ban Huai Sak,แม่น้ำยม,เตาปูน,สอง,แพร่
2022-01-04,6.14,Ban Klang,น้ำแม่ขาน,บ้านกลาง,สันป่าตอง,เชียงใหม่
2022-01-04,3.253333333,Ban Ko Kha,แม่น้ำวัง,ศาลา,เกาะคา,ลำปาง
2022-01-04,4.5,Ban Krariang Tung Phrao,น้ำแม่สรวย,วาวี,แม่สรวย,เชียงราย
2022-01-04,-3.06125,Ban Lai Kaeo,น้ำแม่ลี้,ศรีเตี้ย,บ้านโฮ่ง,ลำพูน
2022-01-04,6.67,Ban Luang,น้ำแม่ตื่น,ยางเปียง,อมก๋อย,เชียงใหม่
2022-01-04,3.897916667,Ban Luang Nuea,น้ำงาว,หลวงใต้,งาว,ลำปาง
2022-01-04,6.699583333,Ban Mae E Hi,น้ำแม่ลี้,ศรีวิชัย,ลี้,ลำพูน
2022-01-04,4.88,Ban Mae Kha Bridge,น้ำฝาง,แม่ข่า,ฝาง,เชียงใหม่
2022-01-04,5.24,Ban Mae Khom Mi Tamnak Tham,น้ำแม่คำมี,ตำหนักธรรม,หนองม่วงไข่,แพร่
2022-01-04,5.9,Ban Mae Lai,น้ำแม่หล่าย,แม่หล่าย,เมือง,แพร่
2022-01-04,1.777083333,Ban Mae Tae,แม่น้ำปิง,แม่แฝกเก่า,สันทราย,เชียงใหม่
2022-01-04,2.46,Ban Mae Taeng,แม่น้ำแตง,สันมหาพล,แม่แตง,เชียงใหม่
2022-01-04,3.54,Ban Mae Wan,น้ำแม่กวง,ป่าเมี่ยง,ดอยสะเก็ด,เชียงใหม่
2022-01-04,5.3,Ban Mai Rim Fang,น้ำฝาง,เวียงฝาง,ฝาง,เชียงใหม่
2022-01-04,7.53125,Ban Mang,น้ำปี้,มาง,เชียงม่วน,พะเยา
2022-01-04,5.71,Ban Muang Pok,น้ำแม่แตง,เปียงหลวง,เวียงแหง,เชียงใหม่
2022-01-04,4.3775,Ban Mueang Kuet,น้ำแม่แตง,กึ๊ดช้าง,แม่แตง,เชียงใหม่
2022-01-04,2.45,Ban Mueang Mai,ห้วยแม่ต๋า,เมืองมาย,แจ้ห่ม,ลำปาง
2022-01-04,4.335833333,Ban Mueang Pha,น้ำแม่ริม,ริมเหนือ,แม่ริม,เชียงใหม่
2022-01-04,8.3125,Ban Nam Khong,แม่น้ำยม,ป่าแมต,เมือง,แพร่
2022-01-04,6.004166667,Ban Nam Yao,น้ำยาว,อวน,ปัว,น่าน
2022-01-04,1.642916667,Ban Nong Naw,น้ำแม่สอย,แจ้ห่ม,แจ้ห่ม,ลำปาง
2022-01-04,3.42375,Ban Nong Pham,น้ำแม่ลาว,แม่สรวย,แม่สรวย,เชียงราย
2022-01-04,6.99,Ban Pa Kha,น้ำควร,ควร,ปง,พะเยา
2022-01-04,7.91875,Ban Pa Khoi Tai,แม่น้ำปิง,สันผีเสื้อ,เมือง,เชียงใหม่
2022-01-04,4.75,Ban Pa Sang,น้ำแม่ทา,ป่าซาง,ป่าซาง,ลำพูน
2022-01-04,5.55,Ban Pang Sa,ห้วยน้ำยาว,ผาทอง,ท่าวังผา,น่าน
2022-01-04,10.22,Ban Pha Khwang,แม่น้ำน่าน,บ่อ,เมือง,น่าน
2022-01-04,6.51,Ban Phai Ngarm,แม่น้ำน่าน,ส้าน,เวียงสา,น่าน
2022-01-04,4.35,Ban Phan Ton,น้ำแม่วาง,ทุ่งปี้,แม่วาง,เชียงใหม่
2022-01-04,4.8,Ban Phi Tai,น้ำปี้,บ้านพี้,บ้านหลวง,น่าน
2022-01-04,6.662916667,Ban Pong,น้ำแม่กวง,บวกค้าง,สันกำแพง,เชียงใหม่
2022-01-04,4.676666667,Ban Pong,ห้วยโป่ง,บ้านโป่ง,งาว,ลำปาง
2022-01-04,4.11,Ban Rong Kho,แม่น้ำวัง,ร่องเคาะ,วังเหนือ,ลำปาง
2022-01-04,3.04,Ban Saluang Nok,น้ำแม่ริม,สลวง,แม่ริม,เชียงใหม่
2022-01-04,4.36,Ban San Pu Loei,น้ำแม่ขอด,โหล่งขอด,พร้าว,เชียงใหม่
2022-01-04,3.92,Ban Singpotin,น้ำแม่ลาย,ป่าเมี่ยง,ดอยสะเก็ด,เชียงใหม่
2022-01-04,9.6,Ban Sob Soi,แม่น้ำปิง,แม่สอย,จอมทอง,เชียงใหม่
2022-01-04,5.89,Ban Sop Mae Sapoot,แม่น้ำแม่ทา,ทาสบเส้า,แม่ทา,ลำพูน
2022-01-04,7.7,Ban Sop Pae,แม่น้ำปิง,สบแปะ,จอมทอง,เชียงใหม่
2022-01-04,5.543333333,Ban Sop Prap,แม่น้ำวัง,สบปราบ,สบปราบ,ลำปาง
2022-01-04,5.89,Ban Sop Tam,น้ำแม่ต่ำ,เกาะคา,เกาะคา,ลำปาง
2022-01-04,4.451666667,Ban Sop Win,น้ำแม่วาง,แม่วิน,แม่วาง,เชียงใหม่
2022-01-04,5.7,Ban Tha Duea,แม่น้ำวัง,พิชัย,เมือง,ลำปาง
2022-01-04,5.18,Ban Tha Lo,น้ำแม่ตุ๋ย,บ่อแฮ้ว,เมือง,ลำปาง
2022-01-04,3.82,Ban Tha Pong Daeng,น้ำปาย,ผาบ่อง,เมือง,แม่ฮ่องสอน
2022-01-04,6.836666667,Ban Thung Nong,แม่น้ำยม,สระ,เชียงม่วน,พะเยา
2022-01-04,3.6,Ban Ton Yang,น้ำแม่ลาว,บัวสลี,แม่ลาว,เชียงราย
2022-01-04,12.70333333,Ban Wang Chin,แม่น้ำยม,วังชิ้น,วังชิ้น,แพร่
2022-01-04,4.86,Chedingam,น้ำอิง,ท่าวังทอง,เมือง,พะเยา
2022-01-04,6.81,In front of the Forestry Office,แม่น้ำน่าน,ในเวียง,เมือง,น่าน
2022-01-04,5.47,Mae Kham Lak Chet,น้ำแม่คำ,ศรีค้ำ,แม่จัน,เชียงราย
2022-01-04,2.1,Nam Mae Chaem,น้ำแม่แจ่ม,บ้านท่าข้าม,จอมทอง,เชียงใหม่
2022-01-04,5.180416667,Nawarat Bridge,แม่น้ำปิง,วัดเกต,เมือง,เชียงใหม่
2022-01-04,4.5,Pracha Uthit Bridge,น้ำแม่กลาง,บ้านหลวง,จอมทอง,เชียงใหม่
2022-01-04,5.51,Romklao Cooperative House,น้ำแม่งัด,แม่แวน,พร้าว,เชียงใหม่
2022-01-04,4.34,Saphan Ban Khay,น้ำฝาง,แม่นาวาง,แม่อาย,เชียงใหม่
2022-01-04,4.6225,Setuwaree Bridge,แม้น้ำวัง,เวียงเหนือ,เมือง,ลำปาง
2022-01-04,11.38,Tha Li Bridge,น้ำว้า,ขึ่ง,เวียงสา,น่าน
2022-01-04,8.014166667,Tha Nang Bridge,น้ำแม่กวง,ในเมือง,เมือง,ลำพูน
2022-01-04,3.239166667,Wang Phrao,น้ำแม่จาง,วังพร้าว,เกาะคา,ลำปาง
2022-01-05,2.84,Ban Chiang Dao,แม่น้ำปิง,เชียงดาว,เชียงดาว,เชียงใหม่
2022-01-05,3.225416667,Ban Chor Lae,แม่น้ำปิง,ช่อแล,แม่แตง,เชียงใหม่
2022-01-05,4.01,Ban Don Chai,แม่น้ำวัง,ล้อมแรด,เถิน,ลำปาง
2022-01-05,8.062291667,Ban Don Mun,แม่น้ำวัง,บ้านแลง,เมือง,ลำปาง
2022-01-05,3.73,Ban Don Sali,น้ำแม่ลาว,ป่าแดด,แม่สรวย,เชียงราย
2022-01-05,5.12,Ban Hai,แม่น้ำวัง,ปงดอน,แจ้ห่ม,ลำปาง
2022-01-05,2.8,Ban Hong,น้ำแม่ออน,ร้องวัวแดง,สันกำแพง,เชียงใหม่
2022-01-05,2.736666667,Ban Hua Sapan,น้ำแม่จัน,ป่าซาง,แม่จัน,เชียงราย
2022-01-05,5.06,Ban Huai Pa Sang,น้ำแม่แตง,กึ๊ดช้าง,แม่แตง,เชียงใหม่
2022-01-05,9.738333333,Ban Huai Sak,แม่น้ำยม,เตาปูน,สอง,แพร่
2022-01-05,6.108333333,Ban Klang,น้ำแม่ขาน,บ้านกลาง,สันป่าตอง,เชียงใหม่
2022-01-05,3.256666667,Ban Ko Kha,แม่น้ำวัง,ศาลา,เกาะคา,ลำปาง
2022-01-05,4.5,Ban Krariang Tung Phrao,น้ำแม่สรวย,วาวี,แม่สรวย,เชียงราย
2022-01-05,-3.06,Ban Lai Kaeo,น้ำแม่ลี้,ศรีเตี้ย,บ้านโฮ่ง,ลำพูน
2022-01-05,6.67,Ban Luang,น้ำแม่ตื่น,ยางเปียง,อมก๋อย,เชียงใหม่
2022-01-05,3.91,Ban Luang Nuea,น้ำงาว,หลวงใต้,งาว,ลำปาง
2022-01-05,6.698333333,Ban Mae E Hi,น้ำแม่ลี้,ศรีวิชัย,ลี้,ลำพูน
2022-01-05,4.87,Ban Mae Kha Bridge,น้ำฝาง,แม่ข่า,ฝาง,เชียงใหม่
2022-01-05,5.24,Ban Mae Khom Mi Tamnak Tham,น้ำแม่คำมี,ตำหนักธรรม,หนองม่วงไข่,แพร่
2022-01-05,5.9,Ban Mae Lai,น้ำแม่หล่าย,แม่หล่าย,เมือง,แพร่
2022-01-05,1.76,Ban Mae Tae,แม่น้ำปิง,แม่แฝกเก่า,สันทราย,เชียงใหม่
2022-01-05,2.45,Ban Mae Taeng,แม่น้ำแตง,สันมหาพล,แม่แตง,เชียงใหม่
2022-01-05,3.54,Ban Mae Wan,น้ำแม่กวง,ป่าเมี่ยง,ดอยสะเก็ด,เชียงใหม่
2022-01-05,5.3,Ban Mai Rim Fang,น้ำฝาง,เวียงฝาง,ฝาง,เชียงใหม่
2022-01-05,7.475416667,Ban Mang,น้ำปี้,มาง,เชียงม่วน,พะเยา
2022-01-05,5.7,Ban Muang Pok,น้ำแม่แตง,เปียงหลวง,เวียงแหง,เชียงใหม่
2022-01-05,4.38125,Ban Mueang Kuet,น้ำแม่แตง,กึ๊ดช้าง,แม่แตง,เชียงใหม่
2022-01-05,2.46,Ban Mueang Mai,ห้วยแม่ต๋า,เมืองมาย,แจ้ห่ม,ลำปาง
2022-01-05,4.349583333,Ban Mueang Pha,น้ำแม่ริม,ริมเหนือ,แม่ริม,เชียงใหม่
2022-01-05,8.3125,Ban Nam Khong,แม่น้ำยม,ป่าแมต,เมือง,แพร่
2022-01-05,6.005833333,Ban Nam Yao,น้ำยาว,อวน,ปัว,น่าน
2022-01-05,1.649166667,Ban Nong Naw,น้ำแม่สอย,แจ้ห่ม,แจ้ห่ม,ลำปาง
2022-01-05,3.392083333,Ban Nong Pham,น้ำแม่ลาว,แม่สรวย,แม่สรวย,เชียงราย
2022-01-05,6.986666667,Ban Pa Kha,น้ำควร,ควร,ปง,พะเยา
2022-01-05,7.958333333,Ban Pa Khoi Tai,แม่น้ำปิง,สันผีเสื้อ,เมือง,เชียงใหม่
2022-01-05,4.750416667,Ban Pa Sang,น้ำแม่ทา,ป่าซาง,ป่าซาง,ลำพูน
2022-01-05,5.55,Ban Pang Sa,ห้วยน้ำยาว,ผาทอง,ท่าวังผา,น่าน
2022-01-05,10.21666667,Ban Pha Khwang,แม่น้ำน่าน,บ่อ,เมือง,น่าน
2022-01-05,6.51,Ban Phai Ngarm,แม่น้ำน่าน,ส้าน,เวียงสา,น่าน
2022-01-05,4.35,Ban Phan Ton,น้ำแม่วาง,ทุ่งปี้,แม่วาง,เชียงใหม่
2022-01-05,4.7,Ban Phi Tai,น้ำปี้,บ้านพี้,บ้านหลวง,น่าน
2022-01-05,6.655833333,Ban Pong,น้ำแม่กวง,บวกค้าง,สันกำแพง,เชียงใหม่
2022-01-05,4.66,Ban Pong,ห้วยโป่ง,บ้านโป่ง,งาว,ลำปาง
2022-01-05,4.106666667,Ban Rong Kho,แม่น้ำวัง,ร่องเคาะ,วังเหนือ,ลำปาง
2022-01-05,3.04,Ban Saluang Nok,น้ำแม่ริม,สลวง,แม่ริม,เชียงใหม่
2022-01-05,4.36,Ban San Pu Loei,น้ำแม่ขอด,โหล่งขอด,พร้าว,เชียงใหม่
2022-01-05,3.92,Ban Singpotin,น้ำแม่ลาย,ป่าเมี่ยง,ดอยสะเก็ด,เชียงใหม่
2022-01-05,9.62,Ban Sob Soi,แม่น้ำปิง,แม่สอย,จอมทอง,เชียงใหม่
2022-01-05,5.89,Ban Sop Mae Sapoot,แม่น้ำแม่ทา,ทาสบเส้า,แม่ทา,ลำพูน
2022-01-05,7.7,Ban Sop Pae,แม่น้ำปิง,สบแปะ,จอมทอง,เชียงใหม่
2022-01-05,5.536666667,Ban Sop Prap,แม่น้ำวัง,สบปราบ,สบปราบ,ลำปาง
2022-01-05,5.88,Ban Sop Tam,น้ำแม่ต่ำ,เกาะคา,เกาะคา,ลำปาง
2022-01-05,4.45,Ban Sop Win,น้ำแม่วาง,แม่วิน,แม่วาง,เชียงใหม่
2022-01-05,5.8,Ban Tha Duea,แม่น้ำวัง,พิชัย,เมือง,ลำปาง
2022-01-05,5.18,Ban Tha Lo,น้ำแม่ตุ๋ย,บ่อแฮ้ว,เมือง,ลำปาง
2022-01-05,3.82,Ban Tha Pong Daeng,น้ำปาย,ผาบ่อง,เมือง,แม่ฮ่องสอน
2022-01-05,6.830833333,Ban Thung Nong,แม่น้ำยม,สระ,เชียงม่วน,พะเยา
2022-01-05,3.6,Ban Ton Yang,น้ำแม่ลาว,บัวสลี,แม่ลาว,เชียงราย
2022-01-05,12.70666667,Ban Wang Chin,แม่น้ำยม,วังชิ้น,วังชิ้น,แพร่
2022-01-05,4.86,Chedingam,น้ำอิง,ท่าวังทอง,เมือง,พะเยา
2022-01-05,6.807916667,In front of the Forestry Office,แม่น้ำน่าน,ในเวียง,เมือง,น่าน
2022-01-05,5.4625,Mae Kham Lak Chet,น้ำแม่คำ,ศรีค้ำ,แม่จัน,เชียงราย
2022-01-05,2.1,Nam Mae Chaem,น้ำแม่แจ่ม,บ้านท่าข้าม,จอมทอง,เชียงใหม่
2022-01-05,5.239583333,Nawarat Bridge,แม่น้ำปิง,วัดเกต,เมือง,เชียงใหม่
2022-01-05,4.496666667,Pracha Uthit Bridge,น้ำแม่กลาง,บ้านหลวง,จอมทอง,เชียงใหม่
2022-01-05,5.51,Romklao Cooperative House,น้ำแม่งัด,แม่แวน,พร้าว,เชียงใหม่
2022-01-05,4.34,Saphan Ban Khay,น้ำฝาง,แม่นาวาง,แม่อาย,เชียงใหม่
2022-01-05,4.663333333,Setuwaree Bridge,แม้น้ำวัง,เวียงเหนือ,เมือง,ลำปาง
2022-01-05,11.37625,Tha Li Bridge,น้ำว้า,ขึ่ง,เวียงสา,น่าน
2022-01-05,8.05125,Tha Nang Bridge,น้ำแม่กวง,ในเมือง,เมือง,ลำพูน
2022-01-05,3.2225,Wang Phrao,น้ำแม่จาง,วังพร้าว,เกาะคา,ลำปาง
2022-01-06,2.84,Ban Chiang Dao,แม่น้ำปิง,เชียงดาว,เชียงดาว,เชียงใหม่
2022-01-06,3.230416667,Ban Chor Lae,แม่น้ำปิง,ช่อแล,แม่แตง,เชียงใหม่
2022-01-06,4.006666667,Ban Don Chai,แม่น้ำวัง,ล้อมแรด,เถิน,ลำปาง
2022-01-06,8.07,Ban Don Mun,แม่น้ำวัง,บ้านแลง,เมือง,ลำปาง
2022-01-06,3.7275,Ban Don Sali,น้ำแม่ลาว,ป่าแดด,แม่สรวย,เชียงราย
2022-01-06,5.12,Ban Hai,แม่น้ำวัง,ปงดอน,แจ้ห่ม,ลำปาง
2022-01-06,2.8,Ban Hong,น้ำแม่ออน,ร้องวัวแดง,สันกำแพง,เชียงใหม่
2022-01-06,2.709166667,Ban Hua Sapan,น้ำแม่จัน,ป่าซาง,แม่จัน,เชียงราย
2022-01-06,5.04,Ban Huai Pa Sang,น้ำแม่แตง,กึ๊ดช้าง,แม่แตง,เชียงใหม่
2022-01-06,9.728333333,Ban Huai Sak,แม่น้ำยม,เตาปูน,สอง,แพร่
2022-01-06,6.091666667,Ban Klang,น้ำแม่ขาน,บ้านกลาง,สันป่าตอง,เชียงใหม่
2022-01-06,3.27,Ban Ko Kha,แม่น้ำวัง,ศาลา,เกาะคา,ลำปาง
2022-01-06,4.5,Ban Krariang Tung Phrao,น้ำแม่สรวย,วาวี,แม่สรวย,เชียงราย
2022-01-06,-3.06,Ban Lai Kaeo,น้ำแม่ลี้,ศรีเตี้ย,บ้านโฮ่ง,ลำพูน
2022-01-06,6.66,Ban Luang,น้ำแม่ตื่น,ยางเปียง,อมก๋อย,เชียงใหม่
2022-01-06,3.901666667,Ban Luang Nuea,น้ำงาว,หลวงใต้,งาว,ลำปาง
2022-01-06,6.69875,Ban Mae E Hi,น้ำแม่ลี้,ศรีวิชัย,ลี้,ลำพูน
2022-01-06,4.86,Ban Mae Kha Bridge,น้ำฝาง,แม่ข่า,ฝาง,เชียงใหม่
2022-01-06,5.24,Ban Mae Khom Mi Tamnak Tham,น้ำแม่คำมี,ตำหนักธรรม,หนองม่วงไข่,แพร่
2022-01-06,5.9,Ban Mae Lai,น้ำแม่หล่าย,แม่หล่าย,เมือง,แพร่
2022-01-06,1.748333333,Ban Mae Tae,แม่น้ำปิง,แม่แฝกเก่า,สันทราย,เชียงใหม่
2022-01-06,2.43,Ban Mae Taeng,แม่น้ำแตง,สันมหาพล,แม่แตง,เชียงใหม่
2022-01-06,3.54,Ban Mae Wan,น้ำแม่กวง,ป่าเมี่ยง,ดอยสะเก็ด,เชียงใหม่
2022-01-06,5.3,Ban Mai Rim Fang,น้ำฝาง,เวียงฝาง,ฝาง,เชียงใหม่
2022-01-06,7.31,Ban Mang,น้ำปี้,มาง,เชียงม่วน,พะเยา
2022-01-06,5.7,Ban Muang Pok,น้ำแม่แตง,เปียงหลวง,เวียงแหง,เชียงใหม่
2022-01-06,4.365,Ban Mueang Kuet,น้ำแม่แตง,กึ๊ดช้าง,แม่แตง,เชียงใหม่
2022-01-06,2.39,Ban Mueang Mai,ห้วยแม่ต๋า,เมืองมาย,แจ้ห่ม,ลำปาง
2022-01-06,4.322916667,Ban Mueang Pha,น้ำแม่ริม,ริมเหนือ,แม่ริม,เชียงใหม่
2022-01-06,8.3125,Ban Nam Khong,แม่น้ำยม,ป่าแมต,เมือง,แพร่
2022-01-06,5.994583333,Ban Nam Yao,น้ำยาว,อวน,ปัว,น่าน
2022-01-06,1.622916667,Ban Nong Naw,น้ำแม่สอย,แจ้ห่ม,แจ้ห่ม,ลำปาง
2022-01-06,3.489166667,Ban Nong Pham,น้ำแม่ลาว,แม่สรวย,แม่สรวย,เชียงราย
2022-01-06,6.97,Ban Pa Kha,น้ำควร,ควร,ปง,พะเยา
2022-01-06,7.966666667,Ban Pa Khoi Tai,แม่น้ำปิง,สันผีเสื้อ,เมือง,เชียงใหม่
2022-01-06,4.75,Ban Pa Sang,น้ำแม่ทา,ป่าซาง,ป่าซาง,ลำพูน
2022-01-06,5.547916667,Ban Pang Sa,ห้วยน้ำยาว,ผาทอง,ท่าวังผา,น่าน
2022-01-06,10.21,Ban Pha Khwang,แม่น้ำน่าน,บ่อ,เมือง,น่าน
2022-01-06,6.51,Ban Phai Ngarm,แม่น้ำน่าน,ส้าน,เวียงสา,น่าน
2022-01-06,4.35,Ban Phan Ton,น้ำแม่วาง,ทุ่งปี้,แม่วาง,เชียงใหม่
2022-01-06,4.7,Ban Phi Tai,น้ำปี้,บ้านพี้,บ้านหลวง,น่าน
2022-01-06,6.658333333,Ban Pong,น้ำแม่กวง,บวกค้าง,สันกำแพง,เชียงใหม่
2022-01-06,4.628,Ban Pong,ห้วยโป่ง,บ้านโป่ง,งาว,ลำปาง
2022-01-06,4.103333333,Ban Rong Kho,แม่น้ำวัง,ร่องเคาะ,วังเหนือ,ลำปาง
2022-01-06,3.04,Ban Saluang Nok,น้ำแม่ริม,สลวง,แม่ริม,เชียงใหม่
2022-01-06,4.36,Ban San Pu Loei,น้ำแม่ขอด,โหล่งขอด,พร้าว,เชียงใหม่
2022-01-06,3.92,Ban Singpotin,น้ำแม่ลาย,ป่าเมี่ยง,ดอยสะเก็ด,เชียงใหม่
2022-01-06,9.66,Ban Sob Soi,แม่น้ำปิง,แม่สอย,จอมทอง,เชียงใหม่
2022-01-06,5.89,Ban Sop Mae Sapoot,แม่น้ำแม่ทา,ทาสบเส้า,แม่ทา,ลำพูน
2022-01-06,7.7,Ban Sop Pae,แม่น้ำปิง,สบแปะ,จอมทอง,เชียงใหม่
2022-01-06,5.536666667,Ban Sop Prap,แม่น้ำวัง,สบปราบ,สบปราบ,ลำปาง
2022-01-06,5.88,Ban Sop Tam,น้ำแม่ต่ำ,เกาะคา,เกาะคา,ลำปาง
2022-01-06,4.45,Ban Sop Win,น้ำแม่วาง,แม่วิน,แม่วาง,เชียงใหม่
2022-01-06,5.842,Ban Tha Duea,แม่น้ำวัง,พิชัย,เมือง,ลำปาง
2022-01-06,5.19,Ban Tha Lo,น้ำแม่ตุ๋ย,บ่อแฮ้ว,เมือง,ลำปาง
2022-01-06,3.82,Ban Tha Pong Daeng,น้ำปาย,ผาบ่อง,เมือง,แม่ฮ่องสอน
2022-01-06,6.830833333,Ban Thung Nong,แม่น้ำยม,สระ,เชียงม่วน,พะเยา
2022-01-06,3.59125,Ban Ton Yang,น้ำแม่ลาว,บัวสลี,แม่ลาว,เชียงราย
2022-01-06,12.7,Ban Wang Chin,แม่น้ำยม,วังชิ้น,วังชิ้น,แพร่
2022-01-06,4.86,Chedingam,น้ำอิง,ท่าวังทอง,เมือง,พะเยา
2022-01-06,6.8,In front of the Forestry Office,แม่น้ำน่าน,ในเวียง,เมือง,น่าน
2022-01-06,5.452083333,Mae Kham Lak Chet,น้ำแม่คำ,ศรีค้ำ,แม่จัน,เชียงราย
2022-01-06,2.1,Nam Mae Chaem,น้ำแม่แจ่ม,บ้านท่าข้าม,จอมทอง,เชียงใหม่
2022-01-06,5.211666667,Nawarat Bridge,แม่น้ำปิง,วัดเกต,เมือง,เชียงใหม่
2022-01-06,4.489583333,Pracha Uthit Bridge,น้ำแม่กลาง,บ้านหลวง,จอมทอง,เชียงใหม่
2022-01-06,5.51,Romklao Cooperative House,น้ำแม่งัด,แม่แวน,พร้าว,เชียงใหม่
2022-01-06,4.25,Saphan Ban Khay,น้ำฝาง,แม่นาวาง,แม่อาย,เชียงใหม่
2022-01-06,4.697083333,Setuwaree Bridge,แม้น้ำวัง,เวียงเหนือ,เมือง,ลำปาง
2022-01-06,11.35958333,Tha Li Bridge,น้ำว้า,ขึ่ง,เวียงสา,น่าน
2022-01-06,7.985833333,Tha Nang Bridge,น้ำแม่กวง,ในเมือง,เมือง,ลำพูน
2022-01-06,3.225,Wang Phrao,น้ำแม่จาง,วังพร้าว,เกาะคา,ลำปาง
2022-01-07,2.830833333,Ban Chiang Dao,แม่น้ำปิง,เชียงดาว,เชียงดาว,เชียงใหม่
2022-01-07,3.554583333,Ban Chor Lae,แม่น้ำปิง,ช่อแล,แม่แตง,เชียงใหม่
2022-01-07,3.997916667,Ban Don Chai,แม่น้ำวัง,ล้อมแรด,เถิน,ลำปาง
2022-01-07,8.065,Ban Don Mun,แม่น้ำวัง,บ้านแลง,เมือง,ลำปาง
2022-01-07,3.74,Ban Don Sali,น้ำแม่ลาว,ป่าแดด,แม่สรวย,เชียงราย
2022-01-07,5.12125,Ban Hai,แม่น้ำวัง,ปงดอน,แจ้ห่ม,ลำปาง
2022-01-07,2.8,Ban Hong,น้ำแม่ออน,ร้องวัวแดง,สันกำแพง,เชียงใหม่
2022-01-07,2.610416667,Ban Hua Sapan,น้ำแม่จัน,ป่าซาง,แม่จัน,เชียงราย
2022-01-07,5.04,Ban Huai Pa Sang,น้ำแม่แตง,กึ๊ดช้าง,แม่แตง,เชียงใหม่
2022-01-07,9.709583333,Ban Huai Sak,แม่น้ำยม,เตาปูน,สอง,แพร่
2022-01-07,6.08125,Ban Klang,น้ำแม่ขาน,บ้านกลาง,สันป่าตอง,เชียงใหม่
2022-01-07,3.256666667,Ban Ko Kha,แม่น้ำวัง,ศาลา,เกาะคา,ลำปาง
2022-01-07,4.517916667,Ban Krariang Tung Phrao,น้ำแม่สรวย,วาวี,แม่สรวย,เชียงราย
2022-01-07,-3.06,Ban Lai Kaeo,น้ำแม่ลี้,ศรีเตี้ย,บ้านโฮ่ง,ลำพูน
2022-01-07,6.66,Ban Luang,น้ำแม่ตื่น,ยางเปียง,อมก๋อย,เชียงใหม่
2022-01-07,3.90875,Ban Luang Nuea,น้ำงาว,หลวงใต้,งาว,ลำปาง
2022-01-07,6.698333333,Ban Mae E Hi,น้ำแม่ลี้,ศรีวิชัย,ลี้,ลำพูน
2022-01-07,4.87,Ban Mae Kha Bridge,น้ำฝาง,แม่ข่า,ฝาง,เชียงใหม่
2022-01-07,5.31,Ban Mae Khom Mi Tamnak Tham,น้ำแม่คำมี,ตำหนักธรรม,หนองม่วงไข่,แพร่
2022-01-07,5.908888889,Ban Mae Lai,น้ำแม่หล่าย,แม่หล่าย,เมือง,แพร่
2022-01-07,1.89375,Ban Mae Tae,แม่น้ำปิง,แม่แฝกเก่า,สันทราย,เชียงใหม่
2022-01-07,2.43,Ban Mae Taeng,แม่น้ำแตง,สันมหาพล,แม่แตง,เชียงใหม่
2022-01-07,3.54,Ban Mae Wan,น้ำแม่กวง,ป่าเมี่ยง,ดอยสะเก็ด,เชียงใหม่
2022-01-07,5.32,Ban Mai Rim Fang,น้ำฝาง,เวียงฝาง,ฝาง,เชียงใหม่
2022-01-07,7.208333333,Ban Mang,น้ำปี้,มาง,เชียงม่วน,พะเยา
2022-01-07,5.7,Ban Muang Pok,น้ำแม่แตง,เปียงหลวง,เวียงแหง,เชียงใหม่
2022-01-07,4.35125,Ban Mueang Kuet,น้ำแม่แตง,กึ๊ดช้าง,แม่แตง,เชียงใหม่
2022-01-07,2.4,Ban Mueang Mai,ห้วยแม่ต๋า,เมืองมาย,แจ้ห่ม,ลำปาง
2022-01-07,4.385,Ban Mueang Pha,น้ำแม่ริม,ริมเหนือ,แม่ริม,เชียงใหม่
2022-01-07,8.300833333,Ban Nam Khong,แม่น้ำยม,ป่าแมต,เมือง,แพร่
2022-01-07,5.985416667,Ban Nam Yao,น้ำยาว,อวน,ปัว,น่าน
2022-01-07,1.654166667,Ban Nong Naw,น้ำแม่สอย,แจ้ห่ม,แจ้ห่ม,ลำปาง
2022-01-07,3.466666667,Ban Nong Pham,น้ำแม่ลาว,แม่สรวย,แม่สรวย,เชียงราย
2022-01-07,6.97,Ban Pa Kha,น้ำควร,ควร,ปง,พะเยา
2022-01-07,7.955,Ban Pa Khoi Tai,แม่น้ำปิง,สันผีเสื้อ,เมือง,เชียงใหม่
2022-01-07,4.74625,Ban Pa Sang,น้ำแม่ทา,ป่าซาง,ป่าซาง,ลำพูน
2022-01-07,5.54,Ban Pang Sa,ห้วยน้ำยาว,ผาทอง,ท่าวังผา,น่าน
2022-01-07,10.2075,Ban Pha Khwang,แม่น้ำน่าน,บ่อ,เมือง,น่าน
2022-01-07,6.51,Ban Phai Ngarm,แม่น้ำน่าน,ส้าน,เวียงสา,น่าน
2022-01-07,4.33375,Ban Phan Ton,น้ำแม่วาง,ทุ่งปี้,แม่วาง,เชียงใหม่
2022-01-07,4.7,Ban Phi Tai,น้ำปี้,บ้านพี้,บ้านหลวง,น่าน
2022-01-07,6.6575,Ban Pong,น้ำแม่กวง,บวกค้าง,สันกำแพง,เชียงใหม่
2022-01-07,4.636666667,Ban Pong,ห้วยโป่ง,บ้านโป่ง,งาว,ลำปาง
2022-01-07,4.093333333,Ban Rong Kho,แม่น้ำวัง,ร่องเคาะ,วังเหนือ,ลำปาง
2022-01-07,3.04,Ban Saluang Nok,น้ำแม่ริม,สลวง,แม่ริม,เชียงใหม่
2022-01-07,4.36,Ban San Pu Loei,น้ำแม่ขอด,โหล่งขอด,พร้าว,เชียงใหม่
2022-01-07,3.92,Ban Singpotin,น้ำแม่ลาย,ป่าเมี่ยง,ดอยสะเก็ด,เชียงใหม่
2022-01-07,9.6,Ban Sob Soi,แม่น้ำปิง,แม่สอย,จอมทอง,เชียงใหม่
2022-01-07,5.88125,Ban Sop Mae Sapoot,แม่น้ำแม่ทา,ทาสบเส้า,แม่ทา,ลำพูน
2022-01-07,7.705,Ban Sop Pae,แม่น้ำปิง,สบแปะ,จอมทอง,เชียงใหม่
2022-01-07,5.52,Ban Sop Prap,แม่น้ำวัง,สบปราบ,สบปราบ,ลำปาง
2022-01-07,5.8625,Ban Sop Tam,น้ำแม่ต่ำ,เกาะคา,เกาะคา,ลำปาง
2022-01-07,4.445,Ban Sop Win,น้ำแม่วาง,แม่วิน,แม่วาง,เชียงใหม่
2022-01-07,5.89,Ban Tha Duea,แม่น้ำวัง,พิชัย,เมือง,ลำปาง
2022-01-07,5.2225,Ban Tha Lo,น้ำแม่ตุ๋ย,บ่อแฮ้ว,เมือง,ลำปาง
2022-01-07,3.82,Ban Tha Pong Daeng,น้ำปาย,ผาบ่อง,เมือง,แม่ฮ่องสอน
2022-01-07,6.796666667,Ban Thung Nong,แม่น้ำยม,สระ,เชียงม่วน,พะเยา
2022-01-07,3.605416667,Ban Ton Yang,น้ำแม่ลาว,บัวสลี,แม่ลาว,เชียงราย
2022-01-07,12.7,Ban Wang Chin,แม่น้ำยม,วังชิ้น,วังชิ้น,แพร่
2022-01-07,4.86,Chedingam,น้ำอิง,ท่าวังทอง,เมือง,พะเยา
2022-01-07,6.8,In front of the Forestry Office,แม่น้ำน่าน,ในเวียง,เมือง,น่าน
2022-01-07,5.45,Mae Kham Lak Chet,น้ำแม่คำ,ศรีค้ำ,แม่จัน,เชียงราย
2022-01-07,2.095,Nam Mae Chaem,น้ำแม่แจ่ม,บ้านท่าข้าม,จอมทอง,เชียงใหม่
2022-01-07,5.2175,Nawarat Bridge,แม่น้ำปิง,วัดเกต,เมือง,เชียงใหม่
2022-01-07,4.4725,Pracha Uthit Bridge,น้ำแม่กลาง,บ้านหลวง,จอมทอง,เชียงใหม่
2022-01-07,5.51,Romklao Cooperative House,น้ำแม่งัด,แม่แวน,พร้าว,เชียงใหม่
2022-01-07,4.25,Saphan Ban Khay,น้ำฝาง,แม่นาวาง,แม่อาย,เชียงใหม่
2022-01-07,4.7175,Setuwaree Bridge,แม้น้ำวัง,เวียงเหนือ,เมือง,ลำปาง
2022-01-07,11.35,Tha Li Bridge,น้ำว้า,ขึ่ง,เวียงสา,น่าน
2022-01-07,7.973333333,Tha Nang Bridge,น้ำแม่กวง,ในเมือง,เมือง,ลำพูน
2022-01-07,3.206666667,Wang Phrao,น้ำแม่จาง,วังพร้าว,เกาะคา,ลำปาง
2022-01-08,2.83,Ban Chiang Dao,แม่น้ำปิง,เชียงดาว,เชียงดาว,เชียงใหม่
2022-01-08,3.454166667,Ban Chor Lae,แม่น้ำปิง,ช่อแล,แม่แตง,เชียงใหม่
2022-01-08,3.986666667,Ban Don Chai,แม่น้ำวัง,ล้อมแรด,เถิน,ลำปาง
2022-01-08,8.065,Ban Don Mun,แม่น้ำวัง,บ้านแลง,เมือง,ลำปาง
2022-01-08,3.74,Ban Don Sali,น้ำแม่ลาว,ป่าแดด,แม่สรวย,เชียงราย
2022-01-08,5.1225,Ban Hai,แม่น้ำวัง,ปงดอน,แจ้ห่ม,ลำปาง
2022-01-08,2.8,Ban Hong,น้ำแม่ออน,ร้องวัวแดง,สันกำแพง,เชียงใหม่
2022-01-08,2.620416667,Ban Hua Sapan,น้ำแม่จัน,ป่าซาง,แม่จัน,เชียงราย
2022-01-08,5.04,Ban Huai Pa Sang,น้ำแม่แตง,กึ๊ดช้าง,แม่แตง,เชียงใหม่
2022-01-08,9.697083333,Ban Huai Sak,แม่น้ำยม,เตาปูน,สอง,แพร่
2022-01-08,6.08,Ban Klang,น้ำแม่ขาน,บ้านกลาง,สันป่าตอง,เชียงใหม่
2022-01-08,3.256666667,Ban Ko Kha,แม่น้ำวัง,ศาลา,เกาะคา,ลำปาง
2022-01-08,4.502083333,Ban Krariang Tung Phrao,น้ำแม่สรวย,วาวี,แม่สรวย,เชียงราย
2022-01-08,-3.05875,Ban Lai Kaeo,น้ำแม่ลี้,ศรีเตี้ย,บ้านโฮ่ง,ลำพูน
2022-01-08,6.65,Ban Luang,น้ำแม่ตื่น,ยางเปียง,อมก๋อย,เชียงใหม่
2022-01-08,3.908333333,Ban Luang Nuea,น้ำงาว,หลวงใต้,งาว,ลำปาง
2022-01-08,6.70875,Ban Mae E Hi,น้ำแม่ลี้,ศรีวิชัย,ลี้,ลำพูน
2022-01-08,4.9,Ban Mae Kha Bridge,น้ำฝาง,แม่ข่า,ฝาง,เชียงใหม่
2022-01-08,5.33,Ban Mae Khom Mi Tamnak Tham,น้ำแม่คำมี,ตำหนักธรรม,หนองม่วงไข่,แพร่
2022-01-08,5.92,Ban Mae Lai,น้ำแม่หล่าย,แม่หล่าย,เมือง,แพร่
2022-01-08,2.03125,Ban Mae Tae,แม่น้ำปิง,แม่แฝกเก่า,สันทราย,เชียงใหม่
2022-01-08,2.45,Ban Mae Taeng,แม่น้ำแตง,สันมหาพล,แม่แตง,เชียงใหม่
2022-01-08,3.54,Ban Mae Wan,น้ำแม่กวง,ป่าเมี่ยง,ดอยสะเก็ด,เชียงใหม่
2022-01-08,5.32,Ban Mai Rim Fang,น้ำฝาง,เวียงฝาง,ฝาง,เชียงใหม่
2022-01-08,7.293333333,Ban Mang,น้ำปี้,มาง,เชียงม่วน,พะเยา
2022-01-08,5.7,Ban Muang Pok,น้ำแม่แตง,เปียงหลวง,เวียงแหง,เชียงใหม่
2022-01-08,4.34125,Ban Mueang Kuet,น้ำแม่แตง,กึ๊ดช้าง,แม่แตง,เชียงใหม่
2022-01-08,2.35,Ban Mueang Mai,ห้วยแม่ต๋า,เมืองมาย,แจ้ห่ม,ลำปาง
2022-01-08,4.374166667,Ban Mueang Pha,น้ำแม่ริม,ริมเหนือ,แม่ริม,เชียงใหม่
2022-01-08,8.29875,Ban Nam Khong,แม่น้ำยม,ป่าแมต,เมือง,แพร่
2022-01-08,6,Ban Nam Yao,น้ำยาว,อวน,ปัว,น่าน
2022-01-08,1.636666667,Ban Nong Naw,น้ำแม่สอย,แจ้ห่ม,แจ้ห่ม,ลำปาง
2022-01-08,3.49875,Ban Nong Pham,น้ำแม่ลาว,แม่สรวย,แม่สรวย,เชียงราย
2022-01-08,6.9775,Ban Pa Kha,น้ำควร,ควร,ปง,พะเยา
2022-01-08,7.98375,Ban Pa Khoi Tai,แม่น้ำปิง,สันผีเสื้อ,เมือง,เชียงใหม่
2022-01-08,4.731666667,Ban Pa Sang,น้ำแม่ทา,ป่าซาง,ป่าซาง,ลำพูน
2022-01-08,5.537083333,Ban Pang Sa,ห้วยน้ำยาว,ผาทอง,ท่าวังผา,น่าน
2022-01-08,10.2,Ban Pha Khwang,แม่น้ำน่าน,บ่อ,เมือง,น่าน
2022-01-08,6.51,Ban Phai Ngarm,แม่น้ำน่าน,ส้าน,เวียงสา,น่าน
2022-01-08,4.300833333,Ban Phan Ton,น้ำแม่วาง,ทุ่งปี้,แม่วาง,เชียงใหม่
2022-01-08,4.7,Ban Phi Tai,น้ำปี้,บ้านพี้,บ้านหลวง,น่าน
2022-01-08,6.64375,Ban Pong,น้ำแม่กวง,บวกค้าง,สันกำแพง,เชียงใหม่
2022-01-08,4.673333333,Ban Pong,ห้วยโป่ง,บ้านโป่ง,งาว,ลำปาง
2022-01-08,4.09,Ban Rong Kho,แม่น้ำวัง,ร่องเคาะ,วังเหนือ,ลำปาง
2022-01-08,3.04,Ban Saluang Nok,น้ำแม่ริม,สลวง,แม่ริม,เชียงใหม่
2022-01-08,4.35,Ban San Pu Loei,น้ำแม่ขอด,โหล่งขอด,พร้าว,เชียงใหม่
2022-01-08,3.92,Ban Singpotin,น้ำแม่ลาย,ป่าเมี่ยง,ดอยสะเก็ด,เชียงใหม่
2022-01-08,9.62,Ban Sob Soi,แม่น้ำปิง,แม่สอย,จอมทอง,เชียงใหม่
2022-01-08,5.86125,Ban Sop Mae Sapoot,แม่น้ำแม่ทา,ทาสบเส้า,แม่ทา,ลำพูน
2022-01-08,7.7,Ban Sop Pae,แม่น้ำปิง,สบแปะ,จอมทอง,เชียงใหม่
2022-01-08,5.52,Ban Sop Prap,แม่น้ำวัง,สบปราบ,สบปราบ,ลำปาง
2022-01-08,5.85,Ban Sop Tam,น้ำแม่ต่ำ,เกาะคา,เกาะคา,ลำปาง
2022-01-08,4.43125,Ban Sop Win,น้ำแม่วาง,แม่วิน,แม่วาง,เชียงใหม่
2022-01-08,5.906666667,Ban Tha Duea,แม่น้ำวัง,พิชัย,เมือง,ลำปาง
2022-01-08,5.196666667,Ban Tha Lo,น้ำแม่ตุ๋ย,บ่อแฮ้ว,เมือง,ลำปาง
2022-01-08,3.81,Ban Tha Pong Daeng,น้ำปาย,ผาบ่อง,เมือง,แม่ฮ่องสอน
2022-01-08,6.79125,Ban Thung Nong,แม่น้ำยม,สระ,เชียงม่วน,พะเยา
2022-01-08,3.628333333,Ban Ton Yang,น้ำแม่ลาว,บัวสลี,แม่ลาว,เชียงราย
2022-01-08,12.69583333,Ban Wang Chin,แม่น้ำยม,วังชิ้น,วังชิ้น,แพร่
2022-01-08,4.85,Chedingam,น้ำอิง,ท่าวังทอง,เมือง,พะเยา
2022-01-08,6.795,In front of the Forestry Office,แม่น้ำน่าน,ในเวียง,เมือง,น่าน
2022-01-08,5.432083333,Mae Kham Lak Chet,น้ำแม่คำ,ศรีค้ำ,แม่จัน,เชียงราย
2022-01-08,2.1,Nam Mae Chaem,น้ำแม่แจ่ม,บ้านท่าข้าม,จอมทอง,เชียงใหม่
2022-01-08,5.22125,Nawarat Bridge,แม่น้ำปิง,วัดเกต,เมือง,เชียงใหม่
2022-01-08,4.45625,Pracha Uthit Bridge,น้ำแม่กลาง,บ้านหลวง,จอมทอง,เชียงใหม่
2022-01-08,5.51,Romklao Cooperative House,น้ำแม่งัด,แม่แวน,พร้าว,เชียงใหม่
2022-01-08,4.25,Saphan Ban Khay,น้ำฝาง,แม่นาวาง,แม่อาย,เชียงใหม่
2022-01-08,4.744583333,Setuwaree Bridge,แม้น้ำวัง,เวียงเหนือ,เมือง,ลำปาง
2022-01-08,11.35,Tha Li Bridge,น้ำว้า,ขึ่ง,เวียงสา,น่าน
2022-01-08,7.845833333,Tha Nang Bridge,น้ำแม่กวง,ในเมือง,เมือง,ลำพูน
2022-01-08,3.205,Wang Phrao,น้ำแม่จาง,วังพร้าว,เกาะคา,ลำปาง
2022-01-09,2.835416667,Ban Chiang Dao,แม่น้ำปิง,เชียงดาว,เชียงดาว,เชียงใหม่
2022-01-09,3.341666667,Ban Chor Lae,แม่น้ำปิง,ช่อแล,แม่แตง,เชียงใหม่
2022-01-09,3.977916667,Ban Don Chai,แม่น้ำวัง,ล้อมแรด,เถิน,ลำปาง
2022-01-09,8.066666667,Ban Don Mun,แม่น้ำวัง,บ้านแลง,เมือง,ลำปาง
2022-01-09,3.753333333,Ban Don Sali,น้ำแม่ลาว,ป่าแดด,แม่สรวย,เชียงราย
2022-01-09,5.112083333,Ban Hai,แม่น้ำวัง,ปงดอน,แจ้ห่ม,ลำปาง
2022-01-09,2.8,Ban Hong,น้ำแม่ออน,ร้องวัวแดง,สันกำแพง,เชียงใหม่
2022-01-09,2.650416667,Ban Hua Sapan,น้ำแม่จัน,ป่าซาง,แม่จัน,เชียงราย
2022-01-09,5,Ban Huai Pa Sang,น้ำแม่แตง,กึ๊ดช้าง,แม่แตง,เชียงใหม่
2022-01-09,9.687916667,Ban Huai Sak,แม่น้ำยม,เตาปูน,สอง,แพร่
2022-01-09,6.068333333,Ban Klang,น้ำแม่ขาน,บ้านกลาง,สันป่าตอง,เชียงใหม่
2022-01-09,3.266666667,Ban Ko Kha,แม่น้ำวัง,ศาลา,เกาะคา,ลำปาง
2022-01-09,4.5,Ban Krariang Tung Phrao,น้ำแม่สรวย,วาวี,แม่สรวย,เชียงราย
2022-01-09,-3.06,Ban Lai Kaeo,น้ำแม่ลี้,ศรีเตี้ย,บ้านโฮ่ง,ลำพูน
2022-01-09,6.65,Ban Luang,น้ำแม่ตื่น,ยางเปียง,อมก๋อย,เชียงใหม่
2022-01-09,3.909166667,Ban Luang Nuea,น้ำงาว,หลวงใต้,งาว,ลำปาง
2022-01-09,6.71,Ban Mae E Hi,น้ำแม่ลี้,ศรีวิชัย,ลี้,ลำพูน
2022-01-09,4.88,Ban Mae Kha Bridge,น้ำฝาง,แม่ข่า,ฝาง,เชียงใหม่
2022-01-09,5.33,Ban Mae Khom Mi Tamnak Tham,น้ำแม่คำมี,ตำหนักธรรม,หนองม่วงไข่,แพร่
2022-01-09,5.92,Ban Mae Lai,น้ำแม่หล่าย,แม่หล่าย,เมือง,แพร่
2022-01-09,1.82875,Ban Mae Tae,แม่น้ำปิง,แม่แฝกเก่า,สันทราย,เชียงใหม่
2022-01-09,2.45,Ban Mae Taeng,แม่น้ำแตง,สันมหาพล,แม่แตง,เชียงใหม่
2022-01-09,3.54,Ban Mae Wan,น้ำแม่กวง,ป่าเมี่ยง,ดอยสะเก็ด,เชียงใหม่
2022-01-09,5.28,Ban Mai Rim Fang,น้ำฝาง,เวียงฝาง,ฝาง,เชียงใหม่
2022-01-09,7.558333333,Ban Mang,น้ำปี้,มาง,เชียงม่วน,พะเยา
2022-01-09,5.7,Ban Muang Pok,น้ำแม่แตง,เปียงหลวง,เวียงแหง,เชียงใหม่
2022-01-09,4.34,Ban Mueang Kuet,น้ำแม่แตง,กึ๊ดช้าง,แม่แตง,เชียงใหม่
2022-01-09,2.38,Ban Mueang Mai,ห้วยแม่ต๋า,เมืองมาย,แจ้ห่ม,ลำปาง
2022-01-09,4.351666667,Ban Mueang Pha,น้ำแม่ริม,ริมเหนือ,แม่ริม,เชียงใหม่
2022-01-09,8.257916667,Ban Nam Khong,แม่น้ำยม,ป่าแมต,เมือง,แพร่
2022-01-09,6,Ban Nam Yao,น้ำยาว,อวน,ปัว,น่าน
2022-01-09,1.627916667,Ban Nong Naw,น้ำแม่สอย,แจ้ห่ม,แจ้ห่ม,ลำปาง
2022-01-09,3.5,Ban Nong Pham,น้ำแม่ลาว,แม่สรวย,แม่สรวย,เชียงราย
2022-01-09,6.973333333,Ban Pa Kha,น้ำควร,ควร,ปง,พะเยา
2022-01-09,7.956666667,Ban Pa Khoi Tai,แม่น้ำปิง,สันผีเสื้อ,เมือง,เชียงใหม่
2022-01-09,4.73,Ban Pa Sang,น้ำแม่ทา,ป่าซาง,ป่าซาง,ลำพูน
2022-01-09,5.53,Ban Pang Sa,ห้วยน้ำยาว,ผาทอง,ท่าวังผา,น่าน
2022-01-09,10.2,Ban Pha Khwang,แม่น้ำน่าน,บ่อ,เมือง,น่าน
2022-01-09,6.51,Ban Phai Ngarm,แม่น้ำน่าน,ส้าน,เวียงสา,น่าน
2022-01-09,4.295,Ban Phan Ton,น้ำแม่วาง,ทุ่งปี้,แม่วาง,เชียงใหม่
2022-01-09,4.7,Ban Phi Tai,น้ำปี้,บ้านพี้,บ้านหลวง,น่าน
2022-01-09,6.629166667,Ban Pong,น้ำแม่กวง,บวกค้าง,สันกำแพง,เชียงใหม่
2022-01-09,4.663333333,Ban Pong,ห้วยโป่ง,บ้านโป่ง,งาว,ลำปาง
2022-01-09,4.09,Ban Rong Kho,แม่น้ำวัง,ร่องเคาะ,วังเหนือ,ลำปาง
2022-01-09,3.03,Ban Saluang Nok,น้ำแม่ริม,สลวง,แม่ริม,เชียงใหม่
2022-01-09,4.35,Ban San Pu Loei,น้ำแม่ขอด,โหล่งขอด,พร้าว,เชียงใหม่
2022-01-09,3.9,Ban Singpotin,น้ำแม่ลาย,ป่าเมี่ยง,ดอยสะเก็ด,เชียงใหม่
2022-01-09,9.6,Ban Sob Soi,แม่น้ำปิง,แม่สอย,จอมทอง,เชียงใหม่
2022-01-09,5.855,Ban Sop Mae Sapoot,แม่น้ำแม่ทา,ทาสบเส้า,แม่ทา,ลำพูน
2022-01-09,7.7,Ban Sop Pae,แม่น้ำปิง,สบแปะ,จอมทอง,เชียงใหม่
2022-01-09,5.45,Ban Sop Prap,แม่น้ำวัง,สบปราบ,สบปราบ,ลำปาง
2022-01-09,5.85,Ban Sop Tam,น้ำแม่ต่ำ,เกาะคา,เกาะคา,ลำปาง
2022-01-09,4.43,Ban Sop Win,น้ำแม่วาง,แม่วิน,แม่วาง,เชียงใหม่
2022-01-09,5.85,Ban Tha Duea,แม่น้ำวัง,พิชัย,เมือง,ลำปาง
2022-01-09,5.183333333,Ban Tha Lo,น้ำแม่ตุ๋ย,บ่อแฮ้ว,เมือง,ลำปาง
2022-01-09,3.81,Ban Tha Pong Daeng,น้ำปาย,ผาบ่อง,เมือง,แม่ฮ่องสอน
2022-01-09,6.785833333,Ban Thung Nong,แม่น้ำยม,สระ,เชียงม่วน,พะเยา
2022-01-09,3.63,Ban Ton Yang,น้ำแม่ลาว,บัวสลี,แม่ลาว,เชียงราย
2022-01-09,12.855,Ban Wang Chin,แม่น้ำยม,วังชิ้น,วังชิ้น,แพร่
2022-01-09,4.83,Chedingam,น้ำอิง,ท่าวังทอง,เมือง,พะเยา
2022-01-09,6.784166667,In front of the Forestry Office,แม่น้ำน่าน,ในเวียง,เมือง,น่าน
2022-01-09,5.43,Mae Kham Lak Chet,น้ำแม่คำ,ศรีค้ำ,แม่จัน,เชียงราย
2022-01-09,2.02,Nam Mae Chaem,น้ำแม่แจ่ม,บ้านท่าข้าม,จอมทอง,เชียงใหม่
2022-01-09,5.212916667,Nawarat Bridge,แม่น้ำปิง,วัดเกต,เมือง,เชียงใหม่
2022-01-09,4.450416667,Pracha Uthit Bridge,น้ำแม่กลาง,บ้านหลวง,จอมทอง,เชียงใหม่
2022-01-09,5.5,Romklao Cooperative House,น้ำแม่งัด,แม่แวน,พร้าว,เชียงใหม่
2022-01-09,4.25,Saphan Ban Khay,น้ำฝาง,แม่นาวาง,แม่อาย,เชียงใหม่
2022-01-09,4.721666667,Setuwaree Bridge,แม้น้ำวัง,เวียงเหนือ,เมือง,ลำปาง
2022-01-09,11.34333333,Tha Li Bridge,น้ำว้า,ขึ่ง,เวียงสา,น่าน
2022-01-09,7.6875,Tha Nang Bridge,น้ำแม่กวง,ในเมือง,เมือง,ลำพูน
2022-01-09,3.212916667,Wang Phrao,น้ำแม่จาง,วังพร้าว,เกาะคา,ลำปาง
2022-01-10,2.83,Ban Chiang Dao,แม่น้ำปิง,เชียงดาว,เชียงดาว,เชียงใหม่
2022-01-10,3.33625,Ban Chor Lae,แม่น้ำปิง,ช่อแล,แม่แตง,เชียงใหม่
2022-01-10,3.962916667,Ban Don Chai,แม่น้ำวัง,ล้อมแรด,เถิน,ลำปาง
2022-01-10,7.998333333,Ban Don Mun,แม่น้ำวัง,บ้านแลง,เมือง,ลำปาง
2022-01-10,3.77,Ban Don Sali,น้ำแม่ลาว,ป่าแดด,แม่สรวย,เชียงราย
2022-01-10,5.375833333,Ban Hai,แม่น้ำวัง,ปงดอน,แจ้ห่ม,ลำปาง
2022-01-10,2.8,Ban Hong,น้ำแม่ออน,ร้องวัวแดง,สันกำแพง,เชียงใหม่
2022-01-10,2.702916667,Ban Hua Sapan,น้ำแม่จัน,ป่าซาง,แม่จัน,เชียงราย
2022-01-10,5,Ban Huai Pa Sang,น้ำแม่แตง,กึ๊ดช้าง,แม่แตง,เชียงใหม่
2022-01-10,9.68,Ban Huai Sak,แม่น้ำยม,เตาปูน,สอง,แพร่
2022-01-10,6.066666667,Ban Klang,น้ำแม่ขาน,บ้านกลาง,สันป่าตอง,เชียงใหม่
2022-01-10,3.266666667,Ban Ko Kha,แม่น้ำวัง,ศาลา,เกาะคา,ลำปาง
2022-01-10,4.5,Ban Krariang Tung Phrao,น้ำแม่สรวย,วาวี,แม่สรวย,เชียงราย
2022-01-10,-3.06,Ban Lai Kaeo,น้ำแม่ลี้,ศรีเตี้ย,บ้านโฮ่ง,ลำพูน
2022-01-10,6.63,Ban Luang,น้ำแม่ตื่น,ยางเปียง,อมก๋อย,เชียงใหม่
2022-01-10,3.91,Ban Luang Nuea,น้ำงาว,หลวงใต้,งาว,ลำปาง
2022-01-10,6.70125,Ban Mae E Hi,น้ำแม่ลี้,ศรีวิชัย,ลี้,ลำพูน
2022-01-10,4.88,Ban Mae Kha Bridge,น้ำฝาง,แม่ข่า,ฝาง,เชียงใหม่
2022-01-10,5.33,Ban Mae Khom Mi Tamnak Tham,น้ำแม่คำมี,ตำหนักธรรม,หนองม่วงไข่,แพร่
2022-01-10,5.92,Ban Mae Lai,น้ำแม่หล่าย,แม่หล่าย,เมือง,แพร่
2022-01-10,1.7175,Ban Mae Tae,แม่น้ำปิง,แม่แฝกเก่า,สันทราย,เชียงใหม่
2022-01-10,2.45,Ban Mae Taeng,แม่น้ำแตง,สันมหาพล,แม่แตง,เชียงใหม่
2022-01-10,3.54,Ban Mae Wan,น้ำแม่กวง,ป่าเมี่ยง,ดอยสะเก็ด,เชียงใหม่
2022-01-10,7.513333333,Ban Mang,น้ำปี้,มาง,เชียงม่วน,พะเยา
2022-01-10,5.7,Ban Muang Pok,น้ำแม่แตง,เปียงหลวง,เวียงแหง,เชียงใหม่
2022-01-10,4.33125,Ban Mueang Kuet,น้ำแม่แตง,กึ๊ดช้าง,แม่แตง,เชียงใหม่
2022-01-10,2.37,Ban Mueang Mai,ห้วยแม่ต๋า,เมืองมาย,แจ้ห่ม,ลำปาง
2022-01-10,4.347083333,Ban Mueang Pha,น้ำแม่ริม,ริมเหนือ,แม่ริม,เชียงใหม่
2022-01-10,8.24,Ban Nam Khong,แม่น้ำยม,ป่าแมต,เมือง,แพร่
2022-01-10,6,Ban Nam Yao,น้ำยาว,อวน,ปัว,น่าน
2022-01-10,1.63625,Ban Nong Naw,น้ำแม่สอย,แจ้ห่ม,แจ้ห่ม,ลำปาง
2022-01-10,3.496666667,Ban Nong Pham,น้ำแม่ลาว,แม่สรวย,แม่สรวย,เชียงราย
2022-01-10,6.97,Ban Pa Kha,น้ำควร,ควร,ปง,พะเยา
2022-01-10,7.96125,Ban Pa Khoi Tai,แม่น้ำปิง,สันผีเสื้อ,เมือง,เชียงใหม่
2022-01-10,4.735,Ban Pa Sang,น้ำแม่ทา,ป่าซาง,ป่าซาง,ลำพูน
2022-01-10,5.53,Ban Pang Sa,ห้วยน้ำยาว,ผาทอง,ท่าวังผา,น่าน
2022-01-10,10.19875,Ban Pha Khwang,แม่น้ำน่าน,บ่อ,เมือง,น่าน
2022-01-10,6.51,Ban Phai Ngarm,แม่น้ำน่าน,ส้าน,เวียงสา,น่าน
2022-01-10,4.31625,Ban Phan Ton,น้ำแม่วาง,ทุ่งปี้,แม่วาง,เชียงใหม่
2022-01-10,4.7,Ban Phi Tai,น้ำปี้,บ้านพี้,บ้านหลวง,น่าน
2022-01-10,6.600833333,Ban Pong,น้ำแม่กวง,บวกค้าง,สันกำแพง,เชียงใหม่
2022-01-10,4.67,Ban Pong,ห้วยโป่ง,บ้านโป่ง,งาว,ลำปาง
2022-01-10,4.09,Ban Rong Kho,แม่น้ำวัง,ร่องเคาะ,วังเหนือ,ลำปาง
2022-01-10,3.03,Ban Saluang Nok,น้ำแม่ริม,สลวง,แม่ริม,เชียงใหม่
2022-01-10,4.35,Ban San Pu Loei,น้ำแม่ขอด,โหล่งขอด,พร้าว,เชียงใหม่
2022-01-10,3.9,Ban Singpotin,น้ำแม่ลาย,ป่าเมี่ยง,ดอยสะเก็ด,เชียงใหม่
2022-01-10,9.62,Ban Sob Soi,แม่น้ำปิง,แม่สอย,จอมทอง,เชียงใหม่
2022-01-10,5.84125,Ban Sop Mae Sapoot,แม่น้ำแม่ทา,ทาสบเส้า,แม่ทา,ลำพูน
2022-01-10,7.7,Ban Sop Pae,แม่น้ำปิง,สบแปะ,จอมทอง,เชียงใหม่
2022-01-10,5.423333333,Ban Sop Prap,แม่น้ำวัง,สบปราบ,สบปราบ,ลำปาง
2022-01-10,5.826666667,Ban Sop Tam,น้ำแม่ต่ำ,เกาะคา,เกาะคา,ลำปาง
2022-01-10,4.43,Ban Sop Win,น้ำแม่วาง,แม่วิน,แม่วาง,เชียงใหม่
2022-01-10,5.84,Ban Tha Duea,แม่น้ำวัง,พิชัย,เมือง,ลำปาง
2022-01-10,5.19,Ban Tha Lo,น้ำแม่ตุ๋ย,บ่อแฮ้ว,เมือง,ลำปาง
2022-01-10,3.8,Ban Tha Pong Daeng,น้ำปาย,ผาบ่อง,เมือง,แม่ฮ่องสอน
2022-01-10,6.78875,Ban Thung Nong,แม่น้ำยม,สระ,เชียงม่วน,พะเยา
2022-01-10,3.626666667,Ban Ton Yang,น้ำแม่ลาว,บัวสลี,แม่ลาว,เชียงราย
2022-01-10,13.67625,Ban Wang Chin,แม่น้ำยม,วังชิ้น,วังชิ้น,แพร่
2022-01-10,4.776666667,Chedingam,น้ำอิง,ท่าวังทอง,เมือง,พะเยา
2022-01-10,6.778333333,In front of the Forestry Office,แม่น้ำน่าน,ในเวียง,เมือง,น่าน
2022-01-10,5.44375,Mae Kham Lak Chet,น้ำแม่คำ,ศรีค้ำ,แม่จัน,เชียงราย
2022-01-10,2.02,Nam Mae Chaem,น้ำแม่แจ่ม,บ้านท่าข้าม,จอมทอง,เชียงใหม่
2022-01-10,5.225416667,Nawarat Bridge,แม่น้ำปิง,วัดเกต,เมือง,เชียงใหม่
2022-01-10,4.45,Pracha Uthit Bridge,น้ำแม่กลาง,บ้านหลวง,จอมทอง,เชียงใหม่
2022-01-10,5.5,Romklao Cooperative House,น้ำแม่งัด,แม่แวน,พร้าว,เชียงใหม่
2022-01-10,4.34,Saphan Ban Khay,น้ำฝาง,แม่นาวาง,แม่อาย,เชียงใหม่
2022-01-10,4.707916667,Setuwaree Bridge,แม้น้ำวัง,เวียงเหนือ,เมือง,ลำปาง
2022-01-10,11.34,Tha Li Bridge,น้ำว้า,ขึ่ง,เวียงสา,น่าน
2022-01-10,7.530416667,Tha Nang Bridge,น้ำแม่กวง,ในเมือง,เมือง,ลำพูน
2022-01-10,3.254583333,Wang Phrao,น้ำแม่จาง,วังพร้าว,เกาะคา,ลำปาง
2022-01-11,2.83,Ban Chiang Dao,แม่น้ำปิง,เชียงดาว,เชียงดาว,เชียงใหม่
2022-01-11,3.332916667,Ban Chor Lae,แม่น้ำปิง,ช่อแล,แม่แตง,เชียงใหม่
2022-01-11,3.935,Ban Don Chai,แม่น้ำวัง,ล้อมแรด,เถิน,ลำปาง
2022-01-11,7.801666667,Ban Don Mun,แม่น้ำวัง,บ้านแลง,เมือง,ลำปาง
2022-01-11,3.7575,Ban Don Sali,น้ำแม่ลาว,ป่าแดด,แม่สรวย,เชียงราย
2022-01-11,5.989166667,Ban Hai,แม่น้ำวัง,ปงดอน,แจ้ห่ม,ลำปาง
2022-01-11,2.8,Ban Hong,น้ำแม่ออน,ร้องวัวแดง,สันกำแพง,เชียงใหม่
2022-01-11,2.7,Ban Hua Sapan,น้ำแม่จัน,ป่าซาง,แม่จัน,เชียงราย
2022-01-11,5,Ban Huai Pa Sang,น้ำแม่แตง,กึ๊ดช้าง,แม่แตง,เชียงใหม่
2022-01-11,9.68,Ban Huai Sak,แม่น้ำยม,เตาปูน,สอง,แพร่
2022-01-11,6.04125,Ban Klang,น้ำแม่ขาน,บ้านกลาง,สันป่าตอง,เชียงใหม่
2022-01-11,3.266666667,Ban Ko Kha,แม่น้ำวัง,ศาลา,เกาะคา,ลำปาง
2022-01-11,4.485833333,Ban Krariang Tung Phrao,น้ำแม่สรวย,วาวี,แม่สรวย,เชียงราย
2022-01-11,-3.06,Ban Lai Kaeo,น้ำแม่ลี้,ศรีเตี้ย,บ้านโฮ่ง,ลำพูน
2022-01-11,6.62,Ban Luang,น้ำแม่ตื่น,ยางเปียง,อมก๋อย,เชียงใหม่
2022-01-11,3.911666667,Ban Luang Nuea,น้ำงาว,หลวงใต้,งาว,ลำปาง
2022-01-11,6.69125,Ban Mae E Hi,น้ำแม่ลี้,ศรีวิชัย,ลี้,ลำพูน
2022-01-11,4.87,Ban Mae Kha Bridge,น้ำฝาง,แม่ข่า,ฝาง,เชียงใหม่
2022-01-11,5.32,Ban Mae Khom Mi Tamnak Tham,น้ำแม่คำมี,ตำหนักธรรม,หนองม่วงไข่,แพร่
2022-01-11,5.92,Ban Mae Lai,น้ำแม่หล่าย,แม่หล่าย,เมือง,แพร่
2022-01-11,1.703333333,Ban Mae Tae,แม่น้ำปิง,แม่แฝกเก่า,สันทราย,เชียงใหม่
2022-01-11,2.45,Ban Mae Taeng,แม่น้ำแตง,สันมหาพล,แม่แตง,เชียงใหม่
2022-01-11,3.54,Ban Mae Wan,น้ำแม่กวง,ป่าเมี่ยง,ดอยสะเก็ด,เชียงใหม่
2022-01-11,7.359166667,Ban Mang,น้ำปี้,มาง,เชียงม่วน,พะเยา
2022-01-11,5.72,Ban Muang Pok,น้ำแม่แตง,เปียงหลวง,เวียงแหง,เชียงใหม่
2022-01-11,4.33,Ban Mueang Kuet,น้ำแม่แตง,กึ๊ดช้าง,แม่แตง,เชียงใหม่
2022-01-11,2.35,Ban Mueang Mai,ห้วยแม่ต๋า,เมืองมาย,แจ้ห่ม,ลำปาง
2022-01-11,4.345416667,Ban Mueang Pha,น้ำแม่ริม,ริมเหนือ,แม่ริม,เชียงใหม่
2022-01-11,8.25125,Ban Nam Khong,แม่น้ำยม,ป่าแมต,เมือง,แพร่
2022-01-11,5.985833333,Ban Nam Yao,น้ำยาว,อวน,ปัว,น่าน
2022-01-11,1.624166667,Ban Nong Naw,น้ำแม่สอย,แจ้ห่ม,แจ้ห่ม,ลำปาง
2022-01-11,3.482916667,Ban Nong Pham,น้ำแม่ลาว,แม่สรวย,แม่สรวย,เชียงราย
2022-01-11,6.97,Ban Pa Kha,น้ำควร,ควร,ปง,พะเยา
2022-01-11,7.945416667,Ban Pa Khoi Tai,แม่น้ำปิง,สันผีเสื้อ,เมือง,เชียงใหม่
2022-01-11,4.74875,Ban Pa Sang,น้ำแม่ทา,ป่าซาง,ป่าซาง,ลำพูน
2022-01-11,5.53,Ban Pang Sa,ห้วยน้ำยาว,ผาทอง,ท่าวังผา,น่าน
2022-01-11,10.19,Ban Pha Khwang,แม่น้ำน่าน,บ่อ,เมือง,น่าน
2022-01-11,6.487916667,Ban Phai Ngarm,แม่น้ำน่าน,ส้าน,เวียงสา,น่าน
2022-01-11,4.306666667,Ban Phan Ton,น้ำแม่วาง,ทุ่งปี้,แม่วาง,เชียงใหม่
2022-01-11,4.7,Ban Phi Tai,น้ำปี้,บ้านพี้,บ้านหลวง,น่าน
2022-01-11,6.6,Ban Pong,น้ำแม่กวง,บวกค้าง,สันกำแพง,เชียงใหม่
2022-01-11,4.66,Ban Pong,ห้วยโป่ง,บ้านโป่ง,งาว,ลำปาง
2022-01-11,4.09,Ban Rong Kho,แม่น้ำวัง,ร่องเคาะ,วังเหนือ,ลำปาง
2022-01-11,3.03,Ban Saluang Nok,น้ำแม่ริม,สลวง,แม่ริม,เชียงใหม่
2022-01-11,4.35,Ban San Pu Loei,น้ำแม่ขอด,โหล่งขอด,พร้าว,เชียงใหม่
2022-01-11,3.9,Ban Singpotin,น้ำแม่ลาย,ป่าเมี่ยง,ดอยสะเก็ด,เชียงใหม่
2022-01-11,9.7,Ban Sob Soi,แม่น้ำปิง,แม่สอย,จอมทอง,เชียงใหม่
2022-01-11,5.839583333,Ban Sop Mae Sapoot,แม่น้ำแม่ทา,ทาสบเส้า,แม่ทา,ลำพูน
2022-01-11,7.7,Ban Sop Pae,แม่น้ำปิง,สบแปะ,จอมทอง,เชียงใหม่
2022-01-11,5.82,Ban Sop Tam,น้ำแม่ต่ำ,เกาะคา,เกาะคา,ลำปาง
2022-01-11,4.43,Ban Sop Win,น้ำแม่วาง,แม่วิน,แม่วาง,เชียงใหม่
2022-01-11,5.83,Ban Tha Duea,แม่น้ำวัง,พิชัย,เมือง,ลำปาง
2022-01-11,5.19,Ban Tha Lo,น้ำแม่ตุ๋ย,บ่อแฮ้ว,เมือง,ลำปาง
2022-01-11,3.8,Ban Tha Pong Daeng,น้ำปาย,ผาบ่อง,เมือง,แม่ฮ่องสอน
2022-01-11,6.78625,Ban Thung Nong,แม่น้ำยม,สระ,เชียงม่วน,พะเยา
2022-01-11,3.60375,Ban Ton Yang,น้ำแม่ลาว,บัวสลี,แม่ลาว,เชียงราย
2022-01-11,13.7825,Ban Wang Chin,แม่น้ำยม,วังชิ้น,วังชิ้น,แพร่
2022-01-11,4.7,Chedingam,น้ำอิง,ท่าวังทอง,เมือง,พะเยา
2022-01-11,6.767916667,In front of the Forestry Office,แม่น้ำน่าน,ในเวียง,เมือง,น่าน
2022-01-11,5.45,Mae Kham Lak Chet,น้ำแม่คำ,ศรีค้ำ,แม่จัน,เชียงราย
2022-01-11,2.02,Nam Mae Chaem,น้ำแม่แจ่ม,บ้านท่าข้าม,จอมทอง,เชียงใหม่
2022-01-11,5.215416667,Nawarat Bridge,แม่น้ำปิง,วัดเกต,เมือง,เชียงใหม่
2022-01-11,4.45,Pracha Uthit Bridge,น้ำแม่กลาง,บ้านหลวง,จอมทอง,เชียงใหม่
2022-01-11,5.5,Romklao Cooperative House,น้ำแม่งัด,แม่แวน,พร้าว,เชียงใหม่
2022-01-11,4.34,Saphan Ban Khay,น้ำฝาง,แม่นาวาง,แม่อาย,เชียงใหม่
2022-01-11,4.72,Setuwaree Bridge,แม้น้ำวัง,เวียงเหนือ,เมือง,ลำปาง
2022-01-11,11.34,Tha Li Bridge,น้ำว้า,ขึ่ง,เวียงสา,น่าน
2022-01-11,7.455833333,Tha Nang Bridge,น้ำแม่กวง,ในเมือง,เมือง,ลำพูน
2022-01-11,3.239583333,Wang Phrao,น้ำแม่จาง,วังพร้าว,เกาะคา,ลำปาง
2022-01-12,2.83,Ban Chiang Dao,แม่น้ำปิง,เชียงดาว,เชียงดาว,เชียงใหม่
2022-01-12,3.244166667,Ban Chor Lae,แม่น้ำปิง,ช่อแล,แม่แตง,เชียงใหม่
2022-01-12,3.9475,Ban Don Chai,แม่น้ำวัง,ล้อมแรด,เถิน,ลำปาง
2022-01-12,7.798333333,Ban Don Mun,แม่น้ำวัง,บ้านแลง,เมือง,ลำปาง
2022-01-12,3.77,Ban Don Sali,น้ำแม่ลาว,ป่าแดด,แม่สรวย,เชียงราย
2022-01-12,5.996666667,Ban Hai,แม่น้ำวัง,ปงดอน,แจ้ห่ม,ลำปาง
2022-01-12,2.8,Ban Hong,น้ำแม่ออน,ร้องวัวแดง,สันกำแพง,เชียงใหม่
2022-01-12,2.717916667,Ban Hua Sapan,น้ำแม่จัน,ป่าซาง,แม่จัน,เชียงราย
2022-01-12,5,Ban Huai Pa Sang,น้ำแม่แตง,กึ๊ดช้าง,แม่แตง,เชียงใหม่
2022-01-12,9.68,Ban Huai Sak,แม่น้ำยม,เตาปูน,สอง,แพร่
2022-01-12,6.040416667,Ban Klang,น้ำแม่ขาน,บ้านกลาง,สันป่าตอง,เชียงใหม่
2022-01-12,3.27,Ban Ko Kha,แม่น้ำวัง,ศาลา,เกาะคา,ลำปาง
2022-01-12,4.497916667,Ban Krariang Tung Phrao,น้ำแม่สรวย,วาวี,แม่สรวย,เชียงราย
2022-01-12,-3.06,Ban Lai Kaeo,น้ำแม่ลี้,ศรีเตี้ย,บ้านโฮ่ง,ลำพูน
2022-01-12,6.63,Ban Luang,น้ำแม่ตื่น,ยางเปียง,อมก๋อย,เชียงใหม่
2022-01-12,3.915,Ban Luang Nuea,น้ำงาว,หลวงใต้,งาว,ลำปาง
2022-01-12,6.69,Ban Mae E Hi,น้ำแม่ลี้,ศรีวิชัย,ลี้,ลำพูน
2022-01-12,4.88,Ban Mae Kha Bridge,น้ำฝาง,แม่ข่า,ฝาง,เชียงใหม่
2022-01-12,5.24,Ban Mae Khom Mi Tamnak Tham,น้ำแม่คำมี,ตำหนักธรรม,หนองม่วงไข่,แพร่
2022-01-12,5.92,Ban Mae Lai,น้ำแม่หล่าย,แม่หล่าย,เมือง,แพร่
2022-01-12,1.732916667,Ban Mae Tae,แม่น้ำปิง,แม่แฝกเก่า,สันทราย,เชียงใหม่
2022-01-12,2.42,Ban Mae Taeng,แม่น้ำแตง,สันมหาพล,แม่แตง,เชียงใหม่
2022-01-12,3.54,Ban Mae Wan,น้ำแม่กวง,ป่าเมี่ยง,ดอยสะเก็ด,เชียงใหม่
2022-01-12,5.32,Ban Mai Rim Fang,น้ำฝาง,เวียงฝาง,ฝาง,เชียงใหม่
2022-01-12,7.472916667,Ban Mang,น้ำปี้,มาง,เชียงม่วน,พะเยา
2022-01-12,5.73,Ban Muang Pok,น้ำแม่แตง,เปียงหลวง,เวียงแหง,เชียงใหม่
2022-01-12,4.321666667,Ban Mueang Kuet,น้ำแม่แตง,กึ๊ดช้าง,แม่แตง,เชียงใหม่
2022-01-12,2.38,Ban Mueang Mai,ห้วยแม่ต๋า,เมืองมาย,แจ้ห่ม,ลำปาง
2022-01-12,4.35,Ban Mueang Pha,น้ำแม่ริม,ริมเหนือ,แม่ริม,เชียงใหม่
2022-01-12,8.269166667,Ban Nam Khong,แม่น้ำยม,ป่าแมต,เมือง,แพร่
2022-01-12,5.940833333,Ban Nam Yao,น้ำยาว,อวน,ปัว,น่าน
2022-01-12,1.604583333,Ban Nong Naw,น้ำแม่สอย,แจ้ห่ม,แจ้ห่ม,ลำปาง
2022-01-12,3.5,Ban Nong Pham,น้ำแม่ลาว,แม่สรวย,แม่สรวย,เชียงราย
2022-01-12,6.96,Ban Pa Kha,น้ำควร,ควร,ปง,พะเยา
2022-01-12,7.922083333,Ban Pa Khoi Tai,แม่น้ำปิง,สันผีเสื้อ,เมือง,เชียงใหม่
2022-01-12,4.75,Ban Pa Sang,น้ำแม่ทา,ป่าซาง,ป่าซาง,ลำพูน
2022-01-12,5.53,Ban Pang Sa,ห้วยน้ำยาว,ผาทอง,ท่าวังผา,น่าน
2022-01-12,10.185,Ban Pha Khwang,แม่น้ำน่าน,บ่อ,เมือง,น่าน
2022-01-12,6.47,Ban Phai Ngarm,แม่น้ำน่าน,ส้าน,เวียงสา,น่าน
2022-01-12,4.2,Ban Phan Ton,น้ำแม่วาง,ทุ่งปี้,แม่วาง,เชียงใหม่
2022-01-12,4.7,Ban Phi Tai,น้ำปี้,บ้านพี้,บ้านหลวง,น่าน
2022-01-12,6.6,Ban Pong,น้ำแม่กวง,บวกค้าง,สันกำแพง,เชียงใหม่
2022-01-12,4.653333333,Ban Pong,ห้วยโป่ง,บ้านโป่ง,งาว,ลำปาง
2022-01-12,4.143333333,Ban Rong Kho,แม่น้ำวัง,ร่องเคาะ,วังเหนือ,ลำปาง
2022-01-12,3.03,Ban Saluang Nok,น้ำแม่ริม,สลวง,แม่ริม,เชียงใหม่
2022-01-12,4.35,Ban San Pu Loei,น้ำแม่ขอด,โหล่งขอด,พร้าว,เชียงใหม่
2022-01-12,3.9,Ban Singpotin,น้ำแม่ลาย,ป่าเมี่ยง,ดอยสะเก็ด,เชียงใหม่
2022-01-12,9.66,Ban Sob Soi,แม่น้ำปิง,แม่สอย,จอมทอง,เชียงใหม่
2022-01-12,5.84,Ban Sop Mae Sapoot,แม่น้ำแม่ทา,ทาสบเส้า,แม่ทา,ลำพูน
2022-01-12,7.7,Ban Sop Pae,แม่น้ำปิง,สบแปะ,จอมทอง,เชียงใหม่
2022-01-12,5.64,Ban Sop Prap,แม่น้ำวัง,สบปราบ,สบปราบ,ลำปาง
2022-01-12,5.8,Ban Sop Tam,น้ำแม่ต่ำ,เกาะคา,เกาะคา,ลำปาง
2022-01-12,4.43,Ban Sop Win,น้ำแม่วาง,แม่วิน,แม่วาง,เชียงใหม่
2022-01-12,5.813333333,Ban Tha Duea,แม่น้ำวัง,พิชัย,เมือง,ลำปาง
2022-01-12,5.203333333,Ban Tha Lo,น้ำแม่ตุ๋ย,บ่อแฮ้ว,เมือง,ลำปาง
2022-01-12,3.8,Ban Tha Pong Daeng,น้ำปาย,ผาบ่อง,เมือง,แม่ฮ่องสอน
2022-01-12,6.795,Ban Thung Nong,แม่น้ำยม,สระ,เชียงม่วน,พะเยา
2022-01-12,3.565833333,Ban Ton Yang,น้ำแม่ลาว,บัวสลี,แม่ลาว,เชียงราย
2022-01-12,13.85458333,Ban Wang Chin,แม่น้ำยม,วังชิ้น,วังชิ้น,แพร่
2022-01-12,4.516666667,Chedingam,น้ำอิง,ท่าวังทอง,เมือง,พะเยา
2022-01-12,6.76,In front of the Forestry Office,แม่น้ำน่าน,ในเวียง,เมือง,น่าน
2022-01-12,5.46,Mae Kham Lak Chet,น้ำแม่คำ,ศรีค้ำ,แม่จัน,เชียงราย
2022-01-12,2.02,Nam Mae Chaem,น้ำแม่แจ่ม,บ้านท่าข้าม,จอมทอง,เชียงใหม่
2022-01-12,5.195416667,Nawarat Bridge,แม่น้ำปิง,วัดเกต,เมือง,เชียงใหม่
2022-01-12,4.45,Pracha Uthit Bridge,น้ำแม่กลาง,บ้านหลวง,จอมทอง,เชียงใหม่
2022-01-12,5.5,Romklao Cooperative House,น้ำแม่งัด,แม่แวน,พร้าว,เชียงใหม่
2022-01-12,4.35,Saphan Ban Khay,น้ำฝาง,แม่นาวาง,แม่อาย,เชียงใหม่
2022-01-12,4.717916667,Setuwaree Bridge,แม้น้ำวัง,เวียงเหนือ,เมือง,ลำปาง
2022-01-12,11.34,Tha Li Bridge,น้ำว้า,ขึ่ง,เวียงสา,น่าน
2022-01-12,7.409166667,Tha Nang Bridge,น้ำแม่กวง,ในเมือง,เมือง,ลำพูน
2022-01-12,3.22875,Wang Phrao,น้ำแม่จาง,วังพร้าว,เกาะคา,ลำปาง
2022-01-13,2.83,Ban Chiang Dao,แม่น้ำปิง,เชียงดาว,เชียงดาว,เชียงใหม่
2022-01-13,3.224166667,Ban Chor Lae,แม่น้ำปิง,ช่อแล,แม่แตง,เชียงใหม่
2022-01-13,4.060833333,Ban Don Chai,แม่น้ำวัง,ล้อมแรด,เถิน,ลำปาง
2022-01-13,7.803333333,Ban Don Mun,แม่น้ำวัง,บ้านแลง,เมือง,ลำปาง
2022-01-13,3.77,Ban Don Sali,น้ำแม่ลาว,ป่าแดด,แม่สรวย,เชียงราย
2022-01-13,5.99,Ban Hai,แม่น้ำวัง,ปงดอน,แจ้ห่ม,ลำปาง
2022-01-13,2.8,Ban Hong,น้ำแม่ออน,ร้องวัวแดง,สันกำแพง,เชียงใหม่
2022-01-13,2.737916667,Ban Hua Sapan,น้ำแม่จัน,ป่าซาง,แม่จัน,เชียงราย
2022-01-13,5,Ban Huai Pa Sang,น้ำแม่แตง,กึ๊ดช้าง,แม่แตง,เชียงใหม่
2022-01-13,9.68,Ban Huai Sak,แม่น้ำยม,เตาปูน,สอง,แพร่
2022-01-13,6.048333333,Ban Klang,น้ำแม่ขาน,บ้านกลาง,สันป่าตอง,เชียงใหม่
2022-01-13,3.266666667,Ban Ko Kha,แม่น้ำวัง,ศาลา,เกาะคา,ลำปาง
2022-01-13,4.5,Ban Krariang Tung Phrao,น้ำแม่สรวย,วาวี,แม่สรวย,เชียงราย
2022-01-13,-3.06,Ban Lai Kaeo,น้ำแม่ลี้,ศรีเตี้ย,บ้านโฮ่ง,ลำพูน
2022-01-13,6.63,Ban Luang,น้ำแม่ตื่น,ยางเปียง,อมก๋อย,เชียงใหม่
2022-01-13,3.91,Ban Luang Nuea,น้ำงาว,หลวงใต้,งาว,ลำปาง
2022-01-13,6.69,Ban Mae E Hi,น้ำแม่ลี้,ศรีวิชัย,ลี้,ลำพูน
2022-01-13,4.88,Ban Mae Kha Bridge,น้ำฝาง,แม่ข่า,ฝาง,เชียงใหม่
2022-01-13,5.24,Ban Mae Khom Mi Tamnak Tham,น้ำแม่คำมี,ตำหนักธรรม,หนองม่วงไข่,แพร่
2022-01-13,5.92,Ban Mae Lai,น้ำแม่หล่าย,แม่หล่าย,เมือง,แพร่
2022-01-13,1.681666667,Ban Mae Tae,แม่น้ำปิง,แม่แฝกเก่า,สันทราย,เชียงใหม่
2022-01-13,2.42,Ban Mae Taeng,แม่น้ำแตง,สันมหาพล,แม่แตง,เชียงใหม่
2022-01-13,3.54,Ban Mae Wan,น้ำแม่กวง,ป่าเมี่ยง,ดอยสะเก็ด,เชียงใหม่
2022-01-13,5.3,Ban Mai Rim Fang,น้ำฝาง,เวียงฝาง,ฝาง,เชียงใหม่
2022-01-13,7.52125,Ban Mang,น้ำปี้,มาง,เชียงม่วน,พะเยา
2022-01-13,5.74,Ban Muang Pok,น้ำแม่แตง,เปียงหลวง,เวียงแหง,เชียงใหม่
2022-01-13,4.315833333,Ban Mueang Kuet,น้ำแม่แตง,กึ๊ดช้าง,แม่แตง,เชียงใหม่
2022-01-13,2.38,Ban Mueang Mai,ห้วยแม่ต๋า,เมืองมาย,แจ้ห่ม,ลำปาง
2022-01-13,4.35125,Ban Mueang Pha,น้ำแม่ริม,ริมเหนือ,แม่ริม,เชียงใหม่
2022-01-13,8.300416667,Ban Nam Khong,แม่น้ำยม,ป่าแมต,เมือง,แพร่
2022-01-13,5.94,Ban Nam Yao,น้ำยาว,อวน,ปัว,น่าน
2022-01-13,1.618333333,Ban Nong Naw,น้ำแม่สอย,แจ้ห่ม,แจ้ห่ม,ลำปาง
2022-01-13,3.5,Ban Nong Pham,น้ำแม่ลาว,แม่สรวย,แม่สรวย,เชียงราย
2022-01-13,6.96,Ban Pa Kha,น้ำควร,ควร,ปง,พะเยา
2022-01-13,7.89375,Ban Pa Khoi Tai,แม่น้ำปิง,สันผีเสื้อ,เมือง,เชียงใหม่
2022-01-13,4.753333333,Ban Pa Sang,น้ำแม่ทา,ป่าซาง,ป่าซาง,ลำพูน
2022-01-13,5.53,Ban Pang Sa,ห้วยน้ำยาว,ผาทอง,ท่าวังผา,น่าน
2022-01-13,10.17125,Ban Pha Khwang,แม่น้ำน่าน,บ่อ,เมือง,น่าน
2022-01-13,6.47,Ban Phai Ngarm,แม่น้ำน่าน,ส้าน,เวียงสา,น่าน
2022-01-13,4.2,Ban Phan Ton,น้ำแม่วาง,ทุ่งปี้,แม่วาง,เชียงใหม่
2022-01-13,4.7,Ban Phi Tai,น้ำปี้,บ้านพี้,บ้านหลวง,น่าน
2022-01-13,6.6,Ban Pong,น้ำแม่กวง,บวกค้าง,สันกำแพง,เชียงใหม่
2022-01-13,4.653333333,Ban Pong,ห้วยโป่ง,บ้านโป่ง,งาว,ลำปาง
2022-01-13,4.14,Ban Rong Kho,แม่น้ำวัง,ร่องเคาะ,วังเหนือ,ลำปาง
2022-01-13,3.03,Ban Saluang Nok,น้ำแม่ริม,สลวง,แม่ริม,เชียงใหม่
2022-01-13,4.35,Ban San Pu Loei,น้ำแม่ขอด,โหล่งขอด,พร้าว,เชียงใหม่
2022-01-13,3.9,Ban Singpotin,น้ำแม่ลาย,ป่าเมี่ยง,ดอยสะเก็ด,เชียงใหม่
2022-01-13,9.66,Ban Sob Soi,แม่น้ำปิง,แม่สอย,จอมทอง,เชียงใหม่
2022-01-13,5.84,Ban Sop Mae Sapoot,แม่น้ำแม่ทา,ทาสบเส้า,แม่ทา,ลำพูน
2022-01-13,7.7,Ban Sop Pae,แม่น้ำปิง,สบแปะ,จอมทอง,เชียงใหม่
2022-01-13,5.646666667,Ban Sop Prap,แม่น้ำวัง,สบปราบ,สบปราบ,ลำปาง
2022-01-13,5.8,Ban Sop Tam,น้ำแม่ต่ำ,เกาะคา,เกาะคา,ลำปาง
2022-01-13,4.426666667,Ban Sop Win,น้ำแม่วาง,แม่วิน,แม่วาง,เชียงใหม่
2022-01-13,5.766666667,Ban Tha Duea,แม่น้ำวัง,พิชัย,เมือง,ลำปาง
2022-01-13,5.3,Ban Tha Lo,น้ำแม่ตุ๋ย,บ่อแฮ้ว,เมือง,ลำปาง
2022-01-13,3.8,Ban Tha Pong Daeng,น้ำปาย,ผาบ่อง,เมือง,แม่ฮ่องสอน
2022-01-13,6.777083333,Ban Thung Nong,แม่น้ำยม,สระ,เชียงม่วน,พะเยา
2022-01-13,3.585416667,Ban Ton Yang,น้ำแม่ลาว,บัวสลี,แม่ลาว,เชียงราย
2022-01-13,13.86375,Ban Wang Chin,แม่น้ำยม,วังชิ้น,วังชิ้น,แพร่
2022-01-13,4.445,Chedingam,น้ำอิง,ท่าวังทอง,เมือง,พะเยา
2022-01-13,6.76,In front of the Forestry Office,แม่น้ำน่าน,ในเวียง,เมือง,น่าน
2022-01-13,5.47,Mae Kham Lak Chet,น้ำแม่คำ,ศรีค้ำ,แม่จัน,เชียงราย
2022-01-13,2.02,Nam Mae Chaem,น้ำแม่แจ่ม,บ้านท่าข้าม,จอมทอง,เชียงใหม่
2022-01-13,5.18625,Nawarat Bridge,แม่น้ำปิง,วัดเกต,เมือง,เชียงใหม่
2022-01-13,4.44625,Pracha Uthit Bridge,น้ำแม่กลาง,บ้านหลวง,จอมทอง,เชียงใหม่
2022-01-13,5.5,Romklao Cooperative House,น้ำแม่งัด,แม่แวน,พร้าว,เชียงใหม่
2022-01-13,4.35,Saphan Ban Khay,น้ำฝาง,แม่นาวาง,แม่อาย,เชียงใหม่
2022-01-13,4.70125,Setuwaree Bridge,แม้น้ำวัง,เวียงเหนือ,เมือง,ลำปาง
2022-01-13,11.34,Tha Li Bridge,น้ำว้า,ขึ่ง,เวียงสา,น่าน
2022-01-13,7.363333333,Tha Nang Bridge,น้ำแม่กวง,ในเมือง,เมือง,ลำพูน
2022-01-13,3.22,Wang Phrao,น้ำแม่จาง,วังพร้าว,เกาะคา,ลำปาง
2022-01-14,2.825833333,Ban Chiang Dao,แม่น้ำปิง,เชียงดาว,เชียงดาว,เชียงใหม่
2022-01-14,3.325,Ban Chor Lae,แม่น้ำปิง,ช่อแล,แม่แตง,เชียงใหม่
2022-01-14,4.107916667,Ban Don Chai,แม่น้ำวัง,ล้อมแรด,เถิน,ลำปาง
2022-01-14,7.803333333,Ban Don Mun,แม่น้ำวัง,บ้านแลง,เมือง,ลำปาง
2022-01-14,3.78,Ban Don Sali,น้ำแม่ลาว,ป่าแดด,แม่สรวย,เชียงราย
2022-01-14,5.99,Ban Hai,แม่น้ำวัง,ปงดอน,แจ้ห่ม,ลำปาง
2022-01-14,2.8,Ban Hong,น้ำแม่ออน,ร้องวัวแดง,สันกำแพง,เชียงใหม่
2022-01-14,2.75,Ban Hua Sapan,น้ำแม่จัน,ป่าซาง,แม่จัน,เชียงราย
2022-01-14,5,Ban Huai Pa Sang,น้ำแม่แตง,กึ๊ดช้าง,แม่แตง,เชียงใหม่
2022-01-14,9.68,Ban Huai Sak,แม่น้ำยม,เตาปูน,สอง,แพร่
2022-01-14,6.040833333,Ban Klang,น้ำแม่ขาน,บ้านกลาง,สันป่าตอง,เชียงใหม่
2022-01-14,3.26,Ban Ko Kha,แม่น้ำวัง,ศาลา,เกาะคา,ลำปาง
2022-01-14,4.5,Ban Krariang Tung Phrao,น้ำแม่สรวย,วาวี,แม่สรวย,เชียงราย
2022-01-14,-3.06,Ban Lai Kaeo,น้ำแม่ลี้,ศรีเตี้ย,บ้านโฮ่ง,ลำพูน
2022-01-14,6.63,Ban Luang,น้ำแม่ตื่น,ยางเปียง,อมก๋อย,เชียงใหม่
2022-01-14,3.91,Ban Luang Nuea,น้ำงาว,หลวงใต้,งาว,ลำปาง
2022-01-14,6.69,Ban Mae E Hi,น้ำแม่ลี้,ศรีวิชัย,ลี้,ลำพูน
2022-01-14,4.88,Ban Mae Kha Bridge,น้ำฝาง,แม่ข่า,ฝาง,เชียงใหม่
2022-01-14,5.24,Ban Mae Khom Mi Tamnak Tham,น้ำแม่คำมี,ตำหนักธรรม,หนองม่วงไข่,แพร่
2022-01-14,5.92,Ban Mae Lai,น้ำแม่หล่าย,แม่หล่าย,เมือง,แพร่
2022-01-14,1.683333333,Ban Mae Tae,แม่น้ำปิง,แม่แฝกเก่า,สันทราย,เชียงใหม่
2022-01-14,2.42,Ban Mae Taeng,แม่น้ำแตง,สันมหาพล,แม่แตง,เชียงใหม่
2022-01-14,3.54,Ban Mae Wan,น้ำแม่กวง,ป่าเมี่ยง,ดอยสะเก็ด,เชียงใหม่
2022-01-14,5.3,Ban Mai Rim Fang,น้ำฝาง,เวียงฝาง,ฝาง,เชียงใหม่
2022-01-14,7.535833333,Ban Mang,น้ำปี้,มาง,เชียงม่วน,พะเยา
2022-01-14,5.74,Ban Muang Pok,น้ำแม่แตง,เปียงหลวง,เวียงแหง,เชียงใหม่
2022-01-14,4.301666667,Ban Mueang Kuet,น้ำแม่แตง,กึ๊ดช้าง,แม่แตง,เชียงใหม่
2022-01-14,2.39,Ban Mueang Mai,ห้วยแม่ต๋า,เมืองมาย,แจ้ห่ม,ลำปาง
2022-01-14,4.353333333,Ban Mueang Pha,น้ำแม่ริม,ริมเหนือ,แม่ริม,เชียงใหม่
2022-01-14,8.319583333,Ban Nam Khong,แม่น้ำยม,ป่าแมต,เมือง,แพร่
2022-01-14,5.937083333,Ban Nam Yao,น้ำยาว,อวน,ปัว,น่าน
2022-01-14,1.624166667,Ban Nong Naw,น้ำแม่สอย,แจ้ห่ม,แจ้ห่ม,ลำปาง
2022-01-14,3.5,Ban Nong Pham,น้ำแม่ลาว,แม่สรวย,แม่สรวย,เชียงราย
2022-01-14,6.96,Ban Pa Kha,น้ำควร,ควร,ปง,พะเยา
2022-01-14,7.827916667,Ban Pa Khoi Tai,แม่น้ำปิง,สันผีเสื้อ,เมือง,เชียงใหม่
2022-01-14,4.75125,Ban Pa Sang,น้ำแม่ทา,ป่าซาง,ป่าซาง,ลำพูน
2022-01-14,5.527916667,Ban Pang Sa,ห้วยน้ำยาว,ผาทอง,ท่าวังผา,น่าน
2022-01-14,10.16833333,Ban Pha Khwang,แม่น้ำน่าน,บ่อ,เมือง,น่าน
2022-01-14,6.468333333,Ban Phai Ngarm,แม่น้ำน่าน,ส้าน,เวียงสา,น่าน
2022-01-14,4.2,Ban Phan Ton,น้ำแม่วาง,ทุ่งปี้,แม่วาง,เชียงใหม่
2022-01-14,4.7,Ban Phi Tai,น้ำปี้,บ้านพี้,บ้านหลวง,น่าน
2022-01-14,6.58875,Ban Pong,น้ำแม่กวง,บวกค้าง,สันกำแพง,เชียงใหม่
2022-01-14,4.65,Ban Pong,ห้วยโป่ง,บ้านโป่ง,งาว,ลำปาง
2022-01-14,4.14,Ban Rong Kho,แม่น้ำวัง,ร่องเคาะ,วังเหนือ,ลำปาง
2022-01-14,3.03,Ban Saluang Nok,น้ำแม่ริม,สลวง,แม่ริม,เชียงใหม่
2022-01-14,4.35,Ban San Pu Loei,น้ำแม่ขอด,โหล่งขอด,พร้าว,เชียงใหม่
2022-01-14,3.9,Ban Singpotin,น้ำแม่ลาย,ป่าเมี่ยง,ดอยสะเก็ด,เชียงใหม่
2022-01-14,9.62,Ban Sob Soi,แม่น้ำปิง,แม่สอย,จอมทอง,เชียงใหม่
2022-01-14,5.837083333,Ban Sop Mae Sapoot,แม่น้ำแม่ทา,ทาสบเส้า,แม่ทา,ลำพูน
2022-01-14,7.7,Ban Sop Pae,แม่น้ำปิง,สบแปะ,จอมทอง,เชียงใหม่
2022-01-14,5.636666667,Ban Sop Prap,แม่น้ำวัง,สบปราบ,สบปราบ,ลำปาง
2022-01-14,5.79,Ban Sop Tam,น้ำแม่ต่ำ,เกาะคา,เกาะคา,ลำปาง
2022-01-14,4.41125,Ban Sop Win,น้ำแม่วาง,แม่วิน,แม่วาง,เชียงใหม่
2022-01-14,5.793333333,Ban Tha Duea,แม่น้ำวัง,พิชัย,เมือง,ลำปาง
2022-01-14,5.313333333,Ban Tha Lo,น้ำแม่ตุ๋ย,บ่อแฮ้ว,เมือง,ลำปาง
2022-01-14,3.8,Ban Tha Pong Daeng,น้ำปาย,ผาบ่อง,เมือง,แม่ฮ่องสอน
2022-01-14,6.78,Ban Thung Nong,แม่น้ำยม,สระ,เชียงม่วน,พะเยา
2022-01-14,3.6275,Ban Ton Yang,น้ำแม่ลาว,บัวสลี,แม่ลาว,เชียงราย
2022-01-14,13.87041667,Ban Wang Chin,แม่น้ำยม,วังชิ้น,วังชิ้น,แพร่
2022-01-14,4.376666667,Chedingam,น้ำอิง,ท่าวังทอง,เมือง,พะเยา
2022-01-14,6.758333333,In front of the Forestry Office,แม่น้ำน่าน,ในเวียง,เมือง,น่าน
2022-01-14,5.48,Mae Kham Lak Chet,น้ำแม่คำ,ศรีค้ำ,แม่จัน,เชียงราย
2022-01-14,2.02,Nam Mae Chaem,น้ำแม่แจ่ม,บ้านท่าข้าม,จอมทอง,เชียงใหม่
2022-01-14,5.112916667,Nawarat Bridge,แม่น้ำปิง,วัดเกต,เมือง,เชียงใหม่
2022-01-14,4.43,Pracha Uthit Bridge,น้ำแม่กลาง,บ้านหลวง,จอมทอง,เชียงใหม่
2022-01-14,5.5,Romklao Cooperative House,น้ำแม่งัด,แม่แวน,พร้าว,เชียงใหม่
2022-01-14,4.35,Saphan Ban Khay,น้ำฝาง,แม่นาวาง,แม่อาย,เชียงใหม่
2022-01-14,4.669166667,Setuwaree Bridge,แม้น้ำวัง,เวียงเหนือ,เมือง,ลำปาง
2022-01-14,11.33833333,Tha Li Bridge,น้ำว้า,ขึ่ง,เวียงสา,น่าน
2022-01-14,7.310416667,Tha Nang Bridge,น้ำแม่กวง,ในเมือง,เมือง,ลำพูน
2022-01-14,3.21,Wang Phrao,น้ำแม่จาง,วังพร้าว,เกาะคา,ลำปาง
2022-01-15,2.815,Ban Chiang Dao,แม่น้ำปิง,เชียงดาว,เชียงดาว,เชียงใหม่
2022-01-15,3.272916667,Ban Chor Lae,แม่น้ำปิง,ช่อแล,แม่แตง,เชียงใหม่
2022-01-15,4.0875,Ban Don Chai,แม่น้ำวัง,ล้อมแรด,เถิน,ลำปาง
2022-01-15,7.804791667,Ban Don Mun,แม่น้ำวัง,บ้านแลง,เมือง,ลำปาง
2022-01-15,3.853333333,Ban Don Sali,น้ำแม่ลาว,ป่าแดด,แม่สรวย,เชียงราย
2022-01-15,5.99,Ban Hai,แม่น้ำวัง,ปงดอน,แจ้ห่ม,ลำปาง
2022-01-15,2.8,Ban Hong,น้ำแม่ออน,ร้องวัวแดง,สันกำแพง,เชียงใหม่
2022-01-15,2.76,Ban Hua Sapan,น้ำแม่จัน,ป่าซาง,แม่จัน,เชียงราย
2022-01-15,5.1,Ban Huai Pa Sang,น้ำแม่แตง,กึ๊ดช้าง,แม่แตง,เชียงใหม่
2022-01-15,9.68,Ban Huai Sak,แม่น้ำยม,เตาปูน,สอง,แพร่
2022-01-15,6.031666667,Ban Klang,น้ำแม่ขาน,บ้านกลาง,สันป่าตอง,เชียงใหม่
2022-01-15,3.256666667,Ban Ko Kha,แม่น้ำวัง,ศาลา,เกาะคา,ลำปาง
2022-01-15,4.577916667,Ban Krariang Tung Phrao,น้ำแม่สรวย,วาวี,แม่สรวย,เชียงราย
2022-01-15,-3.06,Ban Lai Kaeo,น้ำแม่ลี้,ศรีเตี้ย,บ้านโฮ่ง,ลำพูน
2022-01-15,6.64,Ban Luang,น้ำแม่ตื่น,ยางเปียง,อมก๋อย,เชียงใหม่
2022-01-15,3.905833333,Ban Luang Nuea,น้ำงาว,หลวงใต้,งาว,ลำปาง
2022-01-15,6.69,Ban Mae E Hi,น้ำแม่ลี้,ศรีวิชัย,ลี้,ลำพูน
2022-01-15,4.9,Ban Mae Kha Bridge,น้ำฝาง,แม่ข่า,ฝาง,เชียงใหม่
2022-01-15,5.24,Ban Mae Khom Mi Tamnak Tham,น้ำแม่คำมี,ตำหนักธรรม,หนองม่วงไข่,แพร่
2022-01-15,5.92,Ban Mae Lai,น้ำแม่หล่าย,แม่หล่าย,เมือง,แพร่
2022-01-15,1.968333333,Ban Mae Tae,แม่น้ำปิง,แม่แฝกเก่า,สันทราย,เชียงใหม่
2022-01-15,2.45,Ban Mae Taeng,แม่น้ำแตง,สันมหาพล,แม่แตง,เชียงใหม่
2022-01-15,3.54,Ban Mae Wan,น้ำแม่กวง,ป่าเมี่ยง,ดอยสะเก็ด,เชียงใหม่
2022-01-15,5.28,Ban Mai Rim Fang,น้ำฝาง,เวียงฝาง,ฝาง,เชียงใหม่
2022-01-15,7.545,Ban Mang,น้ำปี้,มาง,เชียงม่วน,พะเยา
2022-01-15,5.74,Ban Muang Pok,น้ำแม่แตง,เปียงหลวง,เวียงแหง,เชียงใหม่
2022-01-15,4.3025,Ban Mueang Kuet,น้ำแม่แตง,กึ๊ดช้าง,แม่แตง,เชียงใหม่
2022-01-15,2.38,Ban Mueang Mai,ห้วยแม่ต๋า,เมืองมาย,แจ้ห่ม,ลำปาง
2022-01-15,4.357916667,Ban Mueang Pha,น้ำแม่ริม,ริมเหนือ,แม่ริม,เชียงใหม่
2022-01-15,8.325,Ban Nam Khong,แม่น้ำยม,ป่าแมต,เมือง,แพร่
2022-01-15,5.93,Ban Nam Yao,น้ำยาว,อวน,ปัว,น่าน
2022-01-15,1.617083333,Ban Nong Naw,น้ำแม่สอย,แจ้ห่ม,แจ้ห่ม,ลำปาง
2022-01-15,3.504583333,Ban Nong Pham,น้ำแม่ลาว,แม่สรวย,แม่สรวย,เชียงราย
2022-01-15,6.98,Ban Pa Kha,น้ำควร,ควร,ปง,พะเยา
2022-01-15,7.823333333,Ban Pa Khoi Tai,แม่น้ำปิง,สันผีเสื้อ,เมือง,เชียงใหม่
2022-01-15,4.750416667,Ban Pa Sang,น้ำแม่ทา,ป่าซาง,ป่าซาง,ลำพูน
2022-01-15,5.52,Ban Pang Sa,ห้วยน้ำยาว,ผาทอง,ท่าวังผา,น่าน
2022-01-15,10.16,Ban Pha Khwang,แม่น้ำน่าน,บ่อ,เมือง,น่าน
2022-01-15,6.46,Ban Phai Ngarm,แม่น้ำน่าน,ส้าน,เวียงสา,น่าน
2022-01-15,4.2,Ban Phan Ton,น้ำแม่วาง,ทุ่งปี้,แม่วาง,เชียงใหม่
2022-01-15,4.7,Ban Phi Tai,น้ำปี้,บ้านพี้,บ้านหลวง,น่าน
2022-01-15,6.587083333,Ban Pong,น้ำแม่กวง,บวกค้าง,สันกำแพง,เชียงใหม่
2022-01-15,4.653333333,Ban Pong,ห้วยโป่ง,บ้านโป่ง,งาว,ลำปาง
2022-01-15,4.14,Ban Rong Kho,แม่น้ำวัง,ร่องเคาะ,วังเหนือ,ลำปาง
2022-01-15,3.04,Ban Saluang Nok,น้ำแม่ริม,สลวง,แม่ริม,เชียงใหม่
2022-01-15,4.32,Ban San Pu Loei,น้ำแม่ขอด,โหล่งขอด,พร้าว,เชียงใหม่
2022-01-15,3.9,Ban Singpotin,น้ำแม่ลาย,ป่าเมี่ยง,ดอยสะเก็ด,เชียงใหม่
2022-01-15,9.66,Ban Sob Soi,แม่น้ำปิง,แม่สอย,จอมทอง,เชียงใหม่
2022-01-15,5.83,Ban Sop Mae Sapoot,แม่น้ำแม่ทา,ทาสบเส้า,แม่ทา,ลำพูน
2022-01-15,7.7,Ban Sop Pae,แม่น้ำปิง,สบแปะ,จอมทอง,เชียงใหม่
2022-01-15,5.63,Ban Sop Prap,แม่น้ำวัง,สบปราบ,สบปราบ,ลำปาง
2022-01-15,5.79,Ban Sop Tam,น้ำแม่ต่ำ,เกาะคา,เกาะคา,ลำปาง
2022-01-15,4.41,Ban Sop Win,น้ำแม่วาง,แม่วิน,แม่วาง,เชียงใหม่
2022-01-15,5.84,Ban Tha Duea,แม่น้ำวัง,พิชัย,เมือง,ลำปาง
2022-01-15,5.45,Ban Tha Lo,น้ำแม่ตุ๋ย,บ่อแฮ้ว,เมือง,ลำปาง
2022-01-15,3.8,Ban Tha Pong Daeng,น้ำปาย,ผาบ่อง,เมือง,แม่ฮ่องสอน
2022-01-15,6.7825,Ban Thung Nong,แม่น้ำยม,สระ,เชียงม่วน,พะเยา
2022-01-15,3.63,Ban Ton Yang,น้ำแม่ลาว,บัวสลี,แม่ลาว,เชียงราย
2022-01-15,13.88,Ban Wang Chin,แม่น้ำยม,วังชิ้น,วังชิ้น,แพร่
2022-01-15,4.336666667,Chedingam,น้ำอิง,ท่าวังทอง,เมือง,พะเยา
2022-01-15,6.75,In front of the Forestry Office,แม่น้ำน่าน,ในเวียง,เมือง,น่าน
2022-01-15,5.49,Mae Kham Lak Chet,น้ำแม่คำ,ศรีค้ำ,แม่จัน,เชียงราย
2022-01-15,2.02,Nam Mae Chaem,น้ำแม่แจ่ม,บ้านท่าข้าม,จอมทอง,เชียงใหม่
2022-01-15,5.082916667,Nawarat Bridge,แม่น้ำปิง,วัดเกต,เมือง,เชียงใหม่
2022-01-15,4.43,Pracha Uthit Bridge,น้ำแม่กลาง,บ้านหลวง,จอมทอง,เชียงใหม่
2022-01-15,5.5,Romklao Cooperative House,น้ำแม่งัด,แม่แวน,พร้าว,เชียงใหม่
2022-01-15,4.35,Saphan Ban Khay,น้ำฝาง,แม่นาวาง,แม่อาย,เชียงใหม่
2022-01-15,4.69125,Setuwaree Bridge,แม้น้ำวัง,เวียงเหนือ,เมือง,ลำปาง
2022-01-15,11.33,Tha Li Bridge,น้ำว้า,ขึ่ง,เวียงสา,น่าน
2022-01-15,7.26,Tha Nang Bridge,น้ำแม่กวง,ในเมือง,เมือง,ลำพูน
2022-01-15,3.207916667,Wang Phrao,น้ำแม่จาง,วังพร้าว,เกาะคา,ลำปาง
2022-01-16,2.827083333,Ban Chiang Dao,แม่น้ำปิง,เชียงดาว,เชียงดาว,เชียงใหม่
2022-01-16,3.159583333,Ban Chor Lae,แม่น้ำปิง,ช่อแล,แม่แตง,เชียงใหม่
2022-01-16,4.082083333,Ban Don Chai,แม่น้ำวัง,ล้อมแรด,เถิน,ลำปาง
2022-01-16,7.805,Ban Don Mun,แม่น้ำวัง,บ้านแลง,เมือง,ลำปาง
2022-01-16,4.056666667,Ban Don Sali,น้ำแม่ลาว,ป่าแดด,แม่สรวย,เชียงราย
2022-01-16,5.84,Ban Hai,แม่น้ำวัง,ปงดอน,แจ้ห่ม,ลำปาง
2022-01-16,2.8,Ban Hong,น้ำแม่ออน,ร้องวัวแดง,สันกำแพง,เชียงใหม่
2022-01-16,2.77,Ban Hua Sapan,น้ำแม่จัน,ป่าซาง,แม่จัน,เชียงราย
2022-01-16,5.2,Ban Huai Pa Sang,น้ำแม่แตง,กึ๊ดช้าง,แม่แตง,เชียงใหม่
2022-01-16,9.674166667,Ban Huai Sak,แม่น้ำยม,เตาปูน,สอง,แพร่
2022-01-16,6.03875,Ban Klang,น้ำแม่ขาน,บ้านกลาง,สันป่าตอง,เชียงใหม่
2022-01-16,3.263333333,Ban Ko Kha,แม่น้ำวัง,ศาลา,เกาะคา,ลำปาง
2022-01-16,4.6725,Ban Krariang Tung Phrao,น้ำแม่สรวย,วาวี,แม่สรวย,เชียงราย
2022-01-16,-3.06,Ban Lai Kaeo,น้ำแม่ลี้,ศรีเตี้ย,บ้านโฮ่ง,ลำพูน
2022-01-16,6.64,Ban Luang,น้ำแม่ตื่น,ยางเปียง,อมก๋อย,เชียงใหม่
2022-01-16,3.905,Ban Luang Nuea,น้ำงาว,หลวงใต้,งาว,ลำปาง
2022-01-16,6.691666667,Ban Mae E Hi,น้ำแม่ลี้,ศรีวิชัย,ลี้,ลำพูน
2022-01-16,4.91,Ban Mae Kha Bridge,น้ำฝาง,แม่ข่า,ฝาง,เชียงใหม่
2022-01-16,5.24,Ban Mae Khom Mi Tamnak Tham,น้ำแม่คำมี,ตำหนักธรรม,หนองม่วงไข่,แพร่
2022-01-16,5.925,Ban Mae Lai,น้ำแม่หล่าย,แม่หล่าย,เมือง,แพร่
2022-01-16,1.800416667,Ban Mae Tae,แม่น้ำปิง,แม่แฝกเก่า,สันทราย,เชียงใหม่
2022-01-16,2.44,Ban Mae Taeng,แม่น้ำแตง,สันมหาพล,แม่แตง,เชียงใหม่
2022-01-16,3.54,Ban Mae Wan,น้ำแม่กวง,ป่าเมี่ยง,ดอยสะเก็ด,เชียงใหม่
2022-01-16,5.32,Ban Mai Rim Fang,น้ำฝาง,เวียงฝาง,ฝาง,เชียงใหม่
2022-01-16,7.555,Ban Mang,น้ำปี้,มาง,เชียงม่วน,พะเยา
2022-01-16,5.74,Ban Muang Pok,น้ำแม่แตง,เปียงหลวง,เวียงแหง,เชียงใหม่
2022-01-16,4.389583333,Ban Mueang Kuet,น้ำแม่แตง,กึ๊ดช้าง,แม่แตง,เชียงใหม่
2022-01-16,2.37,Ban Mueang Mai,ห้วยแม่ต๋า,เมืองมาย,แจ้ห่ม,ลำปาง
2022-01-16,4.44625,Ban Mueang Pha,น้ำแม่ริม,ริมเหนือ,แม่ริม,เชียงใหม่
2022-01-16,8.320833333,Ban Nam Khong,แม่น้ำยม,ป่าแมต,เมือง,แพร่
2022-01-16,5.92625,Ban Nam Yao,น้ำยาว,อวน,ปัว,น่าน
2022-01-16,1.625,Ban Nong Naw,น้ำแม่สอย,แจ้ห่ม,แจ้ห่ม,ลำปาง
2022-01-16,3.6475,Ban Nong Pham,น้ำแม่ลาว,แม่สรวย,แม่สรวย,เชียงราย
2022-01-16,6.98,Ban Pa Kha,น้ำควร,ควร,ปง,พะเยา
2022-01-16,7.87125,Ban Pa Khoi Tai,แม่น้ำปิง,สันผีเสื้อ,เมือง,เชียงใหม่
2022-01-16,4.750416667,Ban Pa Sang,น้ำแม่ทา,ป่าซาง,ป่าซาง,ลำพูน
2022-01-16,5.525,Ban Pang Sa,ห้วยน้ำยาว,ผาทอง,ท่าวังผา,น่าน
2022-01-16,10.15833333,Ban Pha Khwang,แม่น้ำน่าน,บ่อ,เมือง,น่าน
2022-01-16,6.46,Ban Phai Ngarm,แม่น้ำน่าน,ส้าน,เวียงสา,น่าน
2022-01-16,4.2,Ban Phan Ton,น้ำแม่วาง,ทุ่งปี้,แม่วาง,เชียงใหม่
2022-01-16,4.6,Ban Phi Tai,น้ำปี้,บ้านพี้,บ้านหลวง,น่าน
2022-01-16,6.5775,Ban Pong,น้ำแม่กวง,บวกค้าง,สันกำแพง,เชียงใหม่
2022-01-16,4.653333333,Ban Pong,ห้วยโป่ง,บ้านโป่ง,งาว,ลำปาง
2022-01-16,4.14,Ban Rong Kho,แม่น้ำวัง,ร่องเคาะ,วังเหนือ,ลำปาง
2022-01-16,3.04,Ban Saluang Nok,น้ำแม่ริม,สลวง,แม่ริม,เชียงใหม่
2022-01-16,4.32,Ban San Pu Loei,น้ำแม่ขอด,โหล่งขอด,พร้าว,เชียงใหม่
2022-01-16,3.9,Ban Singpotin,น้ำแม่ลาย,ป่าเมี่ยง,ดอยสะเก็ด,เชียงใหม่
2022-01-16,9.64,Ban Sob Soi,แม่น้ำปิง,แม่สอย,จอมทอง,เชียงใหม่
2022-01-16,5.83,Ban Sop Mae Sapoot,แม่น้ำแม่ทา,ทาสบเส้า,แม่ทา,ลำพูน
2022-01-16,7.7,Ban Sop Pae,แม่น้ำปิง,สบแปะ,จอมทอง,เชียงใหม่
2022-01-16,5.613333333,Ban Sop Prap,แม่น้ำวัง,สบปราบ,สบปราบ,ลำปาง
2022-01-16,5.78,Ban Sop Tam,น้ำแม่ต่ำ,เกาะคา,เกาะคา,ลำปาง
2022-01-16,4.41625,Ban Sop Win,น้ำแม่วาง,แม่วิน,แม่วาง,เชียงใหม่
2022-01-16,5.856666667,Ban Tha Duea,แม่น้ำวัง,พิชัย,เมือง,ลำปาง
2022-01-16,5.7,Ban Tha Lo,น้ำแม่ตุ๋ย,บ่อแฮ้ว,เมือง,ลำปาง
2022-01-16,3.824,Ban Tha Pong Daeng,น้ำปาย,ผาบ่อง,เมือง,แม่ฮ่องสอน
2022-01-16,6.7725,Ban Thung Nong,แม่น้ำยม,สระ,เชียงม่วน,พะเยา
2022-01-16,3.79125,Ban Ton Yang,น้ำแม่ลาว,บัวสลี,แม่ลาว,เชียงราย
2022-01-16,13.87,Ban Wang Chin,แม่น้ำยม,วังชิ้น,วังชิ้น,แพร่
2022-01-16,4.26,Chedingam,น้ำอิง,ท่าวังทอง,เมือง,พะเยา
2022-01-16,6.751666667,In front of the Forestry Office,แม่น้ำน่าน,ในเวียง,เมือง,น่าน
2022-01-16,5.874166667,Mae Kham Lak Chet,น้ำแม่คำ,ศรีค้ำ,แม่จัน,เชียงราย
2022-01-16,2.02,Nam Mae Chaem,น้ำแม่แจ่ม,บ้านท่าข้าม,จอมทอง,เชียงใหม่
2022-01-16,5.135833333,Nawarat Bridge,แม่น้ำปิง,วัดเกต,เมือง,เชียงใหม่
2022-01-16,4.465,Pracha Uthit Bridge,น้ำแม่กลาง,บ้านหลวง,จอมทอง,เชียงใหม่
2022-01-16,5.5,Romklao Cooperative House,น้ำแม่งัด,แม่แวน,พร้าว,เชียงใหม่
2022-01-16,4.4,Saphan Ban Khay,น้ำฝาง,แม่นาวาง,แม่อาย,เชียงใหม่
2022-01-16,4.69,Setuwaree Bridge,แม้น้ำวัง,เวียงเหนือ,เมือง,ลำปาง
2022-01-16,11.325,Tha Li Bridge,น้ำว้า,ขึ่ง,เวียงสา,น่าน
2022-01-16,7.2325,Tha Nang Bridge,น้ำแม่กวง,ในเมือง,เมือง,ลำพูน
2022-01-16,3.23125,Wang Phrao,น้ำแม่จาง,วังพร้าว,เกาะคา,ลำปาง
2022-01-17,2.854583333,Ban Chiang Dao,แม่น้ำปิง,เชียงดาว,เชียงดาว,เชียงใหม่
2022-01-17,3.311666667,Ban Chor Lae,แม่น้ำปิง,ช่อแล,แม่แตง,เชียงใหม่
2022-01-17,4.068333333,Ban Don Chai,แม่น้ำวัง,ล้อมแรด,เถิน,ลำปาง
2022-01-17,7.81,Ban Don Mun,แม่น้ำวัง,บ้านแลง,เมือง,ลำปาง
2022-01-17,4.256666667,Ban Don Sali,น้ำแม่ลาว,ป่าแดด,แม่สรวย,เชียงราย
2022-01-17,5.167916667,Ban Hai,แม่น้ำวัง,ปงดอน,แจ้ห่ม,ลำปาง
2022-01-17,2.8,Ban Hong,น้ำแม่ออน,ร้องวัวแดง,สันกำแพง,เชียงใหม่
2022-01-17,2.78,Ban Hua Sapan,น้ำแม่จัน,ป่าซาง,แม่จัน,เชียงราย
2022-01-17,5.46,Ban Huai Pa Sang,น้ำแม่แตง,กึ๊ดช้าง,แม่แตง,เชียงใหม่
2022-01-17,9.675833333,Ban Huai Sak,แม่น้ำยม,เตาปูน,สอง,แพร่
2022-01-17,6.095833333,Ban Klang,น้ำแม่ขาน,บ้านกลาง,สันป่าตอง,เชียงใหม่
2022-01-17,3.276666667,Ban Ko Kha,แม่น้ำวัง,ศาลา,เกาะคา,ลำปาง
2022-01-17,4.532083333,Ban Krariang Tung Phrao,น้ำแม่สรวย,วาวี,แม่สรวย,เชียงราย
2022-01-17,-3.06,Ban Lai Kaeo,น้ำแม่ลี้,ศรีเตี้ย,บ้านโฮ่ง,ลำพูน
2022-01-17,6.63,Ban Luang,น้ำแม่ตื่น,ยางเปียง,อมก๋อย,เชียงใหม่
2022-01-17,3.905416667,Ban Luang Nuea,น้ำงาว,หลวงใต้,งาว,ลำปาง
2022-01-17,6.7,Ban Mae E Hi,น้ำแม่ลี้,ศรีวิชัย,ลี้,ลำพูน
2022-01-17,4.91,Ban Mae Kha Bridge,น้ำฝาง,แม่ข่า,ฝาง,เชียงใหม่
2022-01-17,5.24,Ban Mae Khom Mi Tamnak Tham,น้ำแม่คำมี,ตำหนักธรรม,หนองม่วงไข่,แพร่
2022-01-17,5.9375,Ban Mae Lai,น้ำแม่หล่าย,แม่หล่าย,เมือง,แพร่
2022-01-17,1.874583333,Ban Mae Tae,แม่น้ำปิง,แม่แฝกเก่า,สันทราย,เชียงใหม่
2022-01-17,2.44,Ban Mae Taeng,แม่น้ำแตง,สันมหาพล,แม่แตง,เชียงใหม่
2022-01-17,3.54,Ban Mae Wan,น้ำแม่กวง,ป่าเมี่ยง,ดอยสะเก็ด,เชียงใหม่
2022-01-17,5.88,Ban Mai Rim Fang,น้ำฝาง,เวียงฝาง,ฝาง,เชียงใหม่
2022-01-17,7.562083333,Ban Mang,น้ำปี้,มาง,เชียงม่วน,พะเยา
2022-01-17,5.85,Ban Muang Pok,น้ำแม่แตง,เปียงหลวง,เวียงแหง,เชียงใหม่
2022-01-17,4.502083333,Ban Mueang Kuet,น้ำแม่แตง,กึ๊ดช้าง,แม่แตง,เชียงใหม่
2022-01-17,2.38,Ban Mueang Mai,ห้วยแม่ต๋า,เมืองมาย,แจ้ห่ม,ลำปาง
2022-01-17,4.523333333,Ban Mueang Pha,น้ำแม่ริม,ริมเหนือ,แม่ริม,เชียงใหม่
2022-01-17,8.3325,Ban Nam Khong,แม่น้ำยม,ป่าแมต,เมือง,แพร่
2022-01-17,5.92,Ban Nam Yao,น้ำยาว,อวน,ปัว,น่าน
2022-01-17,1.6475,Ban Nong Naw,น้ำแม่สอย,แจ้ห่ม,แจ้ห่ม,ลำปาง
2022-01-17,3.861666667,Ban Nong Pham,น้ำแม่ลาว,แม่สรวย,แม่สรวย,เชียงราย
2022-01-17,6.98,Ban Pa Kha,น้ำควร,ควร,ปง,พะเยา
2022-01-17,7.92875,Ban Pa Khoi Tai,แม่น้ำปิง,สันผีเสื้อ,เมือง,เชียงใหม่
2022-01-17,4.754166667,Ban Pa Sang,น้ำแม่ทา,ป่าซาง,ป่าซาง,ลำพูน
2022-01-17,5.545416667,Ban Pang Sa,ห้วยน้ำยาว,ผาทอง,ท่าวังผา,น่าน
2022-01-17,10.19458333,Ban Pha Khwang,แม่น้ำน่าน,บ่อ,เมือง,น่าน
2022-01-17,6.463333333,Ban Phai Ngarm,แม่น้ำน่าน,ส้าน,เวียงสา,น่าน
2022-01-17,4.207083333,Ban Phan Ton,น้ำแม่วาง,ทุ่งปี้,แม่วาง,เชียงใหม่
2022-01-17,4.7,Ban Phi Tai,น้ำปี้,บ้านพี้,บ้านหลวง,น่าน
2022-01-17,6.67625,Ban Pong,น้ำแม่กวง,บวกค้าง,สันกำแพง,เชียงใหม่
2022-01-17,4.66,Ban Pong,ห้วยโป่ง,บ้านโป่ง,งาว,ลำปาง
2022-01-17,4.155,Ban Rong Kho,แม่น้ำวัง,ร่องเคาะ,วังเหนือ,ลำปาง
2022-01-17,3.3,Ban Saluang Nok,น้ำแม่ริม,สลวง,แม่ริม,เชียงใหม่
2022-01-17,4.32,Ban San Pu Loei,น้ำแม่ขอด,โหล่งขอด,พร้าว,เชียงใหม่
2022-01-17,3.9,Ban Singpotin,น้ำแม่ลาย,ป่าเมี่ยง,ดอยสะเก็ด,เชียงใหม่
2022-01-17,9.7,Ban Sob Soi,แม่น้ำปิง,แม่สอย,จอมทอง,เชียงใหม่
2022-01-17,5.826666667,Ban Sop Mae Sapoot,แม่น้ำแม่ทา,ทาสบเส้า,แม่ทา,ลำพูน
2022-01-17,7.7,Ban Sop Pae,แม่น้ำปิง,สบแปะ,จอมทอง,เชียงใหม่
2022-01-17,5.63,Ban Sop Prap,แม่น้ำวัง,สบปราบ,สบปราบ,ลำปาง
2022-01-17,5.78,Ban Sop Tam,น้ำแม่ต่ำ,เกาะคา,เกาะคา,ลำปาง
2022-01-17,4.445416667,Ban Sop Win,น้ำแม่วาง,แม่วิน,แม่วาง,เชียงใหม่
2022-01-17,5.873333333,Ban Tha Duea,แม่น้ำวัง,พิชัย,เมือง,ลำปาง
2022-01-17,5.8,Ban Tha Lo,น้ำแม่ตุ๋ย,บ่อแฮ้ว,เมือง,ลำปาง
2022-01-17,3.878,Ban Tha Pong Daeng,น้ำปาย,ผาบ่อง,เมือง,แม่ฮ่องสอน
2022-01-17,6.68875,Ban Thung Nong,แม่น้ำยม,สระ,เชียงม่วน,พะเยา
2022-01-17,3.960416667,Ban Ton Yang,น้ำแม่ลาว,บัวสลี,แม่ลาว,เชียงราย
2022-01-17,13.83083333,Ban Wang Chin,แม่น้ำยม,วังชิ้น,วังชิ้น,แพร่
2022-01-17,4.22,Chedingam,น้ำอิง,ท่าวังทอง,เมือง,พะเยา
2022-01-17,6.77125,In front of the Forestry Office,แม่น้ำน่าน,ในเวียง,เมือง,น่าน
2022-01-17,5.695,Mae Kham Lak Chet,น้ำแม่คำ,ศรีค้ำ,แม่จัน,เชียงราย
2022-01-17,2.02,Nam Mae Chaem,น้ำแม่แจ่ม,บ้านท่าข้าม,จอมทอง,เชียงใหม่
2022-01-17,5.185416667,Nawarat Bridge,แม่น้ำปิง,วัดเกต,เมือง,เชียงใหม่
2022-01-17,4.452916667,Pracha Uthit Bridge,น้ำแม่กลาง,บ้านหลวง,จอมทอง,เชียงใหม่
2022-01-17,5.5,Romklao Cooperative House,น้ำแม่งัด,แม่แวน,พร้าว,เชียงใหม่
2022-01-17,4.73,Saphan Ban Khay,น้ำฝาง,แม่นาวาง,แม่อาย,เชียงใหม่
2022-01-17,4.6975,Setuwaree Bridge,แม้น้ำวัง,เวียงเหนือ,เมือง,ลำปาง
2022-01-17,11.32,Tha Li Bridge,น้ำว้า,ขึ่ง,เวียงสา,น่าน
2022-01-17,7.387083333,Tha Nang Bridge,น้ำแม่กวง,ในเมือง,เมือง,ลำพูน
2022-01-17,3.367916667,Wang Phrao,น้ำแม่จาง,วังพร้าว,เกาะคา,ลำปาง
2022-01-18,2.844166667,Ban Chiang Dao,แม่น้ำปิง,เชียงดาว,เชียงดาว,เชียงใหม่
2022-01-18,3.290416667,Ban Chor Lae,แม่น้ำปิง,ช่อแล,แม่แตง,เชียงใหม่
2022-01-18,4.0825,Ban Don Chai,แม่น้ำวัง,ล้อมแรด,เถิน,ลำปาง
2022-01-18,7.819166667,Ban Don Mun,แม่น้ำวัง,บ้านแลง,เมือง,ลำปาง
2022-01-18,4.206666667,Ban Don Sali,น้ำแม่ลาว,ป่าแดด,แม่สรวย,เชียงราย
2022-01-18,5.127083333,Ban Hai,แม่น้ำวัง,ปงดอน,แจ้ห่ม,ลำปาง
2022-01-18,2.8,Ban Hong,น้ำแม่ออน,ร้องวัวแดง,สันกำแพง,เชียงใหม่
2022-01-18,2.831666667,Ban Hua Sapan,น้ำแม่จัน,ป่าซาง,แม่จัน,เชียงราย
2022-01-18,5.4,Ban Huai Pa Sang,น้ำแม่แตง,กึ๊ดช้าง,แม่แตง,เชียงใหม่
2022-01-18,9.675416667,Ban Huai Sak,แม่น้ำยม,เตาปูน,สอง,แพร่
2022-01-18,6.1375,Ban Klang,น้ำแม่ขาน,บ้านกลาง,สันป่าตอง,เชียงใหม่
2022-01-18,3.276666667,Ban Ko Kha,แม่น้ำวัง,ศาลา,เกาะคา,ลำปาง
2022-01-18,4.567083333,Ban Krariang Tung Phrao,น้ำแม่สรวย,วาวี,แม่สรวย,เชียงราย
2022-01-18,-3.06,Ban Lai Kaeo,น้ำแม่ลี้,ศรีเตี้ย,บ้านโฮ่ง,ลำพูน
2022-01-18,6.7,Ban Luang,น้ำแม่ตื่น,ยางเปียง,อมก๋อย,เชียงใหม่
2022-01-18,3.90625,Ban Luang Nuea,น้ำงาว,หลวงใต้,งาว,ลำปาง
2022-01-18,6.7,Ban Mae E Hi,น้ำแม่ลี้,ศรีวิชัย,ลี้,ลำพูน
2022-01-18,4.96,Ban Mae Kha Bridge,น้ำฝาง,แม่ข่า,ฝาง,เชียงใหม่
2022-01-18,5.24,Ban Mae Khom Mi Tamnak Tham,น้ำแม่คำมี,ตำหนักธรรม,หนองม่วงไข่,แพร่
2022-01-18,5.92125,Ban Mae Lai,น้ำแม่หล่าย,แม่หล่าย,เมือง,แพร่
2022-01-18,1.935833333,Ban Mae Tae,แม่น้ำปิง,แม่แฝกเก่า,สันทราย,เชียงใหม่
2022-01-18,2.46,Ban Mae Taeng,แม่น้ำแตง,สันมหาพล,แม่แตง,เชียงใหม่
2022-01-18,3.56,Ban Mae Wan,น้ำแม่กวง,ป่าเมี่ยง,ดอยสะเก็ด,เชียงใหม่
2022-01-18,5.82,Ban Mai Rim Fang,น้ำฝาง,เวียงฝาง,ฝาง,เชียงใหม่
2022-01-18,7.614166667,Ban Mang,น้ำปี้,มาง,เชียงม่วน,พะเยา
2022-01-18,5.75,Ban Muang Pok,น้ำแม่แตง,เปียงหลวง,เวียงแหง,เชียงใหม่
2022-01-18,4.452916667,Ban Mueang Kuet,น้ำแม่แตง,กึ๊ดช้าง,แม่แตง,เชียงใหม่
2022-01-18,2.4,Ban Mueang Mai,ห้วยแม่ต๋า,เมืองมาย,แจ้ห่ม,ลำปาง
2022-01-18,4.510416667,Ban Mueang Pha,น้ำแม่ริม,ริมเหนือ,แม่ริม,เชียงใหม่
2022-01-18,8.3375,Ban Nam Khong,แม่น้ำยม,ป่าแมต,เมือง,แพร่
2022-01-18,5.91875,Ban Nam Yao,น้ำยาว,อวน,ปัว,น่าน
2022-01-18,1.64625,Ban Nong Naw,น้ำแม่สอย,แจ้ห่ม,แจ้ห่ม,ลำปาง
2022-01-18,3.723333333,Ban Nong Pham,น้ำแม่ลาว,แม่สรวย,แม่สรวย,เชียงราย
2022-01-18,7,Ban Pa Kha,น้ำควร,ควร,ปง,พะเยา
2022-01-18,7.9525,Ban Pa Khoi Tai,แม่น้ำปิง,สันผีเสื้อ,เมือง,เชียงใหม่
2022-01-18,4.781666667,Ban Pa Sang,น้ำแม่ทา,ป่าซาง,ป่าซาง,ลำพูน
2022-01-18,5.582083333,Ban Pang Sa,ห้วยน้ำยาว,ผาทอง,ท่าวังผา,น่าน
2022-01-18,10.20625,Ban Pha Khwang,แม่น้ำน่าน,บ่อ,เมือง,น่าน
2022-01-18,6.47,Ban Phai Ngarm,แม่น้ำน่าน,ส้าน,เวียงสา,น่าน
2022-01-18,4.240833333,Ban Phan Ton,น้ำแม่วาง,ทุ่งปี้,แม่วาง,เชียงใหม่
2022-01-18,4.8,Ban Phi Tai,น้ำปี้,บ้านพี้,บ้านหลวง,น่าน
2022-01-18,6.735,Ban Pong,น้ำแม่กวง,บวกค้าง,สันกำแพง,เชียงใหม่
2022-01-18,4.6525,Ban Pong,ห้วยโป่ง,บ้านโป่ง,งาว,ลำปาง
2022-01-18,4.233333333,Ban Rong Kho,แม่น้ำวัง,ร่องเคาะ,วังเหนือ,ลำปาง
2022-01-18,3.2,Ban Saluang Nok,น้ำแม่ริม,สลวง,แม่ริม,เชียงใหม่
2022-01-18,4.47,Ban San Pu Loei,น้ำแม่ขอด,โหล่งขอด,พร้าว,เชียงใหม่
2022-01-18,3.95,Ban Singpotin,น้ำแม่ลาย,ป่าเมี่ยง,ดอยสะเก็ด,เชียงใหม่
2022-01-18,9.66,Ban Sob Soi,แม่น้ำปิง,แม่สอย,จอมทอง,เชียงใหม่
2022-01-18,5.805833333,Ban Sop Mae Sapoot,แม่น้ำแม่ทา,ทาสบเส้า,แม่ทา,ลำพูน
2022-01-18,7.7,Ban Sop Pae,แม่น้ำปิง,สบแปะ,จอมทอง,เชียงใหม่
2022-01-18,5.616666667,Ban Sop Prap,แม่น้ำวัง,สบปราบ,สบปราบ,ลำปาง
2022-01-18,5.78,Ban Sop Tam,น้ำแม่ต่ำ,เกาะคา,เกาะคา,ลำปาง
2022-01-18,4.42875,Ban Sop Win,น้ำแม่วาง,แม่วิน,แม่วาง,เชียงใหม่
2022-01-18,5.9075,Ban Tha Duea,แม่น้ำวัง,พิชัย,เมือง,ลำปาง
2022-01-18,5.74,Ban Tha Lo,น้ำแม่ตุ๋ย,บ่อแฮ้ว,เมือง,ลำปาง
2022-01-18,3.868,Ban Tha Pong Daeng,น้ำปาย,ผาบ่อง,เมือง,แม่ฮ่องสอน
2022-01-18,6.901666667,Ban Thung Nong,แม่น้ำยม,สระ,เชียงม่วน,พะเยา
2022-01-18,4.019166667,Ban Ton Yang,น้ำแม่ลาว,บัวสลี,แม่ลาว,เชียงราย
2022-01-18,13.81458333,Ban Wang Chin,แม่น้ำยม,วังชิ้น,วังชิ้น,แพร่
2022-01-18,4.21,Chedingam,น้ำอิง,ท่าวังทอง,เมือง,พะเยา
2022-01-18,6.80875,In front of the Forestry Office,แม่น้ำน่าน,ในเวียง,เมือง,น่าน
2022-01-18,5.6025,Mae Kham Lak Chet,น้ำแม่คำ,ศรีค้ำ,แม่จัน,เชียงราย
2022-01-18,2.03,Nam Mae Chaem,น้ำแม่แจ่ม,บ้านท่าข้าม,จอมทอง,เชียงใหม่
2022-01-18,5.194583333,Nawarat Bridge,แม่น้ำปิง,วัดเกต,เมือง,เชียงใหม่
2022-01-18,4.455416667,Pracha Uthit Bridge,น้ำแม่กลาง,บ้านหลวง,จอมทอง,เชียงใหม่
2022-01-18,5.7,Romklao Cooperative House,น้ำแม่งัด,แม่แวน,พร้าว,เชียงใหม่
2022-01-18,4.83,Saphan Ban Khay,น้ำฝาง,แม่นาวาง,แม่อาย,เชียงใหม่
2022-01-18,4.720833333,Setuwaree Bridge,แม้น้ำวัง,เวียงเหนือ,เมือง,ลำปาง
2022-01-18,11.3425,Tha Li Bridge,น้ำว้า,ขึ่ง,เวียงสา,น่าน
2022-01-18,7.930833333,Tha Nang Bridge,น้ำแม่กวง,ในเมือง,เมือง,ลำพูน
2022-01-18,3.349583333,Wang Phrao,น้ำแม่จาง,วังพร้าว,เกาะคา,ลำปาง
2022-01-19,2.837083333,Ban Chiang Dao,แม่น้ำปิง,เชียงดาว,เชียงดาว,เชียงใหม่
2022-01-19,3.356666667,Ban Chor Lae,แม่น้ำปิง,ช่อแล,แม่แตง,เชียงใหม่
2022-01-19,4.074166667,Ban Don Chai,แม่น้ำวัง,ล้อมแรด,เถิน,ลำปาง
2022-01-19,7.813333333,Ban Don Mun,แม่น้ำวัง,บ้านแลง,เมือง,ลำปาง
2022-01-19,4.293333333,Ban Don Sali,น้ำแม่ลาว,ป่าแดด,แม่สรวย,เชียงราย
2022-01-19,5.10875,Ban Hai,แม่น้ำวัง,ปงดอน,แจ้ห่ม,ลำปาง
2022-01-19,2.8,Ban Hong,น้ำแม่ออน,ร้องวัวแดง,สันกำแพง,เชียงใหม่
2022-01-19,2.925833333,Ban Hua Sapan,น้ำแม่จัน,ป่าซาง,แม่จัน,เชียงราย
2022-01-19,5.3,Ban Huai Pa Sang,น้ำแม่แตง,กึ๊ดช้าง,แม่แตง,เชียงใหม่
2022-01-19,9.744166667,Ban Huai Sak,แม่น้ำยม,เตาปูน,สอง,แพร่
2022-01-19,6.202916667,Ban Klang,น้ำแม่ขาน,บ้านกลาง,สันป่าตอง,เชียงใหม่
2022-01-19,3.276666667,Ban Ko Kha,แม่น้ำวัง,ศาลา,เกาะคา,ลำปาง
2022-01-19,4.5025,Ban Krariang Tung Phrao,น้ำแม่สรวย,วาวี,แม่สรวย,เชียงราย
2022-01-19,-3.06,Ban Lai Kaeo,น้ำแม่ลี้,ศรีเตี้ย,บ้านโฮ่ง,ลำพูน
2022-01-19,6.67,Ban Luang,น้ำแม่ตื่น,ยางเปียง,อมก๋อย,เชียงใหม่
2022-01-19,3.91375,Ban Luang Nuea,น้ำงาว,หลวงใต้,งาว,ลำปาง
2022-01-19,6.7,Ban Mae E Hi,น้ำแม่ลี้,ศรีวิชัย,ลี้,ลำพูน
2022-01-19,4.94,Ban Mae Kha Bridge,น้ำฝาง,แม่ข่า,ฝาง,เชียงใหม่
2022-01-19,5.24,Ban Mae Khom Mi Tamnak Tham,น้ำแม่คำมี,ตำหนักธรรม,หนองม่วงไข่,แพร่
2022-01-19,5.93,Ban Mae Lai,น้ำแม่หล่าย,แม่หล่าย,เมือง,แพร่
2022-01-19,1.925416667,Ban Mae Tae,แม่น้ำปิง,แม่แฝกเก่า,สันทราย,เชียงใหม่
2022-01-19,2.45,Ban Mae Taeng,แม่น้ำแตง,สันมหาพล,แม่แตง,เชียงใหม่
2022-01-19,3.56,Ban Mae Wan,น้ำแม่กวง,ป่าเมี่ยง,ดอยสะเก็ด,เชียงใหม่
2022-01-19,5.66,Ban Mai Rim Fang,น้ำฝาง,เวียงฝาง,ฝาง,เชียงใหม่
2022-01-19,7.61625,Ban Mang,น้ำปี้,มาง,เชียงม่วน,พะเยา
2022-01-19,5.79,Ban Muang Pok,น้ำแม่แตง,เปียงหลวง,เวียงแหง,เชียงใหม่
2022-01-19,4.407083333,Ban Mueang Kuet,น้ำแม่แตง,กึ๊ดช้าง,แม่แตง,เชียงใหม่
2022-01-19,2.4,Ban Mueang Mai,ห้วยแม่ต๋า,เมืองมาย,แจ้ห่ม,ลำปาง
2022-01-19,4.48625,Ban Mueang Pha,น้ำแม่ริม,ริมเหนือ,แม่ริม,เชียงใหม่
2022-01-19,8.345,Ban Nam Khong,แม่น้ำยม,ป่าแมต,เมือง,แพร่
2022-01-19,5.9225,Ban Nam Yao,น้ำยาว,อวน,ปัว,น่าน
2022-01-19,1.66625,Ban Nong Naw,น้ำแม่สอย,แจ้ห่ม,แจ้ห่ม,ลำปาง
2022-01-19,3.9175,Ban Nong Pham,น้ำแม่ลาว,แม่สรวย,แม่สรวย,เชียงราย
2022-01-19,7.013333333,Ban Pa Kha,น้ำควร,ควร,ปง,พะเยา
2022-01-19,7.98875,Ban Pa Khoi Tai,แม่น้ำปิง,สันผีเสื้อ,เมือง,เชียงใหม่
2022-01-19,4.797916667,Ban Pa Sang,น้ำแม่ทา,ป่าซาง,ป่าซาง,ลำพูน
2022-01-19,5.555833333,Ban Pang Sa,ห้วยน้ำยาว,ผาทอง,ท่าวังผา,น่าน
2022-01-19,10.20791667,Ban Pha Khwang,แม่น้ำน่าน,บ่อ,เมือง,น่าน
2022-01-19,6.530416667,Ban Phai Ngarm,แม่น้ำน่าน,ส้าน,เวียงสา,น่าน
2022-01-19,4.255416667,Ban Phan Ton,น้ำแม่วาง,ทุ่งปี้,แม่วาง,เชียงใหม่
2022-01-19,4.8,Ban Phi Tai,น้ำปี้,บ้านพี้,บ้านหลวง,น่าน
2022-01-19,6.755,Ban Pong,น้ำแม่กวง,บวกค้าง,สันกำแพง,เชียงใหม่
2022-01-19,4.653333333,Ban Pong,ห้วยโป่ง,บ้านโป่ง,งาว,ลำปาง
2022-01-19,4.23,Ban Rong Kho,แม่น้ำวัง,ร่องเคาะ,วังเหนือ,ลำปาง
2022-01-19,4.43,Ban San Pu Loei,น้ำแม่ขอด,โหล่งขอด,พร้าว,เชียงใหม่
2022-01-19,3.95,Ban Singpotin,น้ำแม่ลาย,ป่าเมี่ยง,ดอยสะเก็ด,เชียงใหม่
2022-01-19,9.7,Ban Sob Soi,แม่น้ำปิง,แม่สอย,จอมทอง,เชียงใหม่
2022-01-19,5.781666667,Ban Sop Mae Sapoot,แม่น้ำแม่ทา,ทาสบเส้า,แม่ทา,ลำพูน
2022-01-19,7.75,Ban Sop Pae,แม่น้ำปิง,สบแปะ,จอมทอง,เชียงใหม่
2022-01-19,5.62,Ban Sop Prap,แม่น้ำวัง,สบปราบ,สบปราบ,ลำปาง
2022-01-19,5.85875,Ban Sop Tam,น้ำแม่ต่ำ,เกาะคา,เกาะคา,ลำปาง
2022-01-19,4.412916667,Ban Sop Win,น้ำแม่วาง,แม่วิน,แม่วาง,เชียงใหม่
2022-01-19,6.04,Ban Tha Duea,แม่น้ำวัง,พิชัย,เมือง,ลำปาง
2022-01-19,5.645,Ban Tha Lo,น้ำแม่ตุ๋ย,บ่อแฮ้ว,เมือง,ลำปาง
2022-01-19,3.84,Ban Tha Pong Daeng,น้ำปาย,ผาบ่อง,เมือง,แม่ฮ่องสอน
2022-01-19,6.892916667,Ban Thung Nong,แม่น้ำยม,สระ,เชียงม่วน,พะเยา
2022-01-19,4.058333333,Ban Ton Yang,น้ำแม่ลาว,บัวสลี,แม่ลาว,เชียงราย
2022-01-19,13.82,Ban Wang Chin,แม่น้ำยม,วังชิ้น,วังชิ้น,แพร่
2022-01-19,4.3,Chedingam,น้ำอิง,ท่าวังทอง,เมือง,พะเยา
2022-01-19,6.89875,In front of the Forestry Office,แม่น้ำน่าน,ในเวียง,เมือง,น่าน
2022-01-19,5.582083333,Mae Kham Lak Chet,น้ำแม่คำ,ศรีค้ำ,แม่จัน,เชียงราย
2022-01-19,2.1,Nam Mae Chaem,น้ำแม่แจ่ม,บ้านท่าข้าม,จอมทอง,เชียงใหม่
2022-01-19,5.16875,Nawarat Bridge,แม่น้ำปิง,วัดเกต,เมือง,เชียงใหม่
2022-01-19,4.525416667,Pracha Uthit Bridge,น้ำแม่กลาง,บ้านหลวง,จอมทอง,เชียงใหม่
2022-01-19,5.8,Romklao Cooperative House,น้ำแม่งัด,แม่แวน,พร้าว,เชียงใหม่
2022-01-19,4.9,Saphan Ban Khay,น้ำฝาง,แม่นาวาง,แม่อาย,เชียงใหม่
2022-01-19,4.799166667,Setuwaree Bridge,แม้น้ำวัง,เวียงเหนือ,เมือง,ลำปาง
2022-01-19,11.385,Tha Li Bridge,น้ำว้า,ขึ่ง,เวียงสา,น่าน
2022-01-19,8.155,Tha Nang Bridge,น้ำแม่กวง,ในเมือง,เมือง,ลำพูน
2022-01-19,3.305833333,Wang Phrao,น้ำแม่จาง,วังพร้าว,เกาะคา,ลำปาง
2022-01-20,2.872916667,Ban Chiang Dao,แม่น้ำปิง,เชียงดาว,เชียงดาว,เชียงใหม่
2022-01-20,3.397083333,Ban Chor Lae,แม่น้ำปิง,ช่อแล,แม่แตง,เชียงใหม่
2022-01-20,4.097083333,Ban Don Chai,แม่น้ำวัง,ล้อมแรด,เถิน,ลำปาง
2022-01-20,8.03875,Ban Don Mun,แม่น้ำวัง,บ้านแลง,เมือง,ลำปาง
2022-01-20,4.44,Ban Don Sali,น้ำแม่ลาว,ป่าแดด,แม่สรวย,เชียงราย
2022-01-20,5.1,Ban Hai,แม่น้ำวัง,ปงดอน,แจ้ห่ม,ลำปาง
2022-01-20,2.8,Ban Hong,น้ำแม่ออน,ร้องวัวแดง,สันกำแพง,เชียงใหม่
2022-01-20,2.903333333,Ban Hua Sapan,น้ำแม่จัน,ป่าซาง,แม่จัน,เชียงราย
2022-01-20,5.4,Ban Huai Pa Sang,น้ำแม่แตง,กึ๊ดช้าง,แม่แตง,เชียงใหม่
2022-01-20,9.782916667,Ban Huai Sak,แม่น้ำยม,เตาปูน,สอง,แพร่
2022-01-20,6.264166667,Ban Klang,น้ำแม่ขาน,บ้านกลาง,สันป่าตอง,เชียงใหม่
2022-01-20,-6.603333333,Ban Ko Kha,แม่น้ำวัง,ศาลา,เกาะคา,ลำปาง
2022-01-20,4.52,Ban Krariang Tung Phrao,น้ำแม่สรวย,วาวี,แม่สรวย,เชียงราย
2022-01-20,-3.06,Ban Lai Kaeo,น้ำแม่ลี้,ศรีเตี้ย,บ้านโฮ่ง,ลำพูน
2022-01-20,6.68,Ban Luang,น้ำแม่ตื่น,ยางเปียง,อมก๋อย,เชียงใหม่
2022-01-20,3.926666667,Ban Luang Nuea,น้ำงาว,หลวงใต้,งาว,ลำปาง
2022-01-20,6.748333333,Ban Mae E Hi,น้ำแม่ลี้,ศรีวิชัย,ลี้,ลำพูน
2022-01-20,4.95,Ban Mae Kha Bridge,น้ำฝาง,แม่ข่า,ฝาง,เชียงใหม่
2022-01-20,5.25,Ban Mae Khom Mi Tamnak Tham,น้ำแม่คำมี,ตำหนักธรรม,หนองม่วงไข่,แพร่
2022-01-20,5.93,Ban Mae Lai,น้ำแม่หล่าย,แม่หล่าย,เมือง,แพร่
2022-01-20,2.08125,Ban Mae Tae,แม่น้ำปิง,แม่แฝกเก่า,สันทราย,เชียงใหม่
2022-01-20,2.45,Ban Mae Taeng,แม่น้ำแตง,สันมหาพล,แม่แตง,เชียงใหม่
2022-01-20,3.57,Ban Mae Wan,น้ำแม่กวง,ป่าเมี่ยง,ดอยสะเก็ด,เชียงใหม่
2022-01-20,5.72,Ban Mai Rim Fang,น้ำฝาง,เวียงฝาง,ฝาง,เชียงใหม่
2022-01-20,7.6,Ban Mang,น้ำปี้,มาง,เชียงม่วน,พะเยา
2022-01-20,5.85,Ban Muang Pok,น้ำแม่แตง,เปียงหลวง,เวียงแหง,เชียงใหม่
2022-01-20,4.412916667,Ban Mueang Kuet,น้ำแม่แตง,กึ๊ดช้าง,แม่แตง,เชียงใหม่
2022-01-20,2.423333333,Ban Mueang Mai,ห้วยแม่ต๋า,เมืองมาย,แจ้ห่ม,ลำปาง
2022-01-20,4.52125,Ban Mueang Pha,น้ำแม่ริม,ริมเหนือ,แม่ริม,เชียงใหม่
2022-01-20,8.38375,Ban Nam Khong,แม่น้ำยม,ป่าแมต,เมือง,แพร่
2022-01-20,5.992916667,Ban Nam Yao,น้ำยาว,อวน,ปัว,น่าน
2022-01-20,1.688333333,Ban Nong Naw,น้ำแม่สอย,แจ้ห่ม,แจ้ห่ม,ลำปาง
2022-01-20,3.864166667,Ban Nong Pham,น้ำแม่ลาว,แม่สรวย,แม่สรวย,เชียงราย
2022-01-20,7.09,Ban Pa Kha,น้ำควร,ควร,ปง,พะเยา
2022-01-20,7.98,Ban Pa Khoi Tai,แม่น้ำปิง,สันผีเสื้อ,เมือง,เชียงใหม่
2022-01-20,4.8,Ban Pa Sang,น้ำแม่ทา,ป่าซาง,ป่าซาง,ลำพูน
2022-01-20,5.60625,Ban Pang Sa,ห้วยน้ำยาว,ผาทอง,ท่าวังผา,น่าน
2022-01-20,10.29666667,Ban Pha Khwang,แม่น้ำน่าน,บ่อ,เมือง,น่าน
2022-01-20,6.56,Ban Phai Ngarm,แม่น้ำน่าน,ส้าน,เวียงสา,น่าน
2022-01-20,4.309583333,Ban Phan Ton,น้ำแม่วาง,ทุ่งปี้,แม่วาง,เชียงใหม่
2022-01-20,4.8,Ban Phi Tai,น้ำปี้,บ้านพี้,บ้านหลวง,น่าน
2022-01-20,6.820833333,Ban Pong,น้ำแม่กวง,บวกค้าง,สันกำแพง,เชียงใหม่
2022-01-20,4.653333333,Ban Pong,ห้วยโป่ง,บ้านโป่ง,งาว,ลำปาง
2022-01-20,4.333333333,Ban Rong Kho,แม่น้ำวัง,ร่องเคาะ,วังเหนือ,ลำปาง
2022-01-20,4.05,Ban Singpotin,น้ำแม่ลาย,ป่าเมี่ยง,ดอยสะเก็ด,เชียงใหม่
2022-01-20,9.68,Ban Sob Soi,แม่น้ำปิง,แม่สอย,จอมทอง,เชียงใหม่
2022-01-20,5.78,Ban Sop Mae Sapoot,แม่น้ำแม่ทา,ทาสบเส้า,แม่ทา,ลำพูน
2022-01-20,7.85,Ban Sop Pae,แม่น้ำปิง,สบแปะ,จอมทอง,เชียงใหม่
2022-01-20,5.62,Ban Sop Prap,แม่น้ำวัง,สบปราบ,สบปราบ,ลำปาง
2022-01-20,5.85,Ban Sop Tam,น้ำแม่ต่ำ,เกาะคา,เกาะคา,ลำปาง
2022-01-20,4.43,Ban Sop Win,น้ำแม่วาง,แม่วิน,แม่วาง,เชียงใหม่
2022-01-20,6.1975,Ban Tha Duea,แม่น้ำวัง,พิชัย,เมือง,ลำปาง
2022-01-20,5.61,Ban Tha Lo,น้ำแม่ตุ๋ย,บ่อแฮ้ว,เมือง,ลำปาง
2022-01-20,3.83,Ban Tha Pong Daeng,น้ำปาย,ผาบ่อง,เมือง,แม่ฮ่องสอน
2022-01-20,7.06125,Ban Thung Nong,แม่น้ำยม,สระ,เชียงม่วน,พะเยา
2022-01-20,4.180416667,Ban Ton Yang,น้ำแม่ลาว,บัวสลี,แม่ลาว,เชียงราย
2022-01-20,13.82958333,Ban Wang Chin,แม่น้ำยม,วังชิ้น,วังชิ้น,แพร่
2022-01-20,4.583333333,Chedingam,น้ำอิง,ท่าวังทอง,เมือง,พะเยา
2022-01-20,6.915416667,In front of the Forestry Office,แม่น้ำน่าน,ในเวียง,เมือง,น่าน
2022-01-20,5.58,Mae Kham Lak Chet,น้ำแม่คำ,ศรีค้ำ,แม่จัน,เชียงราย
2022-01-20,2.1,Nam Mae Chaem,น้ำแม่แจ่ม,บ้านท่าข้าม,จอมทอง,เชียงใหม่
2022-01-20,5.22125,Nawarat Bridge,แม่น้ำปิง,วัดเกต,เมือง,เชียงใหม่
2022-01-20,4.435,Pracha Uthit Bridge,น้ำแม่กลาง,บ้านหลวง,จอมทอง,เชียงใหม่
2022-01-20,5.8,Romklao Cooperative House,น้ำแม่งัด,แม่แวน,พร้าว,เชียงใหม่
2022-01-20,4.84,Saphan Ban Khay,น้ำฝาง,แม่นาวาง,แม่อาย,เชียงใหม่
2022-01-20,4.87625,Setuwaree Bridge,แม้น้ำวัง,เวียงเหนือ,เมือง,ลำปาง
2022-01-20,11.4,Tha Li Bridge,น้ำว้า,ขึ่ง,เวียงสา,น่าน
2022-01-20,8.08,Tha Nang Bridge,น้ำแม่กวง,ในเมือง,เมือง,ลำพูน
2022-01-20,3.317083333,Wang Phrao,น้ำแม่จาง,วังพร้าว,เกาะคา,ลำปาง
2022-01-21,2.850833333,Ban Chiang Dao,แม่น้ำปิง,เชียงดาว,เชียงดาว,เชียงใหม่
2022-01-21,3.359583333,Ban Chor Lae,แม่น้ำปิง,ช่อแล,แม่แตง,เชียงใหม่
2022-01-21,4.095833333,Ban Don Chai,แม่น้ำวัง,ล้อมแรด,เถิน,ลำปาง
2022-01-21,8.3175,Ban Don Mun,แม่น้ำวัง,บ้านแลง,เมือง,ลำปาง
2022-01-21,4.403333333,Ban Don Sali,น้ำแม่ลาว,ป่าแดด,แม่สรวย,เชียงราย
2022-01-21,5.1,Ban Hai,แม่น้ำวัง,ปงดอน,แจ้ห่ม,ลำปาง
2022-01-21,2.8,Ban Hong,น้ำแม่ออน,ร้องวัวแดง,สันกำแพง,เชียงใหม่
2022-01-21,2.882083333,Ban Hua Sapan,น้ำแม่จัน,ป่าซาง,แม่จัน,เชียงราย
2022-01-21,5.4,Ban Huai Pa Sang,น้ำแม่แตง,กึ๊ดช้าง,แม่แตง,เชียงใหม่
2022-01-21,9.914166667,Ban Huai Sak,แม่น้ำยม,เตาปูน,สอง,แพร่
2022-01-21,6.290833333,Ban Klang,น้ำแม่ขาน,บ้านกลาง,สันป่าตอง,เชียงใหม่
2022-01-21,3.316666667,Ban Ko Kha,แม่น้ำวัง,ศาลา,เกาะคา,ลำปาง
2022-01-21,4.50125,Ban Krariang Tung Phrao,น้ำแม่สรวย,วาวี,แม่สรวย,เชียงราย
2022-01-21,-3.06,Ban Lai Kaeo,น้ำแม่ลี้,ศรีเตี้ย,บ้านโฮ่ง,ลำพูน
2022-01-21,6.69,Ban Luang,น้ำแม่ตื่น,ยางเปียง,อมก๋อย,เชียงใหม่
2022-01-21,3.93125,Ban Luang Nuea,น้ำงาว,หลวงใต้,งาว,ลำปาง
2022-01-21,6.78875,Ban Mae E Hi,น้ำแม่ลี้,ศรีวิชัย,ลี้,ลำพูน
2022-01-21,4.95,Ban Mae Kha Bridge,น้ำฝาง,แม่ข่า,ฝาง,เชียงใหม่
2022-01-21,5.26,Ban Mae Khom Mi Tamnak Tham,น้ำแม่คำมี,ตำหนักธรรม,หนองม่วงไข่,แพร่
2022-01-21,5.93,Ban Mae Lai,น้ำแม่หล่าย,แม่หล่าย,เมือง,แพร่
2022-01-21,2.002916667,Ban Mae Tae,แม่น้ำปิง,แม่แฝกเก่า,สันทราย,เชียงใหม่
2022-01-21,2.48,Ban Mae Taeng,แม่น้ำแตง,สันมหาพล,แม่แตง,เชียงใหม่
2022-01-21,3.58,Ban Mae Wan,น้ำแม่กวง,ป่าเมี่ยง,ดอยสะเก็ด,เชียงใหม่
2022-01-21,5.84,Ban Mai Rim Fang,น้ำฝาง,เวียงฝาง,ฝาง,เชียงใหม่
2022-01-21,7.607916667,Ban Mang,น้ำปี้,มาง,เชียงม่วน,พะเยา
2022-01-21,5.76,Ban Muang Pok,น้ำแม่แตง,เปียงหลวง,เวียงแหง,เชียงใหม่
2022-01-21,4.42375,Ban Mueang Kuet,น้ำแม่แตง,กึ๊ดช้าง,แม่แตง,เชียงใหม่
2022-01-21,2.44,Ban Mueang Mai,ห้วยแม่ต๋า,เมืองมาย,แจ้ห่ม,ลำปาง
2022-01-21,4.602916667,Ban Mueang Pha,น้ำแม่ริม,ริมเหนือ,แม่ริม,เชียงใหม่
2022-01-21,8.387083333,Ban Nam Khong,แม่น้ำยม,ป่าแมต,เมือง,แพร่
2022-01-21,6.003333333,Ban Nam Yao,น้ำยาว,อวน,ปัว,น่าน
2022-01-21,1.704583333,Ban Nong Naw,น้ำแม่สอย,แจ้ห่ม,แจ้ห่ม,ลำปาง
2022-01-21,3.854583333,Ban Nong Pham,น้ำแม่ลาว,แม่สรวย,แม่สรวย,เชียงราย
2022-01-21,7.083333333,Ban Pa Kha,น้ำควร,ควร,ปง,พะเยา
2022-01-21,8.03375,Ban Pa Khoi Tai,แม่น้ำปิง,สันผีเสื้อ,เมือง,เชียงใหม่
2022-01-21,4.8,Ban Pa Sang,น้ำแม่ทา,ป่าซาง,ป่าซาง,ลำพูน
2022-01-21,5.63375,Ban Pang Sa,ห้วยน้ำยาว,ผาทอง,ท่าวังผา,น่าน
2022-01-21,10.32083333,Ban Pha Khwang,แม่น้ำน่าน,บ่อ,เมือง,น่าน
2022-01-21,6.58375,Ban Phai Ngarm,แม่น้ำน่าน,ส้าน,เวียงสา,น่าน
2022-01-21,4.26375,Ban Phan Ton,น้ำแม่วาง,ทุ่งปี้,แม่วาง,เชียงใหม่
2022-01-21,4.8,Ban Phi Tai,น้ำปี้,บ้านพี้,บ้านหลวง,น่าน
2022-01-21,6.941666667,Ban Pong,น้ำแม่กวง,บวกค้าง,สันกำแพง,เชียงใหม่
2022-01-21,4.673333333,Ban Pong,ห้วยโป่ง,บ้านโป่ง,งาว,ลำปาง
2022-01-21,4.263333333,Ban Rong Kho,แม่น้ำวัง,ร่องเคาะ,วังเหนือ,ลำปาง
2022-01-21,3.3,Ban Saluang Nok,น้ำแม่ริม,สลวง,แม่ริม,เชียงใหม่
2022-01-21,4.5,Ban San Pu Loei,น้ำแม่ขอด,โหล่งขอด,พร้าว,เชียงใหม่
2022-01-21,4.05,Ban Singpotin,น้ำแม่ลาย,ป่าเมี่ยง,ดอยสะเก็ด,เชียงใหม่
2022-01-21,9.66,Ban Sob Soi,แม่น้ำปิง,แม่สอย,จอมทอง,เชียงใหม่
2022-01-21,5.837916667,Ban Sop Mae Sapoot,แม่น้ำแม่ทา,ทาสบเส้า,แม่ทา,ลำพูน
2022-01-21,7.85,Ban Sop Pae,แม่น้ำปิง,สบแปะ,จอมทอง,เชียงใหม่
2022-01-21,5.666666667,Ban Sop Prap,แม่น้ำวัง,สบปราบ,สบปราบ,ลำปาง
2022-01-21,5.85,Ban Sop Tam,น้ำแม่ต่ำ,เกาะคา,เกาะคา,ลำปาง
2022-01-21,4.43,Ban Sop Win,น้ำแม่วาง,แม่วิน,แม่วาง,เชียงใหม่
2022-01-21,6.186666667,Ban Tha Duea,แม่น้ำวัง,พิชัย,เมือง,ลำปาง
2022-01-21,5.623333333,Ban Tha Lo,น้ำแม่ตุ๋ย,บ่อแฮ้ว,เมือง,ลำปาง
2022-01-21,3.82,Ban Tha Pong Daeng,น้ำปาย,ผาบ่อง,เมือง,แม่ฮ่องสอน
2022-01-21,7.085,Ban Thung Nong,แม่น้ำยม,สระ,เชียงม่วน,พะเยา
2022-01-21,4.257083333,Ban Ton Yang,น้ำแม่ลาว,บัวสลี,แม่ลาว,เชียงราย
2022-01-21,13.87541667,Ban Wang Chin,แม่น้ำยม,วังชิ้น,วังชิ้น,แพร่
2022-01-21,4.6325,Chedingam,น้ำอิง,ท่าวังทอง,เมือง,พะเยา
2022-01-21,6.959583333,In front of the Forestry Office,แม่น้ำน่าน,ในเวียง,เมือง,น่าน
2022-01-21,5.57,Mae Kham Lak Chet,น้ำแม่คำ,ศรีค้ำ,แม่จัน,เชียงราย
2022-01-21,2.1,Nam Mae Chaem,น้ำแม่แจ่ม,บ้านท่าข้าม,จอมทอง,เชียงใหม่
2022-01-21,5.247083333,Nawarat Bridge,แม่น้ำปิง,วัดเกต,เมือง,เชียงใหม่
2022-01-21,4.43,Pracha Uthit Bridge,น้ำแม่กลาง,บ้านหลวง,จอมทอง,เชียงใหม่
2022-01-21,5.8,Romklao Cooperative House,น้ำแม่งัด,แม่แวน,พร้าว,เชียงใหม่
2022-01-21,4.88,Saphan Ban Khay,น้ำฝาง,แม่นาวาง,แม่อาย,เชียงใหม่
2022-01-21,4.979583333,Setuwaree Bridge,แม้น้ำวัง,เวียงเหนือ,เมือง,ลำปาง
2022-01-21,11.40958333,Tha Li Bridge,น้ำว้า,ขึ่ง,เวียงสา,น่าน
2022-01-21,8.59,Tha Nang Bridge,น้ำแม่กวง,ในเมือง,เมือง,ลำพูน
2022-01-21,3.342916667,Wang Phrao,น้ำแม่จาง,วังพร้าว,เกาะคา,ลำปาง
2022-01-22,2.85,Ban Chiang Dao,แม่น้ำปิง,เชียงดาว,เชียงดาว,เชียงใหม่
2022-01-22,3.320833333,Ban Chor Lae,แม่น้ำปิง,ช่อแล,แม่แตง,เชียงใหม่
2022-01-22,4.122083333,Ban Don Chai,แม่น้ำวัง,ล้อมแรด,เถิน,ลำปาง
2022-01-22,8.089375,Ban Don Mun,แม่น้ำวัง,บ้านแลง,เมือง,ลำปาง
2022-01-22,4.356666667,Ban Don Sali,น้ำแม่ลาว,ป่าแดด,แม่สรวย,เชียงราย
2022-01-22,5.0875,Ban Hai,แม่น้ำวัง,ปงดอน,แจ้ห่ม,ลำปาง
2022-01-22,2.8,Ban Hong,น้ำแม่ออน,ร้องวัวแดง,สันกำแพง,เชียงใหม่
2022-01-22,2.862083333,Ban Hua Sapan,น้ำแม่จัน,ป่าซาง,แม่จัน,เชียงราย
2022-01-22,5.34,Ban Huai Pa Sang,น้ำแม่แตง,กึ๊ดช้าง,แม่แตง,เชียงใหม่
2022-01-22,9.9925,Ban Huai Sak,แม่น้ำยม,เตาปูน,สอง,แพร่
2022-01-22,6.269583333,Ban Klang,น้ำแม่ขาน,บ้านกลาง,สันป่าตอง,เชียงใหม่
2022-01-22,3.25,Ban Ko Kha,แม่น้ำวัง,ศาลา,เกาะคา,ลำปาง
2022-01-22,4.5,Ban Krariang Tung Phrao,น้ำแม่สรวย,วาวี,แม่สรวย,เชียงราย
2022-01-22,-3.06,Ban Lai Kaeo,น้ำแม่ลี้,ศรีเตี้ย,บ้านโฮ่ง,ลำพูน
2022-01-22,6.66,Ban Luang,น้ำแม่ตื่น,ยางเปียง,อมก๋อย,เชียงใหม่
2022-01-22,3.91625,Ban Luang Nuea,น้ำงาว,หลวงใต้,งาว,ลำปาง
2022-01-22,6.725833333,Ban Mae E Hi,น้ำแม่ลี้,ศรีวิชัย,ลี้,ลำพูน
2022-01-22,4.9,Ban Mae Kha Bridge,น้ำฝาง,แม่ข่า,ฝาง,เชียงใหม่
2022-01-22,5.32,Ban Mae Khom Mi Tamnak Tham,น้ำแม่คำมี,ตำหนักธรรม,หนองม่วงไข่,แพร่
2022-01-22,5.93875,Ban Mae Lai,น้ำแม่หล่าย,แม่หล่าย,เมือง,แพร่
2022-01-22,1.94,Ban Mae Tae,แม่น้ำปิง,แม่แฝกเก่า,สันทราย,เชียงใหม่
2022-01-22,2.47,Ban Mae Taeng,แม่น้ำแตง,สันมหาพล,แม่แตง,เชียงใหม่
2022-01-22,3.56,Ban Mae Wan,น้ำแม่กวง,ป่าเมี่ยง,ดอยสะเก็ด,เชียงใหม่
2022-01-22,5.58,Ban Mai Rim Fang,น้ำฝาง,เวียงฝาง,ฝาง,เชียงใหม่
2022-01-22,7.61,Ban Mang,น้ำปี้,มาง,เชียงม่วน,พะเยา
2022-01-22,5.74,Ban Muang Pok,น้ำแม่แตง,เปียงหลวง,เวียงแหง,เชียงใหม่
2022-01-22,4.409583333,Ban Mueang Kuet,น้ำแม่แตง,กึ๊ดช้าง,แม่แตง,เชียงใหม่
2022-01-22,2.44,Ban Mueang Mai,ห้วยแม่ต๋า,เมืองมาย,แจ้ห่ม,ลำปาง
2022-01-22,4.584166667,Ban Mueang Pha,น้ำแม่ริม,ริมเหนือ,แม่ริม,เชียงใหม่
2022-01-22,8.391666667,Ban Nam Khong,แม่น้ำยม,ป่าแมต,เมือง,แพร่
2022-01-22,5.9525,Ban Nam Yao,น้ำยาว,อวน,ปัว,น่าน
2022-01-22,1.712083333,Ban Nong Naw,น้ำแม่สอย,แจ้ห่ม,แจ้ห่ม,ลำปาง
2022-01-22,3.82,Ban Nong Pham,น้ำแม่ลาว,แม่สรวย,แม่สรวย,เชียงราย
2022-01-22,7.076666667,Ban Pa Kha,น้ำควร,ควร,ปง,พะเยา
2022-01-22,7.99875,Ban Pa Khoi Tai,แม่น้ำปิง,สันผีเสื้อ,เมือง,เชียงใหม่
2022-01-22,4.8,Ban Pa Sang,น้ำแม่ทา,ป่าซาง,ป่าซาง,ลำพูน
2022-01-22,5.599166667,Ban Pang Sa,ห้วยน้ำยาว,ผาทอง,ท่าวังผา,น่าน
2022-01-22,10.36291667,Ban Pha Khwang,แม่น้ำน่าน,บ่อ,เมือง,น่าน
2022-01-22,6.633333333,Ban Phai Ngarm,แม่น้ำน่าน,ส้าน,เวียงสา,น่าน
2022-01-22,4.201666667,Ban Phan Ton,น้ำแม่วาง,ทุ่งปี้,แม่วาง,เชียงใหม่
2022-01-22,4.8,Ban Phi Tai,น้ำปี้,บ้านพี้,บ้านหลวง,น่าน
2022-01-22,6.9475,Ban Pong,น้ำแม่กวง,บวกค้าง,สันกำแพง,เชียงใหม่
2022-01-22,4.676666667,Ban Pong,ห้วยโป่ง,บ้านโป่ง,งาว,ลำปาง
2022-01-22,4.356666667,Ban Rong Kho,แม่น้ำวัง,ร่องเคาะ,วังเหนือ,ลำปาง
2022-01-22,3.3,Ban Saluang Nok,น้ำแม่ริม,สลวง,แม่ริม,เชียงใหม่
2022-01-22,4.49,Ban San Pu Loei,น้ำแม่ขอด,โหล่งขอด,พร้าว,เชียงใหม่
2022-01-22,4.08,Ban Singpotin,น้ำแม่ลาย,ป่าเมี่ยง,ดอยสะเก็ด,เชียงใหม่
2022-01-22,9.62,Ban Sob Soi,แม่น้ำปิง,แม่สอย,จอมทอง,เชียงใหม่
2022-01-22,5.80375,Ban Sop Mae Sapoot,แม่น้ำแม่ทา,ทาสบเส้า,แม่ทา,ลำพูน
2022-01-22,7.9,Ban Sop Pae,แม่น้ำปิง,สบแปะ,จอมทอง,เชียงใหม่
2022-01-22,5.656666667,Ban Sop Prap,แม่น้ำวัง,สบปราบ,สบปราบ,ลำปาง
2022-01-22,5.873333333,Ban Sop Tam,น้ำแม่ต่ำ,เกาะคา,เกาะคา,ลำปาง
2022-01-22,4.43,Ban Sop Win,น้ำแม่วาง,แม่วิน,แม่วาง,เชียงใหม่
2022-01-22,6.013333333,Ban Tha Duea,แม่น้ำวัง,พิชัย,เมือง,ลำปาง
2022-01-22,5.77,Ban Tha Lo,น้ำแม่ตุ๋ย,บ่อแฮ้ว,เมือง,ลำปาง
2022-01-22,3.82,Ban Tha Pong Daeng,น้ำปาย,ผาบ่อง,เมือง,แม่ฮ่องสอน
2022-01-22,7.0125,Ban Thung Nong,แม่น้ำยม,สระ,เชียงม่วน,พะเยา
2022-01-22,4.177083333,Ban Ton Yang,น้ำแม่ลาว,บัวสลี,แม่ลาว,เชียงราย
2022-01-22,13.9,Ban Wang Chin,แม่น้ำยม,วังชิ้น,วังชิ้น,แพร่
2022-01-22,4.553333333,Chedingam,น้ำอิง,ท่าวังทอง,เมือง,พะเยา
2022-01-22,6.98125,In front of the Forestry Office,แม่น้ำน่าน,ในเวียง,เมือง,น่าน
2022-01-22,5.56,Mae Kham Lak Chet,น้ำแม่คำ,ศรีค้ำ,แม่จัน,เชียงราย
2022-01-22,2.04,Nam Mae Chaem,น้ำแม่แจ่ม,บ้านท่าข้าม,จอมทอง,เชียงใหม่
2022-01-22,5.22625,Nawarat Bridge,แม่น้ำปิง,วัดเกต,เมือง,เชียงใหม่
2022-01-22,4.43,Pracha Uthit Bridge,น้ำแม่กลาง,บ้านหลวง,จอมทอง,เชียงใหม่
2022-01-22,5.7,Romklao Cooperative House,น้ำแม่งัด,แม่แวน,พร้าว,เชียงใหม่
2022-01-22,4.71,Saphan Ban Khay,น้ำฝาง,แม่นาวาง,แม่อาย,เชียงใหม่
2022-01-22,5.394166667,Setuwaree Bridge,แม้น้ำวัง,เวียงเหนือ,เมือง,ลำปาง
2022-01-22,11.41,Tha Li Bridge,น้ำว้า,ขึ่ง,เวียงสา,น่าน
2022-01-22,8.687916667,Tha Nang Bridge,น้ำแม่กวง,ในเมือง,เมือง,ลำพูน
2022-01-22,3.327916667,Wang Phrao,น้ำแม่จาง,วังพร้าว,เกาะคา,ลำปาง
2022-01-23,2.845416667,Ban Chiang Dao,แม่น้ำปิง,เชียงดาว,เชียงดาว,เชียงใหม่
2022-01-23,3.2975,Ban Chor Lae,แม่น้ำปิง,ช่อแล,แม่แตง,เชียงใหม่
2022-01-23,4.12,Ban Don Chai,แม่น้ำวัง,ล้อมแรด,เถิน,ลำปาง
2022-01-23,8.086666667,Ban Don Mun,แม่น้ำวัง,บ้านแลง,เมือง,ลำปาง
2022-01-23,4.256666667,Ban Don Sali,น้ำแม่ลาว,ป่าแดด,แม่สรวย,เชียงราย
2022-01-23,5.08,Ban Hai,แม่น้ำวัง,ปงดอน,แจ้ห่ม,ลำปาง
2022-01-23,2.8,Ban Hong,น้ำแม่ออน,ร้องวัวแดง,สันกำแพง,เชียงใหม่
2022-01-23,2.85,Ban Hua Sapan,น้ำแม่จัน,ป่าซาง,แม่จัน,เชียงราย
2022-01-23,5.3,Ban Huai Pa Sang,น้ำแม่แตง,กึ๊ดช้าง,แม่แตง,เชียงใหม่
2022-01-23,9.928333333,Ban Huai Sak,แม่น้ำยม,เตาปูน,สอง,แพร่
2022-01-23,6.251666667,Ban Klang,น้ำแม่ขาน,บ้านกลาง,สันป่าตอง,เชียงใหม่
2022-01-23,3.273333333,Ban Ko Kha,แม่น้ำวัง,ศาลา,เกาะคา,ลำปาง
2022-01-23,4.5,Ban Krariang Tung Phrao,น้ำแม่สรวย,วาวี,แม่สรวย,เชียงราย
2022-01-23,-3.06,Ban Lai Kaeo,น้ำแม่ลี้,ศรีเตี้ย,บ้านโฮ่ง,ลำพูน
2022-01-23,6.63,Ban Luang,น้ำแม่ตื่น,ยางเปียง,อมก๋อย,เชียงใหม่
2022-01-23,3.914583333,Ban Luang Nuea,น้ำงาว,หลวงใต้,งาว,ลำปาง
2022-01-23,6.8175,Ban Mae E Hi,น้ำแม่ลี้,ศรีวิชัย,ลี้,ลำพูน
2022-01-23,4.88,Ban Mae Kha Bridge,น้ำฝาง,แม่ข่า,ฝาง,เชียงใหม่
2022-01-23,5.32,Ban Mae Khom Mi Tamnak Tham,น้ำแม่คำมี,ตำหนักธรรม,หนองม่วงไข่,แพร่
2022-01-23,5.94,Ban Mae Lai,น้ำแม่หล่าย,แม่หล่าย,เมือง,แพร่
2022-01-23,1.836666667,Ban Mae Tae,แม่น้ำปิง,แม่แฝกเก่า,สันทราย,เชียงใหม่
2022-01-23,2.45,Ban Mae Taeng,แม่น้ำแตง,สันมหาพล,แม่แตง,เชียงใหม่
2022-01-23,3.56,Ban Mae Wan,น้ำแม่กวง,ป่าเมี่ยง,ดอยสะเก็ด,เชียงใหม่
2022-01-23,5.5,Ban Mai Rim Fang,น้ำฝาง,เวียงฝาง,ฝาง,เชียงใหม่
2022-01-23,7.597083333,Ban Mang,น้ำปี้,มาง,เชียงม่วน,พะเยา
2022-01-23,5.72,Ban Muang Pok,น้ำแม่แตง,เปียงหลวง,เวียงแหง,เชียงใหม่
2022-01-23,4.3825,Ban Mueang Kuet,น้ำแม่แตง,กึ๊ดช้าง,แม่แตง,เชียงใหม่
2022-01-23,2.44,Ban Mueang Mai,ห้วยแม่ต๋า,เมืองมาย,แจ้ห่ม,ลำปาง
2022-01-23,4.53375,Ban Mueang Pha,น้ำแม่ริม,ริมเหนือ,แม่ริม,เชียงใหม่
2022-01-23,8.427916667,Ban Nam Khong,แม่น้ำยม,ป่าแมต,เมือง,แพร่
2022-01-23,5.939166667,Ban Nam Yao,น้ำยาว,อวน,ปัว,น่าน
2022-01-23,1.668333333,Ban Nong Naw,น้ำแม่สอย,แจ้ห่ม,แจ้ห่ม,ลำปาง
2022-01-23,3.76125,Ban Nong Pham,น้ำแม่ลาว,แม่สรวย,แม่สรวย,เชียงราย
2022-01-23,7.066666667,Ban Pa Kha,น้ำควร,ควร,ปง,พะเยา
2022-01-23,7.94375,Ban Pa Khoi Tai,แม่น้ำปิง,สันผีเสื้อ,เมือง,เชียงใหม่
2022-01-23,4.8,Ban Pa Sang,น้ำแม่ทา,ป่าซาง,ป่าซาง,ลำพูน
2022-01-23,5.576666667,Ban Pang Sa,ห้วยน้ำยาว,ผาทอง,ท่าวังผา,น่าน
2022-01-23,10.33833333,Ban Pha Khwang,แม่น้ำน่าน,บ่อ,เมือง,น่าน
2022-01-23,6.60125,Ban Phai Ngarm,แม่น้ำน่าน,ส้าน,เวียงสา,น่าน
2022-01-23,4.21125,Ban Phan Ton,น้ำแม่วาง,ทุ่งปี้,แม่วาง,เชียงใหม่
2022-01-23,4.8,Ban Phi Tai,น้ำปี้,บ้านพี้,บ้านหลวง,น่าน
2022-01-23,6.895,Ban Pong,น้ำแม่กวง,บวกค้าง,สันกำแพง,เชียงใหม่
2022-01-23,4.673333333,Ban Pong,ห้วยโป่ง,บ้านโป่ง,งาว,ลำปาง
2022-01-23,4.27,Ban Rong Kho,แม่น้ำวัง,ร่องเคาะ,วังเหนือ,ลำปาง
2022-01-23,3.15,Ban Saluang Nok,น้ำแม่ริม,สลวง,แม่ริม,เชียงใหม่
2022-01-23,4.45,Ban San Pu Loei,น้ำแม่ขอด,โหล่งขอด,พร้าว,เชียงใหม่
2022-01-23,4.05,Ban Singpotin,น้ำแม่ลาย,ป่าเมี่ยง,ดอยสะเก็ด,เชียงใหม่
2022-01-23,9.66,Ban Sob Soi,แม่น้ำปิง,แม่สอย,จอมทอง,เชียงใหม่
2022-01-23,5.8,Ban Sop Mae Sapoot,แม่น้ำแม่ทา,ทาสบเส้า,แม่ทา,ลำพูน
2022-01-23,7.85,Ban Sop Pae,แม่น้ำปิง,สบแปะ,จอมทอง,เชียงใหม่
2022-01-23,5.646666667,Ban Sop Prap,แม่น้ำวัง,สบปราบ,สบปราบ,ลำปาง
2022-01-23,5.95,Ban Sop Tam,น้ำแม่ต่ำ,เกาะคา,เกาะคา,ลำปาง
2022-01-23,4.43,Ban Sop Win,น้ำแม่วาง,แม่วิน,แม่วาง,เชียงใหม่
2022-01-23,5.84,Ban Tha Duea,แม่น้ำวัง,พิชัย,เมือง,ลำปาง
2022-01-23,5.823333333,Ban Tha Lo,น้ำแม่ตุ๋ย,บ่อแฮ้ว,เมือง,ลำปาง
2022-01-23,3.81,Ban Tha Pong Daeng,น้ำปาย,ผาบ่อง,เมือง,แม่ฮ่องสอน
2022-01-23,6.960416667,Ban Thung Nong,แม่น้ำยม,สระ,เชียงม่วน,พะเยา
2022-01-23,4.11125,Ban Ton Yang,น้ำแม่ลาว,บัวสลี,แม่ลาว,เชียงราย
2022-01-23,13.9,Ban Wang Chin,แม่น้ำยม,วังชิ้น,วังชิ้น,แพร่
2022-01-23,4.733333333,Chedingam,น้ำอิง,ท่าวังทอง,เมือง,พะเยา
2022-01-23,6.940833333,In front of the Forestry Office,แม่น้ำน่าน,ในเวียง,เมือง,น่าน
2022-01-23,5.545,Mae Kham Lak Chet,น้ำแม่คำ,ศรีค้ำ,แม่จัน,เชียงราย
2022-01-23,2.04,Nam Mae Chaem,น้ำแม่แจ่ม,บ้านท่าข้าม,จอมทอง,เชียงใหม่
2022-01-23,5.2,Nawarat Bridge,แม่น้ำปิง,วัดเกต,เมือง,เชียงใหม่
2022-01-23,4.43,Pracha Uthit Bridge,น้ำแม่กลาง,บ้านหลวง,จอมทอง,เชียงใหม่
2022-01-23,5.7,Romklao Cooperative House,น้ำแม่งัด,แม่แวน,พร้าว,เชียงใหม่
2022-01-23,4.59,Saphan Ban Khay,น้ำฝาง,แม่นาวาง,แม่อาย,เชียงใหม่
2022-01-23,5.409583333,Setuwaree Bridge,แม้น้ำวัง,เวียงเหนือ,เมือง,ลำปาง
2022-01-23,11.40625,Tha Li Bridge,น้ำว้า,ขึ่ง,เวียงสา,น่าน
2022-01-23,8.697083333,Tha Nang Bridge,น้ำแม่กวง,ในเมือง,เมือง,ลำพูน
2022-01-23,3.315416667,Wang Phrao,น้ำแม่จาง,วังพร้าว,เกาะคา,ลำปาง
2022-01-24,2.838333333,Ban Chiang Dao,แม่น้ำปิง,เชียงดาว,เชียงดาว,เชียงใหม่
2022-01-24,3.286666667,Ban Chor Lae,แม่น้ำปิง,ช่อแล,แม่แตง,เชียงใหม่
2022-01-24,4.102916667,Ban Don Chai,แม่น้ำวัง,ล้อมแรด,เถิน,ลำปาง
2022-01-24,8.086458333,Ban Don Mun,แม่น้ำวัง,บ้านแลง,เมือง,ลำปาง
2022-01-24,4.153333333,Ban Don Sali,น้ำแม่ลาว,ป่าแดด,แม่สรวย,เชียงราย
2022-01-24,5.08,Ban Hai,แม่น้ำวัง,ปงดอน,แจ้ห่ม,ลำปาง
2022-01-24,2.8,Ban Hong,น้ำแม่ออน,ร้องวัวแดง,สันกำแพง,เชียงใหม่
2022-01-24,2.84,Ban Hua Sapan,น้ำแม่จัน,ป่าซาง,แม่จัน,เชียงราย
2022-01-24,5.3,Ban Huai Pa Sang,น้ำแม่แตง,กึ๊ดช้าง,แม่แตง,เชียงใหม่
2022-01-24,9.879166667,Ban Huai Sak,แม่น้ำยม,เตาปูน,สอง,แพร่
2022-01-24,6.171666667,Ban Klang,น้ำแม่ขาน,บ้านกลาง,สันป่าตอง,เชียงใหม่
2022-01-24,3.256666667,Ban Ko Kha,แม่น้ำวัง,ศาลา,เกาะคา,ลำปาง
2022-01-24,4.5,Ban Krariang Tung Phrao,น้ำแม่สรวย,วาวี,แม่สรวย,เชียงราย
2022-01-24,-3.059166667,Ban Lai Kaeo,น้ำแม่ลี้,ศรีเตี้ย,บ้านโฮ่ง,ลำพูน
2022-01-24,6.63,Ban Luang,น้ำแม่ตื่น,ยางเปียง,อมก๋อย,เชียงใหม่
2022-01-24,3.915833333,Ban Luang Nuea,น้ำงาว,หลวงใต้,งาว,ลำปาง
2022-01-24,6.82,Ban Mae E Hi,น้ำแม่ลี้,ศรีวิชัย,ลี้,ลำพูน
2022-01-24,4.87,Ban Mae Kha Bridge,น้ำฝาง,แม่ข่า,ฝาง,เชียงใหม่
2022-01-24,5.32,Ban Mae Khom Mi Tamnak Tham,น้ำแม่คำมี,ตำหนักธรรม,หนองม่วงไข่,แพร่
2022-01-24,5.94,Ban Mae Lai,น้ำแม่หล่าย,แม่หล่าย,เมือง,แพร่
2022-01-24,1.757083333,Ban Mae Tae,แม่น้ำปิง,แม่แฝกเก่า,สันทราย,เชียงใหม่
2022-01-24,2.43,Ban Mae Taeng,แม่น้ำแตง,สันมหาพล,แม่แตง,เชียงใหม่
2022-01-24,3.52,Ban Mae Wan,น้ำแม่กวง,ป่าเมี่ยง,ดอยสะเก็ด,เชียงใหม่
2022-01-24,5.72,Ban Mai Rim Fang,น้ำฝาง,เวียงฝาง,ฝาง,เชียงใหม่
2022-01-24,7.53,Ban Mang,น้ำปี้,มาง,เชียงม่วน,พะเยา
2022-01-24,5.71,Ban Muang Pok,น้ำแม่แตง,เปียงหลวง,เวียงแหง,เชียงใหม่
2022-01-24,4.3675,Ban Mueang Kuet,น้ำแม่แตง,กึ๊ดช้าง,แม่แตง,เชียงใหม่
2022-01-24,2.44,Ban Mueang Mai,ห้วยแม่ต๋า,เมืองมาย,แจ้ห่ม,ลำปาง
2022-01-24,4.472916667,Ban Mueang Pha,น้ำแม่ริม,ริมเหนือ,แม่ริม,เชียงใหม่
2022-01-24,8.458333333,Ban Nam Khong,แม่น้ำยม,ป่าแมต,เมือง,แพร่
2022-01-24,5.892083333,Ban Nam Yao,น้ำยาว,อวน,ปัว,น่าน
2022-01-24,1.65375,Ban Nong Naw,น้ำแม่สอย,แจ้ห่ม,แจ้ห่ม,ลำปาง
2022-01-24,3.64375,Ban Nong Pham,น้ำแม่ลาว,แม่สรวย,แม่สรวย,เชียงราย
2022-01-24,7.04,Ban Pa Kha,น้ำควร,ควร,ปง,พะเยา
2022-01-24,7.9775,Ban Pa Khoi Tai,แม่น้ำปิง,สันผีเสื้อ,เมือง,เชียงใหม่
2022-01-24,4.8,Ban Pa Sang,น้ำแม่ทา,ป่าซาง,ป่าซาง,ลำพูน
2022-01-24,5.56,Ban Pang Sa,ห้วยน้ำยาว,ผาทอง,ท่าวังผา,น่าน
2022-01-24,10.28333333,Ban Pha Khwang,แม่น้ำน่าน,บ่อ,เมือง,น่าน
2022-01-24,6.548333333,Ban Phai Ngarm,แม่น้ำน่าน,ส้าน,เวียงสา,น่าน
2022-01-24,4.249583333,Ban Phan Ton,น้ำแม่วาง,ทุ่งปี้,แม่วาง,เชียงใหม่
2022-01-24,4.8,Ban Phi Tai,น้ำปี้,บ้านพี้,บ้านหลวง,น่าน
2022-01-24,6.826666667,Ban Pong,น้ำแม่กวง,บวกค้าง,สันกำแพง,เชียงใหม่
2022-01-24,4.663333333,Ban Pong,ห้วยโป่ง,บ้านโป่ง,งาว,ลำปาง
2022-01-24,4.226666667,Ban Rong Kho,แม่น้ำวัง,ร่องเคาะ,วังเหนือ,ลำปาง
2022-01-24,3.1,Ban Saluang Nok,น้ำแม่ริม,สลวง,แม่ริม,เชียงใหม่
2022-01-24,4.46,Ban San Pu Loei,น้ำแม่ขอด,โหล่งขอด,พร้าว,เชียงใหม่
2022-01-24,3.98,Ban Singpotin,น้ำแม่ลาย,ป่าเมี่ยง,ดอยสะเก็ด,เชียงใหม่
2022-01-24,9.6,Ban Sob Soi,แม่น้ำปิง,แม่สอย,จอมทอง,เชียงใหม่
2022-01-24,5.8,Ban Sop Mae Sapoot,แม่น้ำแม่ทา,ทาสบเส้า,แม่ทา,ลำพูน
2022-01-24,7.85,Ban Sop Pae,แม่น้ำปิง,สบแปะ,จอมทอง,เชียงใหม่
2022-01-24,5.616666667,Ban Sop Prap,แม่น้ำวัง,สบปราบ,สบปราบ,ลำปาง
2022-01-24,5.95,Ban Sop Tam,น้ำแม่ต่ำ,เกาะคา,เกาะคา,ลำปาง
2022-01-24,4.426666667,Ban Sop Win,น้ำแม่วาง,แม่วิน,แม่วาง,เชียงใหม่
2022-01-24,5.743333333,Ban Tha Duea,แม่น้ำวัง,พิชัย,เมือง,ลำปาง
2022-01-24,5.8,Ban Tha Lo,น้ำแม่ตุ๋ย,บ่อแฮ้ว,เมือง,ลำปาง
2022-01-24,3.8,Ban Tha Pong Daeng,น้ำปาย,ผาบ่อง,เมือง,แม่ฮ่องสอน
2022-01-24,6.925416667,Ban Thung Nong,แม่น้ำยม,สระ,เชียงม่วน,พะเยา
2022-01-24,4.087083333,Ban Ton Yang,น้ำแม่ลาว,บัวสลี,แม่ลาว,เชียงราย
2022-01-24,13.9175,Ban Wang Chin,แม่น้ำยม,วังชิ้น,วังชิ้น,แพร่
2022-01-24,4.96,Chedingam,น้ำอิง,ท่าวังทอง,เมือง,พะเยา
2022-01-24,6.8925,In front of the Forestry Office,แม่น้ำน่าน,ในเวียง,เมือง,น่าน
2022-01-24,5.519583333,Mae Kham Lak Chet,น้ำแม่คำ,ศรีค้ำ,แม่จัน,เชียงราย
2022-01-24,2.04,Nam Mae Chaem,น้ำแม่แจ่ม,บ้านท่าข้าม,จอมทอง,เชียงใหม่
2022-01-24,5.2375,Nawarat Bridge,แม่น้ำปิง,วัดเกต,เมือง,เชียงใหม่
2022-01-24,4.43,Pracha Uthit Bridge,น้ำแม่กลาง,บ้านหลวง,จอมทอง,เชียงใหม่
2022-01-24,5.6,Romklao Cooperative House,น้ำแม่งัด,แม่แวน,พร้าว,เชียงใหม่
2022-01-24,4.5,Saphan Ban Khay,น้ำฝาง,แม่นาวาง,แม่อาย,เชียงใหม่
2022-01-24,5.059166667,Setuwaree Bridge,แม้น้ำวัง,เวียงเหนือ,เมือง,ลำปาง
2022-01-24,11.38541667,Tha Li Bridge,น้ำว้า,ขึ่ง,เวียงสา,น่าน
2022-01-24,8.524583333,Tha Nang Bridge,น้ำแม่กวง,ในเมือง,เมือง,ลำพูน
2022-01-24,3.304583333,Wang Phrao,น้ำแม่จาง,วังพร้าว,เกาะคา,ลำปาง
2022-01-25,2.823333333,Ban Chiang Dao,แม่น้ำปิง,เชียงดาว,เชียงดาว,เชียงใหม่
2022-01-25,3.297916667,Ban Chor Lae,แม่น้ำปิง,ช่อแล,แม่แตง,เชียงใหม่
2022-01-25,4.075416667,Ban Don Chai,แม่น้ำวัง,ล้อมแรด,เถิน,ลำปาง
2022-01-25,8.091666667,Ban Don Mun,แม่น้ำวัง,บ้านแลง,เมือง,ลำปาง
2022-01-25,4.1,Ban Don Sali,น้ำแม่ลาว,ป่าแดด,แม่สรวย,เชียงราย
2022-01-25,5.082916667,Ban Hai,แม่น้ำวัง,ปงดอน,แจ้ห่ม,ลำปาง
2022-01-25,2.8,Ban Hong,น้ำแม่ออน,ร้องวัวแดง,สันกำแพง,เชียงใหม่
2022-01-25,2.83,Ban Hua Sapan,น้ำแม่จัน,ป่าซาง,แม่จัน,เชียงราย
2022-01-25,5.3,Ban Huai Pa Sang,น้ำแม่แตง,กึ๊ดช้าง,แม่แตง,เชียงใหม่
2022-01-25,9.825833333,Ban Huai Sak,แม่น้ำยม,เตาปูน,สอง,แพร่
2022-01-25,6.165833333,Ban Klang,น้ำแม่ขาน,บ้านกลาง,สันป่าตอง,เชียงใหม่
2022-01-25,3.273333333,Ban Ko Kha,แม่น้ำวัง,ศาลา,เกาะคา,ลำปาง
2022-01-25,4.5,Ban Krariang Tung Phrao,น้ำแม่สรวย,วาวี,แม่สรวย,เชียงราย
2022-01-25,-3.06,Ban Lai Kaeo,น้ำแม่ลี้,ศรีเตี้ย,บ้านโฮ่ง,ลำพูน
2022-01-25,6.63,Ban Luang,น้ำแม่ตื่น,ยางเปียง,อมก๋อย,เชียงใหม่
2022-01-25,3.91,Ban Luang Nuea,น้ำงาว,หลวงใต้,งาว,ลำปาง
2022-01-25,6.814166667,Ban Mae E Hi,น้ำแม่ลี้,ศรีวิชัย,ลี้,ลำพูน
2022-01-25,4.8,Ban Mae Kha Bridge,น้ำฝาง,แม่ข่า,ฝาง,เชียงใหม่
2022-01-25,5.32,Ban Mae Khom Mi Tamnak Tham,น้ำแม่คำมี,ตำหนักธรรม,หนองม่วงไข่,แพร่
2022-01-25,5.926666667,Ban Mae Lai,น้ำแม่หล่าย,แม่หล่าย,เมือง,แพร่
2022-01-25,1.717083333,Ban Mae Tae,แม่น้ำปิง,แม่แฝกเก่า,สันทราย,เชียงใหม่
2022-01-25,2.45,Ban Mae Taeng,แม่น้ำแตง,สันมหาพล,แม่แตง,เชียงใหม่
2022-01-25,3.52,Ban Mae Wan,น้ำแม่กวง,ป่าเมี่ยง,ดอยสะเก็ด,เชียงใหม่
2022-01-25,5.36,Ban Mai Rim Fang,น้ำฝาง,เวียงฝาง,ฝาง,เชียงใหม่
2022-01-25,7.503333333,Ban Mang,น้ำปี้,มาง,เชียงม่วน,พะเยา
2022-01-25,5.68,Ban Muang Pok,น้ำแม่แตง,เปียงหลวง,เวียงแหง,เชียงใหม่
2022-01-25,4.3875,Ban Mueang Kuet,น้ำแม่แตง,กึ๊ดช้าง,แม่แตง,เชียงใหม่
2022-01-25,2.42,Ban Mueang Mai,ห้วยแม่ต๋า,เมืองมาย,แจ้ห่ม,ลำปาง
2022-01-25,4.409583333,Ban Mueang Pha,น้ำแม่ริม,ริมเหนือ,แม่ริม,เชียงใหม่
2022-01-25,8.467083333,Ban Nam Khong,แม่น้ำยม,ป่าแมต,เมือง,แพร่
2022-01-25,5.89,Ban Nam Yao,น้ำยาว,อวน,ปัว,น่าน
2022-01-25,1.6375,Ban Nong Naw,น้ำแม่สอย,แจ้ห่ม,แจ้ห่ม,ลำปาง
2022-01-25,3.5675,Ban Nong Pham,น้ำแม่ลาว,แม่สรวย,แม่สรวย,เชียงราย
2022-01-25,7,Ban Pa Kha,น้ำควร,ควร,ปง,พะเยา
2022-01-25,7.9225,Ban Pa Khoi Tai,แม่น้ำปิง,สันผีเสื้อ,เมือง,เชียงใหม่
2022-01-25,4.8,Ban Pa Sang,น้ำแม่ทา,ป่าซาง,ป่าซาง,ลำพูน
2022-01-25,5.556666667,Ban Pang Sa,ห้วยน้ำยาว,ผาทอง,ท่าวังผา,น่าน
2022-01-25,10.25791667,Ban Pha Khwang,แม่น้ำน่าน,บ่อ,เมือง,น่าน
2022-01-25,6.492083333,Ban Phai Ngarm,แม่น้ำน่าน,ส้าน,เวียงสา,น่าน
2022-01-25,4.244583333,Ban Phan Ton,น้ำแม่วาง,ทุ่งปี้,แม่วาง,เชียงใหม่
2022-01-25,4.8,Ban Phi Tai,น้ำปี้,บ้านพี้,บ้านหลวง,น่าน
2022-01-25,6.824166667,Ban Pong,น้ำแม่กวง,บวกค้าง,สันกำแพง,เชียงใหม่
2022-01-25,4.646666667,Ban Pong,ห้วยโป่ง,บ้านโป่ง,งาว,ลำปาง
2022-01-25,4.183333333,Ban Rong Kho,แม่น้ำวัง,ร่องเคาะ,วังเหนือ,ลำปาง
2022-01-25,3.1,Ban Saluang Nok,น้ำแม่ริม,สลวง,แม่ริม,เชียงใหม่
2022-01-25,4.46,Ban San Pu Loei,น้ำแม่ขอด,โหล่งขอด,พร้าว,เชียงใหม่
2022-01-25,3.98,Ban Singpotin,น้ำแม่ลาย,ป่าเมี่ยง,ดอยสะเก็ด,เชียงใหม่
2022-01-25,9.62,Ban Sob Soi,แม่น้ำปิง,แม่สอย,จอมทอง,เชียงใหม่
2022-01-25,5.8,Ban Sop Mae Sapoot,แม่น้ำแม่ทา,ทาสบเส้า,แม่ทา,ลำพูน
2022-01-25,7.85,Ban Sop Pae,แม่น้ำปิง,สบแปะ,จอมทอง,เชียงใหม่
2022-01-25,5.623333333,Ban Sop Prap,แม่น้ำวัง,สบปราบ,สบปราบ,ลำปาง
2022-01-25,5.946666667,Ban Sop Tam,น้ำแม่ต่ำ,เกาะคา,เกาะคา,ลำปาง
2022-01-25,4.412083333,Ban Sop Win,น้ำแม่วาง,แม่วิน,แม่วาง,เชียงใหม่
2022-01-25,5.68,Ban Tha Duea,แม่น้ำวัง,พิชัย,เมือง,ลำปาง
2022-01-25,5.756666667,Ban Tha Lo,น้ำแม่ตุ๋ย,บ่อแฮ้ว,เมือง,ลำปาง
2022-01-25,3.798,Ban Tha Pong Daeng,น้ำปาย,ผาบ่อง,เมือง,แม่ฮ่องสอน
2022-01-25,6.905833333,Ban Thung Nong,แม่น้ำยม,สระ,เชียงม่วน,พะเยา
2022-01-25,4.04875,Ban Ton Yang,น้ำแม่ลาว,บัวสลี,แม่ลาว,เชียงราย
2022-01-25,13.45708333,Ban Wang Chin,แม่น้ำยม,วังชิ้น,วังชิ้น,แพร่
2022-01-25,4.856666667,Chedingam,น้ำอิง,ท่าวังทอง,เมือง,พะเยา
2022-01-25,6.845,In front of the Forestry Office,แม่น้ำน่าน,ในเวียง,เมือง,น่าน
2022-01-25,5.504583333,Mae Kham Lak Chet,น้ำแม่คำ,ศรีค้ำ,แม่จัน,เชียงราย
2022-01-25,2.04,Nam Mae Chaem,น้ำแม่แจ่ม,บ้านท่าข้าม,จอมทอง,เชียงใหม่
2022-01-25,5.194583333,Nawarat Bridge,แม่น้ำปิง,วัดเกต,เมือง,เชียงใหม่
2022-01-25,4.436666667,Pracha Uthit Bridge,น้ำแม่กลาง,บ้านหลวง,จอมทอง,เชียงใหม่
2022-01-25,5.6,Romklao Cooperative House,น้ำแม่งัด,แม่แวน,พร้าว,เชียงใหม่
2022-01-25,4.46,Saphan Ban Khay,น้ำฝาง,แม่นาวาง,แม่อาย,เชียงใหม่
2022-01-25,4.672083333,Setuwaree Bridge,แม้น้ำวัง,เวียงเหนือ,เมือง,ลำปาง
2022-01-25,11.34166667,Tha Li Bridge,น้ำว้า,ขึ่ง,เวียงสา,น่าน
2022-01-25,8.284583333,Tha Nang Bridge,น้ำแม่กวง,ในเมือง,เมือง,ลำพูน
2022-01-25,3.275833333,Wang Phrao,น้ำแม่จาง,วังพร้าว,เกาะคา,ลำปาง
2022-01-26,2.85,Ban Chiang Dao,แม่น้ำปิง,เชียงดาว,เชียงดาว,เชียงใหม่
2022-01-26,3.292916667,Ban Chor Lae,แม่น้ำปิง,ช่อแล,แม่แตง,เชียงใหม่
2022-01-26,4.095833333,Ban Don Chai,แม่น้ำวัง,ล้อมแรด,เถิน,ลำปาง
2022-01-26,8.093333333,Ban Don Mun,แม่น้ำวัง,บ้านแลง,เมือง,ลำปาง
2022-01-26,4.08,Ban Don Sali,น้ำแม่ลาว,ป่าแดด,แม่สรวย,เชียงราย
2022-01-26,5.1,Ban Hai,แม่น้ำวัง,ปงดอน,แจ้ห่ม,ลำปาง
2022-01-26,2.8,Ban Hong,น้ำแม่ออน,ร้องวัวแดง,สันกำแพง,เชียงใหม่
2022-01-26,2.8225,Ban Hua Sapan,น้ำแม่จัน,ป่าซาง,แม่จัน,เชียงราย
2022-01-26,5.3,Ban Huai Pa Sang,น้ำแม่แตง,กึ๊ดช้าง,แม่แตง,เชียงใหม่
2022-01-26,9.799166667,Ban Huai Sak,แม่น้ำยม,เตาปูน,สอง,แพร่
2022-01-26,6.16,Ban Klang,น้ำแม่ขาน,บ้านกลาง,สันป่าตอง,เชียงใหม่
2022-01-26,3.24,Ban Ko Kha,แม่น้ำวัง,ศาลา,เกาะคา,ลำปาง
2022-01-26,4.5,Ban Krariang Tung Phrao,น้ำแม่สรวย,วาวี,แม่สรวย,เชียงราย
2022-01-26,-3.06,Ban Lai Kaeo,น้ำแม่ลี้,ศรีเตี้ย,บ้านโฮ่ง,ลำพูน
2022-01-26,6.63,Ban Luang,น้ำแม่ตื่น,ยางเปียง,อมก๋อย,เชียงใหม่
2022-01-26,3.916666667,Ban Luang Nuea,น้ำงาว,หลวงใต้,งาว,ลำปาง
2022-01-26,6.772916667,Ban Mae E Hi,น้ำแม่ลี้,ศรีวิชัย,ลี้,ลำพูน
2022-01-26,4.81,Ban Mae Kha Bridge,น้ำฝาง,แม่ข่า,ฝาง,เชียงใหม่
2022-01-26,5.3,Ban Mae Khom Mi Tamnak Tham,น้ำแม่คำมี,ตำหนักธรรม,หนองม่วงไข่,แพร่
2022-01-26,5.91125,Ban Mae Lai,น้ำแม่หล่าย,แม่หล่าย,เมือง,แพร่
2022-01-26,1.68875,Ban Mae Tae,แม่น้ำปิง,แม่แฝกเก่า,สันทราย,เชียงใหม่
2022-01-26,2.39,Ban Mae Taeng,แม่น้ำแตง,สันมหาพล,แม่แตง,เชียงใหม่
2022-01-26,3.52,Ban Mae Wan,น้ำแม่กวง,ป่าเมี่ยง,ดอยสะเก็ด,เชียงใหม่
2022-01-26,5.3,Ban Mai Rim Fang,น้ำฝาง,เวียงฝาง,ฝาง,เชียงใหม่
2022-01-26,7.48875,Ban Mang,น้ำปี้,มาง,เชียงม่วน,พะเยา
2022-01-26,5.68,Ban Muang Pok,น้ำแม่แตง,เปียงหลวง,เวียงแหง,เชียงใหม่
2022-01-26,4.39,Ban Mueang Kuet,น้ำแม่แตง,กึ๊ดช้าง,แม่แตง,เชียงใหม่
2022-01-26,2.34,Ban Mueang Mai,ห้วยแม่ต๋า,เมืองมาย,แจ้ห่ม,ลำปาง
2022-01-26,4.381666667,Ban Mueang Pha,น้ำแม่ริม,ริมเหนือ,แม่ริม,เชียงใหม่
2022-01-26,8.49875,Ban Nam Khong,แม่น้ำยม,ป่าแมต,เมือง,แพร่
2022-01-26,5.881666667,Ban Nam Yao,น้ำยาว,อวน,ปัว,น่าน
2022-01-26,1.627916667,Ban Nong Naw,น้ำแม่สอย,แจ้ห่ม,แจ้ห่ม,ลำปาง
2022-01-26,3.504166667,Ban Nong Pham,น้ำแม่ลาว,แม่สรวย,แม่สรวย,เชียงราย
2022-01-26,7.0225,Ban Pa Kha,น้ำควร,ควร,ปง,พะเยา
2022-01-26,7.938333333,Ban Pa Khoi Tai,แม่น้ำปิง,สันผีเสื้อ,เมือง,เชียงใหม่
2022-01-26,4.8,Ban Pa Sang,น้ำแม่ทา,ป่าซาง,ป่าซาง,ลำพูน
2022-01-26,5.55,Ban Pang Sa,ห้วยน้ำยาว,ผาทอง,ท่าวังผา,น่าน
2022-01-26,10.21583333,Ban Pha Khwang,แม่น้ำน่าน,บ่อ,เมือง,น่าน
2022-01-26,6.478333333,Ban Phai Ngarm,แม่น้ำน่าน,ส้าน,เวียงสา,น่าน
2022-01-26,4.202916667,Ban Phan Ton,น้ำแม่วาง,ทุ่งปี้,แม่วาง,เชียงใหม่
2022-01-26,4.8,Ban Phi Tai,น้ำปี้,บ้านพี้,บ้านหลวง,น่าน
2022-01-26,6.800416667,Ban Pong,น้ำแม่กวง,บวกค้าง,สันกำแพง,เชียงใหม่
2022-01-26,4.633333333,Ban Pong,ห้วยโป่ง,บ้านโป่ง,งาว,ลำปาง
2022-01-26,4.12,Ban Rong Kho,แม่น้ำวัง,ร่องเคาะ,วังเหนือ,ลำปาง
2022-01-26,3.1,Ban Saluang Nok,น้ำแม่ริม,สลวง,แม่ริม,เชียงใหม่
2022-01-26,4.46,Ban San Pu Loei,น้ำแม่ขอด,โหล่งขอด,พร้าว,เชียงใหม่
2022-01-26,3.98,Ban Singpotin,น้ำแม่ลาย,ป่าเมี่ยง,ดอยสะเก็ด,เชียงใหม่
2022-01-26,9.6,Ban Sob Soi,แม่น้ำปิง,แม่สอย,จอมทอง,เชียงใหม่
2022-01-26,5.79,Ban Sop Mae Sapoot,แม่น้ำแม่ทา,ทาสบเส้า,แม่ทา,ลำพูน
2022-01-26,7.8,Ban Sop Pae,แม่น้ำปิง,สบแปะ,จอมทอง,เชียงใหม่
2022-01-26,5.713333333,Ban Sop Prap,แม่น้ำวัง,สบปราบ,สบปราบ,ลำปาง
2022-01-26,5.92,Ban Sop Tam,น้ำแม่ต่ำ,เกาะคา,เกาะคา,ลำปาง
2022-01-26,4.41,Ban Sop Win,น้ำแม่วาง,แม่วิน,แม่วาง,เชียงใหม่
2022-01-26,5.786666667,Ban Tha Duea,แม่น้ำวัง,พิชัย,เมือง,ลำปาง
2022-01-26,5.68,Ban Tha Lo,น้ำแม่ตุ๋ย,บ่อแฮ้ว,เมือง,ลำปาง
2022-01-26,3.77,Ban Tha Pong Daeng,น้ำปาย,ผาบ่อง,เมือง,แม่ฮ่องสอน
2022-01-26,6.892916667,Ban Thung Nong,แม่น้ำยม,สระ,เชียงม่วน,พะเยา
2022-01-26,3.999583333,Ban Ton Yang,น้ำแม่ลาว,บัวสลี,แม่ลาว,เชียงราย
2022-01-26,12.955,Ban Wang Chin,แม่น้ำยม,วังชิ้น,วังชิ้น,แพร่
2022-01-26,4.756666667,Chedingam,น้ำอิง,ท่าวังทอง,เมือง,พะเยา
2022-01-26,6.821666667,In front of the Forestry Office,แม่น้ำน่าน,ในเวียง,เมือง,น่าน
2022-01-26,5.477083333,Mae Kham Lak Chet,น้ำแม่คำ,ศรีค้ำ,แม่จัน,เชียงราย
2022-01-26,2.04,Nam Mae Chaem,น้ำแม่แจ่ม,บ้านท่าข้าม,จอมทอง,เชียงใหม่
2022-01-26,5.208333333,Nawarat Bridge,แม่น้ำปิง,วัดเกต,เมือง,เชียงใหม่
2022-01-26,4.426666667,Pracha Uthit Bridge,น้ำแม่กลาง,บ้านหลวง,จอมทอง,เชียงใหม่
2022-01-26,5.6,Romklao Cooperative House,น้ำแม่งัด,แม่แวน,พร้าว,เชียงใหม่
2022-01-26,4.4,Saphan Ban Khay,น้ำฝาง,แม่นาวาง,แม่อาย,เชียงใหม่
2022-01-26,4.675,Setuwaree Bridge,แม้น้ำวัง,เวียงเหนือ,เมือง,ลำปาง
2022-01-26,11.30166667,Tha Li Bridge,น้ำว้า,ขึ่ง,เวียงสา,น่าน
2022-01-26,8.53,Tha Nang Bridge,น้ำแม่กวง,ในเมือง,เมือง,ลำพูน
2022-01-26,3.267916667,Wang Phrao,น้ำแม่จาง,วังพร้าว,เกาะคา,ลำปาง
2022-01-27,2.85,Ban Chiang Dao,แม่น้ำปิง,เชียงดาว,เชียงดาว,เชียงใหม่
2022-01-27,3.246666667,Ban Chor Lae,แม่น้ำปิง,ช่อแล,แม่แตง,เชียงใหม่
2022-01-27,4.161666667,Ban Don Chai,แม่น้ำวัง,ล้อมแรด,เถิน,ลำปาง
2022-01-27,8.091666667,Ban Don Mun,แม่น้ำวัง,บ้านแลง,เมือง,ลำปาง
2022-01-27,4.04,Ban Don Sali,น้ำแม่ลาว,ป่าแดด,แม่สรวย,เชียงราย
2022-01-27,5.11,Ban Hai,แม่น้ำวัง,ปงดอน,แจ้ห่ม,ลำปาง
2022-01-27,2.8,Ban Hong,น้ำแม่ออน,ร้องวัวแดง,สันกำแพง,เชียงใหม่
2022-01-27,2.802083333,Ban Hua Sapan,น้ำแม่จัน,ป่าซาง,แม่จัน,เชียงราย
2022-01-27,5.2,Ban Huai Pa Sang,น้ำแม่แตง,กึ๊ดช้าง,แม่แตง,เชียงใหม่
2022-01-27,9.786666667,Ban Huai Sak,แม่น้ำยม,เตาปูน,สอง,แพร่
2022-01-27,6.139166667,Ban Klang,น้ำแม่ขาน,บ้านกลาง,สันป่าตอง,เชียงใหม่
2022-01-27,3.24,Ban Ko Kha,แม่น้ำวัง,ศาลา,เกาะคา,ลำปาง
2022-01-27,4.5,Ban Krariang Tung Phrao,น้ำแม่สรวย,วาวี,แม่สรวย,เชียงราย
2022-01-27,-3.06,Ban Lai Kaeo,น้ำแม่ลี้,ศรีเตี้ย,บ้านโฮ่ง,ลำพูน
2022-01-27,6.62,Ban Luang,น้ำแม่ตื่น,ยางเปียง,อมก๋อย,เชียงใหม่
2022-01-27,3.91,Ban Luang Nuea,น้ำงาว,หลวงใต้,งาว,ลำปาง
2022-01-27,6.775416667,Ban Mae E Hi,น้ำแม่ลี้,ศรีวิชัย,ลี้,ลำพูน
2022-01-27,4.8,Ban Mae Kha Bridge,น้ำฝาง,แม่ข่า,ฝาง,เชียงใหม่
2022-01-27,5.3,Ban Mae Khom Mi Tamnak Tham,น้ำแม่คำมี,ตำหนักธรรม,หนองม่วงไข่,แพร่
2022-01-27,5.91,Ban Mae Lai,น้ำแม่หล่าย,แม่หล่าย,เมือง,แพร่
2022-01-27,1.665833333,Ban Mae Tae,แม่น้ำปิง,แม่แฝกเก่า,สันทราย,เชียงใหม่
2022-01-27,2.43,Ban Mae Taeng,แม่น้ำแตง,สันมหาพล,แม่แตง,เชียงใหม่
2022-01-27,3.52,Ban Mae Wan,น้ำแม่กวง,ป่าเมี่ยง,ดอยสะเก็ด,เชียงใหม่
2022-01-27,5.3,Ban Mai Rim Fang,น้ำฝาง,เวียงฝาง,ฝาง,เชียงใหม่
2022-01-27,7.541666667,Ban Mang,น้ำปี้,มาง,เชียงม่วน,พะเยา
2022-01-27,5.67,Ban Muang Pok,น้ำแม่แตง,เปียงหลวง,เวียงแหง,เชียงใหม่
2022-01-27,4.39,Ban Mueang Kuet,น้ำแม่แตง,กึ๊ดช้าง,แม่แตง,เชียงใหม่
2022-01-27,2.34,Ban Mueang Mai,ห้วยแม่ต๋า,เมืองมาย,แจ้ห่ม,ลำปาง
2022-01-27,4.36,Ban Mueang Pha,น้ำแม่ริม,ริมเหนือ,แม่ริม,เชียงใหม่
2022-01-27,8.47,Ban Nam Khong,แม่น้ำยม,ป่าแมต,เมือง,แพร่
2022-01-27,5.875416667,Ban Nam Yao,น้ำยาว,อวน,ปัว,น่าน
2022-01-27,1.676666667,Ban Nong Naw,น้ำแม่สอย,แจ้ห่ม,แจ้ห่ม,ลำปาง
2022-01-27,3.491666667,Ban Nong Pham,น้ำแม่ลาว,แม่สรวย,แม่สรวย,เชียงราย
2022-01-27,7,Ban Pa Kha,น้ำควร,ควร,ปง,พะเยา
2022-01-27,7.903333333,Ban Pa Khoi Tai,แม่น้ำปิง,สันผีเสื้อ,เมือง,เชียงใหม่
2022-01-27,4.8,Ban Pa Sang,น้ำแม่ทา,ป่าซาง,ป่าซาง,ลำพูน
2022-01-27,5.55,Ban Pang Sa,ห้วยน้ำยาว,ผาทอง,ท่าวังผา,น่าน
2022-01-27,10.20166667,Ban Pha Khwang,แม่น้ำน่าน,บ่อ,เมือง,น่าน
2022-01-27,6.47,Ban Phai Ngarm,แม่น้ำน่าน,ส้าน,เวียงสา,น่าน
2022-01-27,4.2,Ban Phan Ton,น้ำแม่วาง,ทุ่งปี้,แม่วาง,เชียงใหม่
2022-01-27,4.8,Ban Phi Tai,น้ำปี้,บ้านพี้,บ้านหลวง,น่าน
2022-01-27,6.775,Ban Pong,น้ำแม่กวง,บวกค้าง,สันกำแพง,เชียงใหม่
2022-01-27,4.623333333,Ban Pong,ห้วยโป่ง,บ้านโป่ง,งาว,ลำปาง
2022-01-27,4.15,Ban Rong Kho,แม่น้ำวัง,ร่องเคาะ,วังเหนือ,ลำปาง
2022-01-27,3.05,Ban Saluang Nok,น้ำแม่ริม,สลวง,แม่ริม,เชียงใหม่
2022-01-27,4.46,Ban San Pu Loei,น้ำแม่ขอด,โหล่งขอด,พร้าว,เชียงใหม่
2022-01-27,3.96,Ban Singpotin,น้ำแม่ลาย,ป่าเมี่ยง,ดอยสะเก็ด,เชียงใหม่
2022-01-27,9.655,Ban Sob Soi,แม่น้ำปิง,แม่สอย,จอมทอง,เชียงใหม่
2022-01-27,5.747916667,Ban Sop Mae Sapoot,แม่น้ำแม่ทา,ทาสบเส้า,แม่ทา,ลำพูน
2022-01-27,7.72,Ban Sop Pae,แม่น้ำปิง,สบแปะ,จอมทอง,เชียงใหม่
2022-01-27,5.646666667,Ban Sop Prap,แม่น้ำวัง,สบปราบ,สบปราบ,ลำปาง
2022-01-27,5.92,Ban Sop Tam,น้ำแม่ต่ำ,เกาะคา,เกาะคา,ลำปาง
2022-01-27,4.41,Ban Sop Win,น้ำแม่วาง,แม่วิน,แม่วาง,เชียงใหม่
2022-01-27,5.826666667,Ban Tha Duea,แม่น้ำวัง,พิชัย,เมือง,ลำปาง
2022-01-27,5.6,Ban Tha Lo,น้ำแม่ตุ๋ย,บ่อแฮ้ว,เมือง,ลำปาง
2022-01-27,3.76,Ban Tha Pong Daeng,น้ำปาย,ผาบ่อง,เมือง,แม่ฮ่องสอน
2022-01-27,6.86,Ban Thung Nong,แม่น้ำยม,สระ,เชียงม่วน,พะเยา
2022-01-27,3.754166667,Ban Ton Yang,น้ำแม่ลาว,บัวสลี,แม่ลาว,เชียงราย
2022-01-27,13.02708333,Ban Wang Chin,แม่น้ำยม,วังชิ้น,วังชิ้น,แพร่
2022-01-27,4.656666667,Chedingam,น้ำอิง,ท่าวังทอง,เมือง,พะเยา
2022-01-27,6.817916667,In front of the Forestry Office,แม่น้ำน่าน,ในเวียง,เมือง,น่าน
2022-01-27,5.449166667,Mae Kham Lak Chet,น้ำแม่คำ,ศรีค้ำ,แม่จัน,เชียงราย
2022-01-27,2.03,Nam Mae Chaem,น้ำแม่แจ่ม,บ้านท่าข้าม,จอมทอง,เชียงใหม่
2022-01-27,5.173333333,Nawarat Bridge,แม่น้ำปิง,วัดเกต,เมือง,เชียงใหม่
2022-01-27,4.38,Pracha Uthit Bridge,น้ำแม่กลาง,บ้านหลวง,จอมทอง,เชียงใหม่
2022-01-27,5.6,Romklao Cooperative House,น้ำแม่งัด,แม่แวน,พร้าว,เชียงใหม่
2022-01-27,4.38,Saphan Ban Khay,น้ำฝาง,แม่นาวาง,แม่อาย,เชียงใหม่
2022-01-27,4.72375,Setuwaree Bridge,แม้น้ำวัง,เวียงเหนือ,เมือง,ลำปาง
2022-01-27,11.30541667,Tha Li Bridge,น้ำว้า,ขึ่ง,เวียงสา,น่าน
2022-01-27,8.6275,Tha Nang Bridge,น้ำแม่กวง,ในเมือง,เมือง,ลำพูน
2022-01-27,3.2525,Wang Phrao,น้ำแม่จาง,วังพร้าว,เกาะคา,ลำปาง
2022-01-28,2.85,Ban Chiang Dao,แม่น้ำปิง,เชียงดาว,เชียงดาว,เชียงใหม่
2022-01-28,3.387916667,Ban Chor Lae,แม่น้ำปิง,ช่อแล,แม่แตง,เชียงใหม่
2022-01-28,4.10625,Ban Don Chai,แม่น้ำวัง,ล้อมแรด,เถิน,ลำปาง
2022-01-28,8.091666667,Ban Don Mun,แม่น้ำวัง,บ้านแลง,เมือง,ลำปาง
2022-01-28,3.956666667,Ban Don Sali,น้ำแม่ลาว,ป่าแดด,แม่สรวย,เชียงราย
2022-01-28,5.11,Ban Hai,แม่น้ำวัง,ปงดอน,แจ้ห่ม,ลำปาง
2022-01-28,2.8,Ban Hong,น้ำแม่ออน,ร้องวัวแดง,สันกำแพง,เชียงใหม่
2022-01-28,2.782083333,Ban Hua Sapan,น้ำแม่จัน,ป่าซาง,แม่จัน,เชียงราย
2022-01-28,5.2,Ban Huai Pa Sang,น้ำแม่แตง,กึ๊ดช้าง,แม่แตง,เชียงใหม่
2022-01-28,9.757916667,Ban Huai Sak,แม่น้ำยม,เตาปูน,สอง,แพร่
2022-01-28,6.053333333,Ban Klang,น้ำแม่ขาน,บ้านกลาง,สันป่าตอง,เชียงใหม่
2022-01-28,3.246666667,Ban Ko Kha,แม่น้ำวัง,ศาลา,เกาะคา,ลำปาง
2022-01-28,4.5,Ban Krariang Tung Phrao,น้ำแม่สรวย,วาวี,แม่สรวย,เชียงราย
2022-01-28,-3.06,Ban Lai Kaeo,น้ำแม่ลี้,ศรีเตี้ย,บ้านโฮ่ง,ลำพูน
2022-01-28,6.6,Ban Luang,น้ำแม่ตื่น,ยางเปียง,อมก๋อย,เชียงใหม่
2022-01-28,3.91,Ban Luang Nuea,น้ำงาว,หลวงใต้,งาว,ลำปาง
2022-01-28,6.75125,Ban Mae E Hi,น้ำแม่ลี้,ศรีวิชัย,ลี้,ลำพูน
2022-01-28,4.68,Ban Mae Kha Bridge,น้ำฝาง,แม่ข่า,ฝาง,เชียงใหม่
2022-01-28,5.29,Ban Mae Khom Mi Tamnak Tham,น้ำแม่คำมี,ตำหนักธรรม,หนองม่วงไข่,แพร่
2022-01-28,5.91,Ban Mae Lai,น้ำแม่หล่าย,แม่หล่าย,เมือง,แพร่
2022-01-28,1.668333333,Ban Mae Tae,แม่น้ำปิง,แม่แฝกเก่า,สันทราย,เชียงใหม่
2022-01-28,2.43,Ban Mae Taeng,แม่น้ำแตง,สันมหาพล,แม่แตง,เชียงใหม่
2022-01-28,3.52,Ban Mae Wan,น้ำแม่กวง,ป่าเมี่ยง,ดอยสะเก็ด,เชียงใหม่
2022-01-28,5.28,Ban Mai Rim Fang,น้ำฝาง,เวียงฝาง,ฝาง,เชียงใหม่
2022-01-28,7.5725,Ban Mang,น้ำปี้,มาง,เชียงม่วน,พะเยา
2022-01-28,5.66,Ban Muang Pok,น้ำแม่แตง,เปียงหลวง,เวียงแหง,เชียงใหม่
2022-01-28,4.381666667,Ban Mueang Kuet,น้ำแม่แตง,กึ๊ดช้าง,แม่แตง,เชียงใหม่
2022-01-28,2.37,Ban Mueang Mai,ห้วยแม่ต๋า,เมืองมาย,แจ้ห่ม,ลำปาง
2022-01-28,4.348333333,Ban Mueang Pha,น้ำแม่ริม,ริมเหนือ,แม่ริม,เชียงใหม่
2022-01-28,8.43625,Ban Nam Khong,แม่น้ำยม,ป่าแมต,เมือง,แพร่
2022-01-28,5.86,Ban Nam Yao,น้ำยาว,อวน,ปัว,น่าน
2022-01-28,1.761666667,Ban Nong Naw,น้ำแม่สอย,แจ้ห่ม,แจ้ห่ม,ลำปาง
2022-01-28,3.443333333,Ban Nong Pham,น้ำแม่ลาว,แม่สรวย,แม่สรวย,เชียงราย
2022-01-28,7,Ban Pa Kha,น้ำควร,ควร,ปง,พะเยา
2022-01-28,7.922916667,Ban Pa Khoi Tai,แม่น้ำปิง,สันผีเสื้อ,เมือง,เชียงใหม่
2022-01-28,4.796666667,Ban Pa Sang,น้ำแม่ทา,ป่าซาง,ป่าซาง,ลำพูน
2022-01-28,5.547083333,Ban Pang Sa,ห้วยน้ำยาว,ผาทอง,ท่าวังผา,น่าน
2022-01-28,10.19666667,Ban Pha Khwang,แม่น้ำน่าน,บ่อ,เมือง,น่าน
2022-01-28,6.47,Ban Phai Ngarm,แม่น้ำน่าน,ส้าน,เวียงสา,น่าน
2022-01-28,4.2,Ban Phan Ton,น้ำแม่วาง,ทุ่งปี้,แม่วาง,เชียงใหม่
2022-01-28,4.8,Ban Phi Tai,น้ำปี้,บ้านพี้,บ้านหลวง,น่าน
2022-01-28,6.77625,Ban Pong,น้ำแม่กวง,บวกค้าง,สันกำแพง,เชียงใหม่
2022-01-28,4.603333333,Ban Pong,ห้วยโป่ง,บ้านโป่ง,งาว,ลำปาง
2022-01-28,4.15,Ban Rong Kho,แม่น้ำวัง,ร่องเคาะ,วังเหนือ,ลำปาง
2022-01-28,3.05,Ban Saluang Nok,น้ำแม่ริม,สลวง,แม่ริม,เชียงใหม่
2022-01-28,4.46,Ban San Pu Loei,น้ำแม่ขอด,โหล่งขอด,พร้าว,เชียงใหม่
2022-01-28,3.96,Ban Singpotin,น้ำแม่ลาย,ป่าเมี่ยง,ดอยสะเก็ด,เชียงใหม่
2022-01-28,9.66,Ban Sob Soi,แม่น้ำปิง,แม่สอย,จอมทอง,เชียงใหม่
2022-01-28,5.698333333,Ban Sop Mae Sapoot,แม่น้ำแม่ทา,ทาสบเส้า,แม่ทา,ลำพูน
2022-01-28,7.75,Ban Sop Pae,แม่น้ำปิง,สบแปะ,จอมทอง,เชียงใหม่
2022-01-28,5.63,Ban Sop Prap,แม่น้ำวัง,สบปราบ,สบปราบ,ลำปาง
2022-01-28,5.93,Ban Sop Tam,น้ำแม่ต่ำ,เกาะคา,เกาะคา,ลำปาง
2022-01-28,4.406666667,Ban Sop Win,น้ำแม่วาง,แม่วิน,แม่วาง,เชียงใหม่
2022-01-28,5.83,Ban Tha Duea,แม่น้ำวัง,พิชัย,เมือง,ลำปาง
2022-01-28,5.52,Ban Tha Lo,น้ำแม่ตุ๋ย,บ่อแฮ้ว,เมือง,ลำปาง
2022-01-28,3.77,Ban Tha Pong Daeng,น้ำปาย,ผาบ่อง,เมือง,แม่ฮ่องสอน
2022-01-28,6.797083333,Ban Thung Nong,แม่น้ำยม,สระ,เชียงม่วน,พะเยา
2022-01-28,3.65125,Ban Ton Yang,น้ำแม่ลาว,บัวสลี,แม่ลาว,เชียงราย
2022-01-28,13.05916667,Ban Wang Chin,แม่น้ำยม,วังชิ้น,วังชิ้น,แพร่
2022-01-28,4.56,Chedingam,น้ำอิง,ท่าวังทอง,เมือง,พะเยา
2022-01-28,6.80375,In front of the Forestry Office,แม่น้ำน่าน,ในเวียง,เมือง,น่าน
2022-01-28,5.422083333,Mae Kham Lak Chet,น้ำแม่คำ,ศรีค้ำ,แม่จัน,เชียงราย
2022-01-28,2.02,Nam Mae Chaem,น้ำแม่แจ่ม,บ้านท่าข้าม,จอมทอง,เชียงใหม่
2022-01-28,5.204166667,Nawarat Bridge,แม่น้ำปิง,วัดเกต,เมือง,เชียงใหม่
2022-01-28,4.38,Pracha Uthit Bridge,น้ำแม่กลาง,บ้านหลวง,จอมทอง,เชียงใหม่
2022-01-28,5.58,Romklao Cooperative House,น้ำแม่งัด,แม่แวน,พร้าว,เชียงใหม่
2022-01-28,4.36,Saphan Ban Khay,น้ำฝาง,แม่นาวาง,แม่อาย,เชียงใหม่
2022-01-28,4.737916667,Setuwaree Bridge,แม้น้ำวัง,เวียงเหนือ,เมือง,ลำปาง
2022-01-28,11.3,Tha Li Bridge,น้ำว้า,ขึ่ง,เวียงสา,น่าน
2022-01-28,8.08875,Tha Nang Bridge,น้ำแม่กวง,ในเมือง,เมือง,ลำพูน
2022-01-28,3.242083333,Wang Phrao,น้ำแม่จาง,วังพร้าว,เกาะคา,ลำปาง
2022-01-29,2.85,Ban Chiang Dao,แม่น้ำปิง,เชียงดาว,เชียงดาว,เชียงใหม่
2022-01-29,3.339166667,Ban Chor Lae,แม่น้ำปิง,ช่อแล,แม่แตง,เชียงใหม่
2022-01-29,4.0875,Ban Don Chai,แม่น้ำวัง,ล้อมแรด,เถิน,ลำปาง
2022-01-29,8.118958333,Ban Don Mun,แม่น้ำวัง,บ้านแลง,เมือง,ลำปาง
2022-01-29,3.8,Ban Don Sali,น้ำแม่ลาว,ป่าแดด,แม่สรวย,เชียงราย
2022-01-29,5.11,Ban Hai,แม่น้ำวัง,ปงดอน,แจ้ห่ม,ลำปาง
2022-01-29,2.8,Ban Hong,น้ำแม่ออน,ร้องวัวแดง,สันกำแพง,เชียงใหม่
2022-01-29,2.77,Ban Hua Sapan,น้ำแม่จัน,ป่าซาง,แม่จัน,เชียงราย
2022-01-29,5.16,Ban Huai Pa Sang,น้ำแม่แตง,กึ๊ดช้าง,แม่แตง,เชียงใหม่
2022-01-29,9.742083333,Ban Huai Sak,แม่น้ำยม,เตาปูน,สอง,แพร่
2022-01-29,6.022916667,Ban Klang,น้ำแม่ขาน,บ้านกลาง,สันป่าตอง,เชียงใหม่
2022-01-29,3.25,Ban Ko Kha,แม่น้ำวัง,ศาลา,เกาะคา,ลำปาง
2022-01-29,4.482083333,Ban Krariang Tung Phrao,น้ำแม่สรวย,วาวี,แม่สรวย,เชียงราย
2022-01-29,-3.06,Ban Lai Kaeo,น้ำแม่ลี้,ศรีเตี้ย,บ้านโฮ่ง,ลำพูน
2022-01-29,6.61,Ban Luang,น้ำแม่ตื่น,ยางเปียง,อมก๋อย,เชียงใหม่
2022-01-29,3.91,Ban Luang Nuea,น้ำงาว,หลวงใต้,งาว,ลำปาง
2022-01-29,6.735416667,Ban Mae E Hi,น้ำแม่ลี้,ศรีวิชัย,ลี้,ลำพูน
2022-01-29,4.7,Ban Mae Kha Bridge,น้ำฝาง,แม่ข่า,ฝาง,เชียงใหม่
2022-01-29,5.27,Ban Mae Khom Mi Tamnak Tham,น้ำแม่คำมี,ตำหนักธรรม,หนองม่วงไข่,แพร่
2022-01-29,5.91,Ban Mae Lai,น้ำแม่หล่าย,แม่หล่าย,เมือง,แพร่
2022-01-29,1.979583333,Ban Mae Tae,แม่น้ำปิง,แม่แฝกเก่า,สันทราย,เชียงใหม่
2022-01-29,2.4,Ban Mae Taeng,แม่น้ำแตง,สันมหาพล,แม่แตง,เชียงใหม่
2022-01-29,3.43,Ban Mae Wan,น้ำแม่กวง,ป่าเมี่ยง,ดอยสะเก็ด,เชียงใหม่
2022-01-29,5.18,Ban Mai Rim Fang,น้ำฝาง,เวียงฝาง,ฝาง,เชียงใหม่
2022-01-29,7.539583333,Ban Mang,น้ำปี้,มาง,เชียงม่วน,พะเยา
2022-01-29,5.66,Ban Muang Pok,น้ำแม่แตง,เปียงหลวง,เวียงแหง,เชียงใหม่
2022-01-29,4.371666667,Ban Mueang Kuet,น้ำแม่แตง,กึ๊ดช้าง,แม่แตง,เชียงใหม่
2022-01-29,2.353333333,Ban Mueang Mai,ห้วยแม่ต๋า,เมืองมาย,แจ้ห่ม,ลำปาง
2022-01-29,4.304583333,Ban Mueang Pha,น้ำแม่ริม,ริมเหนือ,แม่ริม,เชียงใหม่
2022-01-29,8.391666667,Ban Nam Khong,แม่น้ำยม,ป่าแมต,เมือง,แพร่
2022-01-29,5.855,Ban Nam Yao,น้ำยาว,อวน,ปัว,น่าน
2022-01-29,1.765416667,Ban Nong Naw,น้ำแม่สอย,แจ้ห่ม,แจ้ห่ม,ลำปาง
2022-01-29,3.363333333,Ban Nong Pham,น้ำแม่ลาว,แม่สรวย,แม่สรวย,เชียงราย
2022-01-29,7,Ban Pa Kha,น้ำควร,ควร,ปง,พะเยา
2022-01-29,7.93625,Ban Pa Khoi Tai,แม่น้ำปิง,สันผีเสื้อ,เมือง,เชียงใหม่
2022-01-29,4.78125,Ban Pa Sang,น้ำแม่ทา,ป่าซาง,ป่าซาง,ลำพูน
2022-01-29,5.537083333,Ban Pang Sa,ห้วยน้ำยาว,ผาทอง,ท่าวังผา,น่าน
2022-01-29,10.19,Ban Pha Khwang,แม่น้ำน่าน,บ่อ,เมือง,น่าน
2022-01-29,6.47,Ban Phai Ngarm,แม่น้ำน่าน,ส้าน,เวียงสา,น่าน
2022-01-29,4.2,Ban Phan Ton,น้ำแม่วาง,ทุ่งปี้,แม่วาง,เชียงใหม่
2022-01-29,4.8,Ban Phi Tai,น้ำปี้,บ้านพี้,บ้านหลวง,น่าน
2022-01-29,6.773333333,Ban Pong,น้ำแม่กวง,บวกค้าง,สันกำแพง,เชียงใหม่
2022-01-29,4.6,Ban Pong,ห้วยโป่ง,บ้านโป่ง,งาว,ลำปาง
2022-01-29,4.133333333,Ban Rong Kho,แม่น้ำวัง,ร่องเคาะ,วังเหนือ,ลำปาง
2022-01-29,3.05,Ban Saluang Nok,น้ำแม่ริม,สลวง,แม่ริม,เชียงใหม่
2022-01-29,4.46,Ban San Pu Loei,น้ำแม่ขอด,โหล่งขอด,พร้าว,เชียงใหม่
2022-01-29,3.95,Ban Singpotin,น้ำแม่ลาย,ป่าเมี่ยง,ดอยสะเก็ด,เชียงใหม่
2022-01-29,9.68,Ban Sob Soi,แม่น้ำปิง,แม่สอย,จอมทอง,เชียงใหม่
2022-01-29,5.657083333,Ban Sop Mae Sapoot,แม่น้ำแม่ทา,ทาสบเส้า,แม่ทา,ลำพูน
2022-01-29,7.75,Ban Sop Pae,แม่น้ำปิง,สบแปะ,จอมทอง,เชียงใหม่
2022-01-29,5.633333333,Ban Sop Prap,แม่น้ำวัง,สบปราบ,สบปราบ,ลำปาง
2022-01-29,5.96,Ban Sop Tam,น้ำแม่ต่ำ,เกาะคา,เกาะคา,ลำปาง
2022-01-29,4.382083333,Ban Sop Win,น้ำแม่วาง,แม่วิน,แม่วาง,เชียงใหม่
2022-01-29,5.813333333,Ban Tha Duea,แม่น้ำวัง,พิชัย,เมือง,ลำปาง
2022-01-29,5.436666667,Ban Tha Lo,น้ำแม่ตุ๋ย,บ่อแฮ้ว,เมือง,ลำปาง
2022-01-29,3.77,Ban Tha Pong Daeng,น้ำปาย,ผาบ่อง,เมือง,แม่ฮ่องสอน
2022-01-29,6.82875,Ban Thung Nong,แม่น้ำยม,สระ,เชียงม่วน,พะเยา
2022-01-29,3.631666667,Ban Ton Yang,น้ำแม่ลาว,บัวสลี,แม่ลาว,เชียงราย
2022-01-29,13.05333333,Ban Wang Chin,แม่น้ำยม,วังชิ้น,วังชิ้น,แพร่
2022-01-29,4.45,Chedingam,น้ำอิง,ท่าวังทอง,เมือง,พะเยา
2022-01-29,6.785,In front of the Forestry Office,แม่น้ำน่าน,ในเวียง,เมือง,น่าน
2022-01-29,5.402083333,Mae Kham Lak Chet,น้ำแม่คำ,ศรีค้ำ,แม่จัน,เชียงราย
2022-01-29,2.02,Nam Mae Chaem,น้ำแม่แจ่ม,บ้านท่าข้าม,จอมทอง,เชียงใหม่
2022-01-29,5.19,Nawarat Bridge,แม่น้ำปิง,วัดเกต,เมือง,เชียงใหม่
2022-01-29,4.38,Pracha Uthit Bridge,น้ำแม่กลาง,บ้านหลวง,จอมทอง,เชียงใหม่
2022-01-29,5.58,Romklao Cooperative House,น้ำแม่งัด,แม่แวน,พร้าว,เชียงใหม่
2022-01-29,4.35,Saphan Ban Khay,น้ำฝาง,แม่นาวาง,แม่อาย,เชียงใหม่
2022-01-29,4.728333333,Setuwaree Bridge,แม้น้ำวัง,เวียงเหนือ,เมือง,ลำปาง
2022-01-29,11.295,Tha Li Bridge,น้ำว้า,ขึ่ง,เวียงสา,น่าน
2022-01-29,8.202916667,Tha Nang Bridge,น้ำแม่กวง,ในเมือง,เมือง,ลำพูน
2022-01-29,3.2125,Wang Phrao,น้ำแม่จาง,วังพร้าว,เกาะคา,ลำปาง
2022-01-30,2.845,Ban Chiang Dao,แม่น้ำปิง,เชียงดาว,เชียงดาว,เชียงใหม่
2022-01-30,3.225833333,Ban Chor Lae,แม่น้ำปิง,ช่อแล,แม่แตง,เชียงใหม่
2022-01-30,4.083333333,Ban Don Chai,แม่น้ำวัง,ล้อมแรด,เถิน,ลำปาง
2022-01-30,7.990208333,Ban Don Mun,แม่น้ำวัง,บ้านแลง,เมือง,ลำปาง
2022-01-30,3.8,Ban Don Sali,น้ำแม่ลาว,ป่าแดด,แม่สรวย,เชียงราย
2022-01-30,5.11,Ban Hai,แม่น้ำวัง,ปงดอน,แจ้ห่ม,ลำปาง
2022-01-30,2.8,Ban Hong,น้ำแม่ออน,ร้องวัวแดง,สันกำแพง,เชียงใหม่
2022-01-30,2.752083333,Ban Hua Sapan,น้ำแม่จัน,ป่าซาง,แม่จัน,เชียงราย
2022-01-30,5.14,Ban Huai Pa Sang,น้ำแม่แตง,กึ๊ดช้าง,แม่แตง,เชียงใหม่
2022-01-30,9.738333333,Ban Huai Sak,แม่น้ำยม,เตาปูน,สอง,แพร่
2022-01-30,6.01125,Ban Klang,น้ำแม่ขาน,บ้านกลาง,สันป่าตอง,เชียงใหม่
2022-01-30,3.25,Ban Ko Kha,แม่น้ำวัง,ศาลา,เกาะคา,ลำปาง
2022-01-30,4.48,Ban Krariang Tung Phrao,น้ำแม่สรวย,วาวี,แม่สรวย,เชียงราย
2022-01-30,-3.06,Ban Lai Kaeo,น้ำแม่ลี้,ศรีเตี้ย,บ้านโฮ่ง,ลำพูน
2022-01-30,6.6,Ban Luang,น้ำแม่ตื่น,ยางเปียง,อมก๋อย,เชียงใหม่
2022-01-30,3.91,Ban Luang Nuea,น้ำงาว,หลวงใต้,งาว,ลำปาง
2022-01-30,6.7125,Ban Mae E Hi,น้ำแม่ลี้,ศรีวิชัย,ลี้,ลำพูน
2022-01-30,4.68,Ban Mae Kha Bridge,น้ำฝาง,แม่ข่า,ฝาง,เชียงใหม่
2022-01-30,5.25,Ban Mae Khom Mi Tamnak Tham,น้ำแม่คำมี,ตำหนักธรรม,หนองม่วงไข่,แพร่
2022-01-30,5.91,Ban Mae Lai,น้ำแม่หล่าย,แม่หล่าย,เมือง,แพร่
2022-01-30,1.73125,Ban Mae Tae,แม่น้ำปิง,แม่แฝกเก่า,สันทราย,เชียงใหม่
2022-01-30,2.4,Ban Mae Taeng,แม่น้ำแตง,สันมหาพล,แม่แตง,เชียงใหม่
2022-01-30,3.48,Ban Mae Wan,น้ำแม่กวง,ป่าเมี่ยง,ดอยสะเก็ด,เชียงใหม่
2022-01-30,5.14,Ban Mai Rim Fang,น้ำฝาง,เวียงฝาง,ฝาง,เชียงใหม่
2022-01-30,7.52,Ban Mang,น้ำปี้,มาง,เชียงม่วน,พะเยา
2022-01-30,5.66,Ban Muang Pok,น้ำแม่แตง,เปียงหลวง,เวียงแหง,เชียงใหม่
2022-01-30,4.37,Ban Mueang Kuet,น้ำแม่แตง,กึ๊ดช้าง,แม่แตง,เชียงใหม่
2022-01-30,2.34,Ban Mueang Mai,ห้วยแม่ต๋า,เมืองมาย,แจ้ห่ม,ลำปาง
2022-01-30,4.279166667,Ban Mueang Pha,น้ำแม่ริม,ริมเหนือ,แม่ริม,เชียงใหม่
2022-01-30,8.372083333,Ban Nam Khong,แม่น้ำยม,ป่าแมต,เมือง,แพร่
2022-01-30,5.84125,Ban Nam Yao,น้ำยาว,อวน,ปัว,น่าน
2022-01-30,1.76,Ban Nong Naw,น้ำแม่สอย,แจ้ห่ม,แจ้ห่ม,ลำปาง
2022-01-30,3.389166667,Ban Nong Pham,น้ำแม่ลาว,แม่สรวย,แม่สรวย,เชียงราย
2022-01-30,7,Ban Pa Kha,น้ำควร,ควร,ปง,พะเยา
2022-01-30,7.8775,Ban Pa Khoi Tai,แม่น้ำปิง,สันผีเสื้อ,เมือง,เชียงใหม่
2022-01-30,4.78,Ban Pa Sang,น้ำแม่ทา,ป่าซาง,ป่าซาง,ลำพูน
2022-01-30,5.53,Ban Pang Sa,ห้วยน้ำยาว,ผาทอง,ท่าวังผา,น่าน
2022-01-30,10.19,Ban Pha Khwang,แม่น้ำน่าน,บ่อ,เมือง,น่าน
2022-01-30,6.45625,Ban Phai Ngarm,แม่น้ำน่าน,ส้าน,เวียงสา,น่าน
2022-01-30,4.2,Ban Phan Ton,น้ำแม่วาง,ทุ่งปี้,แม่วาง,เชียงใหม่
2022-01-30,4.8,Ban Phi Tai,น้ำปี้,บ้านพี้,บ้านหลวง,น่าน
2022-01-30,6.791666667,Ban Pong,น้ำแม่กวง,บวกค้าง,สันกำแพง,เชียงใหม่
2022-01-30,4.583333333,Ban Pong,ห้วยโป่ง,บ้านโป่ง,งาว,ลำปาง
2022-01-30,4.11,Ban Rong Kho,แม่น้ำวัง,ร่องเคาะ,วังเหนือ,ลำปาง
2022-01-30,3.05,Ban Saluang Nok,น้ำแม่ริม,สลวง,แม่ริม,เชียงใหม่
2022-01-30,4.32,Ban San Pu Loei,น้ำแม่ขอด,โหล่งขอด,พร้าว,เชียงใหม่
2022-01-30,3.95,Ban Singpotin,น้ำแม่ลาย,ป่าเมี่ยง,ดอยสะเก็ด,เชียงใหม่
2022-01-30,9.67,Ban Sob Soi,แม่น้ำปิง,แม่สอย,จอมทอง,เชียงใหม่
2022-01-30,5.621666667,Ban Sop Mae Sapoot,แม่น้ำแม่ทา,ทาสบเส้า,แม่ทา,ลำพูน
2022-01-30,7.7,Ban Sop Pae,แม่น้ำปิง,สบแปะ,จอมทอง,เชียงใหม่
2022-01-30,5.62,Ban Sop Prap,แม่น้ำวัง,สบปราบ,สบปราบ,ลำปาง
2022-01-30,5.96,Ban Sop Tam,น้ำแม่ต่ำ,เกาะคา,เกาะคา,ลำปาง
2022-01-30,4.38,Ban Sop Win,น้ำแม่วาง,แม่วิน,แม่วาง,เชียงใหม่
2022-01-30,5.76,Ban Tha Duea,แม่น้ำวัง,พิชัย,เมือง,ลำปาง
2022-01-30,5.37,Ban Tha Lo,น้ำแม่ตุ๋ย,บ่อแฮ้ว,เมือง,ลำปาง
2022-01-30,3.77,Ban Tha Pong Daeng,น้ำปาย,ผาบ่อง,เมือง,แม่ฮ่องสอน
2022-01-30,6.834583333,Ban Thung Nong,แม่น้ำยม,สระ,เชียงม่วน,พะเยา
2022-01-30,3.615,Ban Ton Yang,น้ำแม่ลาว,บัวสลี,แม่ลาว,เชียงราย
2022-01-30,13.0225,Ban Wang Chin,แม่น้ำยม,วังชิ้น,วังชิ้น,แพร่
2022-01-30,4.256666667,Chedingam,น้ำอิง,ท่าวังทอง,เมือง,พะเยา
2022-01-30,6.767916667,In front of the Forestry Office,แม่น้ำน่าน,ในเวียง,เมือง,น่าน
2022-01-30,5.382083333,Mae Kham Lak Chet,น้ำแม่คำ,ศรีค้ำ,แม่จัน,เชียงราย
2022-01-30,2.02,Nam Mae Chaem,น้ำแม่แจ่ม,บ้านท่าข้าม,จอมทอง,เชียงใหม่
2022-01-30,5.144583333,Nawarat Bridge,แม่น้ำปิง,วัดเกต,เมือง,เชียงใหม่
2022-01-30,4.38,Pracha Uthit Bridge,น้ำแม่กลาง,บ้านหลวง,จอมทอง,เชียงใหม่
2022-01-30,5.5,Romklao Cooperative House,น้ำแม่งัด,แม่แวน,พร้าว,เชียงใหม่
2022-01-30,4.3,Saphan Ban Khay,น้ำฝาง,แม่นาวาง,แม่อาย,เชียงใหม่
2022-01-30,4.7125,Setuwaree Bridge,แม้น้ำวัง,เวียงเหนือ,เมือง,ลำปาง
2022-01-30,11.28416667,Tha Li Bridge,น้ำว้า,ขึ่ง,เวียงสา,น่าน
2022-01-30,8.305416667,Tha Nang Bridge,น้ำแม่กวง,ในเมือง,เมือง,ลำพูน
2022-01-30,3.18625,Wang Phrao,น้ำแม่จาง,วังพร้าว,เกาะคา,ลำปาง
2022-01-31,2.84,Ban Chiang Dao,แม่น้ำปิง,เชียงดาว,เชียงดาว,เชียงใหม่
2022-01-31,3.212916667,Ban Chor Lae,แม่น้ำปิง,ช่อแล,แม่แตง,เชียงใหม่
2022-01-31,4.03875,Ban Don Chai,แม่น้ำวัง,ล้อมแรด,เถิน,ลำปาง
2022-01-31,7.8125,Ban Don Mun,แม่น้ำวัง,บ้านแลง,เมือง,ลำปาง
2022-01-31,3.8,Ban Don Sali,น้ำแม่ลาว,ป่าแดด,แม่สรวย,เชียงราย
2022-01-31,5.115416667,Ban Hai,แม่น้ำวัง,ปงดอน,แจ้ห่ม,ลำปาง
2022-01-31,2.8,Ban Hong,น้ำแม่ออน,ร้องวัวแดง,สันกำแพง,เชียงใหม่
2022-01-31,2.731666667,Ban Hua Sapan,น้ำแม่จัน,ป่าซาง,แม่จัน,เชียงราย
2022-01-31,5.1,Ban Huai Pa Sang,น้ำแม่แตง,กึ๊ดช้าง,แม่แตง,เชียงใหม่
2022-01-31,9.724583333,Ban Huai Sak,แม่น้ำยม,เตาปูน,สอง,แพร่
2022-01-31,5.989166667,Ban Klang,น้ำแม่ขาน,บ้านกลาง,สันป่าตอง,เชียงใหม่
2022-01-31,3.246666667,Ban Ko Kha,แม่น้ำวัง,ศาลา,เกาะคา,ลำปาง
2022-01-31,4.48,Ban Krariang Tung Phrao,น้ำแม่สรวย,วาวี,แม่สรวย,เชียงราย
2022-01-31,-3.063333333,Ban Lai Kaeo,น้ำแม่ลี้,ศรีเตี้ย,บ้านโฮ่ง,ลำพูน
2022-01-31,6.6,Ban Luang,น้ำแม่ตื่น,ยางเปียง,อมก๋อย,เชียงใหม่
2022-01-31,3.91,Ban Luang Nuea,น้ำงาว,หลวงใต้,งาว,ลำปาง
2022-01-31,6.679583333,Ban Mae E Hi,น้ำแม่ลี้,ศรีวิชัย,ลี้,ลำพูน
2022-01-31,4.7,Ban Mae Kha Bridge,น้ำฝาง,แม่ข่า,ฝาง,เชียงใหม่
2022-01-31,5.24,Ban Mae Khom Mi Tamnak Tham,น้ำแม่คำมี,ตำหนักธรรม,หนองม่วงไข่,แพร่
2022-01-31,5.9075,Ban Mae Lai,น้ำแม่หล่าย,แม่หล่าย,เมือง,แพร่
2022-01-31,1.7075,Ban Mae Tae,แม่น้ำปิง,แม่แฝกเก่า,สันทราย,เชียงใหม่
2022-01-31,2.42,Ban Mae Taeng,แม่น้ำแตง,สันมหาพล,แม่แตง,เชียงใหม่
2022-01-31,3.48,Ban Mae Wan,น้ำแม่กวง,ป่าเมี่ยง,ดอยสะเก็ด,เชียงใหม่
2022-01-31,5.1,Ban Mai Rim Fang,น้ำฝาง,เวียงฝาง,ฝาง,เชียงใหม่
2022-01-31,7.501666667,Ban Mang,น้ำปี้,มาง,เชียงม่วน,พะเยา
2022-01-31,5.66,Ban Muang Pok,น้ำแม่แตง,เปียงหลวง,เวียงแหง,เชียงใหม่
2022-01-31,4.37,Ban Mueang Kuet,น้ำแม่แตง,กึ๊ดช้าง,แม่แตง,เชียงใหม่
2022-01-31,2.33,Ban Mueang Mai,ห้วยแม่ต๋า,เมืองมาย,แจ้ห่ม,ลำปาง
2022-01-31,4.327083333,Ban Mueang Pha,น้ำแม่ริม,ริมเหนือ,แม่ริม,เชียงใหม่
2022-01-31,8.348333333,Ban Nam Khong,แม่น้ำยม,ป่าแมต,เมือง,แพร่
2022-01-31,5.84,Ban Nam Yao,น้ำยาว,อวน,ปัว,น่าน
2022-01-31,1.763333333,Ban Nong Naw,น้ำแม่สอย,แจ้ห่ม,แจ้ห่ม,ลำปาง
2022-01-31,3.446666667,Ban Nong Pham,น้ำแม่ลาว,แม่สรวย,แม่สรวย,เชียงราย
2022-01-31,7,Ban Pa Kha,น้ำควร,ควร,ปง,พะเยา
2022-01-31,7.860833333,Ban Pa Khoi Tai,แม่น้ำปิง,สันผีเสื้อ,เมือง,เชียงใหม่
2022-01-31,4.78,Ban Pa Sang,น้ำแม่ทา,ป่าซาง,ป่าซาง,ลำพูน
2022-01-31,5.5275,Ban Pang Sa,ห้วยน้ำยาว,ผาทอง,ท่าวังผา,น่าน
2022-01-31,10.18666667,Ban Pha Khwang,แม่น้ำน่าน,บ่อ,เมือง,น่าน
2022-01-31,6.44,Ban Phai Ngarm,แม่น้ำน่าน,ส้าน,เวียงสา,น่าน
2022-01-31,4.2,Ban Phan Ton,น้ำแม่วาง,ทุ่งปี้,แม่วาง,เชียงใหม่
2022-01-31,4.8,Ban Phi Tai,น้ำปี้,บ้านพี้,บ้านหลวง,น่าน
2022-01-31,6.810416667,Ban Pong,น้ำแม่กวง,บวกค้าง,สันกำแพง,เชียงใหม่
2022-01-31,4.566666667,Ban Pong,ห้วยโป่ง,บ้านโป่ง,งาว,ลำปาง
2022-01-31,4.11,Ban Rong Kho,แม่น้ำวัง,ร่องเคาะ,วังเหนือ,ลำปาง
2022-01-31,3.05,Ban Saluang Nok,น้ำแม่ริม,สลวง,แม่ริม,เชียงใหม่
2022-01-31,4.32,Ban San Pu Loei,น้ำแม่ขอด,โหล่งขอด,พร้าว,เชียงใหม่
2022-01-31,3.95,Ban Singpotin,น้ำแม่ลาย,ป่าเมี่ยง,ดอยสะเก็ด,เชียงใหม่
2022-01-31,9.66,Ban Sob Soi,แม่น้ำปิง,แม่สอย,จอมทอง,เชียงใหม่
2022-01-31,5.619583333,Ban Sop Mae Sapoot,แม่น้ำแม่ทา,ทาสบเส้า,แม่ทา,ลำพูน
2022-01-31,7.7,Ban Sop Pae,แม่น้ำปิง,สบแปะ,จอมทอง,เชียงใหม่
2022-01-31,5.62,Ban Sop Prap,แม่น้ำวัง,สบปราบ,สบปราบ,ลำปาง
2022-01-31,5.936666667,Ban Sop Tam,น้ำแม่ต่ำ,เกาะคา,เกาะคา,ลำปาง
2022-01-31,4.376666667,Ban Sop Win,น้ำแม่วาง,แม่วิน,แม่วาง,เชียงใหม่
2022-01-31,5.746666667,Ban Tha Duea,แม่น้ำวัง,พิชัย,เมือง,ลำปาง
2022-01-31,5.31,Ban Tha Lo,น้ำแม่ตุ๋ย,บ่อแฮ้ว,เมือง,ลำปาง
2022-01-31,3.77,Ban Tha Pong Daeng,น้ำปาย,ผาบ่อง,เมือง,แม่ฮ่องสอน
2022-01-31,6.809583333,Ban Thung Nong,แม่น้ำยม,สระ,เชียงม่วน,พะเยา
2022-01-31,3.59125,Ban Ton Yang,น้ำแม่ลาว,บัวสลี,แม่ลาว,เชียงราย
2022-01-31,13.00125,Ban Wang Chin,แม่น้ำยม,วังชิ้น,วังชิ้น,แพร่
2022-01-31,4.23,Chedingam,น้ำอิง,ท่าวังทอง,เมือง,พะเยา
2022-01-31,6.758333333,In front of the Forestry Office,แม่น้ำน่าน,ในเวียง,เมือง,น่าน
2022-01-31,5.37,Mae Kham Lak Chet,น้ำแม่คำ,ศรีค้ำ,แม่จัน,เชียงราย
2022-01-31,2.02,Nam Mae Chaem,น้ำแม่แจ่ม,บ้านท่าข้าม,จอมทอง,เชียงใหม่
2022-01-31,5.135833333,Nawarat Bridge,แม่น้ำปิง,วัดเกต,เมือง,เชียงใหม่
2022-01-31,4.38,Pracha Uthit Bridge,น้ำแม่กลาง,บ้านหลวง,จอมทอง,เชียงใหม่
2022-01-31,5.5,Romklao Cooperative House,น้ำแม่งัด,แม่แวน,พร้าว,เชียงใหม่
2022-01-31,4.19,Saphan Ban Khay,น้ำฝาง,แม่นาวาง,แม่อาย,เชียงใหม่
2022-01-31,4.66875,Setuwaree Bridge,แม้น้ำวัง,เวียงเหนือ,เมือง,ลำปาง
2022-01-31,11.28,Tha Li Bridge,น้ำว้า,ขึ่ง,เวียงสา,น่าน
2022-01-31,8.16375,Tha Nang Bridge,น้ำแม่กวง,ในเมือง,เมือง,ลำพูน
2022-01-31,3.1725,Wang Phrao,น้ำแม่จาง,วังพร้าว,เกาะคา,ลำปาง
2022-02-01,2.84875,Ban Chiang Dao,แม่น้ำปิง,เชียงดาว,เชียงดาว,เชียงใหม่
2022-02-01,3.2425,Ban Chor Lae,แม่น้ำปิง,ช่อแล,แม่แตง,เชียงใหม่
2022-02-01,4.07,Ban Don Chai,แม่น้ำวัง,ล้อมแรด,เถิน,ลำปาง
2022-02-01,7.805,Ban Don Mun,แม่น้ำวัง,บ้านแลง,เมือง,ลำปาง
2022-02-01,3.8,Ban Don Sali,น้ำแม่ลาว,ป่าแดด,แม่สรวย,เชียงราย
2022-02-01,5.127916667,Ban Hai,แม่น้ำวัง,ปงดอน,แจ้ห่ม,ลำปาง
2022-02-01,2.8,Ban Hong,น้ำแม่ออน,ร้องวัวแดง,สันกำแพง,เชียงใหม่
2022-02-01,2.705,Ban Hua Sapan,น้ำแม่จัน,ป่าซาง,แม่จัน,เชียงราย
2022-02-01,5.1,Ban Huai Pa Sang,น้ำแม่แตง,กึ๊ดช้าง,แม่แตง,เชียงใหม่
2022-02-01,9.706666667,Ban Huai Sak,แม่น้ำยม,เตาปูน,สอง,แพร่
2022-02-01,5.975833333,Ban Klang,น้ำแม่ขาน,บ้านกลาง,สันป่าตอง,เชียงใหม่
2022-02-01,3.24,Ban Ko Kha,แม่น้ำวัง,ศาลา,เกาะคา,ลำปาง
2022-02-01,4.474166667,Ban Krariang Tung Phrao,น้ำแม่สรวย,วาวี,แม่สรวย,เชียงราย
2022-02-01,-3.07875,Ban Lai Kaeo,น้ำแม่ลี้,ศรีเตี้ย,บ้านโฮ่ง,ลำพูน
2022-02-01,6.6,Ban Luang,น้ำแม่ตื่น,ยางเปียง,อมก๋อย,เชียงใหม่
2022-02-01,3.91,Ban Luang Nuea,น้ำงาว,หลวงใต้,งาว,ลำปาง
2022-02-01,6.67,Ban Mae E Hi,น้ำแม่ลี้,ศรีวิชัย,ลี้,ลำพูน
2022-02-01,5.24,Ban Mae Khom Mi Tamnak Tham,น้ำแม่คำมี,ตำหนักธรรม,หนองม่วงไข่,แพร่
2022-02-01,5.9,Ban Mae Lai,น้ำแม่หล่าย,แม่หล่าย,เมือง,แพร่
2022-02-01,1.684583333,Ban Mae Tae,แม่น้ำปิง,แม่แฝกเก่า,สันทราย,เชียงใหม่
2022-02-01,2.4,Ban Mae Taeng,แม่น้ำแตง,สันมหาพล,แม่แตง,เชียงใหม่
2022-02-01,3.48,Ban Mae Wan,น้ำแม่กวง,ป่าเมี่ยง,ดอยสะเก็ด,เชียงใหม่
2022-02-01,5.12,Ban Mai Rim Fang,น้ำฝาง,เวียงฝาง,ฝาง,เชียงใหม่
2022-02-01,7.48,Ban Mang,น้ำปี้,มาง,เชียงม่วน,พะเยา
2022-02-01,5.66,Ban Muang Pok,น้ำแม่แตง,เปียงหลวง,เวียงแหง,เชียงใหม่
2022-02-01,4.362916667,Ban Mueang Kuet,น้ำแม่แตง,กึ๊ดช้าง,แม่แตง,เชียงใหม่
2022-02-01,2.33,Ban Mueang Mai,ห้วยแม่ต๋า,เมืองมาย,แจ้ห่ม,ลำปาง
2022-02-01,4.30875,Ban Mueang Pha,น้ำแม่ริม,ริมเหนือ,แม่ริม,เชียงใหม่
2022-02-01,8.33875,Ban Nam Khong,แม่น้ำยม,ป่าแมต,เมือง,แพร่
2022-02-01,5.84,Ban Nam Yao,น้ำยาว,อวน,ปัว,น่าน
2022-02-01,1.77375,Ban Nong Naw,น้ำแม่สอย,แจ้ห่ม,แจ้ห่ม,ลำปาง
2022-02-01,3.5475,Ban Nong Pham,น้ำแม่ลาว,แม่สรวย,แม่สรวย,เชียงราย
2022-02-01,6.97,Ban Pa Kha,น้ำควร,ควร,ปง,พะเยา
2022-02-01,7.9025,Ban Pa Khoi Tai,แม่น้ำปิง,สันผีเสื้อ,เมือง,เชียงใหม่
2022-02-01,4.78,Ban Pa Sang,น้ำแม่ทา,ป่าซาง,ป่าซาง,ลำพูน
2022-02-01,5.52,Ban Pang Sa,ห้วยน้ำยาว,ผาทอง,ท่าวังผา,น่าน
2022-02-01,10.18,Ban Pha Khwang,แม่น้ำน่าน,บ่อ,เมือง,น่าน
2022-02-01,6.436666667,Ban Phai Ngarm,แม่น้ำน่าน,ส้าน,เวียงสา,น่าน
2022-02-01,4.2,Ban Phan Ton,น้ำแม่วาง,ทุ่งปี้,แม่วาง,เชียงใหม่
2022-02-01,4.8,Ban Phi Tai,น้ำปี้,บ้านพี้,บ้านหลวง,น่าน
2022-02-01,6.77625,Ban Pong,น้ำแม่กวง,บวกค้าง,สันกำแพง,เชียงใหม่
2022-02-01,4.586666667,Ban Pong,ห้วยโป่ง,บ้านโป่ง,งาว,ลำปาง
2022-02-01,4.08,Ban Rong Kho,แม่น้ำวัง,ร่องเคาะ,วังเหนือ,ลำปาง
2022-02-01,3.05,Ban Saluang Nok,น้ำแม่ริม,สลวง,แม่ริม,เชียงใหม่
2022-02-01,4.32,Ban San Pu Loei,น้ำแม่ขอด,โหล่งขอด,พร้าว,เชียงใหม่
2022-02-01,3.95,Ban Singpotin,น้ำแม่ลาย,ป่าเมี่ยง,ดอยสะเก็ด,เชียงใหม่
2022-02-01,9.66,Ban Sob Soi,แม่น้ำปิง,แม่สอย,จอมทอง,เชียงใหม่
2022-02-01,5.62,Ban Sop Mae Sapoot,แม่น้ำแม่ทา,ทาสบเส้า,แม่ทา,ลำพูน
2022-02-01,7.7,Ban Sop Pae,แม่น้ำปิง,สบแปะ,จอมทอง,เชียงใหม่
2022-02-01,5.61,Ban Sop Prap,แม่น้ำวัง,สบปราบ,สบปราบ,ลำปาง
2022-02-01,5.89,Ban Sop Tam,น้ำแม่ต่ำ,เกาะคา,เกาะคา,ลำปาง
2022-02-01,4.361666667,Ban Sop Win,น้ำแม่วาง,แม่วิน,แม่วาง,เชียงใหม่
2022-02-01,5.75,Ban Tha Duea,แม่น้ำวัง,พิชัย,เมือง,ลำปาง
2022-02-01,5.253333333,Ban Tha Lo,น้ำแม่ตุ๋ย,บ่อแฮ้ว,เมือง,ลำปาง
2022-02-01,3.77,Ban Tha Pong Daeng,น้ำปาย,ผาบ่อง,เมือง,แม่ฮ่องสอน
2022-02-01,6.789583333,Ban Thung Nong,แม่น้ำยม,สระ,เชียงม่วน,พะเยา
2022-02-01,3.61625,Ban Ton Yang,น้ำแม่ลาว,บัวสลี,แม่ลาว,เชียงราย
2022-02-01,12.96875,Ban Wang Chin,แม่น้ำยม,วังชิ้น,วังชิ้น,แพร่
2022-02-01,4.24,Chedingam,น้ำอิง,ท่าวังทอง,เมือง,พะเยา
2022-02-01,6.7475,In front of the Forestry Office,แม่น้ำน่าน,ในเวียง,เมือง,น่าน
2022-02-01,5.37,Mae Kham Lak Chet,น้ำแม่คำ,ศรีค้ำ,แม่จัน,เชียงราย
2022-02-01,2.02,Nam Mae Chaem,น้ำแม่แจ่ม,บ้านท่าข้าม,จอมทอง,เชียงใหม่
2022-02-01,5.167083333,Nawarat Bridge,แม่น้ำปิง,วัดเกต,เมือง,เชียงใหม่
2022-02-01,4.38,Pracha Uthit Bridge,น้ำแม่กลาง,บ้านหลวง,จอมทอง,เชียงใหม่
2022-02-01,5.5,Romklao Cooperative House,น้ำแม่งัด,แม่แวน,พร้าว,เชียงใหม่
2022-02-01,4.28,Saphan Ban Khay,น้ำฝาง,แม่นาวาง,แม่อาย,เชียงใหม่
2022-02-01,4.68,Setuwaree Bridge,แม้น้ำวัง,เวียงเหนือ,เมือง,ลำปาง
2022-02-01,11.27458333,Tha Li Bridge,น้ำว้า,ขึ่ง,เวียงสา,น่าน
2022-02-01,8.054583333,Tha Nang Bridge,น้ำแม่กวง,ในเมือง,เมือง,ลำพูน
2022-02-01,3.161666667,Wang Phrao,น้ำแม่จาง,วังพร้าว,เกาะคา,ลำปาง
2022-02-02,2.85,Ban Chiang Dao,แม่น้ำปิง,เชียงดาว,เชียงดาว,เชียงใหม่
2022-02-02,3.233333333,Ban Chor Lae,แม่น้ำปิง,ช่อแล,แม่แตง,เชียงใหม่
2022-02-02,4.071666667,Ban Don Chai,แม่น้ำวัง,ล้อมแรด,เถิน,ลำปาง
2022-02-02,7.803333333,Ban Don Mun,แม่น้ำวัง,บ้านแลง,เมือง,ลำปาง
2022-02-02,3.8,Ban Don Sali,น้ำแม่ลาว,ป่าแดด,แม่สรวย,เชียงราย
2022-02-02,5.85625,Ban Hai,แม่น้ำวัง,ปงดอน,แจ้ห่ม,ลำปาง
2022-02-02,2.8,Ban Hong,น้ำแม่ออน,ร้องวัวแดง,สันกำแพง,เชียงใหม่
2022-02-02,2.73875,Ban Hua Sapan,น้ำแม่จัน,ป่าซาง,แม่จัน,เชียงราย
2022-02-02,5.1,Ban Huai Pa Sang,น้ำแม่แตง,กึ๊ดช้าง,แม่แตง,เชียงใหม่
2022-02-02,9.672916667,Ban Huai Sak,แม่น้ำยม,เตาปูน,สอง,แพร่
2022-02-02,5.927916667,Ban Klang,น้ำแม่ขาน,บ้านกลาง,สันป่าตอง,เชียงใหม่
2022-02-02,3.24,Ban Ko Kha,แม่น้ำวัง,ศาลา,เกาะคา,ลำปาง
2022-02-02,4.452083333,Ban Krariang Tung Phrao,น้ำแม่สรวย,วาวี,แม่สรวย,เชียงราย
2022-02-02,-3.078333333,Ban Lai Kaeo,น้ำแม่ลี้,ศรีเตี้ย,บ้านโฮ่ง,ลำพูน
2022-02-02,6.59,Ban Luang,น้ำแม่ตื่น,ยางเปียง,อมก๋อย,เชียงใหม่
2022-02-02,3.904166667,Ban Luang Nuea,น้ำงาว,หลวงใต้,งาว,ลำปาง
2022-02-02,6.672916667,Ban Mae E Hi,น้ำแม่ลี้,ศรีวิชัย,ลี้,ลำพูน
2022-02-02,5.24,Ban Mae Khom Mi Tamnak Tham,น้ำแม่คำมี,ตำหนักธรรม,หนองม่วงไข่,แพร่
2022-02-02,5.91,Ban Mae Lai,น้ำแม่หล่าย,แม่หล่าย,เมือง,แพร่
2022-02-02,1.65,Ban Mae Tae,แม่น้ำปิง,แม่แฝกเก่า,สันทราย,เชียงใหม่
2022-02-02,2.4,Ban Mae Taeng,แม่น้ำแตง,สันมหาพล,แม่แตง,เชียงใหม่
2022-02-02,3.48,Ban Mae Wan,น้ำแม่กวง,ป่าเมี่ยง,ดอยสะเก็ด,เชียงใหม่
2022-02-02,5.1,Ban Mai Rim Fang,น้ำฝาง,เวียงฝาง,ฝาง,เชียงใหม่
2022-02-02,7.459583333,Ban Mang,น้ำปี้,มาง,เชียงม่วน,พะเยา
2022-02-02,5.66,Ban Muang Pok,น้ำแม่แตง,เปียงหลวง,เวียงแหง,เชียงใหม่
2022-02-02,4.334166667,Ban Mueang Kuet,น้ำแม่แตง,กึ๊ดช้าง,แม่แตง,เชียงใหม่
2022-02-02,2.32,Ban Mueang Mai,ห้วยแม่ต๋า,เมืองมาย,แจ้ห่ม,ลำปาง
2022-02-02,4.322916667,Ban Mueang Pha,น้ำแม่ริม,ริมเหนือ,แม่ริม,เชียงใหม่
2022-02-02,8.349166667,Ban Nam Khong,แม่น้ำยม,ป่าแมต,เมือง,แพร่
2022-02-02,5.84,Ban Nam Yao,น้ำยาว,อวน,ปัว,น่าน
2022-02-02,1.790416667,Ban Nong Naw,น้ำแม่สอย,แจ้ห่ม,แจ้ห่ม,ลำปาง
2022-02-02,3.545416667,Ban Nong Pham,น้ำแม่ลาว,แม่สรวย,แม่สรวย,เชียงราย
2022-02-02,6.962,Ban Pa Kha,น้ำควร,ควร,ปง,พะเยา
2022-02-02,7.920833333,Ban Pa Khoi Tai,แม่น้ำปิง,สันผีเสื้อ,เมือง,เชียงใหม่
2022-02-02,4.78,Ban Pa Sang,น้ำแม่ทา,ป่าซาง,ป่าซาง,ลำพูน
2022-02-02,5.52,Ban Pang Sa,ห้วยน้ำยาว,ผาทอง,ท่าวังผา,น่าน
2022-02-02,10.18,Ban Pha Khwang,แม่น้ำน่าน,บ่อ,เมือง,น่าน
2022-02-02,6.43,Ban Phai Ngarm,แม่น้ำน่าน,ส้าน,เวียงสา,น่าน
2022-02-02,4.2,Ban Phan Ton,น้ำแม่วาง,ทุ่งปี้,แม่วาง,เชียงใหม่
2022-02-02,4.7,Ban Phi Tai,น้ำปี้,บ้านพี้,บ้านหลวง,น่าน
2022-02-02,6.685833333,Ban Pong,น้ำแม่กวง,บวกค้าง,สันกำแพง,เชียงใหม่
2022-02-02,4.583333333,Ban Pong,ห้วยโป่ง,บ้านโป่ง,งาว,ลำปาง
2022-02-02,4.083333333,Ban Rong Kho,แม่น้ำวัง,ร่องเคาะ,วังเหนือ,ลำปาง
2022-02-02,3.05,Ban Saluang Nok,น้ำแม่ริม,สลวง,แม่ริม,เชียงใหม่
2022-02-02,4.3,Ban San Pu Loei,น้ำแม่ขอด,โหล่งขอด,พร้าว,เชียงใหม่
2022-02-02,3.95,Ban Singpotin,น้ำแม่ลาย,ป่าเมี่ยง,ดอยสะเก็ด,เชียงใหม่
2022-02-02,9.64,Ban Sob Soi,แม่น้ำปิง,แม่สอย,จอมทอง,เชียงใหม่
2022-02-02,5.62,Ban Sop Mae Sapoot,แม่น้ำแม่ทา,ทาสบเส้า,แม่ทา,ลำพูน
2022-02-02,7.75,Ban Sop Pae,แม่น้ำปิง,สบแปะ,จอมทอง,เชียงใหม่
2022-02-02,5.606666667,Ban Sop Prap,แม่น้ำวัง,สบปราบ,สบปราบ,ลำปาง
2022-02-02,5.89,Ban Sop Tam,น้ำแม่ต่ำ,เกาะคา,เกาะคา,ลำปาง
2022-02-02,4.36,Ban Sop Win,น้ำแม่วาง,แม่วิน,แม่วาง,เชียงใหม่
2022-02-02,5.726666667,Ban Tha Duea,แม่น้ำวัง,พิชัย,เมือง,ลำปาง
2022-02-02,5.28,Ban Tha Lo,น้ำแม่ตุ๋ย,บ่อแฮ้ว,เมือง,ลำปาง
2022-02-02,3.77,Ban Tha Pong Daeng,น้ำปาย,ผาบ่อง,เมือง,แม่ฮ่องสอน
2022-02-02,6.786666667,Ban Thung Nong,แม่น้ำยม,สระ,เชียงม่วน,พะเยา
2022-02-02,3.575833333,Ban Ton Yang,น้ำแม่ลาว,บัวสลี,แม่ลาว,เชียงราย
2022-02-02,12.93041667,Ban Wang Chin,แม่น้ำยม,วังชิ้น,วังชิ้น,แพร่
2022-02-02,4.313333333,Chedingam,น้ำอิง,ท่าวังทอง,เมือง,พะเยา
2022-02-02,6.732083333,In front of the Forestry Office,แม่น้ำน่าน,ในเวียง,เมือง,น่าน
2022-02-02,5.36,Mae Kham Lak Chet,น้ำแม่คำ,ศรีค้ำ,แม่จัน,เชียงราย
2022-02-02,2.02,Nam Mae Chaem,น้ำแม่แจ่ม,บ้านท่าข้าม,จอมทอง,เชียงใหม่
2022-02-02,5.1825,Nawarat Bridge,แม่น้ำปิง,วัดเกต,เมือง,เชียงใหม่
2022-02-02,4.38,Pracha Uthit Bridge,น้ำแม่กลาง,บ้านหลวง,จอมทอง,เชียงใหม่
2022-02-02,5.5,Romklao Cooperative House,น้ำแม่งัด,แม่แวน,พร้าว,เชียงใหม่
2022-02-02,4.28,Saphan Ban Khay,น้ำฝาง,แม่นาวาง,แม่อาย,เชียงใหม่
2022-02-02,4.666666667,Setuwaree Bridge,แม้น้ำวัง,เวียงเหนือ,เมือง,ลำปาง
2022-02-02,11.27583333,Tha Li Bridge,น้ำว้า,ขึ่ง,เวียงสา,น่าน
2022-02-02,7.831666667,Tha Nang Bridge,น้ำแม่กวง,ในเมือง,เมือง,ลำพูน
2022-02-02,3.16,Wang Phrao,น้ำแม่จาง,วังพร้าว,เกาะคา,ลำปาง
2022-02-03,2.83625,Ban Chiang Dao,แม่น้ำปิง,เชียงดาว,เชียงดาว,เชียงใหม่
2022-02-03,3.235833333,Ban Chor Lae,แม่น้ำปิง,ช่อแล,แม่แตง,เชียงใหม่
2022-02-03,4.063333333,Ban Don Chai,แม่น้ำวัง,ล้อมแรด,เถิน,ลำปาง
2022-02-03,7.81125,Ban Don Mun,แม่น้ำวัง,บ้านแลง,เมือง,ลำปาง
2022-02-03,3.8,Ban Don Sali,น้ำแม่ลาว,ป่าแดด,แม่สรวย,เชียงราย
2022-02-03,6.0325,Ban Hai,แม่น้ำวัง,ปงดอน,แจ้ห่ม,ลำปาง
2022-02-03,2.8,Ban Hong,น้ำแม่ออน,ร้องวัวแดง,สันกำแพง,เชียงใหม่
2022-02-03,2.724583333,Ban Hua Sapan,น้ำแม่จัน,ป่าซาง,แม่จัน,เชียงราย
2022-02-03,5.1,Ban Huai Pa Sang,น้ำแม่แตง,กึ๊ดช้าง,แม่แตง,เชียงใหม่
2022-02-03,9.63125,Ban Huai Sak,แม่น้ำยม,เตาปูน,สอง,แพร่
2022-02-03,5.931666667,Ban Klang,น้ำแม่ขาน,บ้านกลาง,สันป่าตอง,เชียงใหม่
2022-02-03,3.236666667,Ban Ko Kha,แม่น้ำวัง,ศาลา,เกาะคา,ลำปาง
2022-02-03,4.45,Ban Krariang Tung Phrao,น้ำแม่สรวย,วาวี,แม่สรวย,เชียงราย
2022-02-03,-3.07,Ban Lai Kaeo,น้ำแม่ลี้,ศรีเตี้ย,บ้านโฮ่ง,ลำพูน
2022-02-03,6.59,Ban Luang,น้ำแม่ตื่น,ยางเปียง,อมก๋อย,เชียงใหม่
2022-02-03,3.900833333,Ban Luang Nuea,น้ำงาว,หลวงใต้,งาว,ลำปาง
2022-02-03,6.676666667,Ban Mae E Hi,น้ำแม่ลี้,ศรีวิชัย,ลี้,ลำพูน
2022-02-03,5.24,Ban Mae Khom Mi Tamnak Tham,น้ำแม่คำมี,ตำหนักธรรม,หนองม่วงไข่,แพร่
2022-02-03,5.916666667,Ban Mae Lai,น้ำแม่หล่าย,แม่หล่าย,เมือง,แพร่
2022-02-03,1.689166667,Ban Mae Tae,แม่น้ำปิง,แม่แฝกเก่า,สันทราย,เชียงใหม่
2022-02-03,2.4,Ban Mae Taeng,แม่น้ำแตง,สันมหาพล,แม่แตง,เชียงใหม่
2022-02-03,3.48,Ban Mae Wan,น้ำแม่กวง,ป่าเมี่ยง,ดอยสะเก็ด,เชียงใหม่
2022-02-03,5.1,Ban Mai Rim Fang,น้ำฝาง,เวียงฝาง,ฝาง,เชียงใหม่
2022-02-03,7.447083333,Ban Mang,น้ำปี้,มาง,เชียงม่วน,พะเยา
2022-02-03,5.62,Ban Muang Pok,น้ำแม่แตง,เปียงหลวง,เวียงแหง,เชียงใหม่
2022-02-03,4.352083333,Ban Mueang Kuet,น้ำแม่แตง,กึ๊ดช้าง,แม่แตง,เชียงใหม่
2022-02-03,2.3525,Ban Mueang Mai,ห้วยแม่ต๋า,เมืองมาย,แจ้ห่ม,ลำปาง
2022-02-03,4.330416667,Ban Mueang Pha,น้ำแม่ริม,ริมเหนือ,แม่ริม,เชียงใหม่
2022-02-03,8.32375,Ban Nam Khong,แม่น้ำยม,ป่าแมต,เมือง,แพร่
2022-02-03,5.84,Ban Nam Yao,น้ำยาว,อวน,ปัว,น่าน
2022-02-03,1.78375,Ban Nong Naw,น้ำแม่สอย,แจ้ห่ม,แจ้ห่ม,ลำปาง
2022-02-03,3.537916667,Ban Nong Pham,น้ำแม่ลาว,แม่สรวย,แม่สรวย,เชียงราย
2022-02-03,6.95,Ban Pa Kha,น้ำควร,ควร,ปง,พะเยา
2022-02-03,7.768333333,Ban Pa Khoi Tai,แม่น้ำปิง,สันผีเสื้อ,เมือง,เชียงใหม่
2022-02-03,4.78,Ban Pa Sang,น้ำแม่ทา,ป่าซาง,ป่าซาง,ลำพูน
2022-02-03,5.52,Ban Pang Sa,ห้วยน้ำยาว,ผาทอง,ท่าวังผา,น่าน
2022-02-03,10.18,Ban Pha Khwang,แม่น้ำน่าน,บ่อ,เมือง,น่าน
2022-02-03,6.426666667,Ban Phai Ngarm,แม่น้ำน่าน,ส้าน,เวียงสา,น่าน
2022-02-03,4.2,Ban Phan Ton,น้ำแม่วาง,ทุ่งปี้,แม่วาง,เชียงใหม่
2022-02-03,4.7,Ban Phi Tai,น้ำปี้,บ้านพี้,บ้านหลวง,น่าน
2022-02-03,6.669583333,Ban Pong,น้ำแม่กวง,บวกค้าง,สันกำแพง,เชียงใหม่
2022-02-03,4.5825,Ban Pong,ห้วยโป่ง,บ้านโป่ง,งาว,ลำปาง
2022-02-03,4.08,Ban Rong Kho,แม่น้ำวัง,ร่องเคาะ,วังเหนือ,ลำปาง
2022-02-03,3.03,Ban Saluang Nok,น้ำแม่ริม,สลวง,แม่ริม,เชียงใหม่
2022-02-03,4.3,Ban San Pu Loei,น้ำแม่ขอด,โหล่งขอด,พร้าว,เชียงใหม่
2022-02-03,3.95,Ban Singpotin,น้ำแม่ลาย,ป่าเมี่ยง,ดอยสะเก็ด,เชียงใหม่
2022-02-03,9.66,Ban Sob Soi,แม่น้ำปิง,แม่สอย,จอมทอง,เชียงใหม่
2022-02-03,5.62,Ban Sop Mae Sapoot,แม่น้ำแม่ทา,ทาสบเส้า,แม่ทา,ลำพูน
2022-02-03,7.7,Ban Sop Pae,แม่น้ำปิง,สบแปะ,จอมทอง,เชียงใหม่
2022-02-03,5.61,Ban Sop Prap,แม่น้ำวัง,สบปราบ,สบปราบ,ลำปาง
2022-02-03,5.89,Ban Sop Tam,น้ำแม่ต่ำ,เกาะคา,เกาะคา,ลำปาง
2022-02-03,4.352083333,Ban Sop Win,น้ำแม่วาง,แม่วิน,แม่วาง,เชียงใหม่
2022-02-03,5.7,Ban Tha Duea,แม่น้ำวัง,พิชัย,เมือง,ลำปาง
2022-02-03,5.27,Ban Tha Lo,น้ำแม่ตุ๋ย,บ่อแฮ้ว,เมือง,ลำปาง
2022-02-03,3.76,Ban Tha Pong Daeng,น้ำปาย,ผาบ่อง,เมือง,แม่ฮ่องสอน
2022-02-03,6.757083333,Ban Thung Nong,แม่น้ำยม,สระ,เชียงม่วน,พะเยา
2022-02-03,3.589583333,Ban Ton Yang,น้ำแม่ลาว,บัวสลี,แม่ลาว,เชียงราย
2022-02-03,12.90958333,Ban Wang Chin,แม่น้ำยม,วังชิ้น,วังชิ้น,แพร่
2022-02-03,4.8,Chedingam,น้ำอิง,ท่าวังทอง,เมือง,พะเยา
2022-02-03,6.73,In front of the Forestry Office,แม่น้ำน่าน,ในเวียง,เมือง,น่าน
2022-02-03,5.35,Mae Kham Lak Chet,น้ำแม่คำ,ศรีค้ำ,แม่จัน,เชียงราย
2022-02-03,2.02,Nam Mae Chaem,น้ำแม่แจ่ม,บ้านท่าข้าม,จอมทอง,เชียงใหม่
2022-02-03,5.044166667,Nawarat Bridge,แม่น้ำปิง,วัดเกต,เมือง,เชียงใหม่
2022-02-03,4.38,Pracha Uthit Bridge,น้ำแม่กลาง,บ้านหลวง,จอมทอง,เชียงใหม่
2022-02-03,5.5,Romklao Cooperative House,น้ำแม่งัด,แม่แวน,พร้าว,เชียงใหม่
2022-02-03,4.28,Saphan Ban Khay,น้ำฝาง,แม่นาวาง,แม่อาย,เชียงใหม่
2022-02-03,4.63,Setuwaree Bridge,แม้น้ำวัง,เวียงเหนือ,เมือง,ลำปาง
2022-02-03,11.26666667,Tha Li Bridge,น้ำว้า,ขึ่ง,เวียงสา,น่าน
2022-02-03,7.55875,Tha Nang Bridge,น้ำแม่กวง,ในเมือง,เมือง,ลำพูน
2022-02-03,3.16,Wang Phrao,น้ำแม่จาง,วังพร้าว,เกาะคา,ลำปาง
2022-02-04,2.8125,Ban Chiang Dao,แม่น้ำปิง,เชียงดาว,เชียงดาว,เชียงใหม่
2022-02-04,3.33625,Ban Chor Lae,แม่น้ำปิง,ช่อแล,แม่แตง,เชียงใหม่
2022-02-04,4.065,Ban Don Chai,แม่น้ำวัง,ล้อมแรด,เถิน,ลำปาง
2022-02-04,7.808333333,Ban Don Mun,แม่น้ำวัง,บ้านแลง,เมือง,ลำปาง
2022-02-04,3.79,Ban Don Sali,น้ำแม่ลาว,ป่าแดด,แม่สรวย,เชียงราย
2022-02-04,6.18875,Ban Hai,แม่น้ำวัง,ปงดอน,แจ้ห่ม,ลำปาง
2022-02-04,2.8,Ban Hong,น้ำแม่ออน,ร้องวัวแดง,สันกำแพง,เชียงใหม่
2022-02-04,2.747916667,Ban Hua Sapan,น้ำแม่จัน,ป่าซาง,แม่จัน,เชียงราย
2022-02-04,5.1,Ban Huai Pa Sang,น้ำแม่แตง,กึ๊ดช้าง,แม่แตง,เชียงใหม่
2022-02-04,9.63,Ban Huai Sak,แม่น้ำยม,เตาปูน,สอง,แพร่
2022-02-04,5.94875,Ban Klang,น้ำแม่ขาน,บ้านกลาง,สันป่าตอง,เชียงใหม่
2022-02-04,3.23,Ban Ko Kha,แม่น้ำวัง,ศาลา,เกาะคา,ลำปาง
2022-02-04,4.4425,Ban Krariang Tung Phrao,น้ำแม่สรวย,วาวี,แม่สรวย,เชียงราย
2022-02-04,-3.071666667,Ban Lai Kaeo,น้ำแม่ลี้,ศรีเตี้ย,บ้านโฮ่ง,ลำพูน
2022-02-04,6.59,Ban Luang,น้ำแม่ตื่น,ยางเปียง,อมก๋อย,เชียงใหม่
2022-02-04,3.9,Ban Luang Nuea,น้ำงาว,หลวงใต้,งาว,ลำปาง
2022-02-04,6.6625,Ban Mae E Hi,น้ำแม่ลี้,ศรีวิชัย,ลี้,ลำพูน
2022-02-04,5.25,Ban Mae Khom Mi Tamnak Tham,น้ำแม่คำมี,ตำหนักธรรม,หนองม่วงไข่,แพร่
2022-02-04,5.92,Ban Mae Lai,น้ำแม่หล่าย,แม่หล่าย,เมือง,แพร่
2022-02-04,1.790833333,Ban Mae Tae,แม่น้ำปิง,แม่แฝกเก่า,สันทราย,เชียงใหม่
2022-02-04,2.4,Ban Mae Taeng,แม่น้ำแตง,สันมหาพล,แม่แตง,เชียงใหม่
2022-02-04,3.48,Ban Mae Wan,น้ำแม่กวง,ป่าเมี่ยง,ดอยสะเก็ด,เชียงใหม่
2022-02-04,5.12,Ban Mai Rim Fang,น้ำฝาง,เวียงฝาง,ฝาง,เชียงใหม่
2022-02-04,7.433333333,Ban Mang,น้ำปี้,มาง,เชียงม่วน,พะเยา
2022-02-04,5.65,Ban Muang Pok,น้ำแม่แตง,เปียงหลวง,เวียงแหง,เชียงใหม่
2022-02-04,4.291666667,Ban Mueang Kuet,น้ำแม่แตง,กึ๊ดช้าง,แม่แตง,เชียงใหม่
2022-02-04,2.323333333,Ban Mueang Mai,ห้วยแม่ต๋า,เมืองมาย,แจ้ห่ม,ลำปาง
2022-02-04,4.338333333,Ban Mueang Pha,น้ำแม่ริม,ริมเหนือ,แม่ริม,เชียงใหม่
2022-02-04,8.262916667,Ban Nam Khong,แม่น้ำยม,ป่าแมต,เมือง,แพร่
2022-02-04,5.835,Ban Nam Yao,น้ำยาว,อวน,ปัว,น่าน
2022-02-04,1.781666667,Ban Nong Naw,น้ำแม่สอย,แจ้ห่ม,แจ้ห่ม,ลำปาง
2022-02-04,3.579166667,Ban Nong Pham,น้ำแม่ลาว,แม่สรวย,แม่สรวย,เชียงราย
2022-02-04,6.95,Ban Pa Kha,น้ำควร,ควร,ปง,พะเยา
2022-02-04,7.752083333,Ban Pa Khoi Tai,แม่น้ำปิง,สันผีเสื้อ,เมือง,เชียงใหม่
2022-02-04,4.78,Ban Pa Sang,น้ำแม่ทา,ป่าซาง,ป่าซาง,ลำพูน
2022-02-04,5.52,Ban Pang Sa,ห้วยน้ำยาว,ผาทอง,ท่าวังผา,น่าน
2022-02-04,10.14416667,Ban Pha Khwang,แม่น้ำน่าน,บ่อ,เมือง,น่าน
2022-02-04,6.42,Ban Phai Ngarm,แม่น้ำน่าน,ส้าน,เวียงสา,น่าน
2022-02-04,4.2,Ban Phan Ton,น้ำแม่วาง,ทุ่งปี้,แม่วาง,เชียงใหม่
2022-02-04,4.7,Ban Phi Tai,น้ำปี้,บ้านพี้,บ้านหลวง,น่าน
2022-02-04,6.639583333,Ban Pong,น้ำแม่กวง,บวกค้าง,สันกำแพง,เชียงใหม่
2022-02-04,4.606666667,Ban Pong,ห้วยโป่ง,บ้านโป่ง,งาว,ลำปาง
2022-02-04,4.08,Ban Rong Kho,แม่น้ำวัง,ร่องเคาะ,วังเหนือ,ลำปาง
2022-02-04,3.03,Ban Saluang Nok,น้ำแม่ริม,สลวง,แม่ริม,เชียงใหม่
2022-02-04,4.3,Ban San Pu Loei,น้ำแม่ขอด,โหล่งขอด,พร้าว,เชียงใหม่
2022-02-04,3.95,Ban Singpotin,น้ำแม่ลาย,ป่าเมี่ยง,ดอยสะเก็ด,เชียงใหม่
2022-02-04,9.66,Ban Sob Soi,แม่น้ำปิง,แม่สอย,จอมทอง,เชียงใหม่
2022-02-04,5.60875,Ban Sop Mae Sapoot,แม่น้ำแม่ทา,ทาสบเส้า,แม่ทา,ลำพูน
2022-02-04,7.7,Ban Sop Pae,แม่น้ำปิง,สบแปะ,จอมทอง,เชียงใหม่
2022-02-04,5.61,Ban Sop Prap,แม่น้ำวัง,สบปราบ,สบปราบ,ลำปาง
2022-02-04,5.88,Ban Sop Tam,น้ำแม่ต่ำ,เกาะคา,เกาะคา,ลำปาง
2022-02-04,4.35,Ban Sop Win,น้ำแม่วาง,แม่วิน,แม่วาง,เชียงใหม่
2022-02-04,5.813333333,Ban Tha Duea,แม่น้ำวัง,พิชัย,เมือง,ลำปาง
2022-02-04,5.276666667,Ban Tha Lo,น้ำแม่ตุ๋ย,บ่อแฮ้ว,เมือง,ลำปาง
2022-02-04,3.76,Ban Tha Pong Daeng,น้ำปาย,ผาบ่อง,เมือง,แม่ฮ่องสอน
2022-02-04,6.75375,Ban Thung Nong,แม่น้ำยม,สระ,เชียงม่วน,พะเยา
2022-02-04,3.55,Ban Ton Yang,น้ำแม่ลาว,บัวสลี,แม่ลาว,เชียงราย
2022-02-04,12.84791667,Ban Wang Chin,แม่น้ำยม,วังชิ้น,วังชิ้น,แพร่
2022-02-04,4.9,Chedingam,น้ำอิง,ท่าวังทอง,เมือง,พะเยา
2022-02-04,6.727916667,In front of the Forestry Office,แม่น้ำน่าน,ในเวียง,เมือง,น่าน
2022-02-04,5.35,Mae Kham Lak Chet,น้ำแม่คำ,ศรีค้ำ,แม่จัน,เชียงราย
2022-02-04,2.02,Nam Mae Chaem,น้ำแม่แจ่ม,บ้านท่าข้าม,จอมทอง,เชียงใหม่
2022-02-04,5.025416667,Nawarat Bridge,แม่น้ำปิง,วัดเกต,เมือง,เชียงใหม่
2022-02-04,4.37375,Pracha Uthit Bridge,น้ำแม่กลาง,บ้านหลวง,จอมทอง,เชียงใหม่
2022-02-04,5.5,Romklao Cooperative House,น้ำแม่งัด,แม่แวน,พร้าว,เชียงใหม่
2022-02-04,4.13,Saphan Ban Khay,น้ำฝาง,แม่นาวาง,แม่อาย,เชียงใหม่
2022-02-04,4.681666667,Setuwaree Bridge,แม้น้ำวัง,เวียงเหนือ,เมือง,ลำปาง
2022-02-04,11.25833333,Tha Li Bridge,น้ำว้า,ขึ่ง,เวียงสา,น่าน
2022-02-04,7.570416667,Tha Nang Bridge,น้ำแม่กวง,ในเมือง,เมือง,ลำพูน
2022-02-04,3.14625,Wang Phrao,น้ำแม่จาง,วังพร้าว,เกาะคา,ลำปาง
2022-02-05,2.814166667,Ban Chiang Dao,แม่น้ำปิง,เชียงดาว,เชียงดาว,เชียงใหม่
2022-02-05,3.339166667,Ban Chor Lae,แม่น้ำปิง,ช่อแล,แม่แตง,เชียงใหม่
2022-02-05,4.07,Ban Don Chai,แม่น้ำวัง,ล้อมแรด,เถิน,ลำปาง
2022-02-05,7.858125,Ban Don Mun,แม่น้ำวัง,บ้านแลง,เมือง,ลำปาง
2022-02-05,3.84,Ban Don Sali,น้ำแม่ลาว,ป่าแดด,แม่สรวย,เชียงราย
2022-02-05,6.45375,Ban Hai,แม่น้ำวัง,ปงดอน,แจ้ห่ม,ลำปาง
2022-02-05,2.8,Ban Hong,น้ำแม่ออน,ร้องวัวแดง,สันกำแพง,เชียงใหม่
2022-02-05,2.753333333,Ban Hua Sapan,น้ำแม่จัน,ป่าซาง,แม่จัน,เชียงราย
2022-02-05,5.15,Ban Huai Pa Sang,น้ำแม่แตง,กึ๊ดช้าง,แม่แตง,เชียงใหม่
2022-02-05,9.631666667,Ban Huai Sak,แม่น้ำยม,เตาปูน,สอง,แพร่
2022-02-05,5.95,Ban Klang,น้ำแม่ขาน,บ้านกลาง,สันป่าตอง,เชียงใหม่
2022-02-05,3.236666667,Ban Ko Kha,แม่น้ำวัง,ศาลา,เกาะคา,ลำปาง
2022-02-05,4.43,Ban Krariang Tung Phrao,น้ำแม่สรวย,วาวี,แม่สรวย,เชียงราย
2022-02-05,-3.07625,Ban Lai Kaeo,น้ำแม่ลี้,ศรีเตี้ย,บ้านโฮ่ง,ลำพูน
2022-02-05,6.58,Ban Luang,น้ำแม่ตื่น,ยางเปียง,อมก๋อย,เชียงใหม่
2022-02-05,3.9,Ban Luang Nuea,น้ำงาว,หลวงใต้,งาว,ลำปาง
2022-02-05,6.66625,Ban Mae E Hi,น้ำแม่ลี้,ศรีวิชัย,ลี้,ลำพูน
2022-02-05,5.25,Ban Mae Khom Mi Tamnak Tham,น้ำแม่คำมี,ตำหนักธรรม,หนองม่วงไข่,แพร่
2022-02-05,5.91,Ban Mae Lai,น้ำแม่หล่าย,แม่หล่าย,เมือง,แพร่
2022-02-05,1.972916667,Ban Mae Tae,แม่น้ำปิง,แม่แฝกเก่า,สันทราย,เชียงใหม่
2022-02-05,2.39,Ban Mae Taeng,แม่น้ำแตง,สันมหาพล,แม่แตง,เชียงใหม่
2022-02-05,3.48,Ban Mae Wan,น้ำแม่กวง,ป่าเมี่ยง,ดอยสะเก็ด,เชียงใหม่
2022-02-05,5.08,Ban Mai Rim Fang,น้ำฝาง,เวียงฝาง,ฝาง,เชียงใหม่
2022-02-05,7.415416667,Ban Mang,น้ำปี้,มาง,เชียงม่วน,พะเยา
2022-02-05,4.264583333,Ban Mueang Kuet,น้ำแม่แตง,กึ๊ดช้าง,แม่แตง,เชียงใหม่
2022-02-05,2.383333333,Ban Mueang Mai,ห้วยแม่ต๋า,เมืองมาย,แจ้ห่ม,ลำปาง
2022-02-05,4.359583333,Ban Mueang Pha,น้ำแม่ริม,ริมเหนือ,แม่ริม,เชียงใหม่
2022-02-05,8.294583333,Ban Nam Khong,แม่น้ำยม,ป่าแมต,เมือง,แพร่
2022-02-05,5.81875,Ban Nam Yao,น้ำยาว,อวน,ปัว,น่าน
2022-02-05,1.784166667,Ban Nong Naw,น้ำแม่สอย,แจ้ห่ม,แจ้ห่ม,ลำปาง
2022-02-05,3.6025,Ban Nong Pham,น้ำแม่ลาว,แม่สรวย,แม่สรวย,เชียงราย
2022-02-05,6.95,Ban Pa Kha,น้ำควร,ควร,ปง,พะเยา
2022-02-05,7.817916667,Ban Pa Khoi Tai,แม่น้ำปิง,สันผีเสื้อ,เมือง,เชียงใหม่
2022-02-05,4.78,Ban Pa Sang,น้ำแม่ทา,ป่าซาง,ป่าซาง,ลำพูน
2022-02-05,5.515,Ban Pang Sa,ห้วยน้ำยาว,ผาทอง,ท่าวังผา,น่าน
2022-02-05,10.13,Ban Pha Khwang,แม่น้ำน่าน,บ่อ,เมือง,น่าน
2022-02-05,6.42,Ban Phai Ngarm,แม่น้ำน่าน,ส้าน,เวียงสา,น่าน
2022-02-05,4.2,Ban Phan Ton,น้ำแม่วาง,ทุ่งปี้,แม่วาง,เชียงใหม่
2022-02-05,4.7,Ban Phi Tai,น้ำปี้,บ้านพี้,บ้านหลวง,น่าน
2022-02-05,6.630416667,Ban Pong,น้ำแม่กวง,บวกค้าง,สันกำแพง,เชียงใหม่
2022-02-05,4.606666667,Ban Pong,ห้วยโป่ง,บ้านโป่ง,งาว,ลำปาง
2022-02-05,4.08,Ban Rong Kho,แม่น้ำวัง,ร่องเคาะ,วังเหนือ,ลำปาง
2022-02-05,3.02,Ban Saluang Nok,น้ำแม่ริม,สลวง,แม่ริม,เชียงใหม่
2022-02-05,4.51,Ban San Pu Loei,น้ำแม่ขอด,โหล่งขอด,พร้าว,เชียงใหม่
2022-02-05,3.95,Ban Singpotin,น้ำแม่ลาย,ป่าเมี่ยง,ดอยสะเก็ด,เชียงใหม่
2022-02-05,9.62,Ban Sob Soi,แม่น้ำปิง,แม่สอย,จอมทอง,เชียงใหม่
2022-02-05,5.575,Ban Sop Mae Sapoot,แม่น้ำแม่ทา,ทาสบเส้า,แม่ทา,ลำพูน
2022-02-05,7.7,Ban Sop Pae,แม่น้ำปิง,สบแปะ,จอมทอง,เชียงใหม่
2022-02-05,5.61,Ban Sop Prap,แม่น้ำวัง,สบปราบ,สบปราบ,ลำปาง
2022-02-05,5.86,Ban Sop Tam,น้ำแม่ต่ำ,เกาะคา,เกาะคา,ลำปาง
2022-02-05,4.35,Ban Sop Win,น้ำแม่วาง,แม่วิน,แม่วาง,เชียงใหม่
2022-02-05,5.863333333,Ban Tha Duea,แม่น้ำวัง,พิชัย,เมือง,ลำปาง
2022-02-05,5.273333333,Ban Tha Lo,น้ำแม่ตุ๋ย,บ่อแฮ้ว,เมือง,ลำปาง
2022-02-05,3.76,Ban Tha Pong Daeng,น้ำปาย,ผาบ่อง,เมือง,แม่ฮ่องสอน
2022-02-05,6.779583333,Ban Thung Nong,แม่น้ำยม,สระ,เชียงม่วน,พะเยา
2022-02-05,3.567083333,Ban Ton Yang,น้ำแม่ลาว,บัวสลี,แม่ลาว,เชียงราย
2022-02-05,12.87666667,Ban Wang Chin,แม่น้ำยม,วังชิ้น,วังชิ้น,แพร่
2022-02-05,5.2,Chedingam,น้ำอิง,ท่าวังทอง,เมือง,พะเยา
2022-02-05,6.722083333,In front of the Forestry Office,แม่น้ำน่าน,ในเวียง,เมือง,น่าน
2022-02-05,5.372916667,Mae Kham Lak Chet,น้ำแม่คำ,ศรีค้ำ,แม่จัน,เชียงราย
2022-02-05,2,Nam Mae Chaem,น้ำแม่แจ่ม,บ้านท่าข้าม,จอมทอง,เชียงใหม่
2022-02-05,5.085,Nawarat Bridge,แม่น้ำปิง,วัดเกต,เมือง,เชียงใหม่
2022-02-05,4.36,Pracha Uthit Bridge,น้ำแม่กลาง,บ้านหลวง,จอมทอง,เชียงใหม่
2022-02-05,5.5,Romklao Cooperative House,น้ำแม่งัด,แม่แวน,พร้าว,เชียงใหม่
2022-02-05,4.12,Saphan Ban Khay,น้ำฝาง,แม่นาวาง,แม่อาย,เชียงใหม่
2022-02-05,4.700833333,Setuwaree Bridge,แม้น้ำวัง,เวียงเหนือ,เมือง,ลำปาง
2022-02-05,11.26458333,Tha Li Bridge,น้ำว้า,ขึ่ง,เวียงสา,น่าน
2022-02-05,7.624166667,Tha Nang Bridge,น้ำแม่กวง,ในเมือง,เมือง,ลำพูน
2022-02-05,3.14,Wang Phrao,น้ำแม่จาง,วังพร้าว,เกาะคา,ลำปาง
2022-02-06,2.85375,Ban Chiang Dao,แม่น้ำปิง,เชียงดาว,เชียงดาว,เชียงใหม่
2022-02-06,3.2575,Ban Chor Lae,แม่น้ำปิง,ช่อแล,แม่แตง,เชียงใหม่
2022-02-06,4.06375,Ban Don Chai,แม่น้ำวัง,ล้อมแรด,เถิน,ลำปาง
2022-02-06,7.793541667,Ban Don Mun,แม่น้ำวัง,บ้านแลง,เมือง,ลำปาง
2022-02-06,3.95,Ban Don Sali,น้ำแม่ลาว,ป่าแดด,แม่สรวย,เชียงราย
2022-02-06,6.50375,Ban Hai,แม่น้ำวัง,ปงดอน,แจ้ห่ม,ลำปาง
2022-02-06,2.8,Ban Hong,น้ำแม่ออน,ร้องวัวแดง,สันกำแพง,เชียงใหม่
2022-02-06,2.78,Ban Hua Sapan,น้ำแม่จัน,ป่าซาง,แม่จัน,เชียงราย
2022-02-06,5.2,Ban Huai Pa Sang,น้ำแม่แตง,กึ๊ดช้าง,แม่แตง,เชียงใหม่
2022-02-06,9.63625,Ban Huai Sak,แม่น้ำยม,เตาปูน,สอง,แพร่
2022-02-06,5.956666667,Ban Klang,น้ำแม่ขาน,บ้านกลาง,สันป่าตอง,เชียงใหม่
2022-02-06,3.233333333,Ban Ko Kha,แม่น้ำวัง,ศาลา,เกาะคา,ลำปาง
2022-02-06,4.43,Ban Krariang Tung Phrao,น้ำแม่สรวย,วาวี,แม่สรวย,เชียงราย
2022-02-06,-3.063333333,Ban Lai Kaeo,น้ำแม่ลี้,ศรีเตี้ย,บ้านโฮ่ง,ลำพูน
2022-02-06,6.58,Ban Luang,น้ำแม่ตื่น,ยางเปียง,อมก๋อย,เชียงใหม่
2022-02-06,3.904166667,Ban Luang Nuea,น้ำงาว,หลวงใต้,งาว,ลำปาง
2022-02-06,6.685,Ban Mae E Hi,น้ำแม่ลี้,ศรีวิชัย,ลี้,ลำพูน
2022-02-06,5.24,Ban Mae Khom Mi Tamnak Tham,น้ำแม่คำมี,ตำหนักธรรม,หนองม่วงไข่,แพร่
2022-02-06,5.91,Ban Mae Lai,น้ำแม่หล่าย,แม่หล่าย,เมือง,แพร่
2022-02-06,1.837916667,Ban Mae Tae,แม่น้ำปิง,แม่แฝกเก่า,สันทราย,เชียงใหม่
2022-02-06,2.39,Ban Mae Taeng,แม่น้ำแตง,สันมหาพล,แม่แตง,เชียงใหม่
2022-02-06,3.48,Ban Mae Wan,น้ำแม่กวง,ป่าเมี่ยง,ดอยสะเก็ด,เชียงใหม่
2022-02-06,5.14,Ban Mai Rim Fang,น้ำฝาง,เวียงฝาง,ฝาง,เชียงใหม่
2022-02-06,7.39125,Ban Mang,น้ำปี้,มาง,เชียงม่วน,พะเยา
2022-02-06,5.89,Ban Muang Pok,น้ำแม่แตง,เปียงหลวง,เวียงแหง,เชียงใหม่
2022-02-06,4.401666667,Ban Mueang Kuet,น้ำแม่แตง,กึ๊ดช้าง,แม่แตง,เชียงใหม่
2022-02-06,2.42,Ban Mueang Mai,ห้วยแม่ต๋า,เมืองมาย,แจ้ห่ม,ลำปาง
2022-02-06,4.35375,Ban Mueang Pha,น้ำแม่ริม,ริมเหนือ,แม่ริม,เชียงใหม่
2022-02-06,8.33,Ban Nam Khong,แม่น้ำยม,ป่าแมต,เมือง,แพร่
2022-02-06,5.84875,Ban Nam Yao,น้ำยาว,อวน,ปัว,น่าน
2022-02-06,1.81,Ban Nong Naw,น้ำแม่สอย,แจ้ห่ม,แจ้ห่ม,ลำปาง
2022-02-06,3.605833333,Ban Nong Pham,น้ำแม่ลาว,แม่สรวย,แม่สรวย,เชียงราย
2022-02-06,6.95,Ban Pa Kha,น้ำควร,ควร,ปง,พะเยา
2022-02-06,7.957083333,Ban Pa Khoi Tai,แม่น้ำปิง,สันผีเสื้อ,เมือง,เชียงใหม่
2022-02-06,4.78,Ban Pa Sang,น้ำแม่ทา,ป่าซาง,ป่าซาง,ลำพูน
2022-02-06,5.505,Ban Pang Sa,ห้วยน้ำยาว,ผาทอง,ท่าวังผา,น่าน
2022-02-06,10.13,Ban Pha Khwang,แม่น้ำน่าน,บ่อ,เมือง,น่าน
2022-02-06,6.42,Ban Phai Ngarm,แม่น้ำน่าน,ส้าน,เวียงสา,น่าน
2022-02-06,4.233333333,Ban Phan Ton,น้ำแม่วาง,ทุ่งปี้,แม่วาง,เชียงใหม่
2022-02-06,4.7,Ban Phi Tai,น้ำปี้,บ้านพี้,บ้านหลวง,น่าน
2022-02-06,6.847916667,Ban Pong,น้ำแม่กวง,บวกค้าง,สันกำแพง,เชียงใหม่
2022-02-06,4.656666667,Ban Pong,ห้วยโป่ง,บ้านโป่ง,งาว,ลำปาง
2022-02-06,4.1,Ban Rong Kho,แม่น้ำวัง,ร่องเคาะ,วังเหนือ,ลำปาง
2022-02-06,3.02,Ban Saluang Nok,น้ำแม่ริม,สลวง,แม่ริม,เชียงใหม่
2022-02-06,4.42,Ban San Pu Loei,น้ำแม่ขอด,โหล่งขอด,พร้าว,เชียงใหม่
2022-02-06,3.95,Ban Singpotin,น้ำแม่ลาย,ป่าเมี่ยง,ดอยสะเก็ด,เชียงใหม่
2022-02-06,9.66,Ban Sob Soi,แม่น้ำปิง,แม่สอย,จอมทอง,เชียงใหม่
2022-02-06,5.56125,Ban Sop Mae Sapoot,แม่น้ำแม่ทา,ทาสบเส้า,แม่ทา,ลำพูน
2022-02-06,7.6,Ban Sop Pae,แม่น้ำปิง,สบแปะ,จอมทอง,เชียงใหม่
2022-02-06,5.576666667,Ban Sop Prap,แม่น้ำวัง,สบปราบ,สบปราบ,ลำปาง
2022-02-06,5.86,Ban Sop Tam,น้ำแม่ต่ำ,เกาะคา,เกาะคา,ลำปาง
2022-02-06,4.359166667,Ban Sop Win,น้ำแม่วาง,แม่วิน,แม่วาง,เชียงใหม่
2022-02-06,5.94,Ban Tha Duea,แม่น้ำวัง,พิชัย,เมือง,ลำปาง
2022-02-06,5.436666667,Ban Tha Lo,น้ำแม่ตุ๋ย,บ่อแฮ้ว,เมือง,ลำปาง
2022-02-06,3.782,Ban Tha Pong Daeng,น้ำปาย,ผาบ่อง,เมือง,แม่ฮ่องสอน
2022-02-06,6.779583333,Ban Thung Nong,แม่น้ำยม,สระ,เชียงม่วน,พะเยา
2022-02-06,3.645,Ban Ton Yang,น้ำแม่ลาว,บัวสลี,แม่ลาว,เชียงราย
2022-02-06,12.88583333,Ban Wang Chin,แม่น้ำยม,วังชิ้น,วังชิ้น,แพร่
2022-02-06,4.966666667,Chedingam,น้ำอิง,ท่าวังทอง,เมือง,พะเยา
2022-02-06,6.736666667,In front of the Forestry Office,แม่น้ำน่าน,ในเวียง,เมือง,น่าน
2022-02-06,5.427916667,Mae Kham Lak Chet,น้ำแม่คำ,ศรีค้ำ,แม่จัน,เชียงราย
2022-02-06,2,Nam Mae Chaem,น้ำแม่แจ่ม,บ้านท่าข้าม,จอมทอง,เชียงใหม่
2022-02-06,5.224583333,Nawarat Bridge,แม่น้ำปิง,วัดเกต,เมือง,เชียงใหม่
2022-02-06,4.410833333,Pracha Uthit Bridge,น้ำแม่กลาง,บ้านหลวง,จอมทอง,เชียงใหม่
2022-02-06,5.5,Romklao Cooperative House,น้ำแม่งัด,แม่แวน,พร้าว,เชียงใหม่
2022-02-06,4.16,Saphan Ban Khay,น้ำฝาง,แม่นาวาง,แม่อาย,เชียงใหม่
2022-02-06,4.72625,Setuwaree Bridge,แม้น้ำวัง,เวียงเหนือ,เมือง,ลำปาง
2022-02-06,11.285,Tha Li Bridge,น้ำว้า,ขึ่ง,เวียงสา,น่าน
2022-02-06,7.950833333,Tha Nang Bridge,น้ำแม่กวง,ในเมือง,เมือง,ลำพูน
2022-02-06,3.14,Wang Phrao,น้ำแม่จาง,วังพร้าว,เกาะคา,ลำปาง
2022-02-07,2.879166667,Ban Chiang Dao,แม่น้ำปิง,เชียงดาว,เชียงดาว,เชียงใหม่
2022-02-07,3.272916667,Ban Chor Lae,แม่น้ำปิง,ช่อแล,แม่แตง,เชียงใหม่
2022-02-07,4.035416667,Ban Don Chai,แม่น้ำวัง,ล้อมแรด,เถิน,ลำปาง
2022-02-07,7.792291667,Ban Don Mun,แม่น้ำวัง,บ้านแลง,เมือง,ลำปาง
2022-02-07,3.946666667,Ban Don Sali,น้ำแม่ลาว,ป่าแดด,แม่สรวย,เชียงราย
2022-02-07,6.485,Ban Hai,แม่น้ำวัง,ปงดอน,แจ้ห่ม,ลำปาง
2022-02-07,2.8,Ban Hong,น้ำแม่ออน,ร้องวัวแดง,สันกำแพง,เชียงใหม่
2022-02-07,2.79875,Ban Hua Sapan,น้ำแม่จัน,ป่าซาง,แม่จัน,เชียงราย
2022-02-07,5.6,Ban Huai Pa Sang,น้ำแม่แตง,กึ๊ดช้าง,แม่แตง,เชียงใหม่
2022-02-07,9.648333333,Ban Huai Sak,แม่น้ำยม,เตาปูน,สอง,แพร่
2022-02-07,6.005416667,Ban Klang,น้ำแม่ขาน,บ้านกลาง,สันป่าตอง,เชียงใหม่
2022-02-07,3.253333333,Ban Ko Kha,แม่น้ำวัง,ศาลา,เกาะคา,ลำปาง
2022-02-07,4.43,Ban Krariang Tung Phrao,น้ำแม่สรวย,วาวี,แม่สรวย,เชียงราย
2022-02-07,-3.063333333,Ban Lai Kaeo,น้ำแม่ลี้,ศรีเตี้ย,บ้านโฮ่ง,ลำพูน
2022-02-07,3.9,Ban Luang Nuea,น้ำงาว,หลวงใต้,งาว,ลำปาง
2022-02-07,6.67625,Ban Mae E Hi,น้ำแม่ลี้,ศรีวิชัย,ลี้,ลำพูน
2022-02-07,5.24,Ban Mae Khom Mi Tamnak Tham,น้ำแม่คำมี,ตำหนักธรรม,หนองม่วงไข่,แพร่
2022-02-07,5.91,Ban Mae Lai,น้ำแม่หล่าย,แม่หล่าย,เมือง,แพร่
2022-02-07,1.84625,Ban Mae Tae,แม่น้ำปิง,แม่แฝกเก่า,สันทราย,เชียงใหม่
2022-02-07,3.39,Ban Mae Taeng,แม่น้ำแตง,สันมหาพล,แม่แตง,เชียงใหม่
2022-02-07,3.48,Ban Mae Wan,น้ำแม่กวง,ป่าเมี่ยง,ดอยสะเก็ด,เชียงใหม่
2022-02-07,5.6,Ban Mai Rim Fang,น้ำฝาง,เวียงฝาง,ฝาง,เชียงใหม่
2022-02-07,7.384583333,Ban Mang,น้ำปี้,มาง,เชียงม่วน,พะเยา
2022-02-07,5.74,Ban Muang Pok,น้ำแม่แตง,เปียงหลวง,เวียงแหง,เชียงใหม่
2022-02-07,4.497083333,Ban Mueang Kuet,น้ำแม่แตง,กึ๊ดช้าง,แม่แตง,เชียงใหม่
2022-02-07,2.42,Ban Mueang Mai,ห้วยแม่ต๋า,เมืองมาย,แจ้ห่ม,ลำปาง
2022-02-07,4.367083333,Ban Mueang Pha,น้ำแม่ริม,ริมเหนือ,แม่ริม,เชียงใหม่
2022-02-07,8.38125,Ban Nam Khong,แม่น้ำยม,ป่าแมต,เมือง,แพร่
2022-02-07,5.85,Ban Nam Yao,น้ำยาว,อวน,ปัว,น่าน
2022-02-07,1.81625,Ban Nong Naw,น้ำแม่สอย,แจ้ห่ม,แจ้ห่ม,ลำปาง
2022-02-07,3.545833333,Ban Nong Pham,น้ำแม่ลาว,แม่สรวย,แม่สรวย,เชียงราย
2022-02-07,6.96,Ban Pa Kha,น้ำควร,ควร,ปง,พะเยา
2022-02-07,7.937916667,Ban Pa Khoi Tai,แม่น้ำปิง,สันผีเสื้อ,เมือง,เชียงใหม่
2022-02-07,4.78,Ban Pa Sang,น้ำแม่ทา,ป่าซาง,ป่าซาง,ลำพูน
2022-02-07,5.51,Ban Pang Sa,ห้วยน้ำยาว,ผาทอง,ท่าวังผา,น่าน
2022-02-07,10.16333333,Ban Pha Khwang,แม่น้ำน่าน,บ่อ,เมือง,น่าน
2022-02-07,6.42,Ban Phai Ngarm,แม่น้ำน่าน,ส้าน,เวียงสา,น่าน
2022-02-07,4.218333333,Ban Phan Ton,น้ำแม่วาง,ทุ่งปี้,แม่วาง,เชียงใหม่
2022-02-07,4.7,Ban Phi Tai,น้ำปี้,บ้านพี้,บ้านหลวง,น่าน
2022-02-07,6.632916667,Ban Pong,น้ำแม่กวง,บวกค้าง,สันกำแพง,เชียงใหม่
2022-02-07,4.616666667,Ban Pong,ห้วยโป่ง,บ้านโป่ง,งาว,ลำปาง
2022-02-07,4.1,Ban Rong Kho,แม่น้ำวัง,ร่องเคาะ,วังเหนือ,ลำปาง
2022-02-07,3.02,Ban Saluang Nok,น้ำแม่ริม,สลวง,แม่ริม,เชียงใหม่
2022-02-07,4.56,Ban San Pu Loei,น้ำแม่ขอด,โหล่งขอด,พร้าว,เชียงใหม่
2022-02-07,3.95,Ban Singpotin,น้ำแม่ลาย,ป่าเมี่ยง,ดอยสะเก็ด,เชียงใหม่
2022-02-07,9.68,Ban Sob Soi,แม่น้ำปิง,แม่สอย,จอมทอง,เชียงใหม่
2022-02-07,5.56,Ban Sop Mae Sapoot,แม่น้ำแม่ทา,ทาสบเส้า,แม่ทา,ลำพูน
2022-02-07,7.6,Ban Sop Pae,แม่น้ำปิง,สบแปะ,จอมทอง,เชียงใหม่
2022-02-07,5.566666667,Ban Sop Prap,แม่น้ำวัง,สบปราบ,สบปราบ,ลำปาง
2022-02-07,5.86,Ban Sop Tam,น้ำแม่ต่ำ,เกาะคา,เกาะคา,ลำปาง
2022-02-07,4.3925,Ban Sop Win,น้ำแม่วาง,แม่วิน,แม่วาง,เชียงใหม่
2022-02-07,5.96,Ban Tha Duea,แม่น้ำวัง,พิชัย,เมือง,ลำปาง
2022-02-07,5.53,Ban Tha Lo,น้ำแม่ตุ๋ย,บ่อแฮ้ว,เมือง,ลำปาง
2022-02-07,3.83,Ban Tha Pong Daeng,น้ำปาย,ผาบ่อง,เมือง,แม่ฮ่องสอน
2022-02-07,6.758333333,Ban Thung Nong,แม่น้ำยม,สระ,เชียงม่วน,พะเยา
2022-02-07,3.713333333,Ban Ton Yang,น้ำแม่ลาว,บัวสลี,แม่ลาว,เชียงราย
2022-02-07,12.88708333,Ban Wang Chin,แม่น้ำยม,วังชิ้น,วังชิ้น,แพร่
2022-02-07,4.6225,Chedingam,น้ำอิง,ท่าวังทอง,เมือง,พะเยา
2022-02-07,6.758333333,In front of the Forestry Office,แม่น้ำน่าน,ในเวียง,เมือง,น่าน
2022-02-07,5.38125,Mae Kham Lak Chet,น้ำแม่คำ,ศรีค้ำ,แม่จัน,เชียงราย
2022-02-07,2,Nam Mae Chaem,น้ำแม่แจ่ม,บ้านท่าข้าม,จอมทอง,เชียงใหม่
2022-02-07,5.205,Nawarat Bridge,แม่น้ำปิง,วัดเกต,เมือง,เชียงใหม่
2022-02-07,4.392083333,Pracha Uthit Bridge,น้ำแม่กลาง,บ้านหลวง,จอมทอง,เชียงใหม่
2022-02-07,4.24,Saphan Ban Khay,น้ำฝาง,แม่นาวาง,แม่อาย,เชียงใหม่
2022-02-07,4.759166667,Setuwaree Bridge,แม้น้ำวัง,เวียงเหนือ,เมือง,ลำปาง
2022-02-07,11.29541667,Tha Li Bridge,น้ำว้า,ขึ่ง,เวียงสา,น่าน
2022-02-07,8.364166667,Tha Nang Bridge,น้ำแม่กวง,ในเมือง,เมือง,ลำพูน
2022-02-08,2.8375,Ban Chiang Dao,แม่น้ำปิง,เชียงดาว,เชียงดาว,เชียงใหม่
2022-02-08,3.274583333,Ban Chor Lae,แม่น้ำปิง,ช่อแล,แม่แตง,เชียงใหม่
2022-02-08,4.000416667,Ban Don Chai,แม่น้ำวัง,ล้อมแรด,เถิน,ลำปาง
2022-02-08,7.79,Ban Don Mun,แม่น้ำวัง,บ้านแลง,เมือง,ลำปาง
2022-02-08,3.98,Ban Don Sali,น้ำแม่ลาว,ป่าแดด,แม่สรวย,เชียงราย
2022-02-08,6.398333333,Ban Hai,แม่น้ำวัง,ปงดอน,แจ้ห่ม,ลำปาง
2022-02-08,2.8,Ban Hong,น้ำแม่ออน,ร้องวัวแดง,สันกำแพง,เชียงใหม่
2022-02-08,2.8,Ban Hua Sapan,น้ำแม่จัน,ป่าซาง,แม่จัน,เชียงราย
2022-02-08,5.3,Ban Huai Pa Sang,น้ำแม่แตง,กึ๊ดช้าง,แม่แตง,เชียงใหม่
2022-02-08,9.646666667,Ban Huai Sak,แม่น้ำยม,เตาปูน,สอง,แพร่
2022-02-08,5.950833333,Ban Klang,น้ำแม่ขาน,บ้านกลาง,สันป่าตอง,เชียงใหม่
2022-02-08,3.256666667,Ban Ko Kha,แม่น้ำวัง,ศาลา,เกาะคา,ลำปาง
2022-02-08,4.432083333,Ban Krariang Tung Phrao,น้ำแม่สรวย,วาวี,แม่สรวย,เชียงราย
2022-02-08,-3.061666667,Ban Lai Kaeo,น้ำแม่ลี้,ศรีเตี้ย,บ้านโฮ่ง,ลำพูน
2022-02-08,6.57,Ban Luang,น้ำแม่ตื่น,ยางเปียง,อมก๋อย,เชียงใหม่
2022-02-08,3.875833333,Ban Luang Nuea,น้ำงาว,หลวงใต้,งาว,ลำปาง
2022-02-08,6.673333333,Ban Mae E Hi,น้ำแม่ลี้,ศรีวิชัย,ลี้,ลำพูน
2022-02-08,5.24,Ban Mae Khom Mi Tamnak Tham,น้ำแม่คำมี,ตำหนักธรรม,หนองม่วงไข่,แพร่
2022-02-08,5.91,Ban Mae Lai,น้ำแม่หล่าย,แม่หล่าย,เมือง,แพร่
2022-02-08,1.850833333,Ban Mae Tae,แม่น้ำปิง,แม่แฝกเก่า,สันทราย,เชียงใหม่
2022-02-08,2.44,Ban Mae Taeng,แม่น้ำแตง,สันมหาพล,แม่แตง,เชียงใหม่
2022-02-08,3.48,Ban Mae Wan,น้ำแม่กวง,ป่าเมี่ยง,ดอยสะเก็ด,เชียงใหม่
2022-02-08,5.32,Ban Mai Rim Fang,น้ำฝาง,เวียงฝาง,ฝาง,เชียงใหม่
2022-02-08,7.365416667,Ban Mang,น้ำปี้,มาง,เชียงม่วน,พะเยา
2022-02-08,5.66,Ban Muang Pok,น้ำแม่แตง,เปียงหลวง,เวียงแหง,เชียงใหม่
2022-02-08,4.375,Ban Mueang Kuet,น้ำแม่แตง,กึ๊ดช้าง,แม่แตง,เชียงใหม่
2022-02-08,2.41,Ban Mueang Mai,ห้วยแม่ต๋า,เมืองมาย,แจ้ห่ม,ลำปาง
2022-02-08,4.354583333,Ban Mueang Pha,น้ำแม่ริม,ริมเหนือ,แม่ริม,เชียงใหม่
2022-02-08,8.384583333,Ban Nam Khong,แม่น้ำยม,ป่าแมต,เมือง,แพร่
2022-02-08,5.85,Ban Nam Yao,น้ำยาว,อวน,ปัว,น่าน
2022-02-08,1.821666667,Ban Nong Naw,น้ำแม่สอย,แจ้ห่ม,แจ้ห่ม,ลำปาง
2022-02-08,3.520833333,Ban Nong Pham,น้ำแม่ลาว,แม่สรวย,แม่สรวย,เชียงราย
2022-02-08,6.97,Ban Pa Kha,น้ำควร,ควร,ปง,พะเยา
2022-02-08,7.97125,Ban Pa Khoi Tai,แม่น้ำปิง,สันผีเสื้อ,เมือง,เชียงใหม่
2022-02-08,4.78,Ban Pa Sang,น้ำแม่ทา,ป่าซาง,ป่าซาง,ลำพูน
2022-02-08,5.506666667,Ban Pang Sa,ห้วยน้ำยาว,ผาทอง,ท่าวังผา,น่าน
2022-02-08,10.16666667,Ban Pha Khwang,แม่น้ำน่าน,บ่อ,เมือง,น่าน
2022-02-08,6.42,Ban Phai Ngarm,แม่น้ำน่าน,ส้าน,เวียงสา,น่าน
2022-02-08,4.2,Ban Phan Ton,น้ำแม่วาง,ทุ่งปี้,แม่วาง,เชียงใหม่
2022-02-08,4.7,Ban Phi Tai,น้ำปี้,บ้านพี้,บ้านหลวง,น่าน
2022-02-08,6.628333333,Ban Pong,น้ำแม่กวง,บวกค้าง,สันกำแพง,เชียงใหม่
2022-02-08,4.593333333,Ban Pong,ห้วยโป่ง,บ้านโป่ง,งาว,ลำปาง
2022-02-08,4.1,Ban Rong Kho,แม่น้ำวัง,ร่องเคาะ,วังเหนือ,ลำปาง
2022-02-08,3.05,Ban Saluang Nok,น้ำแม่ริม,สลวง,แม่ริม,เชียงใหม่
2022-02-08,4.47,Ban San Pu Loei,น้ำแม่ขอด,โหล่งขอด,พร้าว,เชียงใหม่
2022-02-08,4,Ban Singpotin,น้ำแม่ลาย,ป่าเมี่ยง,ดอยสะเก็ด,เชียงใหม่
2022-02-08,9.64,Ban Sob Soi,แม่น้ำปิง,แม่สอย,จอมทอง,เชียงใหม่
2022-02-08,5.558333333,Ban Sop Mae Sapoot,แม่น้ำแม่ทา,ทาสบเส้า,แม่ทา,ลำพูน
2022-02-08,7.7,Ban Sop Pae,แม่น้ำปิง,สบแปะ,จอมทอง,เชียงใหม่
2022-02-08,5.576666667,Ban Sop Prap,แม่น้ำวัง,สบปราบ,สบปราบ,ลำปาง
2022-02-08,5.86,Ban Sop Tam,น้ำแม่ต่ำ,เกาะคา,เกาะคา,ลำปาง
2022-02-08,4.352916667,Ban Sop Win,น้ำแม่วาง,แม่วิน,แม่วาง,เชียงใหม่
2022-02-08,5.88,Ban Tha Duea,แม่น้ำวัง,พิชัย,เมือง,ลำปาง
2022-02-08,5.486666667,Ban Tha Lo,น้ำแม่ตุ๋ย,บ่อแฮ้ว,เมือง,ลำปาง
2022-02-08,3.81,Ban Tha Pong Daeng,น้ำปาย,ผาบ่อง,เมือง,แม่ฮ่องสอน
2022-02-08,6.77875,Ban Thung Nong,แม่น้ำยม,สระ,เชียงม่วน,พะเยา
2022-02-08,3.686666667,Ban Ton Yang,น้ำแม่ลาว,บัวสลี,แม่ลาว,เชียงราย
2022-02-08,12.89083333,Ban Wang Chin,แม่น้ำยม,วังชิ้น,วังชิ้น,แพร่
2022-02-08,4.58,Chedingam,น้ำอิง,ท่าวังทอง,เมือง,พะเยา
2022-02-08,6.76,In front of the Forestry Office,แม่น้ำน่าน,ในเวียง,เมือง,น่าน
2022-02-08,5.365,Mae Kham Lak Chet,น้ำแม่คำ,ศรีค้ำ,แม่จัน,เชียงราย
2022-02-08,2,Nam Mae Chaem,น้ำแม่แจ่ม,บ้านท่าข้าม,จอมทอง,เชียงใหม่
2022-02-08,5.24625,Nawarat Bridge,แม่น้ำปิง,วัดเกต,เมือง,เชียงใหม่
2022-02-08,4.315,Pracha Uthit Bridge,น้ำแม่กลาง,บ้านหลวง,จอมทอง,เชียงใหม่
2022-02-08,5.56,Romklao Cooperative House,น้ำแม่งัด,แม่แวน,พร้าว,เชียงใหม่
2022-02-08,4.715,Setuwaree Bridge,แม้น้ำวัง,เวียงเหนือ,เมือง,ลำปาง
2022-02-08,11.28416667,Tha Li Bridge,น้ำว้า,ขึ่ง,เวียงสา,น่าน
2022-02-08,8.366666667,Tha Nang Bridge,น้ำแม่กวง,ในเมือง,เมือง,ลำพูน
2022-02-08,3.266923077,Wang Phrao,น้ำแม่จาง,วังพร้าว,เกาะคา,ลำปาง
2022-02-09,2.814583333,Ban Chiang Dao,แม่น้ำปิง,เชียงดาว,เชียงดาว,เชียงใหม่
2022-02-09,3.255,Ban Chor Lae,แม่น้ำปิง,ช่อแล,แม่แตง,เชียงใหม่
2022-02-09,4.02375,Ban Don Chai,แม่น้ำวัง,ล้อมแรด,เถิน,ลำปาง
2022-02-09,7.961875,Ban Don Mun,แม่น้ำวัง,บ้านแลง,เมือง,ลำปาง
2022-02-09,3.95,Ban Don Sali,น้ำแม่ลาว,ป่าแดด,แม่สรวย,เชียงราย
2022-02-09,6.359166667,Ban Hai,แม่น้ำวัง,ปงดอน,แจ้ห่ม,ลำปาง
2022-02-09,2.8,Ban Hong,น้ำแม่ออน,ร้องวัวแดง,สันกำแพง,เชียงใหม่
2022-02-09,2.8,Ban Hua Sapan,น้ำแม่จัน,ป่าซาง,แม่จัน,เชียงราย
2022-02-09,5.26,Ban Huai Pa Sang,น้ำแม่แตง,กึ๊ดช้าง,แม่แตง,เชียงใหม่
2022-02-09,9.64,Ban Huai Sak,แม่น้ำยม,เตาปูน,สอง,แพร่
2022-02-09,5.935833333,Ban Klang,น้ำแม่ขาน,บ้านกลาง,สันป่าตอง,เชียงใหม่
2022-02-09,3.246666667,Ban Ko Kha,แม่น้ำวัง,ศาลา,เกาะคา,ลำปาง
2022-02-09,4.43,Ban Krariang Tung Phrao,น้ำแม่สรวย,วาวี,แม่สรวย,เชียงราย
2022-02-09,-3.06625,Ban Lai Kaeo,น้ำแม่ลี้,ศรีเตี้ย,บ้านโฮ่ง,ลำพูน
2022-02-09,6.57,Ban Luang,น้ำแม่ตื่น,ยางเปียง,อมก๋อย,เชียงใหม่
2022-02-09,3.8725,Ban Luang Nuea,น้ำงาว,หลวงใต้,งาว,ลำปาง
2022-02-09,6.678333333,Ban Mae E Hi,น้ำแม่ลี้,ศรีวิชัย,ลี้,ลำพูน
2022-02-09,5.24,Ban Mae Khom Mi Tamnak Tham,น้ำแม่คำมี,ตำหนักธรรม,หนองม่วงไข่,แพร่
2022-02-09,5.91,Ban Mae Lai,น้ำแม่หล่าย,แม่หล่าย,เมือง,แพร่
2022-02-09,1.853333333,Ban Mae Tae,แม่น้ำปิง,แม่แฝกเก่า,สันทราย,เชียงใหม่
2022-02-09,2.44,Ban Mae Taeng,แม่น้ำแตง,สันมหาพล,แม่แตง,เชียงใหม่
2022-02-09,3.48,Ban Mae Wan,น้ำแม่กวง,ป่าเมี่ยง,ดอยสะเก็ด,เชียงใหม่
2022-02-09,5.22,Ban Mai Rim Fang,น้ำฝาง,เวียงฝาง,ฝาง,เชียงใหม่
2022-02-09,7.344583333,Ban Mang,น้ำปี้,มาง,เชียงม่วน,พะเยา
2022-02-09,5.67,Ban Muang Pok,น้ำแม่แตง,เปียงหลวง,เวียงแหง,เชียงใหม่
2022-02-09,4.344583333,Ban Mueang Kuet,น้ำแม่แตง,กึ๊ดช้าง,แม่แตง,เชียงใหม่
2022-02-09,2.403333333,Ban Mueang Mai,ห้วยแม่ต๋า,เมืองมาย,แจ้ห่ม,ลำปาง
2022-02-09,4.366666667,Ban Mueang Pha,น้ำแม่ริม,ริมเหนือ,แม่ริม,เชียงใหม่
2022-02-09,8.35625,Ban Nam Khong,แม่น้ำยม,ป่าแมต,เมือง,แพร่
2022-02-09,5.84125,Ban Nam Yao,น้ำยาว,อวน,ปัว,น่าน
2022-02-09,1.795833333,Ban Nong Naw,น้ำแม่สอย,แจ้ห่ม,แจ้ห่ม,ลำปาง
2022-02-09,3.529583333,Ban Nong Pham,น้ำแม่ลาว,แม่สรวย,แม่สรวย,เชียงราย
2022-02-09,6.97,Ban Pa Kha,น้ำควร,ควร,ปง,พะเยา
2022-02-09,7.937916667,Ban Pa Khoi Tai,แม่น้ำปิง,สันผีเสื้อ,เมือง,เชียงใหม่
2022-02-09,4.78,Ban Pa Sang,น้ำแม่ทา,ป่าซาง,ป่าซาง,ลำพูน
2022-02-09,5.5,Ban Pang Sa,ห้วยน้ำยาว,ผาทอง,ท่าวังผา,น่าน
2022-02-09,10.14791667,Ban Pha Khwang,แม่น้ำน่าน,บ่อ,เมือง,น่าน
2022-02-09,6.4375,Ban Phai Ngarm,แม่น้ำน่าน,ส้าน,เวียงสา,น่าน
2022-02-09,4.2,Ban Phan Ton,น้ำแม่วาง,ทุ่งปี้,แม่วาง,เชียงใหม่
2022-02-09,4.6,Ban Phi Tai,น้ำปี้,บ้านพี้,บ้านหลวง,น่าน
2022-02-09,6.60125,Ban Pong,น้ำแม่กวง,บวกค้าง,สันกำแพง,เชียงใหม่
2022-02-09,4.606666667,Ban Pong,ห้วยโป่ง,บ้านโป่ง,งาว,ลำปาง
2022-02-09,4.046666667,Ban Rong Kho,แม่น้ำวัง,ร่องเคาะ,วังเหนือ,ลำปาง
2022-02-09,3.05,Ban Saluang Nok,น้ำแม่ริม,สลวง,แม่ริม,เชียงใหม่
2022-02-09,4.44,Ban San Pu Loei,น้ำแม่ขอด,โหล่งขอด,พร้าว,เชียงใหม่
2022-02-09,4,Ban Singpotin,น้ำแม่ลาย,ป่าเมี่ยง,ดอยสะเก็ด,เชียงใหม่
2022-02-09,9.68,Ban Sob Soi,แม่น้ำปิง,แม่สอย,จอมทอง,เชียงใหม่
2022-02-09,5.55,Ban Sop Mae Sapoot,แม่น้ำแม่ทา,ทาสบเส้า,แม่ทา,ลำพูน
2022-02-09,7.6,Ban Sop Pae,แม่น้ำปิง,สบแปะ,จอมทอง,เชียงใหม่
2022-02-09,5.583333333,Ban Sop Prap,แม่น้ำวัง,สบปราบ,สบปราบ,ลำปาง
2022-02-09,5.85,Ban Sop Tam,น้ำแม่ต่ำ,เกาะคา,เกาะคา,ลำปาง
2022-02-09,4.346666667,Ban Sop Win,น้ำแม่วาง,แม่วิน,แม่วาง,เชียงใหม่
2022-02-09,5.85,Ban Tha Duea,แม่น้ำวัง,พิชัย,เมือง,ลำปาง
2022-02-09,5.413333333,Ban Tha Lo,น้ำแม่ตุ๋ย,บ่อแฮ้ว,เมือง,ลำปาง
2022-02-09,3.792,Ban Tha Pong Daeng,น้ำปาย,ผาบ่อง,เมือง,แม่ฮ่องสอน
2022-02-09,6.754583333,Ban Thung Nong,แม่น้ำยม,สระ,เชียงม่วน,พะเยา
2022-02-09,3.648333333,Ban Ton Yang,น้ำแม่ลาว,บัวสลี,แม่ลาว,เชียงราย
2022-02-09,12.87291667,Ban Wang Chin,แม่น้ำยม,วังชิ้น,วังชิ้น,แพร่
2022-02-09,4.63,Chedingam,น้ำอิง,ท่าวังทอง,เมือง,พะเยา
2022-02-09,6.752083333,In front of the Forestry Office,แม่น้ำน่าน,ในเวียง,เมือง,น่าน
2022-02-09,5.32125,Mae Kham Lak Chet,น้ำแม่คำ,ศรีค้ำ,แม่จัน,เชียงราย
2022-02-09,2,Nam Mae Chaem,น้ำแม่แจ่ม,บ้านท่าข้าม,จอมทอง,เชียงใหม่
2022-02-09,5.208333333,Nawarat Bridge,แม่น้ำปิง,วัดเกต,เมือง,เชียงใหม่
2022-02-09,4.31,Pracha Uthit Bridge,น้ำแม่กลาง,บ้านหลวง,จอมทอง,เชียงใหม่
2022-02-09,5.56,Romklao Cooperative House,น้ำแม่งัด,แม่แวน,พร้าว,เชียงใหม่
2022-02-09,4.22,Saphan Ban Khay,น้ำฝาง,แม่นาวาง,แม่อาย,เชียงใหม่
2022-02-09,4.66375,Setuwaree Bridge,แม้น้ำวัง,เวียงเหนือ,เมือง,ลำปาง
2022-02-09,11.27416667,Tha Li Bridge,น้ำว้า,ขึ่ง,เวียงสา,น่าน
2022-02-09,8.308333333,Tha Nang Bridge,น้ำแม่กวง,ในเมือง,เมือง,ลำพูน
2022-02-09,3.375416667,Wang Phrao,น้ำแม่จาง,วังพร้าว,เกาะคา,ลำปาง
2022-02-10,2.806666667,Ban Chiang Dao,แม่น้ำปิง,เชียงดาว,เชียงดาว,เชียงใหม่
2022-02-10,3.247083333,Ban Chor Lae,แม่น้ำปิง,ช่อแล,แม่แตง,เชียงใหม่
2022-02-10,4.0275,Ban Don Chai,แม่น้ำวัง,ล้อมแรด,เถิน,ลำปาง
2022-02-10,8.145833333,Ban Don Mun,แม่น้ำวัง,บ้านแลง,เมือง,ลำปาง
2022-02-10,3.94,Ban Don Sali,น้ำแม่ลาว,ป่าแดด,แม่สรวย,เชียงราย
2022-02-10,6.271666667,Ban Hai,แม่น้ำวัง,ปงดอน,แจ้ห่ม,ลำปาง
2022-02-10,2.8,Ban Hong,น้ำแม่ออน,ร้องวัวแดง,สันกำแพง,เชียงใหม่
2022-02-10,2.72875,Ban Hua Sapan,น้ำแม่จัน,ป่าซาง,แม่จัน,เชียงราย
2022-02-10,5.16,Ban Huai Pa Sang,น้ำแม่แตง,กึ๊ดช้าง,แม่แตง,เชียงใหม่
2022-02-10,9.64,Ban Huai Sak,แม่น้ำยม,เตาปูน,สอง,แพร่
2022-02-10,5.98625,Ban Klang,น้ำแม่ขาน,บ้านกลาง,สันป่าตอง,เชียงใหม่
2022-02-10,3.24,Ban Ko Kha,แม่น้ำวัง,ศาลา,เกาะคา,ลำปาง
2022-02-10,4.43,Ban Krariang Tung Phrao,น้ำแม่สรวย,วาวี,แม่สรวย,เชียงราย
2022-02-10,-3.06,Ban Lai Kaeo,น้ำแม่ลี้,ศรีเตี้ย,บ้านโฮ่ง,ลำพูน
2022-02-10,6.57,Ban Luang,น้ำแม่ตื่น,ยางเปียง,อมก๋อย,เชียงใหม่
2022-02-10,3.872916667,Ban Luang Nuea,น้ำงาว,หลวงใต้,งาว,ลำปาง
2022-02-10,6.675833333,Ban Mae E Hi,น้ำแม่ลี้,ศรีวิชัย,ลี้,ลำพูน
2022-02-10,5.24,Ban Mae Khom Mi Tamnak Tham,น้ำแม่คำมี,ตำหนักธรรม,หนองม่วงไข่,แพร่
2022-02-10,5.91,Ban Mae Lai,น้ำแม่หล่าย,แม่หล่าย,เมือง,แพร่
2022-02-10,1.835416667,Ban Mae Tae,แม่น้ำปิง,แม่แฝกเก่า,สันทราย,เชียงใหม่
2022-02-10,2.44,Ban Mae Taeng,แม่น้ำแตง,สันมหาพล,แม่แตง,เชียงใหม่
2022-02-10,3.48,Ban Mae Wan,น้ำแม่กวง,ป่าเมี่ยง,ดอยสะเก็ด,เชียงใหม่
2022-02-10,5.14,Ban Mai Rim Fang,น้ำฝาง,เวียงฝาง,ฝาง,เชียงใหม่
2022-02-10,7.315833333,Ban Mang,น้ำปี้,มาง,เชียงม่วน,พะเยา
2022-02-10,5.64,Ban Muang Pok,น้ำแม่แตง,เปียงหลวง,เวียงแหง,เชียงใหม่
2022-02-10,4.296666667,Ban Mueang Kuet,น้ำแม่แตง,กึ๊ดช้าง,แม่แตง,เชียงใหม่
2022-02-10,2.39,Ban Mueang Mai,ห้วยแม่ต๋า,เมืองมาย,แจ้ห่ม,ลำปาง
2022-02-10,4.375416667,Ban Mueang Pha,น้ำแม่ริม,ริมเหนือ,แม่ริม,เชียงใหม่
2022-02-10,8.350416667,Ban Nam Khong,แม่น้ำยม,ป่าแมต,เมือง,แพร่
2022-02-10,5.808333333,Ban Nam Yao,น้ำยาว,อวน,ปัว,น่าน
2022-02-10,1.764166667,Ban Nong Naw,น้ำแม่สอย,แจ้ห่ม,แจ้ห่ม,ลำปาง
2022-02-10,3.526666667,Ban Nong Pham,น้ำแม่ลาว,แม่สรวย,แม่สรวย,เชียงราย
2022-02-10,6.963333333,Ban Pa Kha,น้ำควร,ควร,ปง,พะเยา
2022-02-10,7.82375,Ban Pa Khoi Tai,แม่น้ำปิง,สันผีเสื้อ,เมือง,เชียงใหม่
2022-02-10,4.78,Ban Pa Sang,น้ำแม่ทา,ป่าซาง,ป่าซาง,ลำพูน
2022-02-10,5.497083333,Ban Pang Sa,ห้วยน้ำยาว,ผาทอง,ท่าวังผา,น่าน
2022-02-10,10.12791667,Ban Pha Khwang,แม่น้ำน่าน,บ่อ,เมือง,น่าน
2022-02-10,6.436666667,Ban Phai Ngarm,แม่น้ำน่าน,ส้าน,เวียงสา,น่าน
2022-02-10,4.2,Ban Phan Ton,น้ำแม่วาง,ทุ่งปี้,แม่วาง,เชียงใหม่
2022-02-10,4.5,Ban Phi Tai,น้ำปี้,บ้านพี้,บ้านหลวง,น่าน
2022-02-10,6.605833333,Ban Pong,น้ำแม่กวง,บวกค้าง,สันกำแพง,เชียงใหม่
2022-02-10,4.6,Ban Pong,ห้วยโป่ง,บ้านโป่ง,งาว,ลำปาง
2022-02-10,3.98,Ban Rong Kho,แม่น้ำวัง,ร่องเคาะ,วังเหนือ,ลำปาง
2022-02-10,3.05,Ban Saluang Nok,น้ำแม่ริม,สลวง,แม่ริม,เชียงใหม่
2022-02-10,4.39,Ban San Pu Loei,น้ำแม่ขอด,โหล่งขอด,พร้าว,เชียงใหม่
2022-02-10,4,Ban Singpotin,น้ำแม่ลาย,ป่าเมี่ยง,ดอยสะเก็ด,เชียงใหม่
2022-02-10,9.6,Ban Sob Soi,แม่น้ำปิง,แม่สอย,จอมทอง,เชียงใหม่
2022-02-10,5.55,Ban Sop Mae Sapoot,แม่น้ำแม่ทา,ทาสบเส้า,แม่ทา,ลำพูน
2022-02-10,7.6,Ban Sop Pae,แม่น้ำปิง,สบแปะ,จอมทอง,เชียงใหม่
2022-02-10,5.586666667,Ban Sop Prap,แม่น้ำวัง,สบปราบ,สบปราบ,ลำปาง
2022-02-10,5.84,Ban Sop Tam,น้ำแม่ต่ำ,เกาะคา,เกาะคา,ลำปาง
2022-02-10,4.34,Ban Sop Win,น้ำแม่วาง,แม่วิน,แม่วาง,เชียงใหม่
2022-02-10,5.833333333,Ban Tha Duea,แม่น้ำวัง,พิชัย,เมือง,ลำปาง
2022-02-10,5.343333333,Ban Tha Lo,น้ำแม่ตุ๋ย,บ่อแฮ้ว,เมือง,ลำปาง
2022-02-10,3.776,Ban Tha Pong Daeng,น้ำปาย,ผาบ่อง,เมือง,แม่ฮ่องสอน
2022-02-10,6.74125,Ban Thung Nong,แม่น้ำยม,สระ,เชียงม่วน,พะเยา
2022-02-10,3.63125,Ban Ton Yang,น้ำแม่ลาว,บัวสลี,แม่ลาว,เชียงราย
2022-02-10,12.89541667,Ban Wang Chin,แม่น้ำยม,วังชิ้น,วังชิ้น,แพร่
2022-02-10,4.48,Chedingam,น้ำอิง,ท่าวังทอง,เมือง,พะเยา
2022-02-10,6.718333333,In front of the Forestry Office,แม่น้ำน่าน,ในเวียง,เมือง,น่าน
2022-02-10,5.302083333,Mae Kham Lak Chet,น้ำแม่คำ,ศรีค้ำ,แม่จัน,เชียงราย
2022-02-10,2,Nam Mae Chaem,น้ำแม่แจ่ม,บ้านท่าข้าม,จอมทอง,เชียงใหม่
2022-02-10,5.090833333,Nawarat Bridge,แม่น้ำปิง,วัดเกต,เมือง,เชียงใหม่
2022-02-10,4.314583333,Pracha Uthit Bridge,น้ำแม่กลาง,บ้านหลวง,จอมทอง,เชียงใหม่
2022-02-10,5.56,Romklao Cooperative House,น้ำแม่งัด,แม่แวน,พร้าว,เชียงใหม่
2022-02-10,4.16,Saphan Ban Khay,น้ำฝาง,แม่นาวาง,แม่อาย,เชียงใหม่
2022-02-10,4.640416667,Setuwaree Bridge,แม้น้ำวัง,เวียงเหนือ,เมือง,ลำปาง
2022-02-10,11.26666667,Tha Li Bridge,น้ำว้า,ขึ่ง,เวียงสา,น่าน
2022-02-10,8.223333333,Tha Nang Bridge,น้ำแม่กวง,ในเมือง,เมือง,ลำพูน
2022-02-10,3.35125,Wang Phrao,น้ำแม่จาง,วังพร้าว,เกาะคา,ลำปาง
2022-02-11,2.795,Ban Chiang Dao,แม่น้ำปิง,เชียงดาว,เชียงดาว,เชียงใหม่
2022-02-11,3.384166667,Ban Chor Lae,แม่น้ำปิง,ช่อแล,แม่แตง,เชียงใหม่
2022-02-11,4.0325,Ban Don Chai,แม่น้ำวัง,ล้อมแรด,เถิน,ลำปาง
2022-02-11,8.142291667,Ban Don Mun,แม่น้ำวัง,บ้านแลง,เมือง,ลำปาง
2022-02-11,3.8675,Ban Don Sali,น้ำแม่ลาว,ป่าแดด,แม่สรวย,เชียงราย
2022-02-11,6.4025,Ban Hai,แม่น้ำวัง,ปงดอน,แจ้ห่ม,ลำปาง
2022-02-11,2.8,Ban Hong,น้ำแม่ออน,ร้องวัวแดง,สันกำแพง,เชียงใหม่
2022-02-11,2.5125,Ban Hua Sapan,น้ำแม่จัน,ป่าซาง,แม่จัน,เชียงราย
2022-02-11,9.630833333,Ban Huai Sak,แม่น้ำยม,เตาปูน,สอง,แพร่
2022-02-11,5.96375,Ban Klang,น้ำแม่ขาน,บ้านกลาง,สันป่าตอง,เชียงใหม่
2022-02-11,3.236666667,Ban Ko Kha,แม่น้ำวัง,ศาลา,เกาะคา,ลำปาง
2022-02-11,4.43,Ban Krariang Tung Phrao,น้ำแม่สรวย,วาวี,แม่สรวย,เชียงราย
2022-02-11,-3.059583333,Ban Lai Kaeo,น้ำแม่ลี้,ศรีเตี้ย,บ้านโฮ่ง,ลำพูน
2022-02-11,6.57,Ban Luang,น้ำแม่ตื่น,ยางเปียง,อมก๋อย,เชียงใหม่
2022-02-11,3.879583333,Ban Luang Nuea,น้ำงาว,หลวงใต้,งาว,ลำปาง
2022-02-11,6.6575,Ban Mae E Hi,น้ำแม่ลี้,ศรีวิชัย,ลี้,ลำพูน
2022-02-11,5.24,Ban Mae Khom Mi Tamnak Tham,น้ำแม่คำมี,ตำหนักธรรม,หนองม่วงไข่,แพร่
2022-02-11,5.91,Ban Mae Lai,น้ำแม่หล่าย,แม่หล่าย,เมือง,แพร่
2022-02-11,1.79,Ban Mae Tae,แม่น้ำปิง,แม่แฝกเก่า,สันทราย,เชียงใหม่
2022-02-11,2.4,Ban Mae Taeng,แม่น้ำแตง,สันมหาพล,แม่แตง,เชียงใหม่
2022-02-11,3.48,Ban Mae Wan,น้ำแม่กวง,ป่าเมี่ยง,ดอยสะเก็ด,เชียงใหม่
2022-02-11,5.1,Ban Mai Rim Fang,น้ำฝาง,เวียงฝาง,ฝาง,เชียงใหม่
2022-02-11,7.299583333,Ban Mang,น้ำปี้,มาง,เชียงม่วน,พะเยา
2022-02-11,5.66,Ban Muang Pok,น้ำแม่แตง,เปียงหลวง,เวียงแหง,เชียงใหม่
2022-02-11,4.271666667,Ban Mueang Kuet,น้ำแม่แตง,กึ๊ดช้าง,แม่แตง,เชียงใหม่
2022-02-11,2.37,Ban Mueang Mai,ห้วยแม่ต๋า,เมืองมาย,แจ้ห่ม,ลำปาง
2022-02-11,4.3575,Ban Mueang Pha,น้ำแม่ริม,ริมเหนือ,แม่ริม,เชียงใหม่
2022-02-11,8.345833333,Ban Nam Khong,แม่น้ำยม,ป่าแมต,เมือง,แพร่
2022-02-11,5.8,Ban Nam Yao,น้ำยาว,อวน,ปัว,น่าน
2022-02-11,1.75,Ban Nong Naw,น้ำแม่สอย,แจ้ห่ม,แจ้ห่ม,ลำปาง
2022-02-11,3.495,Ban Nong Pham,น้ำแม่ลาว,แม่สรวย,แม่สรวย,เชียงราย
2022-02-11,6.96,Ban Pa Kha,น้ำควร,ควร,ปง,พะเยา
2022-02-11,7.937916667,Ban Pa Khoi Tai,แม่น้ำปิง,สันผีเสื้อ,เมือง,เชียงใหม่
2022-02-11,4.78,Ban Pa Sang,น้ำแม่ทา,ป่าซาง,ป่าซาง,ลำพูน
2022-02-11,5.49,Ban Pang Sa,ห้วยน้ำยาว,ผาทอง,ท่าวังผา,น่าน
2022-02-11,10.11666667,Ban Pha Khwang,แม่น้ำน่าน,บ่อ,เมือง,น่าน
2022-02-11,6.412083333,Ban Phai Ngarm,แม่น้ำน่าน,ส้าน,เวียงสา,น่าน
2022-02-11,4.2,Ban Phan Ton,น้ำแม่วาง,ทุ่งปี้,แม่วาง,เชียงใหม่
2022-02-11,4.5,Ban Phi Tai,น้ำปี้,บ้านพี้,บ้านหลวง,น่าน
2022-02-11,6.624166667,Ban Pong,น้ำแม่กวง,บวกค้าง,สันกำแพง,เชียงใหม่
2022-02-11,4.59,Ban Pong,ห้วยโป่ง,บ้านโป่ง,งาว,ลำปาง
2022-02-11,3.98,Ban Rong Kho,แม่น้ำวัง,ร่องเคาะ,วังเหนือ,ลำปาง
2022-02-11,3.05,Ban Saluang Nok,น้ำแม่ริม,สลวง,แม่ริม,เชียงใหม่
2022-02-11,4.39,Ban San Pu Loei,น้ำแม่ขอด,โหล่งขอด,พร้าว,เชียงใหม่
2022-02-11,4,Ban Singpotin,น้ำแม่ลาย,ป่าเมี่ยง,ดอยสะเก็ด,เชียงใหม่
2022-02-11,9.62,Ban Sob Soi,แม่น้ำปิง,แม่สอย,จอมทอง,เชียงใหม่
2022-02-11,5.55,Ban Sop Mae Sapoot,แม่น้ำแม่ทา,ทาสบเส้า,แม่ทา,ลำพูน
2022-02-11,7.6,Ban Sop Pae,แม่น้ำปิง,สบแปะ,จอมทอง,เชียงใหม่
2022-02-11,5.59,Ban Sop Prap,แม่น้ำวัง,สบปราบ,สบปราบ,ลำปาง
2022-02-11,5.82,Ban Sop Tam,น้ำแม่ต่ำ,เกาะคา,เกาะคา,ลำปาง
2022-02-11,4.331666667,Ban Sop Win,น้ำแม่วาง,แม่วิน,แม่วาง,เชียงใหม่
2022-02-11,5.726666667,Ban Tha Duea,แม่น้ำวัง,พิชัย,เมือง,ลำปาง
2022-02-11,5.273333333,Ban Tha Lo,น้ำแม่ตุ๋ย,บ่อแฮ้ว,เมือง,ลำปาง
2022-02-11,3.756,Ban Tha Pong Daeng,น้ำปาย,ผาบ่อง,เมือง,แม่ฮ่องสอน
2022-02-11,6.729583333,Ban Thung Nong,แม่น้ำยม,สระ,เชียงม่วน,พะเยา
2022-02-11,3.622083333,Ban Ton Yang,น้ำแม่ลาว,บัวสลี,แม่ลาว,เชียงราย
2022-02-11,12.89708333,Ban Wang Chin,แม่น้ำยม,วังชิ้น,วังชิ้น,แพร่
2022-02-11,3.713333333,Chedingam,น้ำอิง,ท่าวังทอง,เมือง,พะเยา
2022-02-11,6.66375,In front of the Forestry Office,แม่น้ำน่าน,ในเวียง,เมือง,น่าน
2022-02-11,5.282083333,Mae Kham Lak Chet,น้ำแม่คำ,ศรีค้ำ,แม่จัน,เชียงราย
2022-02-11,2,Nam Mae Chaem,น้ำแม่แจ่ม,บ้านท่าข้าม,จอมทอง,เชียงใหม่
2022-02-11,5.210833333,Nawarat Bridge,แม่น้ำปิง,วัดเกต,เมือง,เชียงใหม่
2022-02-11,4.3475,Pracha Uthit Bridge,น้ำแม่กลาง,บ้านหลวง,จอมทอง,เชียงใหม่
2022-02-11,5.56,Romklao Cooperative House,น้ำแม่งัด,แม่แวน,พร้าว,เชียงใหม่
2022-02-11,4.12,Saphan Ban Khay,น้ำฝาง,แม่นาวาง,แม่อาย,เชียงใหม่
2022-02-11,4.609583333,Setuwaree Bridge,แม้น้ำวัง,เวียงเหนือ,เมือง,ลำปาง
2022-02-11,11.24958333,Tha Li Bridge,น้ำว้า,ขึ่ง,เวียงสา,น่าน
2022-02-11,8.13625,Tha Nang Bridge,น้ำแม่กวง,ในเมือง,เมือง,ลำพูน
2022-02-11,3.340416667,Wang Phrao,น้ำแม่จาง,วังพร้าว,เกาะคา,ลำปาง
2022-02-12,2.785,Ban Chiang Dao,แม่น้ำปิง,เชียงดาว,เชียงดาว,เชียงใหม่
2022-02-12,3.375,Ban Chor Lae,แม่น้ำปิง,ช่อแล,แม่แตง,เชียงใหม่
2022-02-12,4.039166667,Ban Don Chai,แม่น้ำวัง,ล้อมแรด,เถิน,ลำปาง
2022-02-12,8.135,Ban Don Mun,แม่น้ำวัง,บ้านแลง,เมือง,ลำปาง
2022-02-12,6.394166667,Ban Hai,แม่น้ำวัง,ปงดอน,แจ้ห่ม,ลำปาง
2022-02-12,2.8,Ban Hong,น้ำแม่ออน,ร้องวัวแดง,สันกำแพง,เชียงใหม่
2022-02-12,2.5,Ban Hua Sapan,น้ำแม่จัน,ป่าซาง,แม่จัน,เชียงราย
2022-02-12,5.1,Ban Huai Pa Sang,น้ำแม่แตง,กึ๊ดช้าง,แม่แตง,เชียงใหม่
2022-02-12,9.61875,Ban Huai Sak,แม่น้ำยม,เตาปูน,สอง,แพร่
2022-02-12,5.9275,Ban Klang,น้ำแม่ขาน,บ้านกลาง,สันป่าตอง,เชียงใหม่
2022-02-12,4.43,Ban Krariang Tung Phrao,น้ำแม่สรวย,วาวี,แม่สรวย,เชียงราย
2022-02-12,-3.06,Ban Lai Kaeo,น้ำแม่ลี้,ศรีเตี้ย,บ้านโฮ่ง,ลำพูน
2022-02-12,6.57,Ban Luang,น้ำแม่ตื่น,ยางเปียง,อมก๋อย,เชียงใหม่
2022-02-12,3.89,Ban Luang Nuea,น้ำงาว,หลวงใต้,งาว,ลำปาง
2022-02-12,6.64,Ban Mae E Hi,น้ำแม่ลี้,ศรีวิชัย,ลี้,ลำพูน
2022-02-12,5.24,Ban Mae Khom Mi Tamnak Tham,น้ำแม่คำมี,ตำหนักธรรม,หนองม่วงไข่,แพร่
2022-02-12,5.91,Ban Mae Lai,น้ำแม่หล่าย,แม่หล่าย,เมือง,แพร่
2022-02-12,2.068333333,Ban Mae Tae,แม่น้ำปิง,แม่แฝกเก่า,สันทราย,เชียงใหม่
2022-02-12,2.4,Ban Mae Taeng,แม่น้ำแตง,สันมหาพล,แม่แตง,เชียงใหม่
2022-02-12,3.48,Ban Mae Wan,น้ำแม่กวง,ป่าเมี่ยง,ดอยสะเก็ด,เชียงใหม่
2022-02-12,5.08,Ban Mai Rim Fang,น้ำฝาง,เวียงฝาง,ฝาง,เชียงใหม่
2022-02-12,7.309583333,Ban Mang,น้ำปี้,มาง,เชียงม่วน,พะเยา
2022-02-12,4.28125,Ban Mueang Kuet,น้ำแม่แตง,กึ๊ดช้าง,แม่แตง,เชียงใหม่
2022-02-12,2.32,Ban Mueang Mai,ห้วยแม่ต๋า,เมืองมาย,แจ้ห่ม,ลำปาง
2022-02-12,4.360416667,Ban Mueang Pha,น้ำแม่ริม,ริมเหนือ,แม่ริม,เชียงใหม่
2022-02-12,8.329166667,Ban Nam Khong,แม่น้ำยม,ป่าแมต,เมือง,แพร่
2022-02-12,5.790416667,Ban Nam Yao,น้ำยาว,อวน,ปัว,น่าน
2022-02-12,1.757083333,Ban Nong Naw,น้ำแม่สอย,แจ้ห่ม,แจ้ห่ม,ลำปาง
2022-02-12,3.454583333,Ban Nong Pham,น้ำแม่ลาว,แม่สรวย,แม่สรวย,เชียงราย
2022-02-12,6.95,Ban Pa Kha,น้ำควร,ควร,ปง,พะเยา
2022-02-12,7.97625,Ban Pa Khoi Tai,แม่น้ำปิง,สันผีเสื้อ,เมือง,เชียงใหม่
2022-02-12,4.780416667,Ban Pa Sang,น้ำแม่ทา,ป่าซาง,ป่าซาง,ลำพูน
2022-02-12,5.4925,Ban Pang Sa,ห้วยน้ำยาว,ผาทอง,ท่าวังผา,น่าน
2022-02-12,10.11,Ban Pha Khwang,แม่น้ำน่าน,บ่อ,เมือง,น่าน
2022-02-12,6.397916667,Ban Phai Ngarm,แม่น้ำน่าน,ส้าน,เวียงสา,น่าน
2022-02-12,4.2,Ban Phan Ton,น้ำแม่วาง,ทุ่งปี้,แม่วาง,เชียงใหม่
2022-02-12,4.5,Ban Phi Tai,น้ำปี้,บ้านพี้,บ้านหลวง,น่าน
2022-02-12,6.627916667,Ban Pong,น้ำแม่กวง,บวกค้าง,สันกำแพง,เชียงใหม่
2022-02-12,4.593333333,Ban Pong,ห้วยโป่ง,บ้านโป่ง,งาว,ลำปาง
2022-02-12,3.98,Ban Rong Kho,แม่น้ำวัง,ร่องเคาะ,วังเหนือ,ลำปาง
2022-02-12,3.03,Ban Saluang Nok,น้ำแม่ริม,สลวง,แม่ริม,เชียงใหม่
2022-02-12,4.39,Ban San Pu Loei,น้ำแม่ขอด,โหล่งขอด,พร้าว,เชียงใหม่
2022-02-12,4,Ban Singpotin,น้ำแม่ลาย,ป่าเมี่ยง,ดอยสะเก็ด,เชียงใหม่
2022-02-12,9.68,Ban Sob Soi,แม่น้ำปิง,แม่สอย,จอมทอง,เชียงใหม่
2022-02-12,5.540833333,Ban Sop Mae Sapoot,แม่น้ำแม่ทา,ทาสบเส้า,แม่ทา,ลำพูน
2022-02-12,7.6,Ban Sop Pae,แม่น้ำปิง,สบแปะ,จอมทอง,เชียงใหม่
2022-02-12,5.596666667,Ban Sop Prap,แม่น้ำวัง,สบปราบ,สบปราบ,ลำปาง
2022-02-12,5.82,Ban Sop Tam,น้ำแม่ต่ำ,เกาะคา,เกาะคา,ลำปาง
2022-02-12,4.33,Ban Sop Win,น้ำแม่วาง,แม่วิน,แม่วาง,เชียงใหม่
2022-02-12,5.67,Ban Tha Duea,แม่น้ำวัง,พิชัย,เมือง,ลำปาง
2022-02-12,5.213333333,Ban Tha Lo,น้ำแม่ตุ๋ย,บ่อแฮ้ว,เมือง,ลำปาง
2022-02-12,3.756,Ban Tha Pong Daeng,น้ำปาย,ผาบ่อง,เมือง,แม่ฮ่องสอน
2022-02-12,6.7375,Ban Thung Nong,แม่น้ำยม,สระ,เชียงม่วน,พะเยา
2022-02-12,3.615833333,Ban Ton Yang,น้ำแม่ลาว,บัวสลี,แม่ลาว,เชียงราย
2022-02-12,12.90625,Ban Wang Chin,แม่น้ำยม,วังชิ้น,วังชิ้น,แพร่
2022-02-12,3.7,Chedingam,น้ำอิง,ท่าวังทอง,เมือง,พะเยา
2022-02-12,6.699583333,In front of the Forestry Office,แม่น้ำน่าน,ในเวียง,เมือง,น่าน
2022-02-12,5.28,Mae Kham Lak Chet,น้ำแม่คำ,ศรีค้ำ,แม่จัน,เชียงราย
2022-02-12,2,Nam Mae Chaem,น้ำแม่แจ่ม,บ้านท่าข้าม,จอมทอง,เชียงใหม่
2022-02-12,5.229583333,Nawarat Bridge,แม่น้ำปิง,วัดเกต,เมือง,เชียงใหม่
2022-02-12,4.344583333,Pracha Uthit Bridge,น้ำแม่กลาง,บ้านหลวง,จอมทอง,เชียงใหม่
2022-02-12,5.56,Romklao Cooperative House,น้ำแม่งัด,แม่แวน,พร้าว,เชียงใหม่
2022-02-12,4.08,Saphan Ban Khay,น้ำฝาง,แม่นาวาง,แม่อาย,เชียงใหม่
2022-02-12,4.580833333,Setuwaree Bridge,แม้น้ำวัง,เวียงเหนือ,เมือง,ลำปาง
2022-02-12,11.23666667,Tha Li Bridge,น้ำว้า,ขึ่ง,เวียงสา,น่าน
2022-02-12,8.0825,Tha Nang Bridge,น้ำแม่กวง,ในเมือง,เมือง,ลำพูน
2022-02-12,3.484166667,Wang Phrao,น้ำแม่จาง,วังพร้าว,เกาะคา,ลำปาง
2022-02-13,2.79,Ban Chiang Dao,แม่น้ำปิง,เชียงดาว,เชียงดาว,เชียงใหม่
2022-02-13,3.223333333,Ban Chor Lae,แม่น้ำปิง,ช่อแล,แม่แตง,เชียงใหม่
2022-02-13,3.995,Ban Don Chai,แม่น้ำวัง,ล้อมแรด,เถิน,ลำปาง
2022-02-13,8.135,Ban Don Mun,แม่น้ำวัง,บ้านแลง,เมือง,ลำปาง
2022-02-13,6.41,Ban Hai,แม่น้ำวัง,ปงดอน,แจ้ห่ม,ลำปาง
2022-02-13,2.8,Ban Hong,น้ำแม่ออน,ร้องวัวแดง,สันกำแพง,เชียงใหม่
2022-02-13,2.482916667,Ban Hua Sapan,น้ำแม่จัน,ป่าซาง,แม่จัน,เชียงราย
2022-02-13,5.1,Ban Huai Pa Sang,น้ำแม่แตง,กึ๊ดช้าง,แม่แตง,เชียงใหม่
2022-02-13,9.60875,Ban Huai Sak,แม่น้ำยม,เตาปูน,สอง,แพร่
2022-02-13,5.902083333,Ban Klang,น้ำแม่ขาน,บ้านกลาง,สันป่าตอง,เชียงใหม่
2022-02-13,3.23,Ban Ko Kha,แม่น้ำวัง,ศาลา,เกาะคา,ลำปาง
2022-02-13,4.43,Ban Krariang Tung Phrao,น้ำแม่สรวย,วาวี,แม่สรวย,เชียงราย
2022-02-13,-3.067083333,Ban Lai Kaeo,น้ำแม่ลี้,ศรีเตี้ย,บ้านโฮ่ง,ลำพูน
2022-02-13,6.56,Ban Luang,น้ำแม่ตื่น,ยางเปียง,อมก๋อย,เชียงใหม่
2022-02-13,3.8825,Ban Luang Nuea,น้ำงาว,หลวงใต้,งาว,ลำปาง
2022-02-13,6.64,Ban Mae E Hi,น้ำแม่ลี้,ศรีวิชัย,ลี้,ลำพูน
2022-02-13,5.24,Ban Mae Khom Mi Tamnak Tham,น้ำแม่คำมี,ตำหนักธรรม,หนองม่วงไข่,แพร่
2022-02-13,5.91,Ban Mae Lai,น้ำแม่หล่าย,แม่หล่าย,เมือง,แพร่
2022-02-13,1.837083333,Ban Mae Tae,แม่น้ำปิง,แม่แฝกเก่า,สันทราย,เชียงใหม่
2022-02-13,2.4,Ban Mae Taeng,แม่น้ำแตง,สันมหาพล,แม่แตง,เชียงใหม่
2022-02-13,3.48,Ban Mae Wan,น้ำแม่กวง,ป่าเมี่ยง,ดอยสะเก็ด,เชียงใหม่
2022-02-13,5,Ban Mai Rim Fang,น้ำฝาง,เวียงฝาง,ฝาง,เชียงใหม่
2022-02-13,7.324583333,Ban Mang,น้ำปี้,มาง,เชียงม่วน,พะเยา
2022-02-13,4.2275,Ban Mueang Kuet,น้ำแม่แตง,กึ๊ดช้าง,แม่แตง,เชียงใหม่
2022-02-13,2.31,Ban Mueang Mai,ห้วยแม่ต๋า,เมืองมาย,แจ้ห่ม,ลำปาง
2022-02-13,4.370833333,Ban Mueang Pha,น้ำแม่ริม,ริมเหนือ,แม่ริม,เชียงใหม่
2022-02-13,8.3275,Ban Nam Khong,แม่น้ำยม,ป่าแมต,เมือง,แพร่
2022-02-13,5.784166667,Ban Nam Yao,น้ำยาว,อวน,ปัว,น่าน
2022-02-13,1.75,Ban Nong Naw,น้ำแม่สอย,แจ้ห่ม,แจ้ห่ม,ลำปาง
2022-02-13,3.473333333,Ban Nong Pham,น้ำแม่ลาว,แม่สรวย,แม่สรวย,เชียงราย
2022-02-13,6.95,Ban Pa Kha,น้ำควร,ควร,ปง,พะเยา
2022-02-13,7.91875,Ban Pa Khoi Tai,แม่น้ำปิง,สันผีเสื้อ,เมือง,เชียงใหม่
2022-02-13,4.775416667,Ban Pa Sang,น้ำแม่ทา,ป่าซาง,ป่าซาง,ลำพูน
2022-02-13,5.492916667,Ban Pang Sa,ห้วยน้ำยาว,ผาทอง,ท่าวังผา,น่าน
2022-02-13,10.11,Ban Pha Khwang,แม่น้ำน่าน,บ่อ,เมือง,น่าน
2022-02-13,6.359583333,Ban Phai Ngarm,แม่น้ำน่าน,ส้าน,เวียงสา,น่าน
2022-02-13,4.19625,Ban Phan Ton,น้ำแม่วาง,ทุ่งปี้,แม่วาง,เชียงใหม่
2022-02-13,4.5,Ban Phi Tai,น้ำปี้,บ้านพี้,บ้านหลวง,น่าน
2022-02-13,6.63875,Ban Pong,น้ำแม่กวง,บวกค้าง,สันกำแพง,เชียงใหม่
2022-02-13,4.59,Ban Pong,ห้วยโป่ง,บ้านโป่ง,งาว,ลำปาง
2022-02-13,3.98,Ban Rong Kho,แม่น้ำวัง,ร่องเคาะ,วังเหนือ,ลำปาง
2022-02-13,3.03,Ban Saluang Nok,น้ำแม่ริม,สลวง,แม่ริม,เชียงใหม่
2022-02-13,4.36,Ban San Pu Loei,น้ำแม่ขอด,โหล่งขอด,พร้าว,เชียงใหม่
2022-02-13,4,Ban Singpotin,น้ำแม่ลาย,ป่าเมี่ยง,ดอยสะเก็ด,เชียงใหม่
2022-02-13,9.66,Ban Sob Soi,แม่น้ำปิง,แม่สอย,จอมทอง,เชียงใหม่
2022-02-13,5.505833333,Ban Sop Mae Sapoot,แม่น้ำแม่ทา,ทาสบเส้า,แม่ทา,ลำพูน
2022-02-13,7.6,Ban Sop Pae,แม่น้ำปิง,สบแปะ,จอมทอง,เชียงใหม่
2022-02-13,5.61,Ban Sop Prap,แม่น้ำวัง,สบปราบ,สบปราบ,ลำปาง
2022-02-13,5.803333333,Ban Sop Tam,น้ำแม่ต่ำ,เกาะคา,เกาะคา,ลำปาง
2022-02-13,4.33,Ban Sop Win,น้ำแม่วาง,แม่วิน,แม่วาง,เชียงใหม่
2022-02-13,5.653333333,Ban Tha Duea,แม่น้ำวัง,พิชัย,เมือง,ลำปาง
2022-02-13,5.186666667,Ban Tha Lo,น้ำแม่ตุ๋ย,บ่อแฮ้ว,เมือง,ลำปาง
2022-02-13,3.74,Ban Tha Pong Daeng,น้ำปาย,ผาบ่อง,เมือง,แม่ฮ่องสอน
2022-02-13,6.730833333,Ban Thung Nong,แม่น้ำยม,สระ,เชียงม่วน,พะเยา
2022-02-13,3.595833333,Ban Ton Yang,น้ำแม่ลาว,บัวสลี,แม่ลาว,เชียงราย
2022-02-13,12.90791667,Ban Wang Chin,แม่น้ำยม,วังชิ้น,วังชิ้น,แพร่
2022-02-13,3.706666667,Chedingam,น้ำอิง,ท่าวังทอง,เมือง,พะเยา
2022-02-13,6.715,In front of the Forestry Office,แม่น้ำน่าน,ในเวียง,เมือง,น่าน
2022-02-13,5.28,Mae Kham Lak Chet,น้ำแม่คำ,ศรีค้ำ,แม่จัน,เชียงราย
2022-02-13,2,Nam Mae Chaem,น้ำแม่แจ่ม,บ้านท่าข้าม,จอมทอง,เชียงใหม่
2022-02-13,5.18,Nawarat Bridge,แม่น้ำปิง,วัดเกต,เมือง,เชียงใหม่
2022-02-13,4.344583333,Pracha Uthit Bridge,น้ำแม่กลาง,บ้านหลวง,จอมทอง,เชียงใหม่
2022-02-13,5.51,Romklao Cooperative House,น้ำแม่งัด,แม่แวน,พร้าว,เชียงใหม่
2022-02-13,4.07,Saphan Ban Khay,น้ำฝาง,แม่นาวาง,แม่อาย,เชียงใหม่
2022-02-13,4.57125,Setuwaree Bridge,แม้น้ำวัง,เวียงเหนือ,เมือง,ลำปาง
2022-02-13,11.235,Tha Li Bridge,น้ำว้า,ขึ่ง,เวียงสา,น่าน
2022-02-13,8.03375,Tha Nang Bridge,น้ำแม่กวง,ในเมือง,เมือง,ลำพูน
2022-02-13,3.474166667,Wang Phrao,น้ำแม่จาง,วังพร้าว,เกาะคา,ลำปาง
2022-02-14,2.79,Ban Chiang Dao,แม่น้ำปิง,เชียงดาว,เชียงดาว,เชียงใหม่
2022-02-14,3.221666667,Ban Chor Lae,แม่น้ำปิง,ช่อแล,แม่แตง,เชียงใหม่
2022-02-14,4.04,Ban Don Chai,แม่น้ำวัง,ล้อมแรด,เถิน,ลำปาง
2022-02-14,8.141041667,Ban Don Mun,แม่น้ำวัง,บ้านแลง,เมือง,ลำปาง
2022-02-14,6.39125,Ban Hai,แม่น้ำวัง,ปงดอน,แจ้ห่ม,ลำปาง
2022-02-14,2.8,Ban Hong,น้ำแม่ออน,ร้องวัวแดง,สันกำแพง,เชียงใหม่
2022-02-14,2.452083333,Ban Hua Sapan,น้ำแม่จัน,ป่าซาง,แม่จัน,เชียงราย
2022-02-14,5.1,Ban Huai Pa Sang,น้ำแม่แตง,กึ๊ดช้าง,แม่แตง,เชียงใหม่
2022-02-14,9.6,Ban Huai Sak,แม่น้ำยม,เตาปูน,สอง,แพร่
2022-02-14,5.893333333,Ban Klang,น้ำแม่ขาน,บ้านกลาง,สันป่าตอง,เชียงใหม่
2022-02-14,3.23,Ban Ko Kha,แม่น้ำวัง,ศาลา,เกาะคา,ลำปาง
2022-02-14,4.43,Ban Krariang Tung Phrao,น้ำแม่สรวย,วาวี,แม่สรวย,เชียงราย
2022-02-14,-3.08,Ban Lai Kaeo,น้ำแม่ลี้,ศรีเตี้ย,บ้านโฮ่ง,ลำพูน
2022-02-14,6.56,Ban Luang,น้ำแม่ตื่น,ยางเปียง,อมก๋อย,เชียงใหม่
2022-02-14,3.874583333,Ban Luang Nuea,น้ำงาว,หลวงใต้,งาว,ลำปาง
2022-02-14,6.641666667,Ban Mae E Hi,น้ำแม่ลี้,ศรีวิชัย,ลี้,ลำพูน
2022-02-14,5.24,Ban Mae Khom Mi Tamnak Tham,น้ำแม่คำมี,ตำหนักธรรม,หนองม่วงไข่,แพร่
2022-02-14,5.91,Ban Mae Lai,น้ำแม่หล่าย,แม่หล่าย,เมือง,แพร่
2022-02-14,1.784583333,Ban Mae Tae,แม่น้ำปิง,แม่แฝกเก่า,สันทราย,เชียงใหม่
2022-02-14,2.4,Ban Mae Taeng,แม่น้ำแตง,สันมหาพล,แม่แตง,เชียงใหม่
2022-02-14,3.48,Ban Mae Wan,น้ำแม่กวง,ป่าเมี่ยง,ดอยสะเก็ด,เชียงใหม่
2022-02-14,5,Ban Mai Rim Fang,น้ำฝาง,เวียงฝาง,ฝาง,เชียงใหม่
2022-02-14,7.335833333,Ban Mang,น้ำปี้,มาง,เชียงม่วน,พะเยา
2022-02-14,4.222083333,Ban Mueang Kuet,น้ำแม่แตง,กึ๊ดช้าง,แม่แตง,เชียงใหม่
2022-02-14,2.303333333,Ban Mueang Mai,ห้วยแม่ต๋า,เมืองมาย,แจ้ห่ม,ลำปาง
2022-02-14,4.37,Ban Mueang Pha,น้ำแม่ริม,ริมเหนือ,แม่ริม,เชียงใหม่
2022-02-14,8.340833333,Ban Nam Khong,แม่น้ำยม,ป่าแมต,เมือง,แพร่
2022-02-14,5.79,Ban Nam Yao,น้ำยาว,อวน,ปัว,น่าน
2022-02-14,1.755,Ban Nong Naw,น้ำแม่สอย,แจ้ห่ม,แจ้ห่ม,ลำปาง
2022-02-14,3.494166667,Ban Nong Pham,น้ำแม่ลาว,แม่สรวย,แม่สรวย,เชียงราย
2022-02-14,6.96,Ban Pa Kha,น้ำควร,ควร,ปง,พะเยา
2022-02-14,7.924583333,Ban Pa Khoi Tai,แม่น้ำปิง,สันผีเสื้อ,เมือง,เชียงใหม่
2022-02-14,4.77,Ban Pa Sang,น้ำแม่ทา,ป่าซาง,ป่าซาง,ลำพูน
2022-02-14,5.488333333,Ban Pang Sa,ห้วยน้ำยาว,ผาทอง,ท่าวังผา,น่าน
2022-02-14,10.10666667,Ban Pha Khwang,แม่น้ำน่าน,บ่อ,เมือง,น่าน
2022-02-14,6.351666667,Ban Phai Ngarm,แม่น้ำน่าน,ส้าน,เวียงสา,น่าน
2022-02-14,4.202083333,Ban Phan Ton,น้ำแม่วาง,ทุ่งปี้,แม่วาง,เชียงใหม่
2022-02-14,4.5,Ban Phi Tai,น้ำปี้,บ้านพี้,บ้านหลวง,น่าน
2022-02-14,6.683333333,Ban Pong,น้ำแม่กวง,บวกค้าง,สันกำแพง,เชียงใหม่
2022-02-14,4.593333333,Ban Pong,ห้วยโป่ง,บ้านโป่ง,งาว,ลำปาง
2022-02-14,3.98,Ban Rong Kho,แม่น้ำวัง,ร่องเคาะ,วังเหนือ,ลำปาง
2022-02-14,3.03,Ban Saluang Nok,น้ำแม่ริม,สลวง,แม่ริม,เชียงใหม่
2022-02-14,4.36,Ban San Pu Loei,น้ำแม่ขอด,โหล่งขอด,พร้าว,เชียงใหม่
2022-02-14,4,Ban Singpotin,น้ำแม่ลาย,ป่าเมี่ยง,ดอยสะเก็ด,เชียงใหม่
2022-02-14,9.65,Ban Sob Soi,แม่น้ำปิง,แม่สอย,จอมทอง,เชียงใหม่
2022-02-14,5.5,Ban Sop Mae Sapoot,แม่น้ำแม่ทา,ทาสบเส้า,แม่ทา,ลำพูน
2022-02-14,7.6,Ban Sop Pae,แม่น้ำปิง,สบแปะ,จอมทอง,เชียงใหม่
2022-02-14,5.62,Ban Sop Prap,แม่น้ำวัง,สบปราบ,สบปราบ,ลำปาง
2022-02-14,5.76,Ban Sop Tam,น้ำแม่ต่ำ,เกาะคา,เกาะคา,ลำปาง
2022-02-14,4.33,Ban Sop Win,น้ำแม่วาง,แม่วิน,แม่วาง,เชียงใหม่
2022-02-14,5.643333333,Ban Tha Duea,แม่น้ำวัง,พิชัย,เมือง,ลำปาง
2022-02-14,5.18,Ban Tha Lo,น้ำแม่ตุ๋ย,บ่อแฮ้ว,เมือง,ลำปาง
2022-02-14,3.73,Ban Tha Pong Daeng,น้ำปาย,ผาบ่อง,เมือง,แม่ฮ่องสอน
2022-02-14,6.720416667,Ban Thung Nong,แม่น้ำยม,สระ,เชียงม่วน,พะเยา
2022-02-14,3.573333333,Ban Ton Yang,น้ำแม่ลาว,บัวสลี,แม่ลาว,เชียงราย
2022-02-14,12.88625,Ban Wang Chin,แม่น้ำยม,วังชิ้น,วังชิ้น,แพร่
2022-02-14,3.73,Chedingam,น้ำอิง,ท่าวังทอง,เมือง,พะเยา
2022-02-14,6.715,In front of the Forestry Office,แม่น้ำน่าน,ในเวียง,เมือง,น่าน
2022-02-14,5.262083333,Mae Kham Lak Chet,น้ำแม่คำ,ศรีค้ำ,แม่จัน,เชียงราย
2022-02-14,1.98,Nam Mae Chaem,น้ำแม่แจ่ม,บ้านท่าข้าม,จอมทอง,เชียงใหม่
2022-02-14,5.195416667,Nawarat Bridge,แม่น้ำปิง,วัดเกต,เมือง,เชียงใหม่
2022-02-14,4.34,Pracha Uthit Bridge,น้ำแม่กลาง,บ้านหลวง,จอมทอง,เชียงใหม่
2022-02-14,5.51,Romklao Cooperative House,น้ำแม่งัด,แม่แวน,พร้าว,เชียงใหม่
2022-02-14,3.98,Saphan Ban Khay,น้ำฝาง,แม่นาวาง,แม่อาย,เชียงใหม่
2022-02-14,4.561666667,Setuwaree Bridge,แม้น้ำวัง,เวียงเหนือ,เมือง,ลำปาง
2022-02-14,11.2475,Tha Li Bridge,น้ำว้า,ขึ่ง,เวียงสา,น่าน
2022-02-14,8.055,Tha Nang Bridge,น้ำแม่กวง,ในเมือง,เมือง,ลำพูน
2022-02-14,3.52625,Wang Phrao,น้ำแม่จาง,วังพร้าว,เกาะคา,ลำปาง
2022-02-15,2.789166667,Ban Chiang Dao,แม่น้ำปิง,เชียงดาว,เชียงดาว,เชียงใหม่
2022-02-15,3.238333333,Ban Chor Lae,แม่น้ำปิง,ช่อแล,แม่แตง,เชียงใหม่
2022-02-15,4.075,Ban Don Chai,แม่น้ำวัง,ล้อมแรด,เถิน,ลำปาง
2022-02-15,8.144375,Ban Don Mun,แม่น้ำวัง,บ้านแลง,เมือง,ลำปาง
2022-02-15,6.062083333,Ban Hai,แม่น้ำวัง,ปงดอน,แจ้ห่ม,ลำปาง
2022-02-15,2.8,Ban Hong,น้ำแม่ออน,ร้องวัวแดง,สันกำแพง,เชียงใหม่
2022-02-15,2.45,Ban Hua Sapan,น้ำแม่จัน,ป่าซาง,แม่จัน,เชียงราย
2022-02-15,5.1,Ban Huai Pa Sang,น้ำแม่แตง,กึ๊ดช้าง,แม่แตง,เชียงใหม่
2022-02-15,9.6,Ban Huai Sak,แม่น้ำยม,เตาปูน,สอง,แพร่
2022-02-15,5.842916667,Ban Klang,น้ำแม่ขาน,บ้านกลาง,สันป่าตอง,เชียงใหม่
2022-02-15,3.22,Ban Ko Kha,แม่น้ำวัง,ศาลา,เกาะคา,ลำปาง
2022-02-15,4.43,Ban Krariang Tung Phrao,น้ำแม่สรวย,วาวี,แม่สรวย,เชียงราย
2022-02-15,-3.08,Ban Lai Kaeo,น้ำแม่ลี้,ศรีเตี้ย,บ้านโฮ่ง,ลำพูน
2022-02-15,6.55,Ban Luang,น้ำแม่ตื่น,ยางเปียง,อมก๋อย,เชียงใหม่
2022-02-15,3.875833333,Ban Luang Nuea,น้ำงาว,หลวงใต้,งาว,ลำปาง
2022-02-15,6.662916667,Ban Mae E Hi,น้ำแม่ลี้,ศรีวิชัย,ลี้,ลำพูน
2022-02-15,5.24,Ban Mae Khom Mi Tamnak Tham,น้ำแม่คำมี,ตำหนักธรรม,หนองม่วงไข่,แพร่
2022-02-15,5.91,Ban Mae Lai,น้ำแม่หล่าย,แม่หล่าย,เมือง,แพร่
2022-02-15,1.753333333,Ban Mae Tae,แม่น้ำปิง,แม่แฝกเก่า,สันทราย,เชียงใหม่
2022-02-15,2.4,Ban Mae Taeng,แม่น้ำแตง,สันมหาพล,แม่แตง,เชียงใหม่
2022-02-15,3.48,Ban Mae Wan,น้ำแม่กวง,ป่าเมี่ยง,ดอยสะเก็ด,เชียงใหม่
2022-02-15,5,Ban Mai Rim Fang,น้ำฝาง,เวียงฝาง,ฝาง,เชียงใหม่
2022-02-15,7.338333333,Ban Mang,น้ำปี้,มาง,เชียงม่วน,พะเยา
2022-02-15,4.216666667,Ban Mueang Kuet,น้ำแม่แตง,กึ๊ดช้าง,แม่แตง,เชียงใหม่
2022-02-15,2.296666667,Ban Mueang Mai,ห้วยแม่ต๋า,เมืองมาย,แจ้ห่ม,ลำปาง
2022-02-15,4.310833333,Ban Mueang Pha,น้ำแม่ริม,ริมเหนือ,แม่ริม,เชียงใหม่
2022-02-15,8.34375,Ban Nam Khong,แม่น้ำยม,ป่าแมต,เมือง,แพร่
2022-02-15,5.79,Ban Nam Yao,น้ำยาว,อวน,ปัว,น่าน
2022-02-15,1.7875,Ban Nong Naw,น้ำแม่สอย,แจ้ห่ม,แจ้ห่ม,ลำปาง
2022-02-15,3.477916667,Ban Nong Pham,น้ำแม่ลาว,แม่สรวย,แม่สรวย,เชียงราย
2022-02-15,6.96,Ban Pa Kha,น้ำควร,ควร,ปง,พะเยา
2022-02-15,7.89,Ban Pa Khoi Tai,แม่น้ำปิง,สันผีเสื้อ,เมือง,เชียงใหม่
2022-02-15,4.77,Ban Pa Sang,น้ำแม่ทา,ป่าซาง,ป่าซาง,ลำพูน
2022-02-15,5.48,Ban Pang Sa,ห้วยน้ำยาว,ผาทอง,ท่าวังผา,น่าน
2022-02-15,10.1,Ban Pha Khwang,แม่น้ำน่าน,บ่อ,เมือง,น่าน
2022-02-15,6.36875,Ban Phai Ngarm,แม่น้ำน่าน,ส้าน,เวียงสา,น่าน
2022-02-15,4.2,Ban Phan Ton,น้ำแม่วาง,ทุ่งปี้,แม่วาง,เชียงใหม่
2022-02-15,4.5,Ban Phi Tai,น้ำปี้,บ้านพี้,บ้านหลวง,น่าน
2022-02-15,6.691666667,Ban Pong,น้ำแม่กวง,บวกค้าง,สันกำแพง,เชียงใหม่
2022-02-15,4.596666667,Ban Pong,ห้วยโป่ง,บ้านโป่ง,งาว,ลำปาง
2022-02-15,4.003333333,Ban Rong Kho,แม่น้ำวัง,ร่องเคาะ,วังเหนือ,ลำปาง
2022-02-15,3.03,Ban Saluang Nok,น้ำแม่ริม,สลวง,แม่ริม,เชียงใหม่
2022-02-15,4.36,Ban San Pu Loei,น้ำแม่ขอด,โหล่งขอด,พร้าว,เชียงใหม่
2022-02-15,3.86,Ban Singpotin,น้ำแม่ลาย,ป่าเมี่ยง,ดอยสะเก็ด,เชียงใหม่
2022-02-15,9.64,Ban Sob Soi,แม่น้ำปิง,แม่สอย,จอมทอง,เชียงใหม่
2022-02-15,5.5,Ban Sop Mae Sapoot,แม่น้ำแม่ทา,ทาสบเส้า,แม่ทา,ลำพูน
2022-02-15,7.6,Ban Sop Pae,แม่น้ำปิง,สบแปะ,จอมทอง,เชียงใหม่
2022-02-15,5.623333333,Ban Sop Prap,แม่น้ำวัง,สบปราบ,สบปราบ,ลำปาง
2022-02-15,5.76,Ban Sop Tam,น้ำแม่ต่ำ,เกาะคา,เกาะคา,ลำปาง
2022-02-15,4.33,Ban Sop Win,น้ำแม่วาง,แม่วิน,แม่วาง,เชียงใหม่
2022-02-15,5.653333333,Ban Tha Duea,แม่น้ำวัง,พิชัย,เมือง,ลำปาง
2022-02-15,5.18,Ban Tha Lo,น้ำแม่ตุ๋ย,บ่อแฮ้ว,เมือง,ลำปาง
2022-02-15,3.74,Ban Tha Pong Daeng,น้ำปาย,ผาบ่อง,เมือง,แม่ฮ่องสอน
2022-02-15,6.6925,Ban Thung Nong,แม่น้ำยม,สระ,เชียงม่วน,พะเยา
2022-02-15,3.544583333,Ban Ton Yang,น้ำแม่ลาว,บัวสลี,แม่ลาว,เชียงราย
2022-02-15,12.8725,Ban Wang Chin,แม่น้ำยม,วังชิ้น,วังชิ้น,แพร่
2022-02-15,4.025,Chedingam,น้ำอิง,ท่าวังทอง,เมือง,พะเยา
2022-02-15,6.710416667,In front of the Forestry Office,แม่น้ำน่าน,ในเวียง,เมือง,น่าน
2022-02-15,5.26,Mae Kham Lak Chet,น้ำแม่คำ,ศรีค้ำ,แม่จัน,เชียงราย
2022-02-15,1.97,Nam Mae Chaem,น้ำแม่แจ่ม,บ้านท่าข้าม,จอมทอง,เชียงใหม่
2022-02-15,5.167083333,Nawarat Bridge,แม่น้ำปิง,วัดเกต,เมือง,เชียงใหม่
2022-02-15,4.312083333,Pracha Uthit Bridge,น้ำแม่กลาง,บ้านหลวง,จอมทอง,เชียงใหม่
2022-02-15,5.51,Romklao Cooperative House,น้ำแม่งัด,แม่แวน,พร้าว,เชียงใหม่
2022-02-15,4.09,Saphan Ban Khay,น้ำฝาง,แม่นาวาง,แม่อาย,เชียงใหม่
2022-02-15,4.572916667,Setuwaree Bridge,แม้น้ำวัง,เวียงเหนือ,เมือง,ลำปาง
2022-02-15,11.24125,Tha Li Bridge,น้ำว้า,ขึ่ง,เวียงสา,น่าน
2022-02-15,8.091666667,Tha Nang Bridge,น้ำแม่กวง,ในเมือง,เมือง,ลำพูน
2022-02-15,3.5275,Wang Phrao,น้ำแม่จาง,วังพร้าว,เกาะคา,ลำปาง
2022-02-16,2.773333333,Ban Chiang Dao,แม่น้ำปิง,เชียงดาว,เชียงดาว,เชียงใหม่
2022-02-16,3.24875,Ban Chor Lae,แม่น้ำปิง,ช่อแล,แม่แตง,เชียงใหม่
2022-02-16,4.084583333,Ban Don Chai,แม่น้ำวัง,ล้อมแรด,เถิน,ลำปาง
2022-02-16,8.155,Ban Don Mun,แม่น้ำวัง,บ้านแลง,เมือง,ลำปาง
2022-02-16,5.178333333,Ban Hai,แม่น้ำวัง,ปงดอน,แจ้ห่ม,ลำปาง
2022-02-16,2.76,Ban Hong,น้ำแม่ออน,ร้องวัวแดง,สันกำแพง,เชียงใหม่
2022-02-16,2.53375,Ban Hua Sapan,น้ำแม่จัน,ป่าซาง,แม่จัน,เชียงราย
2022-02-16,5.1,Ban Huai Pa Sang,น้ำแม่แตง,กึ๊ดช้าง,แม่แตง,เชียงใหม่
2022-02-16,9.605833333,Ban Huai Sak,แม่น้ำยม,เตาปูน,สอง,แพร่
2022-02-16,5.84875,Ban Klang,น้ำแม่ขาน,บ้านกลาง,สันป่าตอง,เชียงใหม่
2022-02-16,3.223333333,Ban Ko Kha,แม่น้ำวัง,ศาลา,เกาะคา,ลำปาง
2022-02-16,4.43,Ban Krariang Tung Phrao,น้ำแม่สรวย,วาวี,แม่สรวย,เชียงราย
2022-02-16,-3.08,Ban Lai Kaeo,น้ำแม่ลี้,ศรีเตี้ย,บ้านโฮ่ง,ลำพูน
2022-02-16,6.55,Ban Luang,น้ำแม่ตื่น,ยางเปียง,อมก๋อย,เชียงใหม่
2022-02-16,3.882916667,Ban Luang Nuea,น้ำงาว,หลวงใต้,งาว,ลำปาง
2022-02-16,6.66,Ban Mae E Hi,น้ำแม่ลี้,ศรีวิชัย,ลี้,ลำพูน
2022-02-16,5.24,Ban Mae Khom Mi Tamnak Tham,น้ำแม่คำมี,ตำหนักธรรม,หนองม่วงไข่,แพร่
2022-02-16,5.91,Ban Mae Lai,น้ำแม่หล่าย,แม่หล่าย,เมือง,แพร่
2022-02-16,1.750416667,Ban Mae Tae,แม่น้ำปิง,แม่แฝกเก่า,สันทราย,เชียงใหม่
2022-02-16,2.4,Ban Mae Taeng,แม่น้ำแตง,สันมหาพล,แม่แตง,เชียงใหม่
2022-02-16,3.48,Ban Mae Wan,น้ำแม่กวง,ป่าเมี่ยง,ดอยสะเก็ด,เชียงใหม่
2022-02-16,4.94,Ban Mai Rim Fang,น้ำฝาง,เวียงฝาง,ฝาง,เชียงใหม่
2022-02-16,7.324166667,Ban Mang,น้ำปี้,มาง,เชียงม่วน,พะเยา
2022-02-16,5.64,Ban Muang Pok,น้ำแม่แตง,เปียงหลวง,เวียงแหง,เชียงใหม่
2022-02-16,4.202083333,Ban Mueang Kuet,น้ำแม่แตง,กึ๊ดช้าง,แม่แตง,เชียงใหม่
2022-02-16,2.31,Ban Mueang Mai,ห้วยแม่ต๋า,เมืองมาย,แจ้ห่ม,ลำปาง
2022-02-16,4.281666667,Ban Mueang Pha,น้ำแม่ริม,ริมเหนือ,แม่ริม,เชียงใหม่
2022-02-16,8.331666667,Ban Nam Khong,แม่น้ำยม,ป่าแมต,เมือง,แพร่
2022-02-16,5.79,Ban Nam Yao,น้ำยาว,อวน,ปัว,น่าน
2022-02-16,1.80375,Ban Nong Naw,น้ำแม่สอย,แจ้ห่ม,แจ้ห่ม,ลำปาง
2022-02-16,3.585416667,Ban Nong Pham,น้ำแม่ลาว,แม่สรวย,แม่สรวย,เชียงราย
2022-02-16,6.95,Ban Pa Kha,น้ำควร,ควร,ปง,พะเยา
2022-02-16,7.862916667,Ban Pa Khoi Tai,แม่น้ำปิง,สันผีเสื้อ,เมือง,เชียงใหม่
2022-02-16,4.77,Ban Pa Sang,น้ำแม่ทา,ป่าซาง,ป่าซาง,ลำพูน
2022-02-16,5.482916667,Ban Pang Sa,ห้วยน้ำยาว,ผาทอง,ท่าวังผา,น่าน
2022-02-16,10.09708333,Ban Pha Khwang,แม่น้ำน่าน,บ่อ,เมือง,น่าน
2022-02-16,6.371666667,Ban Phai Ngarm,แม่น้ำน่าน,ส้าน,เวียงสา,น่าน
2022-02-16,4.2,Ban Phan Ton,น้ำแม่วาง,ทุ่งปี้,แม่วาง,เชียงใหม่
2022-02-16,4.5,Ban Phi Tai,น้ำปี้,บ้านพี้,บ้านหลวง,น่าน
2022-02-16,6.63875,Ban Pong,น้ำแม่กวง,บวกค้าง,สันกำแพง,เชียงใหม่
2022-02-16,4.603333333,Ban Pong,ห้วยโป่ง,บ้านโป่ง,งาว,ลำปาง
2022-02-16,4.116666667,Ban Rong Kho,แม่น้ำวัง,ร่องเคาะ,วังเหนือ,ลำปาง
2022-02-16,3.03,Ban Saluang Nok,น้ำแม่ริม,สลวง,แม่ริม,เชียงใหม่
2022-02-16,4.36,Ban San Pu Loei,น้ำแม่ขอด,โหล่งขอด,พร้าว,เชียงใหม่
2022-02-16,4,Ban Singpotin,น้ำแม่ลาย,ป่าเมี่ยง,ดอยสะเก็ด,เชียงใหม่
2022-02-16,9.64,Ban Sob Soi,แม่น้ำปิง,แม่สอย,จอมทอง,เชียงใหม่
2022-02-16,5.5,Ban Sop Mae Sapoot,แม่น้ำแม่ทา,ทาสบเส้า,แม่ทา,ลำพูน
2022-02-16,7.6,Ban Sop Pae,แม่น้ำปิง,สบแปะ,จอมทอง,เชียงใหม่
2022-02-16,5.636666667,Ban Sop Prap,แม่น้ำวัง,สบปราบ,สบปราบ,ลำปาง
2022-02-16,5.746666667,Ban Sop Tam,น้ำแม่ต่ำ,เกาะคา,เกาะคา,ลำปาง
2022-02-16,4.33,Ban Sop Win,น้ำแม่วาง,แม่วิน,แม่วาง,เชียงใหม่
2022-02-16,5.67,Ban Tha Duea,แม่น้ำวัง,พิชัย,เมือง,ลำปาง
2022-02-16,5.18,Ban Tha Lo,น้ำแม่ตุ๋ย,บ่อแฮ้ว,เมือง,ลำปาง
2022-02-16,3.73,Ban Tha Pong Daeng,น้ำปาย,ผาบ่อง,เมือง,แม่ฮ่องสอน
2022-02-16,6.68625,Ban Thung Nong,แม่น้ำยม,สระ,เชียงม่วน,พะเยา
2022-02-16,3.559166667,Ban Ton Yang,น้ำแม่ลาว,บัวสลี,แม่ลาว,เชียงราย
2022-02-16,12.84666667,Ban Wang Chin,แม่น้ำยม,วังชิ้น,วังชิ้น,แพร่
2022-02-16,3.713333333,Chedingam,น้ำอิง,ท่าวังทอง,เมือง,พะเยา
2022-02-16,6.696666667,In front of the Forestry Office,แม่น้ำน่าน,ในเวียง,เมือง,น่าน
2022-02-16,5.25,Mae Kham Lak Chet,น้ำแม่คำ,ศรีค้ำ,แม่จัน,เชียงราย
2022-02-16,1.97,Nam Mae Chaem,น้ำแม่แจ่ม,บ้านท่าข้าม,จอมทอง,เชียงใหม่
2022-02-16,5.148333333,Nawarat Bridge,แม่น้ำปิง,วัดเกต,เมือง,เชียงใหม่
2022-02-16,4.31,Pracha Uthit Bridge,น้ำแม่กลาง,บ้านหลวง,จอมทอง,เชียงใหม่
2022-02-16,5.5,Romklao Cooperative House,น้ำแม่งัด,แม่แวน,พร้าว,เชียงใหม่
2022-02-16,3.93,Saphan Ban Khay,น้ำฝาง,แม่นาวาง,แม่อาย,เชียงใหม่
2022-02-16,4.58,Setuwaree Bridge,แม้น้ำวัง,เวียงเหนือ,เมือง,ลำปาง
2022-02-16,11.23708333,Tha Li Bridge,น้ำว้า,ขึ่ง,เวียงสา,น่าน
2022-02-16,8.15375,Tha Nang Bridge,น้ำแม่กวง,ในเมือง,เมือง,ลำพูน
2022-02-16,3.528333333,Wang Phrao,น้ำแม่จาง,วังพร้าว,เกาะคา,ลำปาง
2022-02-17,2.764166667,Ban Chiang Dao,แม่น้ำปิง,เชียงดาว,เชียงดาว,เชียงใหม่
2022-02-17,3.234583333,Ban Chor Lae,แม่น้ำปิง,ช่อแล,แม่แตง,เชียงใหม่
2022-02-17,4.132083333,Ban Don Chai,แม่น้ำวัง,ล้อมแรด,เถิน,ลำปาง
2022-02-17,8.161666667,Ban Don Mun,แม่น้ำวัง,บ้านแลง,เมือง,ลำปาง
2022-02-17,5.12875,Ban Hai,แม่น้ำวัง,ปงดอน,แจ้ห่ม,ลำปาง
2022-02-17,2.76,Ban Hong,น้ำแม่ออน,ร้องวัวแดง,สันกำแพง,เชียงใหม่
2022-02-17,2.734583333,Ban Hua Sapan,น้ำแม่จัน,ป่าซาง,แม่จัน,เชียงราย
2022-02-17,5.08,Ban Huai Pa Sang,น้ำแม่แตง,กึ๊ดช้าง,แม่แตง,เชียงใหม่
2022-02-17,9.604166667,Ban Huai Sak,แม่น้ำยม,เตาปูน,สอง,แพร่
2022-02-17,5.85,Ban Klang,น้ำแม่ขาน,บ้านกลาง,สันป่าตอง,เชียงใหม่
2022-02-17,3.226666667,Ban Ko Kha,แม่น้ำวัง,ศาลา,เกาะคา,ลำปาง
2022-02-17,4.42,Ban Krariang Tung Phrao,น้ำแม่สรวย,วาวี,แม่สรวย,เชียงราย
2022-02-17,-3.08,Ban Lai Kaeo,น้ำแม่ลี้,ศรีเตี้ย,บ้านโฮ่ง,ลำพูน
2022-02-17,6.55,Ban Luang,น้ำแม่ตื่น,ยางเปียง,อมก๋อย,เชียงใหม่
2022-02-17,3.887083333,Ban Luang Nuea,น้ำงาว,หลวงใต้,งาว,ลำปาง
2022-02-17,6.66,Ban Mae E Hi,น้ำแม่ลี้,ศรีวิชัย,ลี้,ลำพูน
2022-02-17,5.24,Ban Mae Khom Mi Tamnak Tham,น้ำแม่คำมี,ตำหนักธรรม,หนองม่วงไข่,แพร่
2022-02-17,5.91,Ban Mae Lai,น้ำแม่หล่าย,แม่หล่าย,เมือง,แพร่
2022-02-17,1.764166667,Ban Mae Tae,แม่น้ำปิง,แม่แฝกเก่า,สันทราย,เชียงใหม่
2022-02-17,2.4,Ban Mae Taeng,แม่น้ำแตง,สันมหาพล,แม่แตง,เชียงใหม่
2022-02-17,3.48,Ban Mae Wan,น้ำแม่กวง,ป่าเมี่ยง,ดอยสะเก็ด,เชียงใหม่
2022-02-17,4.94,Ban Mai Rim Fang,น้ำฝาง,เวียงฝาง,ฝาง,เชียงใหม่
2022-02-17,7.300416667,Ban Mang,น้ำปี้,มาง,เชียงม่วน,พะเยา
2022-02-17,4.21,Ban Mueang Kuet,น้ำแม่แตง,กึ๊ดช้าง,แม่แตง,เชียงใหม่
2022-02-17,2.4,Ban Mueang Mai,ห้วยแม่ต๋า,เมืองมาย,แจ้ห่ม,ลำปาง
2022-02-17,4.28125,Ban Mueang Pha,น้ำแม่ริม,ริมเหนือ,แม่ริม,เชียงใหม่
2022-02-17,8.284166667,Ban Nam Khong,แม่น้ำยม,ป่าแมต,เมือง,แพร่
2022-02-17,5.79,Ban Nam Yao,น้ำยาว,อวน,ปัว,น่าน
2022-02-17,1.798333333,Ban Nong Naw,น้ำแม่สอย,แจ้ห่ม,แจ้ห่ม,ลำปาง
2022-02-17,3.59125,Ban Nong Pham,น้ำแม่ลาว,แม่สรวย,แม่สรวย,เชียงราย
2022-02-17,6.9,Ban Pa Kha,น้ำควร,ควร,ปง,พะเยา
2022-02-17,7.694583333,Ban Pa Khoi Tai,แม่น้ำปิง,สันผีเสื้อ,เมือง,เชียงใหม่
2022-02-17,4.77,Ban Pa Sang,น้ำแม่ทา,ป่าซาง,ป่าซาง,ลำพูน
2022-02-17,5.48875,Ban Pang Sa,ห้วยน้ำยาว,ผาทอง,ท่าวังผา,น่าน
2022-02-17,10.09,Ban Pha Khwang,แม่น้ำน่าน,บ่อ,เมือง,น่าน
2022-02-17,6.38,Ban Phai Ngarm,แม่น้ำน่าน,ส้าน,เวียงสา,น่าน
2022-02-17,4.2,Ban Phan Ton,น้ำแม่วาง,ทุ่งปี้,แม่วาง,เชียงใหม่
2022-02-17,4.6,Ban Phi Tai,น้ำปี้,บ้านพี้,บ้านหลวง,น่าน
2022-02-17,6.594583333,Ban Pong,น้ำแม่กวง,บวกค้าง,สันกำแพง,เชียงใหม่
2022-02-17,4.606666667,Ban Pong,ห้วยโป่ง,บ้านโป่ง,งาว,ลำปาง
2022-02-17,4.12,Ban Rong Kho,แม่น้ำวัง,ร่องเคาะ,วังเหนือ,ลำปาง
2022-02-17,3.03,Ban Saluang Nok,น้ำแม่ริม,สลวง,แม่ริม,เชียงใหม่
2022-02-17,4.37,Ban San Pu Loei,น้ำแม่ขอด,โหล่งขอด,พร้าว,เชียงใหม่
2022-02-17,4,Ban Singpotin,น้ำแม่ลาย,ป่าเมี่ยง,ดอยสะเก็ด,เชียงใหม่
2022-02-17,9.64,Ban Sob Soi,แม่น้ำปิง,แม่สอย,จอมทอง,เชียงใหม่
2022-02-17,5.5,Ban Sop Mae Sapoot,แม่น้ำแม่ทา,ทาสบเส้า,แม่ทา,ลำพูน
2022-02-17,7.6,Ban Sop Pae,แม่น้ำปิง,สบแปะ,จอมทอง,เชียงใหม่
2022-02-17,5.646666667,Ban Sop Prap,แม่น้ำวัง,สบปราบ,สบปราบ,ลำปาง
2022-02-17,5.7,Ban Sop Tam,น้ำแม่ต่ำ,เกาะคา,เกาะคา,ลำปาง
2022-02-17,4.33,Ban Sop Win,น้ำแม่วาง,แม่วิน,แม่วาง,เชียงใหม่
2022-02-17,5.695,Ban Tha Duea,แม่น้ำวัง,พิชัย,เมือง,ลำปาง
2022-02-17,5.18,Ban Tha Lo,น้ำแม่ตุ๋ย,บ่อแฮ้ว,เมือง,ลำปาง
2022-02-17,3.74,Ban Tha Pong Daeng,น้ำปาย,ผาบ่อง,เมือง,แม่ฮ่องสอน
2022-02-17,6.673333333,Ban Thung Nong,แม่น้ำยม,สระ,เชียงม่วน,พะเยา
2022-02-17,3.558333333,Ban Ton Yang,น้ำแม่ลาว,บัวสลี,แม่ลาว,เชียงราย
2022-02-17,12.78791667,Ban Wang Chin,แม่น้ำยม,วังชิ้น,วังชิ้น,แพร่
2022-02-17,3.7,Chedingam,น้ำอิง,ท่าวังทอง,เมือง,พะเยา
2022-02-17,6.7,In front of the Forestry Office,แม่น้ำน่าน,ในเวียง,เมือง,น่าน
2022-02-17,5.25,Mae Kham Lak Chet,น้ำแม่คำ,ศรีค้ำ,แม่จัน,เชียงราย
2022-02-17,1.97,Nam Mae Chaem,น้ำแม่แจ่ม,บ้านท่าข้าม,จอมทอง,เชียงใหม่
2022-02-17,4.985416667,Nawarat Bridge,แม่น้ำปิง,วัดเกต,เมือง,เชียงใหม่
2022-02-17,4.304166667,Pracha Uthit Bridge,น้ำแม่กลาง,บ้านหลวง,จอมทอง,เชียงใหม่
2022-02-17,5.5,Romklao Cooperative House,น้ำแม่งัด,แม่แวน,พร้าว,เชียงใหม่
2022-02-17,3.98,Saphan Ban Khay,น้ำฝาง,แม่นาวาง,แม่อาย,เชียงใหม่
2022-02-17,4.59625,Setuwaree Bridge,แม้น้ำวัง,เวียงเหนือ,เมือง,ลำปาง
2022-02-17,11.23,Tha Li Bridge,น้ำว้า,ขึ่ง,เวียงสา,น่าน
2022-02-17,8.177916667,Tha Nang Bridge,น้ำแม่กวง,ในเมือง,เมือง,ลำพูน
2022-02-17,3.53375,Wang Phrao,น้ำแม่จาง,วังพร้าว,เกาะคา,ลำปาง
2022-02-18,2.772083333,Ban Chiang Dao,แม่น้ำปิง,เชียงดาว,เชียงดาว,เชียงใหม่
2022-02-18,3.375833333,Ban Chor Lae,แม่น้ำปิง,ช่อแล,แม่แตง,เชียงใหม่
2022-02-18,4.2225,Ban Don Chai,แม่น้ำวัง,ล้อมแรด,เถิน,ลำปาง
2022-02-18,8.16,Ban Don Mun,แม่น้ำวัง,บ้านแลง,เมือง,ลำปาง
2022-02-18,3.95,Ban Don Sali,น้ำแม่ลาว,ป่าแดด,แม่สรวย,เชียงราย
2022-02-18,5.11,Ban Hai,แม่น้ำวัง,ปงดอน,แจ้ห่ม,ลำปาง
2022-02-18,2.76,Ban Hong,น้ำแม่ออน,ร้องวัวแดง,สันกำแพง,เชียงใหม่
2022-02-18,2.697083333,Ban Hua Sapan,น้ำแม่จัน,ป่าซาง,แม่จัน,เชียงราย
2022-02-18,5.08,Ban Huai Pa Sang,น้ำแม่แตง,กึ๊ดช้าง,แม่แตง,เชียงใหม่
2022-02-18,9.603333333,Ban Huai Sak,แม่น้ำยม,เตาปูน,สอง,แพร่
2022-02-18,5.85,Ban Klang,น้ำแม่ขาน,บ้านกลาง,สันป่าตอง,เชียงใหม่
2022-02-18,3.22,Ban Ko Kha,แม่น้ำวัง,ศาลา,เกาะคา,ลำปาง
2022-02-18,4.444166667,Ban Krariang Tung Phrao,น้ำแม่สรวย,วาวี,แม่สรวย,เชียงราย
2022-02-18,-3.08,Ban Lai Kaeo,น้ำแม่ลี้,ศรีเตี้ย,บ้านโฮ่ง,ลำพูน
2022-02-18,6.55,Ban Luang,น้ำแม่ตื่น,ยางเปียง,อมก๋อย,เชียงใหม่
2022-02-18,3.861666667,Ban Luang Nuea,น้ำงาว,หลวงใต้,งาว,ลำปาง
2022-02-18,6.6625,Ban Mae E Hi,น้ำแม่ลี้,ศรีวิชัย,ลี้,ลำพูน
2022-02-18,5.24,Ban Mae Khom Mi Tamnak Tham,น้ำแม่คำมี,ตำหนักธรรม,หนองม่วงไข่,แพร่
2022-02-18,5.91,Ban Mae Lai,น้ำแม่หล่าย,แม่หล่าย,เมือง,แพร่
2022-02-18,1.753333333,Ban Mae Tae,แม่น้ำปิง,แม่แฝกเก่า,สันทราย,เชียงใหม่
2022-02-18,2.4,Ban Mae Taeng,แม่น้ำแตง,สันมหาพล,แม่แตง,เชียงใหม่
2022-02-18,3.48,Ban Mae Wan,น้ำแม่กวง,ป่าเมี่ยง,ดอยสะเก็ด,เชียงใหม่
2022-02-18,4.92,Ban Mai Rim Fang,น้ำฝาง,เวียงฝาง,ฝาง,เชียงใหม่
2022-02-18,7.274583333,Ban Mang,น้ำปี้,มาง,เชียงม่วน,พะเยา
2022-02-18,4.222083333,Ban Mueang Kuet,น้ำแม่แตง,กึ๊ดช้าง,แม่แตง,เชียงใหม่
2022-02-18,2.62,Ban Mueang Mai,ห้วยแม่ต๋า,เมืองมาย,แจ้ห่ม,ลำปาง
2022-02-18,4.285416667,Ban Mueang Pha,น้ำแม่ริม,ริมเหนือ,แม่ริม,เชียงใหม่
2022-02-18,8.255,Ban Nam Khong,แม่น้ำยม,ป่าแมต,เมือง,แพร่
2022-02-18,5.79,Ban Nam Yao,น้ำยาว,อวน,ปัว,น่าน
2022-02-18,1.802916667,Ban Nong Naw,น้ำแม่สอย,แจ้ห่ม,แจ้ห่ม,ลำปาง
2022-02-18,3.6,Ban Nong Pham,น้ำแม่ลาว,แม่สรวย,แม่สรวย,เชียงราย
2022-02-18,6.9,Ban Pa Kha,น้ำควร,ควร,ปง,พะเยา
2022-02-18,7.70875,Ban Pa Khoi Tai,แม่น้ำปิง,สันผีเสื้อ,เมือง,เชียงใหม่
2022-02-18,4.7675,Ban Pa Sang,น้ำแม่ทา,ป่าซาง,ป่าซาง,ลำพูน
2022-02-18,5.48,Ban Pang Sa,ห้วยน้ำยาว,ผาทอง,ท่าวังผา,น่าน
2022-02-18,10.09,Ban Pha Khwang,แม่น้ำน่าน,บ่อ,เมือง,น่าน
2022-02-18,6.3825,Ban Phai Ngarm,แม่น้ำน่าน,ส้าน,เวียงสา,น่าน
2022-02-18,4.2025,Ban Phan Ton,น้ำแม่วาง,ทุ่งปี้,แม่วาง,เชียงใหม่
2022-02-18,4.6,Ban Phi Tai,น้ำปี้,บ้านพี้,บ้านหลวง,น่าน
2022-02-18,6.64375,Ban Pong,น้ำแม่กวง,บวกค้าง,สันกำแพง,เชียงใหม่
2022-02-18,4.606666667,Ban Pong,ห้วยโป่ง,บ้านโป่ง,งาว,ลำปาง
2022-02-18,4.12,Ban Rong Kho,แม่น้ำวัง,ร่องเคาะ,วังเหนือ,ลำปาง
2022-02-18,3.03,Ban Saluang Nok,น้ำแม่ริม,สลวง,แม่ริม,เชียงใหม่
2022-02-18,4.32,Ban San Pu Loei,น้ำแม่ขอด,โหล่งขอด,พร้าว,เชียงใหม่
2022-02-18,4,Ban Singpotin,น้ำแม่ลาย,ป่าเมี่ยง,ดอยสะเก็ด,เชียงใหม่
2022-02-18,9.66,Ban Sob Soi,แม่น้ำปิง,แม่สอย,จอมทอง,เชียงใหม่
2022-02-18,5.502083333,Ban Sop Mae Sapoot,แม่น้ำแม่ทา,ทาสบเส้า,แม่ทา,ลำพูน
2022-02-18,7.55,Ban Sop Pae,แม่น้ำปิง,สบแปะ,จอมทอง,เชียงใหม่
2022-02-18,5.64,Ban Sop Prap,แม่น้ำวัง,สบปราบ,สบปราบ,ลำปาง
2022-02-18,5.7,Ban Sop Tam,น้ำแม่ต่ำ,เกาะคา,เกาะคา,ลำปาง
2022-02-18,4.33625,Ban Sop Win,น้ำแม่วาง,แม่วิน,แม่วาง,เชียงใหม่
2022-02-18,5.796666667,Ban Tha Duea,แม่น้ำวัง,พิชัย,เมือง,ลำปาง
2022-02-18,5.183333333,Ban Tha Lo,น้ำแม่ตุ๋ย,บ่อแฮ้ว,เมือง,ลำปาง
2022-02-18,3.734,Ban Tha Pong Daeng,น้ำปาย,ผาบ่อง,เมือง,แม่ฮ่องสอน
2022-02-18,6.661666667,Ban Thung Nong,แม่น้ำยม,สระ,เชียงม่วน,พะเยา
2022-02-18,3.55625,Ban Ton Yang,น้ำแม่ลาว,บัวสลี,แม่ลาว,เชียงราย
2022-02-18,12.78083333,Ban Wang Chin,แม่น้ำยม,วังชิ้น,วังชิ้น,แพร่
2022-02-18,3.8,Chedingam,น้ำอิง,ท่าวังทอง,เมือง,พะเยา
2022-02-18,6.7,In front of the Forestry Office,แม่น้ำน่าน,ในเวียง,เมือง,น่าน
2022-02-18,5.27125,Mae Kham Lak Chet,น้ำแม่คำ,ศรีค้ำ,แม่จัน,เชียงราย
2022-02-18,1.97,Nam Mae Chaem,น้ำแม่แจ่ม,บ้านท่าข้าม,จอมทอง,เชียงใหม่
2022-02-18,4.937083333,Nawarat Bridge,แม่น้ำปิง,วัดเกต,เมือง,เชียงใหม่
2022-02-18,4.300416667,Pracha Uthit Bridge,น้ำแม่กลาง,บ้านหลวง,จอมทอง,เชียงใหม่
2022-02-18,5.5,Romklao Cooperative House,น้ำแม่งัด,แม่แวน,พร้าว,เชียงใหม่
2022-02-18,4.05,Saphan Ban Khay,น้ำฝาง,แม่นาวาง,แม่อาย,เชียงใหม่
2022-02-18,4.79125,Setuwaree Bridge,แม้น้ำวัง,เวียงเหนือ,เมือง,ลำปาง
2022-02-18,11.23,Tha Li Bridge,น้ำว้า,ขึ่ง,เวียงสา,น่าน
2022-02-18,8.134583333,Tha Nang Bridge,น้ำแม่กวง,ในเมือง,เมือง,ลำพูน
2022-02-18,3.537083333,Wang Phrao,น้ำแม่จาง,วังพร้าว,เกาะคา,ลำปาง
2022-02-19,2.795416667,Ban Chiang Dao,แม่น้ำปิง,เชียงดาว,เชียงดาว,เชียงใหม่
2022-02-19,3.475833333,Ban Chor Lae,แม่น้ำปิง,ช่อแล,แม่แตง,เชียงใหม่
2022-02-19,4.280416667,Ban Don Chai,แม่น้ำวัง,ล้อมแรด,เถิน,ลำปาง
2022-02-19,8.041458333,Ban Don Mun,แม่น้ำวัง,บ้านแลง,เมือง,ลำปาง
2022-02-19,4.383333333,Ban Don Sali,น้ำแม่ลาว,ป่าแดด,แม่สรวย,เชียงราย
2022-02-19,5.103333333,Ban Hai,แม่น้ำวัง,ปงดอน,แจ้ห่ม,ลำปาง
2022-02-19,2.76,Ban Hong,น้ำแม่ออน,ร้องวัวแดง,สันกำแพง,เชียงใหม่
2022-02-19,2.68,Ban Hua Sapan,น้ำแม่จัน,ป่าซาง,แม่จัน,เชียงราย
2022-02-19,5.2,Ban Huai Pa Sang,น้ำแม่แตง,กึ๊ดช้าง,แม่แตง,เชียงใหม่
2022-02-19,9.6175,Ban Huai Sak,แม่น้ำยม,เตาปูน,สอง,แพร่
2022-02-19,5.8625,Ban Klang,น้ำแม่ขาน,บ้านกลาง,สันป่าตอง,เชียงใหม่
2022-02-19,3.21,Ban Ko Kha,แม่น้ำวัง,ศาลา,เกาะคา,ลำปาง
2022-02-19,4.486666667,Ban Krariang Tung Phrao,น้ำแม่สรวย,วาวี,แม่สรวย,เชียงราย
2022-02-19,-3.08,Ban Lai Kaeo,น้ำแม่ลี้,ศรีเตี้ย,บ้านโฮ่ง,ลำพูน
2022-02-19,6.59,Ban Luang,น้ำแม่ตื่น,ยางเปียง,อมก๋อย,เชียงใหม่
2022-02-19,3.87,Ban Luang Nuea,น้ำงาว,หลวงใต้,งาว,ลำปาง
2022-02-19,6.686666667,Ban Mae E Hi,น้ำแม่ลี้,ศรีวิชัย,ลี้,ลำพูน
2022-02-19,5.24,Ban Mae Khom Mi Tamnak Tham,น้ำแม่คำมี,ตำหนักธรรม,หนองม่วงไข่,แพร่
2022-02-19,5.91,Ban Mae Lai,น้ำแม่หล่าย,แม่หล่าย,เมือง,แพร่
2022-02-19,2.109583333,Ban Mae Tae,แม่น้ำปิง,แม่แฝกเก่า,สันทราย,เชียงใหม่
2022-02-19,2.4,Ban Mae Taeng,แม่น้ำแตง,สันมหาพล,แม่แตง,เชียงใหม่
2022-02-19,3.48,Ban Mae Wan,น้ำแม่กวง,ป่าเมี่ยง,ดอยสะเก็ด,เชียงใหม่
2022-02-19,5.04,Ban Mai Rim Fang,น้ำฝาง,เวียงฝาง,ฝาง,เชียงใหม่
2022-02-19,7.274166667,Ban Mang,น้ำปี้,มาง,เชียงม่วน,พะเยา
2022-02-19,5.71,Ban Muang Pok,น้ำแม่แตง,เปียงหลวง,เวียงแหง,เชียงใหม่
2022-02-19,4.3125,Ban Mueang Kuet,น้ำแม่แตง,กึ๊ดช้าง,แม่แตง,เชียงใหม่
2022-02-19,2.623333333,Ban Mueang Mai,ห้วยแม่ต๋า,เมืองมาย,แจ้ห่ม,ลำปาง
2022-02-19,4.302083333,Ban Mueang Pha,น้ำแม่ริม,ริมเหนือ,แม่ริม,เชียงใหม่
2022-02-19,8.230416667,Ban Nam Khong,แม่น้ำยม,ป่าแมต,เมือง,แพร่
2022-02-19,5.82375,Ban Nam Yao,น้ำยาว,อวน,ปัว,น่าน
2022-02-19,1.81625,Ban Nong Naw,น้ำแม่สอย,แจ้ห่ม,แจ้ห่ม,ลำปาง
2022-02-19,3.81125,Ban Nong Pham,น้ำแม่ลาว,แม่สรวย,แม่สรวย,เชียงราย
2022-02-19,6.9,Ban Pa Kha,น้ำควร,ควร,ปง,พะเยา
2022-02-19,7.9725,Ban Pa Khoi Tai,แม่น้ำปิง,สันผีเสื้อ,เมือง,เชียงใหม่
2022-02-19,4.752083333,Ban Pa Sang,น้ำแม่ทา,ป่าซาง,ป่าซาง,ลำพูน
2022-02-19,5.497916667,Ban Pang Sa,ห้วยน้ำยาว,ผาทอง,ท่าวังผา,น่าน
2022-02-19,10.09875,Ban Pha Khwang,แม่น้ำน่าน,บ่อ,เมือง,น่าน
2022-02-19,6.39875,Ban Phai Ngarm,แม่น้ำน่าน,ส้าน,เวียงสา,น่าน
2022-02-19,4.221666667,Ban Phan Ton,น้ำแม่วาง,ทุ่งปี้,แม่วาง,เชียงใหม่
2022-02-19,4.6,Ban Phi Tai,น้ำปี้,บ้านพี้,บ้านหลวง,น่าน
2022-02-19,6.908333333,Ban Pong,น้ำแม่กวง,บวกค้าง,สันกำแพง,เชียงใหม่
2022-02-19,4.616666667,Ban Pong,ห้วยโป่ง,บ้านโป่ง,งาว,ลำปาง
2022-02-19,4.12,Ban Rong Kho,แม่น้ำวัง,ร่องเคาะ,วังเหนือ,ลำปาง
2022-02-19,3.05,Ban Saluang Nok,น้ำแม่ริม,สลวง,แม่ริม,เชียงใหม่
2022-02-19,4.32,Ban San Pu Loei,น้ำแม่ขอด,โหล่งขอด,พร้าว,เชียงใหม่
2022-02-19,4,Ban Singpotin,น้ำแม่ลาย,ป่าเมี่ยง,ดอยสะเก็ด,เชียงใหม่
2022-02-19,9.62,Ban Sob Soi,แม่น้ำปิง,แม่สอย,จอมทอง,เชียงใหม่
2022-02-19,5.53125,Ban Sop Mae Sapoot,แม่น้ำแม่ทา,ทาสบเส้า,แม่ทา,ลำพูน
2022-02-19,7.5,Ban Sop Pae,แม่น้ำปิง,สบแปะ,จอมทอง,เชียงใหม่
2022-02-19,5.656666667,Ban Sop Prap,แม่น้ำวัง,สบปราบ,สบปราบ,ลำปาง
2022-02-19,5.683333333,Ban Sop Tam,น้ำแม่ต่ำ,เกาะคา,เกาะคา,ลำปาง
2022-02-19,4.380416667,Ban Sop Win,น้ำแม่วาง,แม่วิน,แม่วาง,เชียงใหม่
2022-02-19,5.846666667,Ban Tha Duea,แม่น้ำวัง,พิชัย,เมือง,ลำปาง
2022-02-19,5.183333333,Ban Tha Lo,น้ำแม่ตุ๋ย,บ่อแฮ้ว,เมือง,ลำปาง
2022-02-19,3.754,Ban Tha Pong Daeng,น้ำปาย,ผาบ่อง,เมือง,แม่ฮ่องสอน
2022-02-19,6.6975,Ban Thung Nong,แม่น้ำยม,สระ,เชียงม่วน,พะเยา
2022-02-19,3.685416667,Ban Ton Yang,น้ำแม่ลาว,บัวสลี,แม่ลาว,เชียงราย
2022-02-19,12.80583333,Ban Wang Chin,แม่น้ำยม,วังชิ้น,วังชิ้น,แพร่
2022-02-19,4.143333333,Chedingam,น้ำอิง,ท่าวังทอง,เมือง,พะเยา
2022-02-19,6.714166667,In front of the Forestry Office,แม่น้ำน่าน,ในเวียง,เมือง,น่าน
2022-02-19,5.34375,Mae Kham Lak Chet,น้ำแม่คำ,ศรีค้ำ,แม่จัน,เชียงราย
2022-02-19,1.95,Nam Mae Chaem,น้ำแม่แจ่ม,บ้านท่าข้าม,จอมทอง,เชียงใหม่
2022-02-19,4.9925,Nawarat Bridge,แม่น้ำปิง,วัดเกต,เมือง,เชียงใหม่
2022-02-19,4.35,Pracha Uthit Bridge,น้ำแม่กลาง,บ้านหลวง,จอมทอง,เชียงใหม่
2022-02-19,5.5,Romklao Cooperative House,น้ำแม่งัด,แม่แวน,พร้าว,เชียงใหม่
2022-02-19,4,Saphan Ban Khay,น้ำฝาง,แม่นาวาง,แม่อาย,เชียงใหม่
2022-02-19,5.14375,Setuwaree Bridge,แม้น้ำวัง,เวียงเหนือ,เมือง,ลำปาง
2022-02-19,11.2425,Tha Li Bridge,น้ำว้า,ขึ่ง,เวียงสา,น่าน
2022-02-19,8.047083333,Tha Nang Bridge,น้ำแม่กวง,ในเมือง,เมือง,ลำพูน
2022-02-19,3.563333333,Wang Phrao,น้ำแม่จาง,วังพร้าว,เกาะคา,ลำปาง
2022-02-20,2.819583333,Ban Chiang Dao,แม่น้ำปิง,เชียงดาว,เชียงดาว,เชียงใหม่
2022-02-20,3.36625,Ban Chor Lae,แม่น้ำปิง,ช่อแล,แม่แตง,เชียงใหม่
2022-02-20,4.304583333,Ban Don Chai,แม่น้ำวัง,ล้อมแรด,เถิน,ลำปาง
2022-02-20,7.890833333,Ban Don Mun,แม่น้ำวัง,บ้านแลง,เมือง,ลำปาง
2022-02-20,4.7425,Ban Don Sali,น้ำแม่ลาว,ป่าแดด,แม่สรวย,เชียงราย
2022-02-20,5.100833333,Ban Hai,แม่น้ำวัง,ปงดอน,แจ้ห่ม,ลำปาง
2022-02-20,2.76,Ban Hong,น้ำแม่ออน,ร้องวัวแดง,สันกำแพง,เชียงใหม่
2022-02-20,2.68,Ban Hua Sapan,น้ำแม่จัน,ป่าซาง,แม่จัน,เชียงราย
2022-02-20,5.4,Ban Huai Pa Sang,น้ำแม่แตง,กึ๊ดช้าง,แม่แตง,เชียงใหม่
2022-02-20,9.64,Ban Huai Sak,แม่น้ำยม,เตาปูน,สอง,แพร่
2022-02-20,6.014583333,Ban Klang,น้ำแม่ขาน,บ้านกลาง,สันป่าตอง,เชียงใหม่
2022-02-20,3.236666667,Ban Ko Kha,แม่น้ำวัง,ศาลา,เกาะคา,ลำปาง
2022-02-20,4.47,Ban Krariang Tung Phrao,น้ำแม่สรวย,วาวี,แม่สรวย,เชียงราย
2022-02-20,-3.08,Ban Lai Kaeo,น้ำแม่ลี้,ศรีเตี้ย,บ้านโฮ่ง,ลำพูน
2022-02-20,6.84,Ban Luang,น้ำแม่ตื่น,ยางเปียง,อมก๋อย,เชียงใหม่
2022-02-20,3.923333333,Ban Luang Nuea,น้ำงาว,หลวงใต้,งาว,ลำปาง
2022-02-20,6.6825,Ban Mae E Hi,น้ำแม่ลี้,ศรีวิชัย,ลี้,ลำพูน
2022-02-20,5.24,Ban Mae Khom Mi Tamnak Tham,น้ำแม่คำมี,ตำหนักธรรม,หนองม่วงไข่,แพร่
2022-02-20,5.91,Ban Mae Lai,น้ำแม่หล่าย,แม่หล่าย,เมือง,แพร่
2022-02-20,2.161666667,Ban Mae Tae,แม่น้ำปิง,แม่แฝกเก่า,สันทราย,เชียงใหม่
2022-02-20,2.41,Ban Mae Taeng,แม่น้ำแตง,สันมหาพล,แม่แตง,เชียงใหม่
2022-02-20,3.65,Ban Mae Wan,น้ำแม่กวง,ป่าเมี่ยง,ดอยสะเก็ด,เชียงใหม่
2022-02-20,5.12,Ban Mai Rim Fang,น้ำฝาง,เวียงฝาง,ฝาง,เชียงใหม่
2022-02-20,7.434583333,Ban Mang,น้ำปี้,มาง,เชียงม่วน,พะเยา
2022-02-20,5.75,Ban Muang Pok,น้ำแม่แตง,เปียงหลวง,เวียงแหง,เชียงใหม่
2022-02-20,4.47875,Ban Mueang Kuet,น้ำแม่แตง,กึ๊ดช้าง,แม่แตง,เชียงใหม่
2022-02-20,2.68,Ban Mueang Mai,ห้วยแม่ต๋า,เมืองมาย,แจ้ห่ม,ลำปาง
2022-02-20,4.467916667,Ban Mueang Pha,น้ำแม่ริม,ริมเหนือ,แม่ริม,เชียงใหม่
2022-02-20,8.283333333,Ban Nam Khong,แม่น้ำยม,ป่าแมต,เมือง,แพร่
2022-02-20,6.00125,Ban Nam Yao,น้ำยาว,อวน,ปัว,น่าน
2022-02-20,1.84875,Ban Nong Naw,น้ำแม่สอย,แจ้ห่ม,แจ้ห่ม,ลำปาง
2022-02-20,4.117083333,Ban Nong Pham,น้ำแม่ลาว,แม่สรวย,แม่สรวย,เชียงราย
2022-02-20,7.06,Ban Pa Kha,น้ำควร,ควร,ปง,พะเยา
2022-02-20,8.004166667,Ban Pa Khoi Tai,แม่น้ำปิง,สันผีเสื้อ,เมือง,เชียงใหม่
2022-02-20,4.75,Ban Pa Sang,น้ำแม่ทา,ป่าซาง,ป่าซาง,ลำพูน
2022-02-20,5.637916667,Ban Pang Sa,ห้วยน้ำยาว,ผาทอง,ท่าวังผา,น่าน
2022-02-20,10.38125,Ban Pha Khwang,แม่น้ำน่าน,บ่อ,เมือง,น่าน
2022-02-20,6.472083333,Ban Phai Ngarm,แม่น้ำน่าน,ส้าน,เวียงสา,น่าน
2022-02-20,4.2,Ban Phan Ton,น้ำแม่วาง,ทุ่งปี้,แม่วาง,เชียงใหม่
2022-02-20,4.7,Ban Phi Tai,น้ำปี้,บ้านพี้,บ้านหลวง,น่าน
2022-02-20,6.815416667,Ban Pong,น้ำแม่กวง,บวกค้าง,สันกำแพง,เชียงใหม่
2022-02-20,4.683333333,Ban Pong,ห้วยโป่ง,บ้านโป่ง,งาว,ลำปาง
2022-02-20,4.54,Ban Rong Kho,แม่น้ำวัง,ร่องเคาะ,วังเหนือ,ลำปาง
2022-02-20,3.08,Ban Saluang Nok,น้ำแม่ริม,สลวง,แม่ริม,เชียงใหม่
2022-02-20,4.62,Ban San Pu Loei,น้ำแม่ขอด,โหล่งขอด,พร้าว,เชียงใหม่
2022-02-20,3.98,Ban Singpotin,น้ำแม่ลาย,ป่าเมี่ยง,ดอยสะเก็ด,เชียงใหม่
2022-02-20,9.68,Ban Sob Soi,แม่น้ำปิง,แม่สอย,จอมทอง,เชียงใหม่
2022-02-20,5.49,Ban Sop Mae Sapoot,แม่น้ำแม่ทา,ทาสบเส้า,แม่ทา,ลำพูน
2022-02-20,7.5,Ban Sop Pae,แม่น้ำปิง,สบแปะ,จอมทอง,เชียงใหม่
2022-02-20,5.656666667,Ban Sop Prap,แม่น้ำวัง,สบปราบ,สบปราบ,ลำปาง
2022-02-20,5.7,Ban Sop Tam,น้ำแม่ต่ำ,เกาะคา,เกาะคา,ลำปาง
2022-02-20,4.389166667,Ban Sop Win,น้ำแม่วาง,แม่วิน,แม่วาง,เชียงใหม่
2022-02-20,6.123333333,Ban Tha Duea,แม่น้ำวัง,พิชัย,เมือง,ลำปาง
2022-02-20,6.192,Ban Tha Lo,น้ำแม่ตุ๋ย,บ่อแฮ้ว,เมือง,ลำปาง
2022-02-20,3.794,Ban Tha Pong Daeng,น้ำปาย,ผาบ่อง,เมือง,แม่ฮ่องสอน
2022-02-20,6.769166667,Ban Thung Nong,แม่น้ำยม,สระ,เชียงม่วน,พะเยา
2022-02-20,4.122916667,Ban Ton Yang,น้ำแม่ลาว,บัวสลี,แม่ลาว,เชียงราย
2022-02-20,12.83958333,Ban Wang Chin,แม่น้ำยม,วังชิ้น,วังชิ้น,แพร่
2022-02-20,4.25,Chedingam,น้ำอิง,ท่าวังทอง,เมือง,พะเยา
2022-02-20,6.785416667,In front of the Forestry Office,แม่น้ำน่าน,ในเวียง,เมือง,น่าน
2022-02-20,5.332083333,Mae Kham Lak Chet,น้ำแม่คำ,ศรีค้ำ,แม่จัน,เชียงราย
2022-02-20,1.95,Nam Mae Chaem,น้ำแม่แจ่ม,บ้านท่าข้าม,จอมทอง,เชียงใหม่
2022-02-20,5.222083333,Nawarat Bridge,แม่น้ำปิง,วัดเกต,เมือง,เชียงใหม่
2022-02-20,4.474166667,Pracha Uthit Bridge,น้ำแม่กลาง,บ้านหลวง,จอมทอง,เชียงใหม่
2022-02-20,5.92,Romklao Cooperative House,น้ำแม่งัด,แม่แวน,พร้าว,เชียงใหม่
2022-02-20,4.13,Saphan Ban Khay,น้ำฝาง,แม่นาวาง,แม่อาย,เชียงใหม่
2022-02-20,5.4225,Setuwaree Bridge,แม้น้ำวัง,เวียงเหนือ,เมือง,ลำปาง
2022-02-20,11.42958333,Tha Li Bridge,น้ำว้า,ขึ่ง,เวียงสา,น่าน
2022-02-20,7.810416667,Tha Nang Bridge,น้ำแม่กวง,ในเมือง,เมือง,ลำพูน
2022-02-20,3.590833333,Wang Phrao,น้ำแม่จาง,วังพร้าว,เกาะคา,ลำปาง
2022-02-21,2.797916667,Ban Chiang Dao,แม่น้ำปิง,เชียงดาว,เชียงดาว,เชียงใหม่
2022-02-21,3.266666667,Ban Chor Lae,แม่น้ำปิง,ช่อแล,แม่แตง,เชียงใหม่
2022-02-21,4.299166667,Ban Don Chai,แม่น้ำวัง,ล้อมแรด,เถิน,ลำปาง
2022-02-21,7.883333333,Ban Don Mun,แม่น้ำวัง,บ้านแลง,เมือง,ลำปาง
2022-02-21,4.713333333,Ban Don Sali,น้ำแม่ลาว,ป่าแดด,แม่สรวย,เชียงราย
2022-02-21,5.09,Ban Hai,แม่น้ำวัง,ปงดอน,แจ้ห่ม,ลำปาง
2022-02-21,2.76,Ban Hong,น้ำแม่ออน,ร้องวัวแดง,สันกำแพง,เชียงใหม่
2022-02-21,2.68,Ban Hua Sapan,น้ำแม่จัน,ป่าซาง,แม่จัน,เชียงราย
2022-02-21,5.3,Ban Huai Pa Sang,น้ำแม่แตง,กึ๊ดช้าง,แม่แตง,เชียงใหม่
2022-02-21,9.6975,Ban Huai Sak,แม่น้ำยม,เตาปูน,สอง,แพร่
2022-02-21,6.13,Ban Klang,น้ำแม่ขาน,บ้านกลาง,สันป่าตอง,เชียงใหม่
2022-02-21,3.356666667,Ban Ko Kha,แม่น้ำวัง,ศาลา,เกาะคา,ลำปาง
2022-02-21,4.4525,Ban Krariang Tung Phrao,น้ำแม่สรวย,วาวี,แม่สรวย,เชียงราย
2022-02-21,-3.08,Ban Lai Kaeo,น้ำแม่ลี้,ศรีเตี้ย,บ้านโฮ่ง,ลำพูน
2022-02-21,6.63,Ban Luang,น้ำแม่ตื่น,ยางเปียง,อมก๋อย,เชียงใหม่
2022-02-21,3.927916667,Ban Luang Nuea,น้ำงาว,หลวงใต้,งาว,ลำปาง
2022-02-21,6.660833333,Ban Mae E Hi,น้ำแม่ลี้,ศรีวิชัย,ลี้,ลำพูน
2022-02-21,5.24,Ban Mae Khom Mi Tamnak Tham,น้ำแม่คำมี,ตำหนักธรรม,หนองม่วงไข่,แพร่
2022-02-21,5.91,Ban Mae Lai,น้ำแม่หล่าย,แม่หล่าย,เมือง,แพร่
2022-02-21,1.85875,Ban Mae Tae,แม่น้ำปิง,แม่แฝกเก่า,สันทราย,เชียงใหม่
2022-02-21,2.4,Ban Mae Taeng,แม่น้ำแตง,สันมหาพล,แม่แตง,เชียงใหม่
2022-02-21,3.51,Ban Mae Wan,น้ำแม่กวง,ป่าเมี่ยง,ดอยสะเก็ด,เชียงใหม่
2022-02-21,5.14,Ban Mai Rim Fang,น้ำฝาง,เวียงฝาง,ฝาง,เชียงใหม่
2022-02-21,7.422083333,Ban Mang,น้ำปี้,มาง,เชียงม่วน,พะเยา
2022-02-21,5.7,Ban Muang Pok,น้ำแม่แตง,เปียงหลวง,เวียงแหง,เชียงใหม่
2022-02-21,4.2825,Ban Mueang Kuet,น้ำแม่แตง,กึ๊ดช้าง,แม่แตง,เชียงใหม่
2022-02-21,2.66,Ban Mueang Mai,ห้วยแม่ต๋า,เมืองมาย,แจ้ห่ม,ลำปาง
2022-02-21,4.280416667,Ban Mueang Pha,น้ำแม่ริม,ริมเหนือ,แม่ริม,เชียงใหม่
2022-02-21,8.319166667,Ban Nam Khong,แม่น้ำยม,ป่าแมต,เมือง,แพร่
2022-02-21,1.848333333,Ban Nong Naw,น้ำแม่สอย,แจ้ห่ม,แจ้ห่ม,ลำปาง
2022-02-21,4.164583333,Ban Nong Pham,น้ำแม่ลาว,แม่สรวย,แม่สรวย,เชียงราย
2022-02-21,7.08,Ban Pa Kha,น้ำควร,ควร,ปง,พะเยา
2022-02-21,7.959583333,Ban Pa Khoi Tai,แม่น้ำปิง,สันผีเสื้อ,เมือง,เชียงใหม่
2022-02-21,4.75,Ban Pa Sang,น้ำแม่ทา,ป่าซาง,ป่าซาง,ลำพูน
2022-02-21,5.572916667,Ban Pang Sa,ห้วยน้ำยาว,ผาทอง,ท่าวังผา,น่าน
2022-02-21,10.60416667,Ban Pha Khwang,แม่น้ำน่าน,บ่อ,เมือง,น่าน
2022-02-21,6.552916667,Ban Phai Ngarm,แม่น้ำน่าน,ส้าน,เวียงสา,น่าน
2022-02-21,4.2,Ban Phan Ton,น้ำแม่วาง,ทุ่งปี้,แม่วาง,เชียงใหม่
2022-02-21,4.8,Ban Phi Tai,น้ำปี้,บ้านพี้,บ้านหลวง,น่าน
2022-02-21,6.8,Ban Pong,น้ำแม่กวง,บวกค้าง,สันกำแพง,เชียงใหม่
2022-02-21,4.666666667,Ban Pong,ห้วยโป่ง,บ้านโป่ง,งาว,ลำปาง
2022-02-21,4.363333333,Ban Rong Kho,แม่น้ำวัง,ร่องเคาะ,วังเหนือ,ลำปาง
2022-02-21,3.1,Ban Saluang Nok,น้ำแม่ริม,สลวง,แม่ริม,เชียงใหม่
2022-02-21,4.55,Ban San Pu Loei,น้ำแม่ขอด,โหล่งขอด,พร้าว,เชียงใหม่
2022-02-21,3.98,Ban Singpotin,น้ำแม่ลาย,ป่าเมี่ยง,ดอยสะเก็ด,เชียงใหม่
2022-02-21,9.66,Ban Sob Soi,แม่น้ำปิง,แม่สอย,จอมทอง,เชียงใหม่
2022-02-21,5.49,Ban Sop Mae Sapoot,แม่น้ำแม่ทา,ทาสบเส้า,แม่ทา,ลำพูน
2022-02-21,7.65,Ban Sop Pae,แม่น้ำปิง,สบแปะ,จอมทอง,เชียงใหม่
2022-02-21,5.643333333,Ban Sop Prap,แม่น้ำวัง,สบปราบ,สบปราบ,ลำปาง
2022-02-21,5.683333333,Ban Sop Tam,น้ำแม่ต่ำ,เกาะคา,เกาะคา,ลำปาง
2022-02-21,4.360833333,Ban Sop Win,น้ำแม่วาง,แม่วิน,แม่วาง,เชียงใหม่
2022-02-21,6.19,Ban Tha Duea,แม่น้ำวัง,พิชัย,เมือง,ลำปาง
2022-02-21,5.913333333,Ban Tha Lo,น้ำแม่ตุ๋ย,บ่อแฮ้ว,เมือง,ลำปาง
2022-02-21,3.814,Ban Tha Pong Daeng,น้ำปาย,ผาบ่อง,เมือง,แม่ฮ่องสอน
2022-02-21,6.85125,Ban Thung Nong,แม่น้ำยม,สระ,เชียงม่วน,พะเยา
2022-02-21,4.081666667,Ban Ton Yang,น้ำแม่ลาว,บัวสลี,แม่ลาว,เชียงราย
2022-02-21,12.85916667,Ban Wang Chin,แม่น้ำยม,วังชิ้น,วังชิ้น,แพร่
2022-02-21,4.355,Chedingam,น้ำอิง,ท่าวังทอง,เมือง,พะเยา
2022-02-21,7.285416667,In front of the Forestry Office,แม่น้ำน่าน,ในเวียง,เมือง,น่าน
2022-02-21,5.32,Mae Kham Lak Chet,น้ำแม่คำ,ศรีค้ำ,แม่จัน,เชียงราย
2022-02-21,1.95,Nam Mae Chaem,น้ำแม่แจ่ม,บ้านท่าข้าม,จอมทอง,เชียงใหม่
2022-02-21,5.220416667,Nawarat Bridge,แม่น้ำปิง,วัดเกต,เมือง,เชียงใหม่
2022-02-21,4.424166667,Pracha Uthit Bridge,น้ำแม่กลาง,บ้านหลวง,จอมทอง,เชียงใหม่
2022-02-21,5.8,Romklao Cooperative House,น้ำแม่งัด,แม่แวน,พร้าว,เชียงใหม่
2022-02-21,4.18,Saphan Ban Khay,น้ำฝาง,แม่นาวาง,แม่อาย,เชียงใหม่
2022-02-21,5.329166667,Setuwaree Bridge,แม้น้ำวัง,เวียงเหนือ,เมือง,ลำปาง
2022-02-21,12.08041667,Tha Li Bridge,น้ำว้า,ขึ่ง,เวียงสา,น่าน
2022-02-21,7.695833333,Tha Nang Bridge,น้ำแม่กวง,ในเมือง,เมือง,ลำพูน
2022-02-21,3.585833333,Wang Phrao,น้ำแม่จาง,วังพร้าว,เกาะคา,ลำปาง
2022-02-22,2.779166667,Ban Chiang Dao,แม่น้ำปิง,เชียงดาว,เชียงดาว,เชียงใหม่
2022-02-22,3.263333333,Ban Chor Lae,แม่น้ำปิง,ช่อแล,แม่แตง,เชียงใหม่
2022-02-22,4.275,Ban Don Chai,แม่น้ำวัง,ล้อมแรด,เถิน,ลำปาง
2022-02-22,7.883333333,Ban Don Mun,แม่น้ำวัง,บ้านแลง,เมือง,ลำปาง
2022-02-22,4.35,Ban Don Sali,น้ำแม่ลาว,ป่าแดด,แม่สรวย,เชียงราย
2022-02-22,5.09,Ban Hai,แม่น้ำวัง,ปงดอน,แจ้ห่ม,ลำปาง
2022-02-22,2.76,Ban Hong,น้ำแม่ออน,ร้องวัวแดง,สันกำแพง,เชียงใหม่
2022-02-22,2.68,Ban Hua Sapan,น้ำแม่จัน,ป่าซาง,แม่จัน,เชียงราย
2022-02-22,5.3,Ban Huai Pa Sang,น้ำแม่แตง,กึ๊ดช้าง,แม่แตง,เชียงใหม่
2022-02-22,9.749166667,Ban Huai Sak,แม่น้ำยม,เตาปูน,สอง,แพร่
2022-02-22,6.165,Ban Klang,น้ำแม่ขาน,บ้านกลาง,สันป่าตอง,เชียงใหม่
2022-02-22,3.286666667,Ban Ko Kha,แม่น้ำวัง,ศาลา,เกาะคา,ลำปาง
2022-02-22,4.45,Ban Krariang Tung Phrao,น้ำแม่สรวย,วาวี,แม่สรวย,เชียงราย
2022-02-22,-3.08,Ban Lai Kaeo,น้ำแม่ลี้,ศรีเตี้ย,บ้านโฮ่ง,ลำพูน
2022-02-22,6.58,Ban Luang,น้ำแม่ตื่น,ยางเปียง,อมก๋อย,เชียงใหม่
2022-02-22,3.925,Ban Luang Nuea,น้ำงาว,หลวงใต้,งาว,ลำปาง
2022-02-22,6.709583333,Ban Mae E Hi,น้ำแม่ลี้,ศรีวิชัย,ลี้,ลำพูน
2022-02-22,5.22,Ban Mae Khom Mi Tamnak Tham,น้ำแม่คำมี,ตำหนักธรรม,หนองม่วงไข่,แพร่
2022-02-22,5.915555556,Ban Mae Lai,น้ำแม่หล่าย,แม่หล่าย,เมือง,แพร่
2022-02-22,1.774583333,Ban Mae Tae,แม่น้ำปิง,แม่แฝกเก่า,สันทราย,เชียงใหม่
2022-02-22,2.4,Ban Mae Taeng,แม่น้ำแตง,สันมหาพล,แม่แตง,เชียงใหม่
2022-02-22,3.51,Ban Mae Wan,น้ำแม่กวง,ป่าเมี่ยง,ดอยสะเก็ด,เชียงใหม่
2022-02-22,5.12,Ban Mai Rim Fang,น้ำฝาง,เวียงฝาง,ฝาง,เชียงใหม่
2022-02-22,7.383333333,Ban Mang,น้ำปี้,มาง,เชียงม่วน,พะเยา
2022-02-22,5.66,Ban Muang Pok,น้ำแม่แตง,เปียงหลวง,เวียงแหง,เชียงใหม่
2022-02-22,4.2425,Ban Mueang Kuet,น้ำแม่แตง,กึ๊ดช้าง,แม่แตง,เชียงใหม่
2022-02-22,2.6,Ban Mueang Mai,ห้วยแม่ต๋า,เมืองมาย,แจ้ห่ม,ลำปาง
2022-02-22,4.276666667,Ban Mueang Pha,น้ำแม่ริม,ริมเหนือ,แม่ริม,เชียงใหม่
2022-02-22,8.377083333,Ban Nam Khong,แม่น้ำยม,ป่าแมต,เมือง,แพร่
2022-02-22,5.625416667,Ban Nam Yao,น้ำยาว,อวน,ปัว,น่าน
2022-02-22,1.827916667,Ban Nong Naw,น้ำแม่สอย,แจ้ห่ม,แจ้ห่ม,ลำปาง
2022-02-22,3.799583333,Ban Nong Pham,น้ำแม่ลาว,แม่สรวย,แม่สรวย,เชียงราย
2022-02-22,7.04,Ban Pa Kha,น้ำควร,ควร,ปง,พะเยา
2022-02-22,7.931666667,Ban Pa Khoi Tai,แม่น้ำปิง,สันผีเสื้อ,เมือง,เชียงใหม่
2022-02-22,4.75,Ban Pa Sang,น้ำแม่ทา,ป่าซาง,ป่าซาง,ลำพูน
2022-02-22,5.529583333,Ban Pang Sa,ห้วยน้ำยาว,ผาทอง,ท่าวังผา,น่าน
2022-02-22,10.38,Ban Pha Khwang,แม่น้ำน่าน,บ่อ,เมือง,น่าน
2022-02-22,6.711666667,Ban Phai Ngarm,แม่น้ำน่าน,ส้าน,เวียงสา,น่าน
2022-02-22,4.1975,Ban Phan Ton,น้ำแม่วาง,ทุ่งปี้,แม่วาง,เชียงใหม่
2022-02-22,4.8,Ban Phi Tai,น้ำปี้,บ้านพี้,บ้านหลวง,น่าน
2022-02-22,6.77875,Ban Pong,น้ำแม่กวง,บวกค้าง,สันกำแพง,เชียงใหม่
2022-02-22,4.666666667,Ban Pong,ห้วยโป่ง,บ้านโป่ง,งาว,ลำปาง
2022-02-22,4.226666667,Ban Rong Kho,แม่น้ำวัง,ร่องเคาะ,วังเหนือ,ลำปาง
2022-02-22,3.1,Ban Saluang Nok,น้ำแม่ริม,สลวง,แม่ริม,เชียงใหม่
2022-02-22,4.52,Ban San Pu Loei,น้ำแม่ขอด,โหล่งขอด,พร้าว,เชียงใหม่
2022-02-22,3.98,Ban Singpotin,น้ำแม่ลาย,ป่าเมี่ยง,ดอยสะเก็ด,เชียงใหม่
2022-02-22,9.66,Ban Sob Soi,แม่น้ำปิง,แม่สอย,จอมทอง,เชียงใหม่
2022-02-22,5.48875,Ban Sop Mae Sapoot,แม่น้ำแม่ทา,ทาสบเส้า,แม่ทา,ลำพูน
2022-02-22,7.6,Ban Sop Pae,แม่น้ำปิง,สบแปะ,จอมทอง,เชียงใหม่
2022-02-22,5.886666667,Ban Sop Prap,แม่น้ำวัง,สบปราบ,สบปราบ,ลำปาง
2022-02-22,5.67,Ban Sop Tam,น้ำแม่ต่ำ,เกาะคา,เกาะคา,ลำปาง
2022-02-22,4.3575,Ban Sop Win,น้ำแม่วาง,แม่วิน,แม่วาง,เชียงใหม่
2022-02-22,6.123333333,Ban Tha Duea,แม่น้ำวัง,พิชัย,เมือง,ลำปาง
2022-02-22,5.826666667,Ban Tha Lo,น้ำแม่ตุ๋ย,บ่อแฮ้ว,เมือง,ลำปาง
2022-02-22,3.79,Ban Tha Pong Daeng,น้ำปาย,ผาบ่อง,เมือง,แม่ฮ่องสอน
2022-02-22,6.90875,Ban Thung Nong,แม่น้ำยม,สระ,เชียงม่วน,พะเยา
2022-02-22,4.026666667,Ban Ton Yang,น้ำแม่ลาว,บัวสลี,แม่ลาว,เชียงราย
2022-02-22,12.83,Ban Wang Chin,แม่น้ำยม,วังชิ้น,วังชิ้น,แพร่
2022-02-22,4.37,Chedingam,น้ำอิง,ท่าวังทอง,เมือง,พะเยา
2022-02-22,7.115416667,In front of the Forestry Office,แม่น้ำน่าน,ในเวียง,เมือง,น่าน
2022-02-22,5.304166667,Mae Kham Lak Chet,น้ำแม่คำ,ศรีค้ำ,แม่จัน,เชียงราย
2022-02-22,1.95,Nam Mae Chaem,น้ำแม่แจ่ม,บ้านท่าข้าม,จอมทอง,เชียงใหม่
2022-02-22,5.220416667,Nawarat Bridge,แม่น้ำปิง,วัดเกต,เมือง,เชียงใหม่
2022-02-22,4.336666667,Pracha Uthit Bridge,น้ำแม่กลาง,บ้านหลวง,จอมทอง,เชียงใหม่
2022-02-22,5.7,Romklao Cooperative House,น้ำแม่งัด,แม่แวน,พร้าว,เชียงใหม่
2022-02-22,4.15,Saphan Ban Khay,น้ำฝาง,แม่นาวาง,แม่อาย,เชียงใหม่
2022-02-22,5.493333333,Setuwaree Bridge,แม้น้ำวัง,เวียงเหนือ,เมือง,ลำปาง
2022-02-22,11.5675,Tha Li Bridge,น้ำว้า,ขึ่ง,เวียงสา,น่าน
2022-02-22,8.020833333,Tha Nang Bridge,น้ำแม่กวง,ในเมือง,เมือง,ลำพูน
2022-02-22,3.570833333,Wang Phrao,น้ำแม่จาง,วังพร้าว,เกาะคา,ลำปาง
2022-02-23,2.7725,Ban Chiang Dao,แม่น้ำปิง,เชียงดาว,เชียงดาว,เชียงใหม่
2022-02-23,3.299583333,Ban Chor Lae,แม่น้ำปิง,ช่อแล,แม่แตง,เชียงใหม่
2022-02-23,4.499166667,Ban Don Chai,แม่น้ำวัง,ล้อมแรด,เถิน,ลำปาง
2022-02-23,7.885,Ban Don Mun,แม่น้ำวัง,บ้านแลง,เมือง,ลำปาง
2022-02-23,4.106666667,Ban Don Sali,น้ำแม่ลาว,ป่าแดด,แม่สรวย,เชียงราย
2022-02-23,5.101666667,Ban Hai,แม่น้ำวัง,ปงดอน,แจ้ห่ม,ลำปาง
2022-02-23,2.76,Ban Hong,น้ำแม่ออน,ร้องวัวแดง,สันกำแพง,เชียงใหม่
2022-02-23,2.697916667,Ban Hua Sapan,น้ำแม่จัน,ป่าซาง,แม่จัน,เชียงราย
2022-02-23,5.3,Ban Huai Pa Sang,น้ำแม่แตง,กึ๊ดช้าง,แม่แตง,เชียงใหม่
2022-02-23,9.82625,Ban Huai Sak,แม่น้ำยม,เตาปูน,สอง,แพร่
2022-02-23,6.143333333,Ban Klang,น้ำแม่ขาน,บ้านกลาง,สันป่าตอง,เชียงใหม่
2022-02-23,3.293333333,Ban Ko Kha,แม่น้ำวัง,ศาลา,เกาะคา,ลำปาง
2022-02-23,4.45,Ban Krariang Tung Phrao,น้ำแม่สรวย,วาวี,แม่สรวย,เชียงราย
2022-02-23,-3.08,Ban Lai Kaeo,น้ำแม่ลี้,ศรีเตี้ย,บ้านโฮ่ง,ลำพูน
2022-02-23,6.58,Ban Luang,น้ำแม่ตื่น,ยางเปียง,อมก๋อย,เชียงใหม่
2022-02-23,3.92,Ban Luang Nuea,น้ำงาว,หลวงใต้,งาว,ลำปาง
2022-02-23,6.676666667,Ban Mae E Hi,น้ำแม่ลี้,ศรีวิชัย,ลี้,ลำพูน
2022-02-23,5.22,Ban Mae Khom Mi Tamnak Tham,น้ำแม่คำมี,ตำหนักธรรม,หนองม่วงไข่,แพร่
2022-02-23,5.92,Ban Mae Lai,น้ำแม่หล่าย,แม่หล่าย,เมือง,แพร่
2022-02-23,1.739583333,Ban Mae Tae,แม่น้ำปิง,แม่แฝกเก่า,สันทราย,เชียงใหม่
2022-02-23,2.4,Ban Mae Taeng,แม่น้ำแตง,สันมหาพล,แม่แตง,เชียงใหม่
2022-02-23,3.51,Ban Mae Wan,น้ำแม่กวง,ป่าเมี่ยง,ดอยสะเก็ด,เชียงใหม่
2022-02-23,5.06,Ban Mai Rim Fang,น้ำฝาง,เวียงฝาง,ฝาง,เชียงใหม่
2022-02-23,7.367916667,Ban Mang,น้ำปี้,มาง,เชียงม่วน,พะเยา
2022-02-23,4.235,Ban Mueang Kuet,น้ำแม่แตง,กึ๊ดช้าง,แม่แตง,เชียงใหม่
2022-02-23,2.546666667,Ban Mueang Mai,ห้วยแม่ต๋า,เมืองมาย,แจ้ห่ม,ลำปาง
2022-02-23,4.3,Ban Mueang Pha,น้ำแม่ริม,ริมเหนือ,แม่ริม,เชียงใหม่
2022-02-23,8.40625,Ban Nam Khong,แม่น้ำยม,ป่าแมต,เมือง,แพร่
2022-02-23,5.58875,Ban Nam Yao,น้ำยาว,อวน,ปัว,น่าน
2022-02-23,1.812916667,Ban Nong Naw,น้ำแม่สอย,แจ้ห่ม,แจ้ห่ม,ลำปาง
2022-02-23,3.563333333,Ban Nong Pham,น้ำแม่ลาว,แม่สรวย,แม่สรวย,เชียงราย
2022-02-23,6.99,Ban Pa Kha,น้ำควร,ควร,ปง,พะเยา
2022-02-23,7.96625,Ban Pa Khoi Tai,แม่น้ำปิง,สันผีเสื้อ,เมือง,เชียงใหม่
2022-02-23,4.75,Ban Pa Sang,น้ำแม่ทา,ป่าซาง,ป่าซาง,ลำพูน
2022-02-23,5.532083333,Ban Pang Sa,ห้วยน้ำยาว,ผาทอง,ท่าวังผา,น่าน
2022-02-23,10.33,Ban Pha Khwang,แม่น้ำน่าน,บ่อ,เมือง,น่าน
2022-02-23,6.612916667,Ban Phai Ngarm,แม่น้ำน่าน,ส้าน,เวียงสา,น่าน
2022-02-23,4.2,Ban Phan Ton,น้ำแม่วาง,ทุ่งปี้,แม่วาง,เชียงใหม่
2022-02-23,4.8,Ban Phi Tai,น้ำปี้,บ้านพี้,บ้านหลวง,น่าน
2022-02-23,6.808333333,Ban Pong,น้ำแม่กวง,บวกค้าง,สันกำแพง,เชียงใหม่
2022-02-23,4.66,Ban Pong,ห้วยโป่ง,บ้านโป่ง,งาว,ลำปาง
2022-02-23,4.14,Ban Rong Kho,แม่น้ำวัง,ร่องเคาะ,วังเหนือ,ลำปาง
2022-02-23,3.1,Ban Saluang Nok,น้ำแม่ริม,สลวง,แม่ริม,เชียงใหม่
2022-02-23,4.48,Ban San Pu Loei,น้ำแม่ขอด,โหล่งขอด,พร้าว,เชียงใหม่
2022-02-23,3.98,Ban Singpotin,น้ำแม่ลาย,ป่าเมี่ยง,ดอยสะเก็ด,เชียงใหม่
2022-02-23,9.68,Ban Sob Soi,แม่น้ำปิง,แม่สอย,จอมทอง,เชียงใหม่
2022-02-23,5.48875,Ban Sop Mae Sapoot,แม่น้ำแม่ทา,ทาสบเส้า,แม่ทา,ลำพูน
2022-02-23,7.6,Ban Sop Pae,แม่น้ำปิง,สบแปะ,จอมทอง,เชียงใหม่
2022-02-23,5.823333333,Ban Sop Prap,แม่น้ำวัง,สบปราบ,สบปราบ,ลำปาง
2022-02-23,5.67,Ban Sop Tam,น้ำแม่ต่ำ,เกาะคา,เกาะคา,ลำปาง
2022-02-23,4.34,Ban Sop Win,น้ำแม่วาง,แม่วิน,แม่วาง,เชียงใหม่
2022-02-23,6.156666667,Ban Tha Duea,แม่น้ำวัง,พิชัย,เมือง,ลำปาง
2022-02-23,5.803333333,Ban Tha Lo,น้ำแม่ตุ๋ย,บ่อแฮ้ว,เมือง,ลำปาง
2022-02-23,3.77,Ban Tha Pong Daeng,น้ำปาย,ผาบ่อง,เมือง,แม่ฮ่องสอน
2022-02-23,6.852083333,Ban Thung Nong,แม่น้ำยม,สระ,เชียงม่วน,พะเยา
2022-02-23,3.839583333,Ban Ton Yang,น้ำแม่ลาว,บัวสลี,แม่ลาว,เชียงราย
2022-02-23,12.8625,Ban Wang Chin,แม่น้ำยม,วังชิ้น,วังชิ้น,แพร่
2022-02-23,4.423333333,Chedingam,น้ำอิง,ท่าวังทอง,เมือง,พะเยา
2022-02-23,6.94375,In front of the Forestry Office,แม่น้ำน่าน,ในเวียง,เมือง,น่าน
2022-02-23,5.31875,Mae Kham Lak Chet,น้ำแม่คำ,ศรีค้ำ,แม่จัน,เชียงราย
2022-02-23,1.95,Nam Mae Chaem,น้ำแม่แจ่ม,บ้านท่าข้าม,จอมทอง,เชียงใหม่
2022-02-23,5.240416667,Nawarat Bridge,แม่น้ำปิง,วัดเกต,เมือง,เชียงใหม่
2022-02-23,4.315,Pracha Uthit Bridge,น้ำแม่กลาง,บ้านหลวง,จอมทอง,เชียงใหม่
2022-02-23,5.7,Romklao Cooperative House,น้ำแม่งัด,แม่แวน,พร้าว,เชียงใหม่
2022-02-23,4.09,Saphan Ban Khay,น้ำฝาง,แม่นาวาง,แม่อาย,เชียงใหม่
2022-02-23,5.326666667,Setuwaree Bridge,แม้น้ำวัง,เวียงเหนือ,เมือง,ลำปาง
2022-02-23,11.38666667,Tha Li Bridge,น้ำว้า,ขึ่ง,เวียงสา,น่าน
2022-02-23,8.1875,Tha Nang Bridge,น้ำแม่กวง,ในเมือง,เมือง,ลำพูน
2022-02-23,3.567083333,Wang Phrao,น้ำแม่จาง,วังพร้าว,เกาะคา,ลำปาง
2022-02-24,2.774166667,Ban Chiang Dao,แม่น้ำปิง,เชียงดาว,เชียงดาว,เชียงใหม่
2022-02-24,3.248333333,Ban Chor Lae,แม่น้ำปิง,ช่อแล,แม่แตง,เชียงใหม่
2022-02-24,4.4075,Ban Don Chai,แม่น้ำวัง,ล้อมแรด,เถิน,ลำปาง
2022-02-24,7.888333333,Ban Don Mun,แม่น้ำวัง,บ้านแลง,เมือง,ลำปาง
2022-02-24,3.956666667,Ban Don Sali,น้ำแม่ลาว,ป่าแดด,แม่สรวย,เชียงราย
2022-02-24,5.1125,Ban Hai,แม่น้ำวัง,ปงดอน,แจ้ห่ม,ลำปาง
2022-02-24,2.76,Ban Hong,น้ำแม่ออน,ร้องวัวแดง,สันกำแพง,เชียงใหม่
2022-02-24,2.717916667,Ban Hua Sapan,น้ำแม่จัน,ป่าซาง,แม่จัน,เชียงราย
2022-02-24,5.14,Ban Huai Pa Sang,น้ำแม่แตง,กึ๊ดช้าง,แม่แตง,เชียงใหม่
2022-02-24,9.7825,Ban Huai Sak,แม่น้ำยม,เตาปูน,สอง,แพร่
2022-02-24,6.122083333,Ban Klang,น้ำแม่ขาน,บ้านกลาง,สันป่าตอง,เชียงใหม่
2022-02-24,3.256666667,Ban Ko Kha,แม่น้ำวัง,ศาลา,เกาะคา,ลำปาง
2022-02-24,4.432083333,Ban Krariang Tung Phrao,น้ำแม่สรวย,วาวี,แม่สรวย,เชียงราย
2022-02-24,-3.08,Ban Lai Kaeo,น้ำแม่ลี้,ศรีเตี้ย,บ้านโฮ่ง,ลำพูน
2022-02-24,6.57,Ban Luang,น้ำแม่ตื่น,ยางเปียง,อมก๋อย,เชียงใหม่
2022-02-24,3.914166667,Ban Luang Nuea,น้ำงาว,หลวงใต้,งาว,ลำปาง
2022-02-24,6.7125,Ban Mae E Hi,น้ำแม่ลี้,ศรีวิชัย,ลี้,ลำพูน
2022-02-24,5.22,Ban Mae Khom Mi Tamnak Tham,น้ำแม่คำมี,ตำหนักธรรม,หนองม่วงไข่,แพร่
2022-02-24,5.92,Ban Mae Lai,น้ำแม่หล่าย,แม่หล่าย,เมือง,แพร่
2022-02-24,1.729166667,Ban Mae Tae,แม่น้ำปิง,แม่แฝกเก่า,สันทราย,เชียงใหม่
2022-02-24,2.4,Ban Mae Taeng,แม่น้ำแตง,สันมหาพล,แม่แตง,เชียงใหม่
2022-02-24,3.51,Ban Mae Wan,น้ำแม่กวง,ป่าเมี่ยง,ดอยสะเก็ด,เชียงใหม่
2022-02-24,5,Ban Mai Rim Fang,น้ำฝาง,เวียงฝาง,ฝาง,เชียงใหม่
2022-02-24,7.30625,Ban Mang,น้ำปี้,มาง,เชียงม่วน,พะเยา
2022-02-24,4.15125,Ban Mueang Kuet,น้ำแม่แตง,กึ๊ดช้าง,แม่แตง,เชียงใหม่
2022-02-24,2.503333333,Ban Mueang Mai,ห้วยแม่ต๋า,เมืองมาย,แจ้ห่ม,ลำปาง
2022-02-24,4.386666667,Ban Mueang Pha,น้ำแม่ริม,ริมเหนือ,แม่ริม,เชียงใหม่
2022-02-24,8.41,Ban Nam Khong,แม่น้ำยม,ป่าแมต,เมือง,แพร่
2022-02-24,5.58,Ban Nam Yao,น้ำยาว,อวน,ปัว,น่าน
2022-02-24,1.792916667,Ban Nong Naw,น้ำแม่สอย,แจ้ห่ม,แจ้ห่ม,ลำปาง
2022-02-24,3.455416667,Ban Nong Pham,น้ำแม่ลาว,แม่สรวย,แม่สรวย,เชียงราย
2022-02-24,6.976666667,Ban Pa Kha,น้ำควร,ควร,ปง,พะเยา
2022-02-24,7.955416667,Ban Pa Khoi Tai,แม่น้ำปิง,สันผีเสื้อ,เมือง,เชียงใหม่
2022-02-24,4.750416667,Ban Pa Sang,น้ำแม่ทา,ป่าซาง,ป่าซาง,ลำพูน
2022-02-24,5.50875,Ban Pang Sa,ห้วยน้ำยาว,ผาทอง,ท่าวังผา,น่าน
2022-02-24,10.26541667,Ban Pha Khwang,แม่น้ำน่าน,บ่อ,เมือง,น่าน
2022-02-24,6.50125,Ban Phai Ngarm,แม่น้ำน่าน,ส้าน,เวียงสา,น่าน
2022-02-24,4.199583333,Ban Phan Ton,น้ำแม่วาง,ทุ่งปี้,แม่วาง,เชียงใหม่
2022-02-24,4.7,Ban Phi Tai,น้ำปี้,บ้านพี้,บ้านหลวง,น่าน
2022-02-24,6.74,Ban Pong,น้ำแม่กวง,บวกค้าง,สันกำแพง,เชียงใหม่
2022-02-24,4.656666667,Ban Pong,ห้วยโป่ง,บ้านโป่ง,งาว,ลำปาง
2022-02-24,4.126666667,Ban Rong Kho,แม่น้ำวัง,ร่องเคาะ,วังเหนือ,ลำปาง
2022-02-24,3.1,Ban Saluang Nok,น้ำแม่ริม,สลวง,แม่ริม,เชียงใหม่
2022-02-24,4.43,Ban San Pu Loei,น้ำแม่ขอด,โหล่งขอด,พร้าว,เชียงใหม่
2022-02-24,4.15,Ban Singpotin,น้ำแม่ลาย,ป่าเมี่ยง,ดอยสะเก็ด,เชียงใหม่
2022-02-24,9.68,Ban Sob Soi,แม่น้ำปิง,แม่สอย,จอมทอง,เชียงใหม่
2022-02-24,5.490416667,Ban Sop Mae Sapoot,แม่น้ำแม่ทา,ทาสบเส้า,แม่ทา,ลำพูน
2022-02-24,7.6,Ban Sop Pae,แม่น้ำปิง,สบแปะ,จอมทอง,เชียงใหม่
2022-02-24,5.796666667,Ban Sop Prap,แม่น้ำวัง,สบปราบ,สบปราบ,ลำปาง
2022-02-24,5.666666667,Ban Sop Tam,น้ำแม่ต่ำ,เกาะคา,เกาะคา,ลำปาง
2022-02-24,4.33,Ban Sop Win,น้ำแม่วาง,แม่วิน,แม่วาง,เชียงใหม่
2022-02-24,6.136666667,Ban Tha Duea,แม่น้ำวัง,พิชัย,เมือง,ลำปาง
2022-02-24,5.8,Ban Tha Lo,น้ำแม่ตุ๋ย,บ่อแฮ้ว,เมือง,ลำปาง
2022-02-24,3.74,Ban Tha Pong Daeng,น้ำปาย,ผาบ่อง,เมือง,แม่ฮ่องสอน
2022-02-24,6.797083333,Ban Thung Nong,แม่น้ำยม,สระ,เชียงม่วน,พะเยา
2022-02-24,3.673333333,Ban Ton Yang,น้ำแม่ลาว,บัวสลี,แม่ลาว,เชียงราย
2022-02-24,12.82416667,Ban Wang Chin,แม่น้ำยม,วังชิ้น,วังชิ้น,แพร่
2022-02-24,4.6,Chedingam,น้ำอิง,ท่าวังทอง,เมือง,พะเยา
2022-02-24,6.857916667,In front of the Forestry Office,แม่น้ำน่าน,ในเวียง,เมือง,น่าน
2022-02-24,5.302083333,Mae Kham Lak Chet,น้ำแม่คำ,ศรีค้ำ,แม่จัน,เชียงราย
2022-02-24,1.95,Nam Mae Chaem,น้ำแม่แจ่ม,บ้านท่าข้าม,จอมทอง,เชียงใหม่
2022-02-24,5.23,Nawarat Bridge,แม่น้ำปิง,วัดเกต,เมือง,เชียงใหม่
2022-02-24,4.314166667,Pracha Uthit Bridge,น้ำแม่กลาง,บ้านหลวง,จอมทอง,เชียงใหม่
2022-02-24,5.6,Romklao Cooperative House,น้ำแม่งัด,แม่แวน,พร้าว,เชียงใหม่
2022-02-24,4.04,Saphan Ban Khay,น้ำฝาง,แม่นาวาง,แม่อาย,เชียงใหม่
2022-02-24,5.439583333,Setuwaree Bridge,แม้น้ำวัง,เวียงเหนือ,เมือง,ลำปาง
2022-02-24,11.33166667,Tha Li Bridge,น้ำว้า,ขึ่ง,เวียงสา,น่าน
2022-02-24,8.276666667,Tha Nang Bridge,น้ำแม่กวง,ในเมือง,เมือง,ลำพูน
2022-02-24,3.56,Wang Phrao,น้ำแม่จาง,วังพร้าว,เกาะคา,ลำปาง
2022-02-25,2.762916667,Ban Chiang Dao,แม่น้ำปิง,เชียงดาว,เชียงดาว,เชียงใหม่
2022-02-25,3.3975,Ban Chor Lae,แม่น้ำปิง,ช่อแล,แม่แตง,เชียงใหม่
2022-02-25,4.409166667,Ban Don Chai,แม่น้ำวัง,ล้อมแรด,เถิน,ลำปาง
2022-02-25,7.883125,Ban Don Mun,แม่น้ำวัง,บ้านแลง,เมือง,ลำปาง
2022-02-25,3.92,Ban Don Sali,น้ำแม่ลาว,ป่าแดด,แม่สรวย,เชียงราย
2022-02-25,5.12375,Ban Hai,แม่น้ำวัง,ปงดอน,แจ้ห่ม,ลำปาง
2022-02-25,2.76,Ban Hong,น้ำแม่ออน,ร้องวัวแดง,สันกำแพง,เชียงใหม่
2022-02-25,2.73,Ban Hua Sapan,น้ำแม่จัน,ป่าซาง,แม่จัน,เชียงราย
2022-02-25,5.12,Ban Huai Pa Sang,น้ำแม่แตง,กึ๊ดช้าง,แม่แตง,เชียงใหม่
2022-02-25,9.729166667,Ban Huai Sak,แม่น้ำยม,เตาปูน,สอง,แพร่
2022-02-25,6.1225,Ban Klang,น้ำแม่ขาน,บ้านกลาง,สันป่าตอง,เชียงใหม่
2022-02-25,-6.95,Ban Ko Kha,แม่น้ำวัง,ศาลา,เกาะคา,ลำปาง
2022-02-25,4.43,Ban Krariang Tung Phrao,น้ำแม่สรวย,วาวี,แม่สรวย,เชียงราย
2022-02-25,-3.08,Ban Lai Kaeo,น้ำแม่ลี้,ศรีเตี้ย,บ้านโฮ่ง,ลำพูน
2022-02-25,6.56,Ban Luang,น้ำแม่ตื่น,ยางเปียง,อมก๋อย,เชียงใหม่
2022-02-25,3.905833333,Ban Luang Nuea,น้ำงาว,หลวงใต้,งาว,ลำปาง
2022-02-25,6.6975,Ban Mae E Hi,น้ำแม่ลี้,ศรีวิชัย,ลี้,ลำพูน
2022-02-25,5.22,Ban Mae Khom Mi Tamnak Tham,น้ำแม่คำมี,ตำหนักธรรม,หนองม่วงไข่,แพร่
2022-02-25,5.92,Ban Mae Lai,น้ำแม่หล่าย,แม่หล่าย,เมือง,แพร่
2022-02-25,1.695,Ban Mae Tae,แม่น้ำปิง,แม่แฝกเก่า,สันทราย,เชียงใหม่
2022-02-25,2.4,Ban Mae Taeng,แม่น้ำแตง,สันมหาพล,แม่แตง,เชียงใหม่
2022-02-25,3.51,Ban Mae Wan,น้ำแม่กวง,ป่าเมี่ยง,ดอยสะเก็ด,เชียงใหม่
2022-02-25,4.96,Ban Mai Rim Fang,น้ำฝาง,เวียงฝาง,ฝาง,เชียงใหม่
2022-02-25,7.377916667,Ban Mang,น้ำปี้,มาง,เชียงม่วน,พะเยา
2022-02-25,4.14625,Ban Mueang Kuet,น้ำแม่แตง,กึ๊ดช้าง,แม่แตง,เชียงใหม่
2022-02-25,2.49,Ban Mueang Mai,ห้วยแม่ต๋า,เมืองมาย,แจ้ห่ม,ลำปาง
2022-02-25,4.372916667,Ban Mueang Pha,น้ำแม่ริม,ริมเหนือ,แม่ริม,เชียงใหม่
2022-02-25,8.404583333,Ban Nam Khong,แม่น้ำยม,ป่าแมต,เมือง,แพร่
2022-02-25,5.576666667,Ban Nam Yao,น้ำยาว,อวน,ปัว,น่าน
2022-02-25,1.77625,Ban Nong Naw,น้ำแม่สอย,แจ้ห่ม,แจ้ห่ม,ลำปาง
2022-02-25,3.39375,Ban Nong Pham,น้ำแม่ลาว,แม่สรวย,แม่สรวย,เชียงราย
2022-02-25,6.97,Ban Pa Kha,น้ำควร,ควร,ปง,พะเยา
2022-02-25,7.93375,Ban Pa Khoi Tai,แม่น้ำปิง,สันผีเสื้อ,เมือง,เชียงใหม่
2022-02-25,4.750416667,Ban Pa Sang,น้ำแม่ทา,ป่าซาง,ป่าซาง,ลำพูน
2022-02-25,5.5,Ban Pang Sa,ห้วยน้ำยาว,ผาทอง,ท่าวังผา,น่าน
2022-02-25,10.2175,Ban Pha Khwang,แม่น้ำน่าน,บ่อ,เมือง,น่าน
2022-02-25,6.484583333,Ban Phai Ngarm,แม่น้ำน่าน,ส้าน,เวียงสา,น่าน
2022-02-25,4.2,Ban Phan Ton,น้ำแม่วาง,ทุ่งปี้,แม่วาง,เชียงใหม่
2022-02-25,4.7,Ban Phi Tai,น้ำปี้,บ้านพี้,บ้านหลวง,น่าน
2022-02-25,6.738333333,Ban Pong,น้ำแม่กวง,บวกค้าง,สันกำแพง,เชียงใหม่
2022-02-25,4.626666667,Ban Pong,ห้วยโป่ง,บ้านโป่ง,งาว,ลำปาง
2022-02-25,4.11,Ban Rong Kho,แม่น้ำวัง,ร่องเคาะ,วังเหนือ,ลำปาง
2022-02-25,3.1,Ban Saluang Nok,น้ำแม่ริม,สลวง,แม่ริม,เชียงใหม่
2022-02-25,4.39,Ban San Pu Loei,น้ำแม่ขอด,โหล่งขอด,พร้าว,เชียงใหม่
2022-02-25,4.15,Ban Singpotin,น้ำแม่ลาย,ป่าเมี่ยง,ดอยสะเก็ด,เชียงใหม่
2022-02-25,9.6,Ban Sob Soi,แม่น้ำปิง,แม่สอย,จอมทอง,เชียงใหม่
2022-02-25,5.484583333,Ban Sop Mae Sapoot,แม่น้ำแม่ทา,ทาสบเส้า,แม่ทา,ลำพูน
2022-02-25,7.6,Ban Sop Pae,แม่น้ำปิง,สบแปะ,จอมทอง,เชียงใหม่
2022-02-25,5.793333333,Ban Sop Prap,แม่น้ำวัง,สบปราบ,สบปราบ,ลำปาง
2022-02-25,5.64,Ban Sop Tam,น้ำแม่ต่ำ,เกาะคา,เกาะคา,ลำปาง
2022-02-25,4.33,Ban Sop Win,น้ำแม่วาง,แม่วิน,แม่วาง,เชียงใหม่
2022-02-25,6.13,Ban Tha Duea,แม่น้ำวัง,พิชัย,เมือง,ลำปาง
2022-02-25,5.8,Ban Tha Lo,น้ำแม่ตุ๋ย,บ่อแฮ้ว,เมือง,ลำปาง
2022-02-25,3.73,Ban Tha Pong Daeng,น้ำปาย,ผาบ่อง,เมือง,แม่ฮ่องสอน
2022-02-25,6.77875,Ban Thung Nong,แม่น้ำยม,สระ,เชียงม่วน,พะเยา
2022-02-25,3.6325,Ban Ton Yang,น้ำแม่ลาว,บัวสลี,แม่ลาว,เชียงราย
2022-02-25,12.82958333,Ban Wang Chin,แม่น้ำยม,วังชิ้น,วังชิ้น,แพร่
2022-02-25,4.716666667,Chedingam,น้ำอิง,ท่าวังทอง,เมือง,พะเยา
2022-02-25,6.827916667,In front of the Forestry Office,แม่น้ำน่าน,ในเวียง,เมือง,น่าน
2022-02-25,5.282083333,Mae Kham Lak Chet,น้ำแม่คำ,ศรีค้ำ,แม่จัน,เชียงราย
2022-02-25,1.95,Nam Mae Chaem,น้ำแม่แจ่ม,บ้านท่าข้าม,จอมทอง,เชียงใหม่
2022-02-25,5.205833333,Nawarat Bridge,แม่น้ำปิง,วัดเกต,เมือง,เชียงใหม่
2022-02-25,4.32125,Pracha Uthit Bridge,น้ำแม่กลาง,บ้านหลวง,จอมทอง,เชียงใหม่
2022-02-25,5.6,Romklao Cooperative House,น้ำแม่งัด,แม่แวน,พร้าว,เชียงใหม่
2022-02-25,4,Saphan Ban Khay,น้ำฝาง,แม่นาวาง,แม่อาย,เชียงใหม่
2022-02-25,5.129166667,Setuwaree Bridge,แม้น้ำวัง,เวียงเหนือ,เมือง,ลำปาง
2022-02-25,11.2975,Tha Li Bridge,น้ำว้า,ขึ่ง,เวียงสา,น่าน
2022-02-25,8.370416667,Tha Nang Bridge,น้ำแม่กวง,ในเมือง,เมือง,ลำพูน
2022-02-25,3.542916667,Wang Phrao,น้ำแม่จาง,วังพร้าว,เกาะคา,ลำปาง
2022-02-26,2.770416667,Ban Chiang Dao,แม่น้ำปิง,เชียงดาว,เชียงดาว,เชียงใหม่
2022-02-26,3.489166667,Ban Chor Lae,แม่น้ำปิง,ช่อแล,แม่แตง,เชียงใหม่
2022-02-26,4.379583333,Ban Don Chai,แม่น้ำวัง,ล้อมแรด,เถิน,ลำปาง
2022-02-26,7.88,Ban Don Mun,แม่น้ำวัง,บ้านแลง,เมือง,ลำปาง
2022-02-26,3.89,Ban Don Sali,น้ำแม่ลาว,ป่าแดด,แม่สรวย,เชียงราย
2022-02-26,5.13375,Ban Hai,แม่น้ำวัง,ปงดอน,แจ้ห่ม,ลำปาง
2022-02-26,2.76,Ban Hong,น้ำแม่ออน,ร้องวัวแดง,สันกำแพง,เชียงใหม่
2022-02-26,2.72,Ban Hua Sapan,น้ำแม่จัน,ป่าซาง,แม่จัน,เชียงราย
2022-02-26,5.1,Ban Huai Pa Sang,น้ำแม่แตง,กึ๊ดช้าง,แม่แตง,เชียงใหม่
2022-02-26,9.712083333,Ban Huai Sak,แม่น้ำยม,เตาปูน,สอง,แพร่
2022-02-26,6.18,Ban Klang,น้ำแม่ขาน,บ้านกลาง,สันป่าตอง,เชียงใหม่
2022-02-26,3.303333333,Ban Ko Kha,แม่น้ำวัง,ศาลา,เกาะคา,ลำปาง
2022-02-26,4.43,Ban Krariang Tung Phrao,น้ำแม่สรวย,วาวี,แม่สรวย,เชียงราย
2022-02-26,-3.0825,Ban Lai Kaeo,น้ำแม่ลี้,ศรีเตี้ย,บ้านโฮ่ง,ลำพูน
2022-02-26,6.56,Ban Luang,น้ำแม่ตื่น,ยางเปียง,อมก๋อย,เชียงใหม่
2022-02-26,3.8975,Ban Luang Nuea,น้ำงาว,หลวงใต้,งาว,ลำปาง
2022-02-26,6.683333333,Ban Mae E Hi,น้ำแม่ลี้,ศรีวิชัย,ลี้,ลำพูน
2022-02-26,5.22,Ban Mae Khom Mi Tamnak Tham,น้ำแม่คำมี,ตำหนักธรรม,หนองม่วงไข่,แพร่
2022-02-26,5.92,Ban Mae Lai,น้ำแม่หล่าย,แม่หล่าย,เมือง,แพร่
2022-02-26,2.006666667,Ban Mae Tae,แม่น้ำปิง,แม่แฝกเก่า,สันทราย,เชียงใหม่
2022-02-26,2.4,Ban Mae Taeng,แม่น้ำแตง,สันมหาพล,แม่แตง,เชียงใหม่
2022-02-26,3.51,Ban Mae Wan,น้ำแม่กวง,ป่าเมี่ยง,ดอยสะเก็ด,เชียงใหม่
2022-02-26,4.94,Ban Mai Rim Fang,น้ำฝาง,เวียงฝาง,ฝาง,เชียงใหม่
2022-02-26,7.493333333,Ban Mang,น้ำปี้,มาง,เชียงม่วน,พะเยา
2022-02-26,4.114583333,Ban Mueang Kuet,น้ำแม่แตง,กึ๊ดช้าง,แม่แตง,เชียงใหม่
2022-02-26,2.486666667,Ban Mueang Mai,ห้วยแม่ต๋า,เมืองมาย,แจ้ห่ม,ลำปาง
2022-02-26,4.369583333,Ban Mueang Pha,น้ำแม่ริม,ริมเหนือ,แม่ริม,เชียงใหม่
2022-02-26,8.405,Ban Nam Khong,แม่น้ำยม,ป่าแมต,เมือง,แพร่
2022-02-26,5.57,Ban Nam Yao,น้ำยาว,อวน,ปัว,น่าน
2022-02-26,1.744583333,Ban Nong Naw,น้ำแม่สอย,แจ้ห่ม,แจ้ห่ม,ลำปาง
2022-02-26,3.38,Ban Nong Pham,น้ำแม่ลาว,แม่สรวย,แม่สรวย,เชียงราย
2022-02-26,6.97,Ban Pa Kha,น้ำควร,ควร,ปง,พะเยา
2022-02-26,7.921666667,Ban Pa Khoi Tai,แม่น้ำปิง,สันผีเสื้อ,เมือง,เชียงใหม่
2022-02-26,4.75,Ban Pa Sang,น้ำแม่ทา,ป่าซาง,ป่าซาง,ลำพูน
2022-02-26,5.495,Ban Pang Sa,ห้วยน้ำยาว,ผาทอง,ท่าวังผา,น่าน
2022-02-26,10.195,Ban Pha Khwang,แม่น้ำน่าน,บ่อ,เมือง,น่าน
2022-02-26,6.475,Ban Phai Ngarm,แม่น้ำน่าน,ส้าน,เวียงสา,น่าน
2022-02-26,4.2,Ban Phan Ton,น้ำแม่วาง,ทุ่งปี้,แม่วาง,เชียงใหม่
2022-02-26,4.7,Ban Phi Tai,น้ำปี้,บ้านพี้,บ้านหลวง,น่าน
2022-02-26,6.694583333,Ban Pong,น้ำแม่กวง,บวกค้าง,สันกำแพง,เชียงใหม่
2022-02-26,4.623333333,Ban Pong,ห้วยโป่ง,บ้านโป่ง,งาว,ลำปาง
2022-02-26,4.103333333,Ban Rong Kho,แม่น้ำวัง,ร่องเคาะ,วังเหนือ,ลำปาง
2022-02-26,3.08,Ban Saluang Nok,น้ำแม่ริม,สลวง,แม่ริม,เชียงใหม่
2022-02-26,4.48,Ban San Pu Loei,น้ำแม่ขอด,โหล่งขอด,พร้าว,เชียงใหม่
2022-02-26,4.15,Ban Singpotin,น้ำแม่ลาย,ป่าเมี่ยง,ดอยสะเก็ด,เชียงใหม่
2022-02-26,9.62,Ban Sob Soi,แม่น้ำปิง,แม่สอย,จอมทอง,เชียงใหม่
2022-02-26,5.461666667,Ban Sop Mae Sapoot,แม่น้ำแม่ทา,ทาสบเส้า,แม่ทา,ลำพูน
2022-02-26,7.6,Ban Sop Pae,แม่น้ำปิง,สบแปะ,จอมทอง,เชียงใหม่
2022-02-26,5.77,Ban Sop Prap,แม่น้ำวัง,สบปราบ,สบปราบ,ลำปาง
2022-02-26,5.64,Ban Sop Tam,น้ำแม่ต่ำ,เกาะคา,เกาะคา,ลำปาง
2022-02-26,4.33,Ban Sop Win,น้ำแม่วาง,แม่วิน,แม่วาง,เชียงใหม่
2022-02-26,6.103333333,Ban Tha Duea,แม่น้ำวัง,พิชัย,เมือง,ลำปาง
2022-02-26,5.813333333,Ban Tha Lo,น้ำแม่ตุ๋ย,บ่อแฮ้ว,เมือง,ลำปาง
2022-02-26,3.72,Ban Tha Pong Daeng,น้ำปาย,ผาบ่อง,เมือง,แม่ฮ่องสอน
2022-02-26,6.754166667,Ban Thung Nong,แม่น้ำยม,สระ,เชียงม่วน,พะเยา
2022-02-26,3.571666667,Ban Ton Yang,น้ำแม่ลาว,บัวสลี,แม่ลาว,เชียงราย
2022-02-26,12.88625,Ban Wang Chin,แม่น้ำยม,วังชิ้น,วังชิ้น,แพร่
2022-02-26,4.696666667,Chedingam,น้ำอิง,ท่าวังทอง,เมือง,พะเยา
2022-02-26,6.813333333,In front of the Forestry Office,แม่น้ำน่าน,ในเวียง,เมือง,น่าน
2022-02-26,5.28,Mae Kham Lak Chet,น้ำแม่คำ,ศรีค้ำ,แม่จัน,เชียงราย
2022-02-26,1.95,Nam Mae Chaem,น้ำแม่แจ่ม,บ้านท่าข้าม,จอมทอง,เชียงใหม่
2022-02-26,5.184583333,Nawarat Bridge,แม่น้ำปิง,วัดเกต,เมือง,เชียงใหม่
2022-02-26,4.290833333,Pracha Uthit Bridge,น้ำแม่กลาง,บ้านหลวง,จอมทอง,เชียงใหม่
2022-02-26,5.58,Romklao Cooperative House,น้ำแม่งัด,แม่แวน,พร้าว,เชียงใหม่
2022-02-26,3.96,Saphan Ban Khay,น้ำฝาง,แม่นาวาง,แม่อาย,เชียงใหม่
2022-02-26,4.832916667,Setuwaree Bridge,แม้น้ำวัง,เวียงเหนือ,เมือง,ลำปาง
2022-02-26,11.285,Tha Li Bridge,น้ำว้า,ขึ่ง,เวียงสา,น่าน
2022-02-26,8.3175,Tha Nang Bridge,น้ำแม่กวง,ในเมือง,เมือง,ลำพูน
2022-02-26,3.5275,Wang Phrao,น้ำแม่จาง,วังพร้าว,เกาะคา,ลำปาง
2022-02-27,2.7675,Ban Chiang Dao,แม่น้ำปิง,เชียงดาว,เชียงดาว,เชียงใหม่
2022-02-27,3.325,Ban Chor Lae,แม่น้ำปิง,ช่อแล,แม่แตง,เชียงใหม่
2022-02-27,4.27125,Ban Don Chai,แม่น้ำวัง,ล้อมแรด,เถิน,ลำปาง
2022-02-27,7.877916667,Ban Don Mun,แม่น้ำวัง,บ้านแลง,เมือง,ลำปาง
2022-02-27,3.87,Ban Don Sali,น้ำแม่ลาว,ป่าแดด,แม่สรวย,เชียงราย
2022-02-27,5.12125,Ban Hai,แม่น้ำวัง,ปงดอน,แจ้ห่ม,ลำปาง
2022-02-27,2.76,Ban Hong,น้ำแม่ออน,ร้องวัวแดง,สันกำแพง,เชียงใหม่
2022-02-27,2.71,Ban Hua Sapan,น้ำแม่จัน,ป่าซาง,แม่จัน,เชียงราย
2022-02-27,5.1,Ban Huai Pa Sang,น้ำแม่แตง,กึ๊ดช้าง,แม่แตง,เชียงใหม่
2022-02-27,9.69125,Ban Huai Sak,แม่น้ำยม,เตาปูน,สอง,แพร่
2022-02-27,6.028333333,Ban Klang,น้ำแม่ขาน,บ้านกลาง,สันป่าตอง,เชียงใหม่
2022-02-27,3.286666667,Ban Ko Kha,แม่น้ำวัง,ศาลา,เกาะคา,ลำปาง
2022-02-27,4.43,Ban Krariang Tung Phrao,น้ำแม่สรวย,วาวี,แม่สรวย,เชียงราย
2022-02-27,-3.08,Ban Lai Kaeo,น้ำแม่ลี้,ศรีเตี้ย,บ้านโฮ่ง,ลำพูน
2022-02-27,6.56,Ban Luang,น้ำแม่ตื่น,ยางเปียง,อมก๋อย,เชียงใหม่
2022-02-27,3.9,Ban Luang Nuea,น้ำงาว,หลวงใต้,งาว,ลำปาง
2022-02-27,6.685,Ban Mae E Hi,น้ำแม่ลี้,ศรีวิชัย,ลี้,ลำพูน
2022-02-27,5.22,Ban Mae Khom Mi Tamnak Tham,น้ำแม่คำมี,ตำหนักธรรม,หนองม่วงไข่,แพร่
2022-02-27,5.92,Ban Mae Lai,น้ำแม่หล่าย,แม่หล่าย,เมือง,แพร่
2022-02-27,1.980833333,Ban Mae Tae,แม่น้ำปิง,แม่แฝกเก่า,สันทราย,เชียงใหม่
2022-02-27,2.4,Ban Mae Taeng,แม่น้ำแตง,สันมหาพล,แม่แตง,เชียงใหม่
2022-02-27,3.51,Ban Mae Wan,น้ำแม่กวง,ป่าเมี่ยง,ดอยสะเก็ด,เชียงใหม่
2022-02-27,4.9,Ban Mai Rim Fang,น้ำฝาง,เวียงฝาง,ฝาง,เชียงใหม่
2022-02-27,7.51125,Ban Mang,น้ำปี้,มาง,เชียงม่วน,พะเยา
2022-02-27,4.099166667,Ban Mueang Kuet,น้ำแม่แตง,กึ๊ดช้าง,แม่แตง,เชียงใหม่
2022-02-27,2.45,Ban Mueang Mai,ห้วยแม่ต๋า,เมืองมาย,แจ้ห่ม,ลำปาง
2022-02-27,4.3475,Ban Mueang Pha,น้ำแม่ริม,ริมเหนือ,แม่ริม,เชียงใหม่
2022-02-27,8.40625,Ban Nam Khong,แม่น้ำยม,ป่าแมต,เมือง,แพร่
2022-02-27,5.565833333,Ban Nam Yao,น้ำยาว,อวน,ปัว,น่าน
2022-02-27,1.734583333,Ban Nong Naw,น้ำแม่สอย,แจ้ห่ม,แจ้ห่ม,ลำปาง
2022-02-27,3.44375,Ban Nong Pham,น้ำแม่ลาว,แม่สรวย,แม่สรวย,เชียงราย
2022-02-27,6.953333333,Ban Pa Kha,น้ำควร,ควร,ปง,พะเยา
2022-02-27,7.879583333,Ban Pa Khoi Tai,แม่น้ำปิง,สันผีเสื้อ,เมือง,เชียงใหม่
2022-02-27,4.75,Ban Pa Sang,น้ำแม่ทา,ป่าซาง,ป่าซาง,ลำพูน
2022-02-27,5.49,Ban Pang Sa,ห้วยน้ำยาว,ผาทอง,ท่าวังผา,น่าน
2022-02-27,10.18583333,Ban Pha Khwang,แม่น้ำน่าน,บ่อ,เมือง,น่าน
2022-02-27,6.468333333,Ban Phai Ngarm,แม่น้ำน่าน,ส้าน,เวียงสา,น่าน
2022-02-27,4.2,Ban Phan Ton,น้ำแม่วาง,ทุ่งปี้,แม่วาง,เชียงใหม่
2022-02-27,4.7,Ban Phi Tai,น้ำปี้,บ้านพี้,บ้านหลวง,น่าน
2022-02-27,6.642083333,Ban Pong,น้ำแม่กวง,บวกค้าง,สันกำแพง,เชียงใหม่
2022-02-27,4.62,Ban Pong,ห้วยโป่ง,บ้านโป่ง,งาว,ลำปาง
2022-02-27,4.1,Ban Rong Kho,แม่น้ำวัง,ร่องเคาะ,วังเหนือ,ลำปาง
2022-02-27,3.07,Ban Saluang Nok,น้ำแม่ริม,สลวง,แม่ริม,เชียงใหม่
2022-02-27,4.32,Ban San Pu Loei,น้ำแม่ขอด,โหล่งขอด,พร้าว,เชียงใหม่
2022-02-27,4.15,Ban Singpotin,น้ำแม่ลาย,ป่าเมี่ยง,ดอยสะเก็ด,เชียงใหม่
2022-02-27,9.62,Ban Sob Soi,แม่น้ำปิง,แม่สอย,จอมทอง,เชียงใหม่
2022-02-27,5.450833333,Ban Sop Mae Sapoot,แม่น้ำแม่ทา,ทาสบเส้า,แม่ทา,ลำพูน
2022-02-27,7.5,Ban Sop Pae,แม่น้ำปิง,สบแปะ,จอมทอง,เชียงใหม่
2022-02-27,5.81,Ban Sop Prap,แม่น้ำวัง,สบปราบ,สบปราบ,ลำปาง
2022-02-27,5.64,Ban Sop Tam,น้ำแม่ต่ำ,เกาะคา,เกาะคา,ลำปาง
2022-02-27,4.328333333,Ban Sop Win,น้ำแม่วาง,แม่วิน,แม่วาง,เชียงใหม่
2022-02-27,6.076666667,Ban Tha Duea,แม่น้ำวัง,พิชัย,เมือง,ลำปาง
2022-02-27,5.813333333,Ban Tha Lo,น้ำแม่ตุ๋ย,บ่อแฮ้ว,เมือง,ลำปาง
2022-02-27,3.72,Ban Tha Pong Daeng,น้ำปาย,ผาบ่อง,เมือง,แม่ฮ่องสอน
2022-02-27,6.733333333,Ban Thung Nong,แม่น้ำยม,สระ,เชียงม่วน,พะเยา
2022-02-27,3.565,Ban Ton Yang,น้ำแม่ลาว,บัวสลี,แม่ลาว,เชียงราย
2022-02-27,12.875,Ban Wang Chin,แม่น้ำยม,วังชิ้น,วังชิ้น,แพร่
2022-02-27,4.6,Chedingam,น้ำอิง,ท่าวังทอง,เมือง,พะเยา
2022-02-27,6.786666667,In front of the Forestry Office,แม่น้ำน่าน,ในเวียง,เมือง,น่าน
2022-02-27,5.262083333,Mae Kham Lak Chet,น้ำแม่คำ,ศรีค้ำ,แม่จัน,เชียงราย
2022-02-27,1.95,Nam Mae Chaem,น้ำแม่แจ่ม,บ้านท่าข้าม,จอมทอง,เชียงใหม่
2022-02-27,5.138333333,Nawarat Bridge,แม่น้ำปิง,วัดเกต,เมือง,เชียงใหม่
2022-02-27,4.282083333,Pracha Uthit Bridge,น้ำแม่กลาง,บ้านหลวง,จอมทอง,เชียงใหม่
2022-02-27,5.52,Romklao Cooperative House,น้ำแม่งัด,แม่แวน,พร้าว,เชียงใหม่
2022-02-27,3.9,Saphan Ban Khay,น้ำฝาง,แม่นาวาง,แม่อาย,เชียงใหม่
2022-02-27,4.786666667,Setuwaree Bridge,แม้น้ำวัง,เวียงเหนือ,เมือง,ลำปาง
2022-02-27,11.27291667,Tha Li Bridge,น้ำว้า,ขึ่ง,เวียงสา,น่าน
2022-02-27,8.12125,Tha Nang Bridge,น้ำแม่กวง,ในเมือง,เมือง,ลำพูน
2022-02-27,3.507916667,Wang Phrao,น้ำแม่จาง,วังพร้าว,เกาะคา,ลำปาง
2022-02-28,2.750833333,Ban Chiang Dao,แม่น้ำปิง,เชียงดาว,เชียงดาว,เชียงใหม่
2022-02-28,3.214166667,Ban Chor Lae,แม่น้ำปิง,ช่อแล,แม่แตง,เชียงใหม่
2022-02-28,4.242083333,Ban Don Chai,แม่น้ำวัง,ล้อมแรด,เถิน,ลำปาง
2022-02-28,7.878333333,Ban Don Mun,แม่น้ำวัง,บ้านแลง,เมือง,ลำปาง
2022-02-28,3.86,Ban Don Sali,น้ำแม่ลาว,ป่าแดด,แม่สรวย,เชียงราย
2022-02-28,5.12375,Ban Hai,แม่น้ำวัง,ปงดอน,แจ้ห่ม,ลำปาง
2022-02-28,2.76,Ban Hong,น้ำแม่ออน,ร้องวัวแดง,สันกำแพง,เชียงใหม่
2022-02-28,2.67625,Ban Hua Sapan,น้ำแม่จัน,ป่าซาง,แม่จัน,เชียงราย
2022-02-28,5.1,Ban Huai Pa Sang,น้ำแม่แตง,กึ๊ดช้าง,แม่แตง,เชียงใหม่
2022-02-28,9.674583333,Ban Huai Sak,แม่น้ำยม,เตาปูน,สอง,แพร่
2022-02-28,5.99375,Ban Klang,น้ำแม่ขาน,บ้านกลาง,สันป่าตอง,เชียงใหม่
2022-02-28,3.28,Ban Ko Kha,แม่น้ำวัง,ศาลา,เกาะคา,ลำปาง
2022-02-28,4.43,Ban Krariang Tung Phrao,น้ำแม่สรวย,วาวี,แม่สรวย,เชียงราย
2022-02-28,-3.08,Ban Lai Kaeo,น้ำแม่ลี้,ศรีเตี้ย,บ้านโฮ่ง,ลำพูน
2022-02-28,6.55,Ban Luang,น้ำแม่ตื่น,ยางเปียง,อมก๋อย,เชียงใหม่
2022-02-28,3.9,Ban Luang Nuea,น้ำงาว,หลวงใต้,งาว,ลำปาง
2022-02-28,6.67125,Ban Mae E Hi,น้ำแม่ลี้,ศรีวิชัย,ลี้,ลำพูน
2022-02-28,5.22,Ban Mae Khom Mi Tamnak Tham,น้ำแม่คำมี,ตำหนักธรรม,หนองม่วงไข่,แพร่
2022-02-28,5.92,Ban Mae Lai,น้ำแม่หล่าย,แม่หล่าย,เมือง,แพร่
2022-02-28,1.76125,Ban Mae Tae,แม่น้ำปิง,แม่แฝกเก่า,สันทราย,เชียงใหม่
2022-02-28,2.4,Ban Mae Taeng,แม่น้ำแตง,สันมหาพล,แม่แตง,เชียงใหม่
2022-02-28,3.51,Ban Mae Wan,น้ำแม่กวง,ป่าเมี่ยง,ดอยสะเก็ด,เชียงใหม่
2022-02-28,4.9,Ban Mai Rim Fang,น้ำฝาง,เวียงฝาง,ฝาง,เชียงใหม่
2022-02-28,7.47875,Ban Mang,น้ำปี้,มาง,เชียงม่วน,พะเยา
2022-02-28,4,Ban Mueang Kuet,น้ำแม่แตง,กึ๊ดช้าง,แม่แตง,เชียงใหม่
2022-02-28,2.39,Ban Mueang Mai,ห้วยแม่ต๋า,เมืองมาย,แจ้ห่ม,ลำปาง
2022-02-28,4.326666667,Ban Mueang Pha,น้ำแม่ริม,ริมเหนือ,แม่ริม,เชียงใหม่
2022-02-28,8.390416667,Ban Nam Khong,แม่น้ำยม,ป่าแมต,เมือง,แพร่
2022-02-28,5.546666667,Ban Nam Yao,น้ำยาว,อวน,ปัว,น่าน
2022-02-28,1.750833333,Ban Nong Naw,น้ำแม่สอย,แจ้ห่ม,แจ้ห่ม,ลำปาง
2022-02-28,3.595833333,Ban Nong Pham,น้ำแม่ลาว,แม่สรวย,แม่สรวย,เชียงราย
2022-02-28,6.95,Ban Pa Kha,น้ำควร,ควร,ปง,พะเยา
2022-02-28,7.977916667,Ban Pa Khoi Tai,แม่น้ำปิง,สันผีเสื้อ,เมือง,เชียงใหม่
2022-02-28,4.75,Ban Pa Sang,น้ำแม่ทา,ป่าซาง,ป่าซาง,ลำพูน
2022-02-28,5.49,Ban Pang Sa,ห้วยน้ำยาว,ผาทอง,ท่าวังผา,น่าน
2022-02-28,10.17,Ban Pha Khwang,แม่น้ำน่าน,บ่อ,เมือง,น่าน
2022-02-28,6.456666667,Ban Phai Ngarm,แม่น้ำน่าน,ส้าน,เวียงสา,น่าน
2022-02-28,4.2,Ban Phan Ton,น้ำแม่วาง,ทุ่งปี้,แม่วาง,เชียงใหม่
2022-02-28,4.8,Ban Phi Tai,น้ำปี้,บ้านพี้,บ้านหลวง,น่าน
2022-02-28,6.632916667,Ban Pong,น้ำแม่กวง,บวกค้าง,สันกำแพง,เชียงใหม่
2022-02-28,4.59,Ban Pong,ห้วยโป่ง,บ้านโป่ง,งาว,ลำปาง
2022-02-28,4.1,Ban Rong Kho,แม่น้ำวัง,ร่องเคาะ,วังเหนือ,ลำปาง
2022-02-28,3.07,Ban Saluang Nok,น้ำแม่ริม,สลวง,แม่ริม,เชียงใหม่
2022-02-28,4.32,Ban San Pu Loei,น้ำแม่ขอด,โหล่งขอด,พร้าว,เชียงใหม่
2022-02-28,4.15,Ban Singpotin,น้ำแม่ลาย,ป่าเมี่ยง,ดอยสะเก็ด,เชียงใหม่
2022-02-28,9.6,Ban Sob Soi,แม่น้ำปิง,แม่สอย,จอมทอง,เชียงใหม่
2022-02-28,5.45,Ban Sop Mae Sapoot,แม่น้ำแม่ทา,ทาสบเส้า,แม่ทา,ลำพูน
2022-02-28,7.45,Ban Sop Pae,แม่น้ำปิง,สบแปะ,จอมทอง,เชียงใหม่
2022-02-28,5.776666667,Ban Sop Prap,แม่น้ำวัง,สบปราบ,สบปราบ,ลำปาง
2022-02-28,5.64,Ban Sop Tam,น้ำแม่ต่ำ,เกาะคา,เกาะคา,ลำปาง
2022-02-28,4.32,Ban Sop Win,น้ำแม่วาง,แม่วิน,แม่วาง,เชียงใหม่
2022-02-28,6.06,Ban Tha Duea,แม่น้ำวัง,พิชัย,เมือง,ลำปาง
2022-02-28,5.803333333,Ban Tha Lo,น้ำแม่ตุ๋ย,บ่อแฮ้ว,เมือง,ลำปาง
2022-02-28,3.72,Ban Tha Pong Daeng,น้ำปาย,ผาบ่อง,เมือง,แม่ฮ่องสอน
2022-02-28,6.69375,Ban Thung Nong,แม่น้ำยม,สระ,เชียงม่วน,พะเยา
2022-02-28,3.55125,Ban Ton Yang,น้ำแม่ลาว,บัวสลี,แม่ลาว,เชียงราย
2022-02-28,12.86375,Ban Wang Chin,แม่น้ำยม,วังชิ้น,วังชิ้น,แพร่
2022-02-28,4.6,Chedingam,น้ำอิง,ท่าวังทอง,เมือง,พะเยา
2022-02-28,6.755,In front of the Forestry Office,แม่น้ำน่าน,ในเวียง,เมือง,น่าน
2022-02-28,5.24125,Mae Kham Lak Chet,น้ำแม่คำ,ศรีค้ำ,แม่จัน,เชียงราย
2022-02-28,1.95,Nam Mae Chaem,น้ำแม่แจ่ม,บ้านท่าข้าม,จอมทอง,เชียงใหม่
2022-02-28,5.25125,Nawarat Bridge,แม่น้ำปิง,วัดเกต,เมือง,เชียงใหม่
2022-02-28,4.27,Pracha Uthit Bridge,น้ำแม่กลาง,บ้านหลวง,จอมทอง,เชียงใหม่
2022-02-28,5.52,Romklao Cooperative House,น้ำแม่งัด,แม่แวน,พร้าว,เชียงใหม่
2022-02-28,3.88,Saphan Ban Khay,น้ำฝาง,แม่นาวาง,แม่อาย,เชียงใหม่
2022-02-28,4.7675,Setuwaree Bridge,แม้น้ำวัง,เวียงเหนือ,เมือง,ลำปาง
2022-02-28,11.25166667,Tha Li Bridge,น้ำว้า,ขึ่ง,เวียงสา,น่าน
2022-02-28,7.9325,Tha Nang Bridge,น้ำแม่กวง,ในเมือง,เมือง,ลำพูน
2022-02-28,3.497083333,Wang Phrao,น้ำแม่จาง,วังพร้าว,เกาะคา,ลำปาง
2022-03-01,2.769166667,Ban Chiang Dao,แม่น้ำปิง,เชียงดาว,เชียงดาว,เชียงใหม่
2022-03-01,3.23375,Ban Chor Lae,แม่น้ำปิง,ช่อแล,แม่แตง,เชียงใหม่
2022-03-01,4.195833333,Ban Don Chai,แม่น้ำวัง,ล้อมแรด,เถิน,ลำปาง
2022-03-01,8.013958333,Ban Don Mun,แม่น้ำวัง,บ้านแลง,เมือง,ลำปาง
2022-03-01,3.86,Ban Don Sali,น้ำแม่ลาว,ป่าแดด,แม่สรวย,เชียงราย
2022-03-01,5.123333333,Ban Hai,แม่น้ำวัง,ปงดอน,แจ้ห่ม,ลำปาง
2022-03-01,2.76,Ban Hong,น้ำแม่ออน,ร้องวัวแดง,สันกำแพง,เชียงใหม่
2022-03-01,2.637916667,Ban Hua Sapan,น้ำแม่จัน,ป่าซาง,แม่จัน,เชียงราย
2022-03-01,5.1,Ban Huai Pa Sang,น้ำแม่แตง,กึ๊ดช้าง,แม่แตง,เชียงใหม่
2022-03-01,9.668333333,Ban Huai Sak,แม่น้ำยม,เตาปูน,สอง,แพร่
2022-03-01,5.974166667,Ban Klang,น้ำแม่ขาน,บ้านกลาง,สันป่าตอง,เชียงใหม่
2022-03-01,3.273333333,Ban Ko Kha,แม่น้ำวัง,ศาลา,เกาะคา,ลำปาง
2022-03-01,4.43,Ban Krariang Tung Phrao,น้ำแม่สรวย,วาวี,แม่สรวย,เชียงราย
2022-03-01,-3.0875,Ban Lai Kaeo,น้ำแม่ลี้,ศรีเตี้ย,บ้านโฮ่ง,ลำพูน
2022-03-01,6.55,Ban Luang,น้ำแม่ตื่น,ยางเปียง,อมก๋อย,เชียงใหม่
2022-03-01,3.908333333,Ban Luang Nuea,น้ำงาว,หลวงใต้,งาว,ลำปาง
2022-03-01,6.659166667,Ban Mae E Hi,น้ำแม่ลี้,ศรีวิชัย,ลี้,ลำพูน
2022-03-01,5.24,Ban Mae Khom Mi Tamnak Tham,น้ำแม่คำมี,ตำหนักธรรม,หนองม่วงไข่,แพร่
2022-03-01,5.92,Ban Mae Lai,น้ำแม่หล่าย,แม่หล่าย,เมือง,แพร่
2022-03-01,1.8025,Ban Mae Tae,แม่น้ำปิง,แม่แฝกเก่า,สันทราย,เชียงใหม่
2022-03-01,2.4,Ban Mae Taeng,แม่น้ำแตง,สันมหาพล,แม่แตง,เชียงใหม่
2022-03-01,3.51,Ban Mae Wan,น้ำแม่กวง,ป่าเมี่ยง,ดอยสะเก็ด,เชียงใหม่
2022-03-01,4.92,Ban Mai Rim Fang,น้ำฝาง,เวียงฝาง,ฝาง,เชียงใหม่
2022-03-01,7.473333333,Ban Mang,น้ำปี้,มาง,เชียงม่วน,พะเยา
2022-03-01,5.58,Ban Muang Pok,น้ำแม่แตง,เปียงหลวง,เวียงแหง,เชียงใหม่
2022-03-01,4.070416667,Ban Mueang Kuet,น้ำแม่แตง,กึ๊ดช้าง,แม่แตง,เชียงใหม่
2022-03-01,2.37,Ban Mueang Mai,ห้วยแม่ต๋า,เมืองมาย,แจ้ห่ม,ลำปาง
2022-03-01,4.3175,Ban Mueang Pha,น้ำแม่ริม,ริมเหนือ,แม่ริม,เชียงใหม่
2022-03-01,8.378333333,Ban Nam Khong,แม่น้ำยม,ป่าแมต,เมือง,แพร่
2022-03-01,5.531666667,Ban Nam Yao,น้ำยาว,อวน,ปัว,น่าน
2022-03-01,1.752916667,Ban Nong Naw,น้ำแม่สอย,แจ้ห่ม,แจ้ห่ม,ลำปาง
2022-03-01,3.6,Ban Nong Pham,น้ำแม่ลาว,แม่สรวย,แม่สรวย,เชียงราย
2022-03-01,6.933333333,Ban Pa Kha,น้ำควร,ควร,ปง,พะเยา
2022-03-01,7.945833333,Ban Pa Khoi Tai,แม่น้ำปิง,สันผีเสื้อ,เมือง,เชียงใหม่
2022-03-01,4.75,Ban Pa Sang,น้ำแม่ทา,ป่าซาง,ป่าซาง,ลำพูน
2022-03-01,5.49,Ban Pang Sa,ห้วยน้ำยาว,ผาทอง,ท่าวังผา,น่าน
2022-03-01,10.1275,Ban Pha Khwang,แม่น้ำน่าน,บ่อ,เมือง,น่าน
2022-03-01,6.44125,Ban Phai Ngarm,แม่น้ำน่าน,ส้าน,เวียงสา,น่าน
2022-03-01,4.2,Ban Phan Ton,น้ำแม่วาง,ทุ่งปี้,แม่วาง,เชียงใหม่
2022-03-01,4.8,Ban Phi Tai,น้ำปี้,บ้านพี้,บ้านหลวง,น่าน
2022-03-01,6.6675,Ban Pong,น้ำแม่กวง,บวกค้าง,สันกำแพง,เชียงใหม่
2022-03-01,4.743333333,Ban Pong,ห้วยโป่ง,บ้านโป่ง,งาว,ลำปาง
2022-03-01,4.093333333,Ban Rong Kho,แม่น้ำวัง,ร่องเคาะ,วังเหนือ,ลำปาง
2022-03-01,3.09,Ban Saluang Nok,น้ำแม่ริม,สลวง,แม่ริม,เชียงใหม่
2022-03-01,4.39,Ban San Pu Loei,น้ำแม่ขอด,โหล่งขอด,พร้าว,เชียงใหม่
2022-03-01,4.08,Ban Singpotin,น้ำแม่ลาย,ป่าเมี่ยง,ดอยสะเก็ด,เชียงใหม่
2022-03-01,9.62,Ban Sob Soi,แม่น้ำปิง,แม่สอย,จอมทอง,เชียงใหม่
2022-03-01,5.45,Ban Sop Mae Sapoot,แม่น้ำแม่ทา,ทาสบเส้า,แม่ทา,ลำพูน
2022-03-01,7.45,Ban Sop Pae,แม่น้ำปิง,สบแปะ,จอมทอง,เชียงใหม่
2022-03-01,5.746666667,Ban Sop Prap,แม่น้ำวัง,สบปราบ,สบปราบ,ลำปาง
2022-03-01,5.62,Ban Sop Tam,น้ำแม่ต่ำ,เกาะคา,เกาะคา,ลำปาง
2022-03-01,4.32875,Ban Sop Win,น้ำแม่วาง,แม่วิน,แม่วาง,เชียงใหม่
2022-03-01,6.05,Ban Tha Duea,แม่น้ำวัง,พิชัย,เมือง,ลำปาง
2022-03-01,5.793333333,Ban Tha Lo,น้ำแม่ตุ๋ย,บ่อแฮ้ว,เมือง,ลำปาง
2022-03-01,3.71,Ban Tha Pong Daeng,น้ำปาย,ผาบ่อง,เมือง,แม่ฮ่องสอน
2022-03-01,6.69375,Ban Thung Nong,แม่น้ำยม,สระ,เชียงม่วน,พะเยา
2022-03-01,3.55875,Ban Ton Yang,น้ำแม่ลาว,บัวสลี,แม่ลาว,เชียงราย
2022-03-01,12.84208333,Ban Wang Chin,แม่น้ำยม,วังชิ้น,วังชิ้น,แพร่
2022-03-01,5.15,Chedingam,น้ำอิง,ท่าวังทอง,เมือง,พะเยา
2022-03-01,6.73875,In front of the Forestry Office,แม่น้ำน่าน,ในเวียง,เมือง,น่าน
2022-03-01,5.2025,Mae Kham Lak Chet,น้ำแม่คำ,ศรีค้ำ,แม่จัน,เชียงราย
2022-03-01,1.95,Nam Mae Chaem,น้ำแม่แจ่ม,บ้านท่าข้าม,จอมทอง,เชียงใหม่
2022-03-01,5.211666667,Nawarat Bridge,แม่น้ำปิง,วัดเกต,เมือง,เชียงใหม่
2022-03-01,4.28,Pracha Uthit Bridge,น้ำแม่กลาง,บ้านหลวง,จอมทอง,เชียงใหม่
2022-03-01,5.52,Romklao Cooperative House,น้ำแม่งัด,แม่แวน,พร้าว,เชียงใหม่
2022-03-01,3.84,Saphan Ban Khay,น้ำฝาง,แม่นาวาง,แม่อาย,เชียงใหม่
2022-03-01,4.757916667,Setuwaree Bridge,แม้น้ำวัง,เวียงเหนือ,เมือง,ลำปาง
2022-03-01,11.2425,Tha Li Bridge,น้ำว้า,ขึ่ง,เวียงสา,น่าน
2022-03-01,7.75875,Tha Nang Bridge,น้ำแม่กวง,ในเมือง,เมือง,ลำพูน
2022-03-01,3.36,Wang Phrao,น้ำแม่จาง,วังพร้าว,เกาะคา,ลำปาง
2022-03-02,2.759166667,Ban Chiang Dao,แม่น้ำปิง,เชียงดาว,เชียงดาว,เชียงใหม่
2022-03-02,3.247916667,Ban Chor Lae,แม่น้ำปิง,ช่อแล,แม่แตง,เชียงใหม่
2022-03-02,4.17125,Ban Don Chai,แม่น้ำวัง,ล้อมแรด,เถิน,ลำปาง
2022-03-02,8.203333333,Ban Don Mun,แม่น้ำวัง,บ้านแลง,เมือง,ลำปาง
2022-03-02,3.84,Ban Don Sali,น้ำแม่ลาว,ป่าแดด,แม่สรวย,เชียงราย
2022-03-02,5.3225,Ban Hai,แม่น้ำวัง,ปงดอน,แจ้ห่ม,ลำปาง
2022-03-02,2.76,Ban Hong,น้ำแม่ออน,ร้องวัวแดง,สันกำแพง,เชียงใหม่
2022-03-02,2.6025,Ban Hua Sapan,น้ำแม่จัน,ป่าซาง,แม่จัน,เชียงราย
2022-03-02,5.08,Ban Huai Pa Sang,น้ำแม่แตง,กึ๊ดช้าง,แม่แตง,เชียงใหม่
2022-03-02,9.654166667,Ban Huai Sak,แม่น้ำยม,เตาปูน,สอง,แพร่
2022-03-02,5.964583333,Ban Klang,น้ำแม่ขาน,บ้านกลาง,สันป่าตอง,เชียงใหม่
2022-03-02,3.27,Ban Ko Kha,แม่น้ำวัง,ศาลา,เกาะคา,ลำปาง
2022-03-02,4.43,Ban Krariang Tung Phrao,น้ำแม่สรวย,วาวี,แม่สรวย,เชียงราย
2022-03-02,-3.1,Ban Lai Kaeo,น้ำแม่ลี้,ศรีเตี้ย,บ้านโฮ่ง,ลำพูน
2022-03-02,6.55,Ban Luang,น้ำแม่ตื่น,ยางเปียง,อมก๋อย,เชียงใหม่
2022-03-02,3.9,Ban Luang Nuea,น้ำงาว,หลวงใต้,งาว,ลำปาง
2022-03-02,6.65,Ban Mae E Hi,น้ำแม่ลี้,ศรีวิชัย,ลี้,ลำพูน
2022-03-02,5.23,Ban Mae Khom Mi Tamnak Tham,น้ำแม่คำมี,ตำหนักธรรม,หนองม่วงไข่,แพร่
2022-03-02,5.92,Ban Mae Lai,น้ำแม่หล่าย,แม่หล่าย,เมือง,แพร่
2022-03-02,1.825833333,Ban Mae Tae,แม่น้ำปิง,แม่แฝกเก่า,สันทราย,เชียงใหม่
2022-03-02,2.42,Ban Mae Taeng,แม่น้ำแตง,สันมหาพล,แม่แตง,เชียงใหม่
2022-03-02,3.51,Ban Mae Wan,น้ำแม่กวง,ป่าเมี่ยง,ดอยสะเก็ด,เชียงใหม่
2022-03-02,4.9,Ban Mai Rim Fang,น้ำฝาง,เวียงฝาง,ฝาง,เชียงใหม่
2022-03-02,7.406666667,Ban Mang,น้ำปี้,มาง,เชียงม่วน,พะเยา
2022-03-02,5.58,Ban Muang Pok,น้ำแม่แตง,เปียงหลวง,เวียงแหง,เชียงใหม่
2022-03-02,4.204583333,Ban Mueang Kuet,น้ำแม่แตง,กึ๊ดช้าง,แม่แตง,เชียงใหม่
2022-03-02,2.36,Ban Mueang Mai,ห้วยแม่ต๋า,เมืองมาย,แจ้ห่ม,ลำปาง
2022-03-02,4.30875,Ban Mueang Pha,น้ำแม่ริม,ริมเหนือ,แม่ริม,เชียงใหม่
2022-03-02,8.198333333,Ban Nam Khong,แม่น้ำยม,ป่าแมต,เมือง,แพร่
2022-03-02,5.526666667,Ban Nam Yao,น้ำยาว,อวน,ปัว,น่าน
2022-03-02,1.764166667,Ban Nong Naw,น้ำแม่สอย,แจ้ห่ม,แจ้ห่ม,ลำปาง
2022-03-02,3.596666667,Ban Nong Pham,น้ำแม่ลาว,แม่สรวย,แม่สรวย,เชียงราย
2022-03-02,6.94,Ban Pa Kha,น้ำควร,ควร,ปง,พะเยา
2022-03-02,7.835,Ban Pa Khoi Tai,แม่น้ำปิง,สันผีเสื้อ,เมือง,เชียงใหม่
2022-03-02,4.75,Ban Pa Sang,น้ำแม่ทา,ป่าซาง,ป่าซาง,ลำพูน
2022-03-02,5.49,Ban Pang Sa,ห้วยน้ำยาว,ผาทอง,ท่าวังผา,น่าน
2022-03-02,10.10166667,Ban Pha Khwang,แม่น้ำน่าน,บ่อ,เมือง,น่าน
2022-03-02,6.436666667,Ban Phai Ngarm,แม่น้ำน่าน,ส้าน,เวียงสา,น่าน
2022-03-02,4.2,Ban Phan Ton,น้ำแม่วาง,ทุ่งปี้,แม่วาง,เชียงใหม่
2022-03-02,4.7,Ban Phi Tai,น้ำปี้,บ้านพี้,บ้านหลวง,น่าน
2022-03-02,6.713333333,Ban Pong,น้ำแม่กวง,บวกค้าง,สันกำแพง,เชียงใหม่
2022-03-02,5.03,Ban Pong,ห้วยโป่ง,บ้านโป่ง,งาว,ลำปาง
2022-03-02,4.0925,Ban Rong Kho,แม่น้ำวัง,ร่องเคาะ,วังเหนือ,ลำปาง
2022-03-02,3.05,Ban Saluang Nok,น้ำแม่ริม,สลวง,แม่ริม,เชียงใหม่
2022-03-02,4.365,Ban San Pu Loei,น้ำแม่ขอด,โหล่งขอด,พร้าว,เชียงใหม่
2022-03-02,4.08,Ban Singpotin,น้ำแม่ลาย,ป่าเมี่ยง,ดอยสะเก็ด,เชียงใหม่
2022-03-02,9.6,Ban Sob Soi,แม่น้ำปิง,แม่สอย,จอมทอง,เชียงใหม่
2022-03-02,5.45,Ban Sop Mae Sapoot,แม่น้ำแม่ทา,ทาสบเส้า,แม่ทา,ลำพูน
2022-03-02,7.42,Ban Sop Pae,แม่น้ำปิง,สบแปะ,จอมทอง,เชียงใหม่
2022-03-02,5.716666667,Ban Sop Prap,แม่น้ำวัง,สบปราบ,สบปราบ,ลำปาง
2022-03-02,5.57,Ban Sop Tam,น้ำแม่ต่ำ,เกาะคา,เกาะคา,ลำปาง
2022-03-02,4.33,Ban Sop Win,น้ำแม่วาง,แม่วิน,แม่วาง,เชียงใหม่
2022-03-02,6.03,Ban Tha Duea,แม่น้ำวัง,พิชัย,เมือง,ลำปาง
2022-03-02,5.793333333,Ban Tha Lo,น้ำแม่ตุ๋ย,บ่อแฮ้ว,เมือง,ลำปาง
2022-03-02,3.71,Ban Tha Pong Daeng,น้ำปาย,ผาบ่อง,เมือง,แม่ฮ่องสอน
2022-03-02,6.680416667,Ban Thung Nong,แม่น้ำยม,สระ,เชียงม่วน,พะเยา
2022-03-02,3.55125,Ban Ton Yang,น้ำแม่ลาว,บัวสลี,แม่ลาว,เชียงราย
2022-03-02,12.83416667,Ban Wang Chin,แม่น้ำยม,วังชิ้น,วังชิ้น,แพร่
2022-03-02,5.13,Chedingam,น้ำอิง,ท่าวังทอง,เมือง,พะเยา
2022-03-02,6.732083333,In front of the Forestry Office,แม่น้ำน่าน,ในเวียง,เมือง,น่าน
2022-03-02,5.2,Mae Kham Lak Chet,น้ำแม่คำ,ศรีค้ำ,แม่จัน,เชียงราย
2022-03-02,1.95,Nam Mae Chaem,น้ำแม่แจ่ม,บ้านท่าข้าม,จอมทอง,เชียงใหม่
2022-03-02,5.074166667,Nawarat Bridge,แม่น้ำปิง,วัดเกต,เมือง,เชียงใหม่
2022-03-02,4.3,Pracha Uthit Bridge,น้ำแม่กลาง,บ้านหลวง,จอมทอง,เชียงใหม่
2022-03-02,5.51,Romklao Cooperative House,น้ำแม่งัด,แม่แวน,พร้าว,เชียงใหม่
2022-03-02,3.88,Saphan Ban Khay,น้ำฝาง,แม่นาวาง,แม่อาย,เชียงใหม่
2022-03-02,4.747916667,Setuwaree Bridge,แม้น้ำวัง,เวียงเหนือ,เมือง,ลำปาง
2022-03-02,11.23791667,Tha Li Bridge,น้ำว้า,ขึ่ง,เวียงสา,น่าน
2022-03-02,8.002916667,Tha Nang Bridge,น้ำแม่กวง,ในเมือง,เมือง,ลำพูน
2022-03-02,3.249166667,Wang Phrao,น้ำแม่จาง,วังพร้าว,เกาะคา,ลำปาง
2022-03-03,2.76,Ban Chiang Dao,แม่น้ำปิง,เชียงดาว,เชียงดาว,เชียงใหม่
2022-03-03,3.246666667,Ban Chor Lae,แม่น้ำปิง,ช่อแล,แม่แตง,เชียงใหม่
2022-03-03,4.143333333,Ban Don Chai,แม่น้ำวัง,ล้อมแรด,เถิน,ลำปาง
2022-03-03,8.20375,Ban Don Mun,แม่น้ำวัง,บ้านแลง,เมือง,ลำปาง
2022-03-03,3.82,Ban Don Sali,น้ำแม่ลาว,ป่าแดด,แม่สรวย,เชียงราย
2022-03-03,6.363333333,Ban Hai,แม่น้ำวัง,ปงดอน,แจ้ห่ม,ลำปาง
2022-03-03,2.76,Ban Hong,น้ำแม่ออน,ร้องวัวแดง,สันกำแพง,เชียงใหม่
2022-03-03,2.6,Ban Hua Sapan,น้ำแม่จัน,ป่าซาง,แม่จัน,เชียงราย
2022-03-03,5.08,Ban Huai Pa Sang,น้ำแม่แตง,กึ๊ดช้าง,แม่แตง,เชียงใหม่
2022-03-03,9.648333333,Ban Huai Sak,แม่น้ำยม,เตาปูน,สอง,แพร่
2022-03-03,5.910416667,Ban Klang,น้ำแม่ขาน,บ้านกลาง,สันป่าตอง,เชียงใหม่
2022-03-03,3.27,Ban Ko Kha,แม่น้ำวัง,ศาลา,เกาะคา,ลำปาง
2022-03-03,4.43,Ban Krariang Tung Phrao,น้ำแม่สรวย,วาวี,แม่สรวย,เชียงราย
2022-03-03,-3.1,Ban Lai Kaeo,น้ำแม่ลี้,ศรีเตี้ย,บ้านโฮ่ง,ลำพูน
2022-03-03,6.55,Ban Luang,น้ำแม่ตื่น,ยางเปียง,อมก๋อย,เชียงใหม่
2022-03-03,3.9025,Ban Luang Nuea,น้ำงาว,หลวงใต้,งาว,ลำปาง
2022-03-03,6.665833333,Ban Mae E Hi,น้ำแม่ลี้,ศรีวิชัย,ลี้,ลำพูน
2022-03-03,5.26,Ban Mae Khom Mi Tamnak Tham,น้ำแม่คำมี,ตำหนักธรรม,หนองม่วงไข่,แพร่
2022-03-03,5.92625,Ban Mae Lai,น้ำแม่หล่าย,แม่หล่าย,เมือง,แพร่
2022-03-03,1.834583333,Ban Mae Tae,แม่น้ำปิง,แม่แฝกเก่า,สันทราย,เชียงใหม่
2022-03-03,2.4,Ban Mae Taeng,แม่น้ำแตง,สันมหาพล,แม่แตง,เชียงใหม่
2022-03-03,3.51,Ban Mae Wan,น้ำแม่กวง,ป่าเมี่ยง,ดอยสะเก็ด,เชียงใหม่
2022-03-03,4.9,Ban Mai Rim Fang,น้ำฝาง,เวียงฝาง,ฝาง,เชียงใหม่
2022-03-03,7.391666667,Ban Mang,น้ำปี้,มาง,เชียงม่วน,พะเยา
2022-03-03,5.59,Ban Muang Pok,น้ำแม่แตง,เปียงหลวง,เวียงแหง,เชียงใหม่
2022-03-03,4.209583333,Ban Mueang Kuet,น้ำแม่แตง,กึ๊ดช้าง,แม่แตง,เชียงใหม่
2022-03-03,2.3175,Ban Mueang Mai,ห้วยแม่ต๋า,เมืองมาย,แจ้ห่ม,ลำปาง
2022-03-03,4.313333333,Ban Mueang Pha,น้ำแม่ริม,ริมเหนือ,แม่ริม,เชียงใหม่
2022-03-03,8.05,Ban Nam Khong,แม่น้ำยม,ป่าแมต,เมือง,แพร่
2022-03-03,5.52,Ban Nam Yao,น้ำยาว,อวน,ปัว,น่าน
2022-03-03,1.767916667,Ban Nong Naw,น้ำแม่สอย,แจ้ห่ม,แจ้ห่ม,ลำปาง
2022-03-03,3.58,Ban Nong Pham,น้ำแม่ลาว,แม่สรวย,แม่สรวย,เชียงราย
2022-03-03,6.94,Ban Pa Kha,น้ำควร,ควร,ปง,พะเยา
2022-03-03,7.65875,Ban Pa Khoi Tai,แม่น้ำปิง,สันผีเสื้อ,เมือง,เชียงใหม่
2022-03-03,4.75,Ban Pa Sang,น้ำแม่ทา,ป่าซาง,ป่าซาง,ลำพูน
2022-03-03,5.48125,Ban Pang Sa,ห้วยน้ำยาว,ผาทอง,ท่าวังผา,น่าน
2022-03-03,10.1,Ban Pha Khwang,แม่น้ำน่าน,บ่อ,เมือง,น่าน
2022-03-03,6.428333333,Ban Phai Ngarm,แม่น้ำน่าน,ส้าน,เวียงสา,น่าน
2022-03-03,4.2,Ban Phan Ton,น้ำแม่วาง,ทุ่งปี้,แม่วาง,เชียงใหม่
2022-03-03,4.6,Ban Phi Tai,น้ำปี้,บ้านพี้,บ้านหลวง,น่าน
2022-03-03,6.66125,Ban Pong,น้ำแม่กวง,บวกค้าง,สันกำแพง,เชียงใหม่
2022-03-03,5.0375,Ban Pong,ห้วยโป่ง,บ้านโป่ง,งาว,ลำปาง
2022-03-03,4.1,Ban Rong Kho,แม่น้ำวัง,ร่องเคาะ,วังเหนือ,ลำปาง
2022-03-03,3.04,Ban Saluang Nok,น้ำแม่ริม,สลวง,แม่ริม,เชียงใหม่
2022-03-03,4.35,Ban San Pu Loei,น้ำแม่ขอด,โหล่งขอด,พร้าว,เชียงใหม่
2022-03-03,4.08,Ban Singpotin,น้ำแม่ลาย,ป่าเมี่ยง,ดอยสะเก็ด,เชียงใหม่
2022-03-03,9.64,Ban Sob Soi,แม่น้ำปิง,แม่สอย,จอมทอง,เชียงใหม่
2022-03-03,5.45,Ban Sop Mae Sapoot,แม่น้ำแม่ทา,ทาสบเส้า,แม่ทา,ลำพูน
2022-03-03,7.42,Ban Sop Pae,แม่น้ำปิง,สบแปะ,จอมทอง,เชียงใหม่
2022-03-03,5.683333333,Ban Sop Prap,แม่น้ำวัง,สบปราบ,สบปราบ,ลำปาง
2022-03-03,5.57,Ban Sop Tam,น้ำแม่ต่ำ,เกาะคา,เกาะคา,ลำปาง
2022-03-03,4.33,Ban Sop Win,น้ำแม่วาง,แม่วิน,แม่วาง,เชียงใหม่
2022-03-03,5.8925,Ban Tha Duea,แม่น้ำวัง,พิชัย,เมือง,ลำปาง
2022-03-03,5.813333333,Ban Tha Lo,น้ำแม่ตุ๋ย,บ่อแฮ้ว,เมือง,ลำปาง
2022-03-03,3.708,Ban Tha Pong Daeng,น้ำปาย,ผาบ่อง,เมือง,แม่ฮ่องสอน
2022-03-03,6.66,Ban Thung Nong,แม่น้ำยม,สระ,เชียงม่วน,พะเยา
2022-03-03,3.55,Ban Ton Yang,น้ำแม่ลาว,บัวสลี,แม่ลาว,เชียงราย
2022-03-03,12.81791667,Ban Wang Chin,แม่น้ำยม,วังชิ้น,วังชิ้น,แพร่
2022-03-03,5.073333333,Chedingam,น้ำอิง,ท่าวังทอง,เมือง,พะเยา
2022-03-03,6.725,In front of the Forestry Office,แม่น้ำน่าน,ในเวียง,เมือง,น่าน
2022-03-03,5.2,Mae Kham Lak Chet,น้ำแม่คำ,ศรีค้ำ,แม่จัน,เชียงราย
2022-03-03,1.95,Nam Mae Chaem,น้ำแม่แจ่ม,บ้านท่าข้าม,จอมทอง,เชียงใหม่
2022-03-03,4.885,Nawarat Bridge,แม่น้ำปิง,วัดเกต,เมือง,เชียงใหม่
2022-03-03,4.3,Pracha Uthit Bridge,น้ำแม่กลาง,บ้านหลวง,จอมทอง,เชียงใหม่
2022-03-03,5.52,Romklao Cooperative House,น้ำแม่งัด,แม่แวน,พร้าว,เชียงใหม่
2022-03-03,3.88,Saphan Ban Khay,น้ำฝาง,แม่นาวาง,แม่อาย,เชียงใหม่
2022-03-03,4.695833333,Setuwaree Bridge,แม้น้ำวัง,เวียงเหนือ,เมือง,ลำปาง
2022-03-03,11.23791667,Tha Li Bridge,น้ำว้า,ขึ่ง,เวียงสา,น่าน
2022-03-03,8.00125,Tha Nang Bridge,น้ำแม่กวง,ในเมือง,เมือง,ลำพูน
2022-03-03,3.165833333,Wang Phrao,น้ำแม่จาง,วังพร้าว,เกาะคา,ลำปาง
2022-03-04,2.759166667,Ban Chiang Dao,แม่น้ำปิง,เชียงดาว,เชียงดาว,เชียงใหม่
2022-03-04,3.42,Ban Chor Lae,แม่น้ำปิง,ช่อแล,แม่แตง,เชียงใหม่
2022-03-04,4.1125,Ban Don Chai,แม่น้ำวัง,ล้อมแรด,เถิน,ลำปาง
2022-03-04,8.205,Ban Don Mun,แม่น้ำวัง,บ้านแลง,เมือง,ลำปาง
2022-03-04,3.81,Ban Don Sali,น้ำแม่ลาว,ป่าแดด,แม่สรวย,เชียงราย
2022-03-04,6.452083333,Ban Hai,แม่น้ำวัง,ปงดอน,แจ้ห่ม,ลำปาง
2022-03-04,2.76,Ban Hong,น้ำแม่ออน,ร้องวัวแดง,สันกำแพง,เชียงใหม่
2022-03-04,2.6,Ban Hua Sapan,น้ำแม่จัน,ป่าซาง,แม่จัน,เชียงราย
2022-03-04,5.06,Ban Huai Pa Sang,น้ำแม่แตง,กึ๊ดช้าง,แม่แตง,เชียงใหม่
2022-03-04,9.637083333,Ban Huai Sak,แม่น้ำยม,เตาปูน,สอง,แพร่
2022-03-04,5.79625,Ban Klang,น้ำแม่ขาน,บ้านกลาง,สันป่าตอง,เชียงใหม่
2022-03-04,3.26,Ban Ko Kha,แม่น้ำวัง,ศาลา,เกาะคา,ลำปาง
2022-03-04,4.43,Ban Krariang Tung Phrao,น้ำแม่สรวย,วาวี,แม่สรวย,เชียงราย
2022-03-04,-3.1,Ban Lai Kaeo,น้ำแม่ลี้,ศรีเตี้ย,บ้านโฮ่ง,ลำพูน
2022-03-04,6.56,Ban Luang,น้ำแม่ตื่น,ยางเปียง,อมก๋อย,เชียงใหม่
2022-03-04,3.90875,Ban Luang Nuea,น้ำงาว,หลวงใต้,งาว,ลำปาง
2022-03-04,6.67875,Ban Mae E Hi,น้ำแม่ลี้,ศรีวิชัย,ลี้,ลำพูน
2022-03-04,5.27,Ban Mae Khom Mi Tamnak Tham,น้ำแม่คำมี,ตำหนักธรรม,หนองม่วงไข่,แพร่
2022-03-04,5.92,Ban Mae Lai,น้ำแม่หล่าย,แม่หล่าย,เมือง,แพร่
2022-03-04,1.829166667,Ban Mae Tae,แม่น้ำปิง,แม่แฝกเก่า,สันทราย,เชียงใหม่
2022-03-04,2.4,Ban Mae Taeng,แม่น้ำแตง,สันมหาพล,แม่แตง,เชียงใหม่
2022-03-04,3.51,Ban Mae Wan,น้ำแม่กวง,ป่าเมี่ยง,ดอยสะเก็ด,เชียงใหม่
2022-03-04,4.9,Ban Mai Rim Fang,น้ำฝาง,เวียงฝาง,ฝาง,เชียงใหม่
2022-03-04,7.390833333,Ban Mang,น้ำปี้,มาง,เชียงม่วน,พะเยา
2022-03-04,5.58,Ban Muang Pok,น้ำแม่แตง,เปียงหลวง,เวียงแหง,เชียงใหม่
2022-03-04,4.220416667,Ban Mueang Kuet,น้ำแม่แตง,กึ๊ดช้าง,แม่แตง,เชียงใหม่
2022-03-04,2.31,Ban Mueang Mai,ห้วยแม่ต๋า,เมืองมาย,แจ้ห่ม,ลำปาง
2022-03-04,4.30125,Ban Mueang Pha,น้ำแม่ริม,ริมเหนือ,แม่ริม,เชียงใหม่
2022-03-04,8.04625,Ban Nam Khong,แม่น้ำยม,ป่าแมต,เมือง,แพร่
2022-03-04,5.52,Ban Nam Yao,น้ำยาว,อวน,ปัว,น่าน
2022-03-04,1.7675,Ban Nong Naw,น้ำแม่สอย,แจ้ห่ม,แจ้ห่ม,ลำปาง
2022-03-04,3.570833333,Ban Nong Pham,น้ำแม่ลาว,แม่สรวย,แม่สรวย,เชียงราย
2022-03-04,6.916666667,Ban Pa Kha,น้ำควร,ควร,ปง,พะเยา
2022-03-04,7.804166667,Ban Pa Khoi Tai,แม่น้ำปิง,สันผีเสื้อ,เมือง,เชียงใหม่
2022-03-04,4.75,Ban Pa Sang,น้ำแม่ทา,ป่าซาง,ป่าซาง,ลำพูน
2022-03-04,5.48,Ban Pang Sa,ห้วยน้ำยาว,ผาทอง,ท่าวังผา,น่าน
2022-03-04,10.1,Ban Pha Khwang,แม่น้ำน่าน,บ่อ,เมือง,น่าน
2022-03-04,6.418333333,Ban Phai Ngarm,แม่น้ำน่าน,ส้าน,เวียงสา,น่าน
2022-03-04,4.20125,Ban Phan Ton,น้ำแม่วาง,ทุ่งปี้,แม่วาง,เชียงใหม่
2022-03-04,4.7,Ban Phi Tai,น้ำปี้,บ้านพี้,บ้านหลวง,น่าน
2022-03-04,6.633333333,Ban Pong,น้ำแม่กวง,บวกค้าง,สันกำแพง,เชียงใหม่
2022-03-04,5.06,Ban Pong,ห้วยโป่ง,บ้านโป่ง,งาว,ลำปาง
2022-03-04,4.1,Ban Rong Kho,แม่น้ำวัง,ร่องเคาะ,วังเหนือ,ลำปาง
2022-03-04,3.04,Ban Saluang Nok,น้ำแม่ริม,สลวง,แม่ริม,เชียงใหม่
2022-03-04,4.35,Ban San Pu Loei,น้ำแม่ขอด,โหล่งขอด,พร้าว,เชียงใหม่
2022-03-04,4.08,Ban Singpotin,น้ำแม่ลาย,ป่าเมี่ยง,ดอยสะเก็ด,เชียงใหม่
2022-03-04,9.64,Ban Sob Soi,แม่น้ำปิง,แม่สอย,จอมทอง,เชียงใหม่
2022-03-04,5.45,Ban Sop Mae Sapoot,แม่น้ำแม่ทา,ทาสบเส้า,แม่ทา,ลำพูน
2022-03-04,7.42,Ban Sop Pae,แม่น้ำปิง,สบแปะ,จอมทอง,เชียงใหม่
2022-03-04,5.663333333,Ban Sop Prap,แม่น้ำวัง,สบปราบ,สบปราบ,ลำปาง
2022-03-04,5.54,Ban Sop Tam,น้ำแม่ต่ำ,เกาะคา,เกาะคา,ลำปาง
2022-03-04,4.33,Ban Sop Win,น้ำแม่วาง,แม่วิน,แม่วาง,เชียงใหม่
2022-03-04,5.843333333,Ban Tha Duea,แม่น้ำวัง,พิชัย,เมือง,ลำปาง
2022-03-04,5.82,Ban Tha Lo,น้ำแม่ตุ๋ย,บ่อแฮ้ว,เมือง,ลำปาง
2022-03-04,3.708,Ban Tha Pong Daeng,น้ำปาย,ผาบ่อง,เมือง,แม่ฮ่องสอน
2022-03-04,6.68125,Ban Thung Nong,แม่น้ำยม,สระ,เชียงม่วน,พะเยา
2022-03-04,3.546666667,Ban Ton Yang,น้ำแม่ลาว,บัวสลี,แม่ลาว,เชียงราย
2022-03-04,12.78583333,Ban Wang Chin,แม่น้ำยม,วังชิ้น,วังชิ้น,แพร่
2022-03-04,4.95,Chedingam,น้ำอิง,ท่าวังทอง,เมือง,พะเยา
2022-03-04,6.710416667,In front of the Forestry Office,แม่น้ำน่าน,ในเวียง,เมือง,น่าน
2022-03-04,5.2,Mae Kham Lak Chet,น้ำแม่คำ,ศรีค้ำ,แม่จัน,เชียงราย
2022-03-04,1.95,Nam Mae Chaem,น้ำแม่แจ่ม,บ้านท่าข้าม,จอมทอง,เชียงใหม่
2022-03-04,4.875833333,Nawarat Bridge,แม่น้ำปิง,วัดเกต,เมือง,เชียงใหม่
2022-03-04,4.3,Pracha Uthit Bridge,น้ำแม่กลาง,บ้านหลวง,จอมทอง,เชียงใหม่
2022-03-04,5.51,Romklao Cooperative House,น้ำแม่งัด,แม่แวน,พร้าว,เชียงใหม่
2022-03-04,3.88,Saphan Ban Khay,น้ำฝาง,แม่นาวาง,แม่อาย,เชียงใหม่
2022-03-04,4.65375,Setuwaree Bridge,แม้น้ำวัง,เวียงเหนือ,เมือง,ลำปาง
2022-03-04,11.23,Tha Li Bridge,น้ำว้า,ขึ่ง,เวียงสา,น่าน
2022-03-04,7.879166667,Tha Nang Bridge,น้ำแม่กวง,ในเมือง,เมือง,ลำพูน
2022-03-04,3.124583333,Wang Phrao,น้ำแม่จาง,วังพร้าว,เกาะคา,ลำปาง
2022-03-05,2.763333333,Ban Chiang Dao,แม่น้ำปิง,เชียงดาว,เชียงดาว,เชียงใหม่
2022-03-05,3.57,Ban Chor Lae,แม่น้ำปิง,ช่อแล,แม่แตง,เชียงใหม่
2022-03-05,4.0875,Ban Don Chai,แม่น้ำวัง,ล้อมแรด,เถิน,ลำปาง
2022-03-05,8.14,Ban Don Mun,แม่น้ำวัง,บ้านแลง,เมือง,ลำปาง
2022-03-05,3.8,Ban Don Sali,น้ำแม่ลาว,ป่าแดด,แม่สรวย,เชียงราย
2022-03-05,6.3975,Ban Hai,แม่น้ำวัง,ปงดอน,แจ้ห่ม,ลำปาง
2022-03-05,2.76,Ban Hong,น้ำแม่ออน,ร้องวัวแดง,สันกำแพง,เชียงใหม่
2022-03-05,2.6,Ban Hua Sapan,น้ำแม่จัน,ป่าซาง,แม่จัน,เชียงราย
2022-03-05,5.06,Ban Huai Pa Sang,น้ำแม่แตง,กึ๊ดช้าง,แม่แตง,เชียงใหม่
2022-03-05,9.628333333,Ban Huai Sak,แม่น้ำยม,เตาปูน,สอง,แพร่
2022-03-05,5.772083333,Ban Klang,น้ำแม่ขาน,บ้านกลาง,สันป่าตอง,เชียงใหม่
2022-03-05,3.26,Ban Ko Kha,แม่น้ำวัง,ศาลา,เกาะคา,ลำปาง
2022-03-05,4.43,Ban Krariang Tung Phrao,น้ำแม่สรวย,วาวี,แม่สรวย,เชียงราย
2022-03-05,-3.1,Ban Lai Kaeo,น้ำแม่ลี้,ศรีเตี้ย,บ้านโฮ่ง,ลำพูน
2022-03-05,6.56,Ban Luang,น้ำแม่ตื่น,ยางเปียง,อมก๋อย,เชียงใหม่
2022-03-05,3.91,Ban Luang Nuea,น้ำงาว,หลวงใต้,งาว,ลำปาง
2022-03-05,6.66875,Ban Mae E Hi,น้ำแม่ลี้,ศรีวิชัย,ลี้,ลำพูน
2022-03-05,5.26,Ban Mae Khom Mi Tamnak Tham,น้ำแม่คำมี,ตำหนักธรรม,หนองม่วงไข่,แพร่
2022-03-05,5.9225,Ban Mae Lai,น้ำแม่หล่าย,แม่หล่าย,เมือง,แพร่
2022-03-05,2.113333333,Ban Mae Tae,แม่น้ำปิง,แม่แฝกเก่า,สันทราย,เชียงใหม่
2022-03-05,2.4,Ban Mae Taeng,แม่น้ำแตง,สันมหาพล,แม่แตง,เชียงใหม่
2022-03-05,3.52,Ban Mae Wan,น้ำแม่กวง,ป่าเมี่ยง,ดอยสะเก็ด,เชียงใหม่
2022-03-05,4.92,Ban Mai Rim Fang,น้ำฝาง,เวียงฝาง,ฝาง,เชียงใหม่
2022-03-05,7.374166667,Ban Mang,น้ำปี้,มาง,เชียงม่วน,พะเยา
2022-03-05,5.57,Ban Muang Pok,น้ำแม่แตง,เปียงหลวง,เวียงแหง,เชียงใหม่
2022-03-05,4.1975,Ban Mueang Kuet,น้ำแม่แตง,กึ๊ดช้าง,แม่แตง,เชียงใหม่
2022-03-05,2.306666667,Ban Mueang Mai,ห้วยแม่ต๋า,เมืองมาย,แจ้ห่ม,ลำปาง
2022-03-05,4.285,Ban Mueang Pha,น้ำแม่ริม,ริมเหนือ,แม่ริม,เชียงใหม่
2022-03-05,8.040416667,Ban Nam Khong,แม่น้ำยม,ป่าแมต,เมือง,แพร่
2022-03-05,5.539166667,Ban Nam Yao,น้ำยาว,อวน,ปัว,น่าน
2022-03-05,1.765,Ban Nong Naw,น้ำแม่สอย,แจ้ห่ม,แจ้ห่ม,ลำปาง
2022-03-05,3.575,Ban Nong Pham,น้ำแม่ลาว,แม่สรวย,แม่สรวย,เชียงราย
2022-03-05,6.9,Ban Pa Kha,น้ำควร,ควร,ปง,พะเยา
2022-03-05,7.651666667,Ban Pa Khoi Tai,แม่น้ำปิง,สันผีเสื้อ,เมือง,เชียงใหม่
2022-03-05,4.75,Ban Pa Sang,น้ำแม่ทา,ป่าซาง,ป่าซาง,ลำพูน
2022-03-05,5.48,Ban Pang Sa,ห้วยน้ำยาว,ผาทอง,ท่าวังผา,น่าน
2022-03-05,10.1,Ban Pha Khwang,แม่น้ำน่าน,บ่อ,เมือง,น่าน
2022-03-05,6.41,Ban Phai Ngarm,แม่น้ำน่าน,ส้าน,เวียงสา,น่าน
2022-03-05,4.2,Ban Phan Ton,น้ำแม่วาง,ทุ่งปี้,แม่วาง,เชียงใหม่
2022-03-05,4.7,Ban Phi Tai,น้ำปี้,บ้านพี้,บ้านหลวง,น่าน
2022-03-05,6.60125,Ban Pong,น้ำแม่กวง,บวกค้าง,สันกำแพง,เชียงใหม่
2022-03-05,5.06,Ban Pong,ห้วยโป่ง,บ้านโป่ง,งาว,ลำปาง
2022-03-05,4.1,Ban Rong Kho,แม่น้ำวัง,ร่องเคาะ,วังเหนือ,ลำปาง
2022-03-05,3.04,Ban Saluang Nok,น้ำแม่ริม,สลวง,แม่ริม,เชียงใหม่
2022-03-05,4.33,Ban San Pu Loei,น้ำแม่ขอด,โหล่งขอด,พร้าว,เชียงใหม่
2022-03-05,4.08,Ban Singpotin,น้ำแม่ลาย,ป่าเมี่ยง,ดอยสะเก็ด,เชียงใหม่
2022-03-05,9.6,Ban Sob Soi,แม่น้ำปิง,แม่สอย,จอมทอง,เชียงใหม่
2022-03-05,5.44875,Ban Sop Mae Sapoot,แม่น้ำแม่ทา,ทาสบเส้า,แม่ทา,ลำพูน
2022-03-05,7.42,Ban Sop Pae,แม่น้ำปิง,สบแปะ,จอมทอง,เชียงใหม่
2022-03-05,5.646666667,Ban Sop Prap,แม่น้ำวัง,สบปราบ,สบปราบ,ลำปาง
2022-03-05,5.52,Ban Sop Tam,น้ำแม่ต่ำ,เกาะคา,เกาะคา,ลำปาง
2022-03-05,4.33,Ban Sop Win,น้ำแม่วาง,แม่วิน,แม่วาง,เชียงใหม่
2022-03-05,5.873333333,Ban Tha Duea,แม่น้ำวัง,พิชัย,เมือง,ลำปาง
2022-03-05,5.81,Ban Tha Lo,น้ำแม่ตุ๋ย,บ่อแฮ้ว,เมือง,ลำปาง
2022-03-05,3.708,Ban Tha Pong Daeng,น้ำปาย,ผาบ่อง,เมือง,แม่ฮ่องสอน
2022-03-05,6.656666667,Ban Thung Nong,แม่น้ำยม,สระ,เชียงม่วน,พะเยา
2022-03-05,3.54,Ban Ton Yang,น้ำแม่ลาว,บัวสลี,แม่ลาว,เชียงราย
2022-03-05,12.77791667,Ban Wang Chin,แม่น้ำยม,วังชิ้น,วังชิ้น,แพร่
2022-03-05,4.863333333,Chedingam,น้ำอิง,ท่าวังทอง,เมือง,พะเยา
2022-03-05,6.7,In front of the Forestry Office,แม่น้ำน่าน,ในเวียง,เมือง,น่าน
2022-03-05,5.2,Mae Kham Lak Chet,น้ำแม่คำ,ศรีค้ำ,แม่จัน,เชียงราย
2022-03-05,1.95,Nam Mae Chaem,น้ำแม่แจ่ม,บ้านท่าข้าม,จอมทอง,เชียงใหม่
2022-03-05,4.92375,Nawarat Bridge,แม่น้ำปิง,วัดเกต,เมือง,เชียงใหม่
2022-03-05,4.29625,Pracha Uthit Bridge,น้ำแม่กลาง,บ้านหลวง,จอมทอง,เชียงใหม่
2022-03-05,5.51,Romklao Cooperative House,น้ำแม่งัด,แม่แวน,พร้าว,เชียงใหม่
2022-03-05,3.9,Saphan Ban Khay,น้ำฝาง,แม่นาวาง,แม่อาย,เชียงใหม่
2022-03-05,4.665,Setuwaree Bridge,แม้น้ำวัง,เวียงเหนือ,เมือง,ลำปาง
2022-03-05,11.23,Tha Li Bridge,น้ำว้า,ขึ่ง,เวียงสา,น่าน
2022-03-05,7.766666667,Tha Nang Bridge,น้ำแม่กวง,ในเมือง,เมือง,ลำพูน
2022-03-05,3.105,Wang Phrao,น้ำแม่จาง,วังพร้าว,เกาะคา,ลำปาง
2022-03-06,2.760833333,Ban Chiang Dao,แม่น้ำปิง,เชียงดาว,เชียงดาว,เชียงใหม่
2022-03-06,3.39875,Ban Chor Lae,แม่น้ำปิง,ช่อแล,แม่แตง,เชียงใหม่
2022-03-06,4.074583333,Ban Don Chai,แม่น้ำวัง,ล้อมแรด,เถิน,ลำปาง
2022-03-06,8.14,Ban Don Mun,แม่น้ำวัง,บ้านแลง,เมือง,ลำปาง
2022-03-06,6.36,Ban Hai,แม่น้ำวัง,ปงดอน,แจ้ห่ม,ลำปาง
2022-03-06,2.76,Ban Hong,น้ำแม่ออน,ร้องวัวแดง,สันกำแพง,เชียงใหม่
2022-03-06,2.6,Ban Hua Sapan,น้ำแม่จัน,ป่าซาง,แม่จัน,เชียงราย
2022-03-06,5.06,Ban Huai Pa Sang,น้ำแม่แตง,กึ๊ดช้าง,แม่แตง,เชียงใหม่
2022-03-06,9.62,Ban Huai Sak,แม่น้ำยม,เตาปูน,สอง,แพร่
2022-03-06,5.77125,Ban Klang,น้ำแม่ขาน,บ้านกลาง,สันป่าตอง,เชียงใหม่
2022-03-06,3.26,Ban Ko Kha,แม่น้ำวัง,ศาลา,เกาะคา,ลำปาง
2022-03-06,4.43,Ban Krariang Tung Phrao,น้ำแม่สรวย,วาวี,แม่สรวย,เชียงราย
2022-03-06,-3.1,Ban Lai Kaeo,น้ำแม่ลี้,ศรีเตี้ย,บ้านโฮ่ง,ลำพูน
2022-03-06,6.55,Ban Luang,น้ำแม่ตื่น,ยางเปียง,อมก๋อย,เชียงใหม่
2022-03-06,3.9025,Ban Luang Nuea,น้ำงาว,หลวงใต้,งาว,ลำปาง
2022-03-06,6.66,Ban Mae E Hi,น้ำแม่ลี้,ศรีวิชัย,ลี้,ลำพูน
2022-03-06,5.24,Ban Mae Khom Mi Tamnak Tham,น้ำแม่คำมี,ตำหนักธรรม,หนองม่วงไข่,แพร่
2022-03-06,5.93,Ban Mae Lai,น้ำแม่หล่าย,แม่หล่าย,เมือง,แพร่
2022-03-06,2.08,Ban Mae Tae,แม่น้ำปิง,แม่แฝกเก่า,สันทราย,เชียงใหม่
2022-03-06,2.4,Ban Mae Taeng,แม่น้ำแตง,สันมหาพล,แม่แตง,เชียงใหม่
2022-03-06,3.48,Ban Mae Wan,น้ำแม่กวง,ป่าเมี่ยง,ดอยสะเก็ด,เชียงใหม่
2022-03-06,4.9,Ban Mai Rim Fang,น้ำฝาง,เวียงฝาง,ฝาง,เชียงใหม่
2022-03-06,7.38375,Ban Mang,น้ำปี้,มาง,เชียงม่วน,พะเยา
2022-03-06,5.58,Ban Muang Pok,น้ำแม่แตง,เปียงหลวง,เวียงแหง,เชียงใหม่
2022-03-06,4.179583333,Ban Mueang Kuet,น้ำแม่แตง,กึ๊ดช้าง,แม่แตง,เชียงใหม่
2022-03-06,2.29,Ban Mueang Mai,ห้วยแม่ต๋า,เมืองมาย,แจ้ห่ม,ลำปาง
2022-03-06,4.26,Ban Mueang Pha,น้ำแม่ริม,ริมเหนือ,แม่ริม,เชียงใหม่
2022-03-06,8.01125,Ban Nam Khong,แม่น้ำยม,ป่าแมต,เมือง,แพร่
2022-03-06,5.58,Ban Nam Yao,น้ำยาว,อวน,ปัว,น่าน
2022-03-06,1.7625,Ban Nong Naw,น้ำแม่สอย,แจ้ห่ม,แจ้ห่ม,ลำปาง
2022-03-06,3.560833333,Ban Nong Pham,น้ำแม่ลาว,แม่สรวย,แม่สรวย,เชียงราย
2022-03-06,6.9,Ban Pa Kha,น้ำควร,ควร,ปง,พะเยา
2022-03-06,7.93875,Ban Pa Khoi Tai,แม่น้ำปิง,สันผีเสื้อ,เมือง,เชียงใหม่
2022-03-06,4.75,Ban Pa Sang,น้ำแม่ทา,ป่าซาง,ป่าซาง,ลำพูน
2022-03-06,5.475,Ban Pang Sa,ห้วยน้ำยาว,ผาทอง,ท่าวังผา,น่าน
2022-03-06,10.1,Ban Pha Khwang,แม่น้ำน่าน,บ่อ,เมือง,น่าน
2022-03-06,6.405,Ban Phai Ngarm,แม่น้ำน่าน,ส้าน,เวียงสา,น่าน
2022-03-06,4.2,Ban Phan Ton,น้ำแม่วาง,ทุ่งปี้,แม่วาง,เชียงใหม่
2022-03-06,4.7,Ban Phi Tai,น้ำปี้,บ้านพี้,บ้านหลวง,น่าน
2022-03-06,6.6,Ban Pong,น้ำแม่กวง,บวกค้าง,สันกำแพง,เชียงใหม่
2022-03-06,5.043333333,Ban Pong,ห้วยโป่ง,บ้านโป่ง,งาว,ลำปาง
2022-03-06,4.1,Ban Rong Kho,แม่น้ำวัง,ร่องเคาะ,วังเหนือ,ลำปาง
2022-03-06,3.03,Ban Saluang Nok,น้ำแม่ริม,สลวง,แม่ริม,เชียงใหม่
2022-03-06,4.3,Ban San Pu Loei,น้ำแม่ขอด,โหล่งขอด,พร้าว,เชียงใหม่
2022-03-06,4.08,Ban Singpotin,น้ำแม่ลาย,ป่าเมี่ยง,ดอยสะเก็ด,เชียงใหม่
2022-03-06,9.64,Ban Sob Soi,แม่น้ำปิง,แม่สอย,จอมทอง,เชียงใหม่
2022-03-06,5.44,Ban Sop Mae Sapoot,แม่น้ำแม่ทา,ทาสบเส้า,แม่ทา,ลำพูน
2022-03-06,7.4,Ban Sop Pae,แม่น้ำปิง,สบแปะ,จอมทอง,เชียงใหม่
2022-03-06,5.63,Ban Sop Prap,แม่น้ำวัง,สบปราบ,สบปราบ,ลำปาง
2022-03-06,5.53,Ban Sop Tam,น้ำแม่ต่ำ,เกาะคา,เกาะคา,ลำปาง
2022-03-06,4.33,Ban Sop Win,น้ำแม่วาง,แม่วิน,แม่วาง,เชียงใหม่
2022-03-06,5.87,Ban Tha Duea,แม่น้ำวัง,พิชัย,เมือง,ลำปาง
2022-03-06,5.78,Ban Tha Lo,น้ำแม่ตุ๋ย,บ่อแฮ้ว,เมือง,ลำปาง
2022-03-06,3.7,Ban Tha Pong Daeng,น้ำปาย,ผาบ่อง,เมือง,แม่ฮ่องสอน
2022-03-06,6.648333333,Ban Thung Nong,แม่น้ำยม,สระ,เชียงม่วน,พะเยา
2022-03-06,3.54,Ban Ton Yang,น้ำแม่ลาว,บัวสลี,แม่ลาว,เชียงราย
2022-03-06,12.77166667,Ban Wang Chin,แม่น้ำยม,วังชิ้น,วังชิ้น,แพร่
2022-03-06,4.896666667,Chedingam,น้ำอิง,ท่าวังทอง,เมือง,พะเยา
2022-03-06,6.7,In front of the Forestry Office,แม่น้ำน่าน,ในเวียง,เมือง,น่าน
2022-03-06,5.19,Mae Kham Lak Chet,น้ำแม่คำ,ศรีค้ำ,แม่จัน,เชียงราย
2022-03-06,1.9,Nam Mae Chaem,น้ำแม่แจ่ม,บ้านท่าข้าม,จอมทอง,เชียงใหม่
2022-03-06,5.199166667,Nawarat Bridge,แม่น้ำปิง,วัดเกต,เมือง,เชียงใหม่
2022-03-06,4.29,Pracha Uthit Bridge,น้ำแม่กลาง,บ้านหลวง,จอมทอง,เชียงใหม่
2022-03-06,5.51,Romklao Cooperative House,น้ำแม่งัด,แม่แวน,พร้าว,เชียงใหม่
2022-03-06,3.9,Saphan Ban Khay,น้ำฝาง,แม่นาวาง,แม่อาย,เชียงใหม่
2022-03-06,4.670416667,Setuwaree Bridge,แม้น้ำวัง,เวียงเหนือ,เมือง,ลำปาง
2022-03-06,11.23,Tha Li Bridge,น้ำว้า,ขึ่ง,เวียงสา,น่าน
2022-03-06,7.54875,Tha Nang Bridge,น้ำแม่กวง,ในเมือง,เมือง,ลำพูน
2022-03-06,3.121666667,Wang Phrao,น้ำแม่จาง,วังพร้าว,เกาะคา,ลำปาง
2022-03-07,2.752083333,Ban Chiang Dao,แม่น้ำปิง,เชียงดาว,เชียงดาว,เชียงใหม่
2022-03-07,3.219583333,Ban Chor Lae,แม่น้ำปิง,ช่อแล,แม่แตง,เชียงใหม่
2022-03-07,4.053333333,Ban Don Chai,แม่น้ำวัง,ล้อมแรด,เถิน,ลำปาง
2022-03-07,8.143125,Ban Don Mun,แม่น้ำวัง,บ้านแลง,เมือง,ลำปาง
2022-03-07,3.87,Ban Don Sali,น้ำแม่ลาว,ป่าแดด,แม่สรวย,เชียงราย
2022-03-07,6.354166667,Ban Hai,แม่น้ำวัง,ปงดอน,แจ้ห่ม,ลำปาง
2022-03-07,2.76,Ban Hong,น้ำแม่ออน,ร้องวัวแดง,สันกำแพง,เชียงใหม่
2022-03-07,2.645416667,Ban Hua Sapan,น้ำแม่จัน,ป่าซาง,แม่จัน,เชียงราย
2022-03-07,5.06,Ban Huai Pa Sang,น้ำแม่แตง,กึ๊ดช้าง,แม่แตง,เชียงใหม่
2022-03-07,9.652083333,Ban Huai Sak,แม่น้ำยม,เตาปูน,สอง,แพร่
2022-03-07,5.799583333,Ban Klang,น้ำแม่ขาน,บ้านกลาง,สันป่าตอง,เชียงใหม่
2022-03-07,3.26,Ban Ko Kha,แม่น้ำวัง,ศาลา,เกาะคา,ลำปาง
2022-03-07,4.44625,Ban Krariang Tung Phrao,น้ำแม่สรวย,วาวี,แม่สรวย,เชียงราย
2022-03-07,-3.1,Ban Lai Kaeo,น้ำแม่ลี้,ศรีเตี้ย,บ้านโฮ่ง,ลำพูน
2022-03-07,6.55,Ban Luang,น้ำแม่ตื่น,ยางเปียง,อมก๋อย,เชียงใหม่
2022-03-07,3.9,Ban Luang Nuea,น้ำงาว,หลวงใต้,งาว,ลำปาง
2022-03-07,6.665,Ban Mae E Hi,น้ำแม่ลี้,ศรีวิชัย,ลี้,ลำพูน
2022-03-07,5.27,Ban Mae Khom Mi Tamnak Tham,น้ำแม่คำมี,ตำหนักธรรม,หนองม่วงไข่,แพร่
2022-03-07,5.9375,Ban Mae Lai,น้ำแม่หล่าย,แม่หล่าย,เมือง,แพร่
2022-03-07,1.872916667,Ban Mae Tae,แม่น้ำปิง,แม่แฝกเก่า,สันทราย,เชียงใหม่
2022-03-07,2.4,Ban Mae Taeng,แม่น้ำแตง,สันมหาพล,แม่แตง,เชียงใหม่
2022-03-07,3.48,Ban Mae Wan,น้ำแม่กวง,ป่าเมี่ยง,ดอยสะเก็ด,เชียงใหม่
2022-03-07,4.9,Ban Mai Rim Fang,น้ำฝาง,เวียงฝาง,ฝาง,เชียงใหม่
2022-03-07,7.389583333,Ban Mang,น้ำปี้,มาง,เชียงม่วน,พะเยา
2022-03-07,5.56,Ban Muang Pok,น้ำแม่แตง,เปียงหลวง,เวียงแหง,เชียงใหม่
2022-03-07,4.164583333,Ban Mueang Kuet,น้ำแม่แตง,กึ๊ดช้าง,แม่แตง,เชียงใหม่
2022-03-07,2.296666667,Ban Mueang Mai,ห้วยแม่ต๋า,เมืองมาย,แจ้ห่ม,ลำปาง
2022-03-07,4.250416667,Ban Mueang Pha,น้ำแม่ริม,ริมเหนือ,แม่ริม,เชียงใหม่
2022-03-07,8.11625,Ban Nam Khong,แม่น้ำยม,ป่าแมต,เมือง,แพร่
2022-03-07,5.598333333,Ban Nam Yao,น้ำยาว,อวน,ปัว,น่าน
2022-03-07,1.760833333,Ban Nong Naw,น้ำแม่สอย,แจ้ห่ม,แจ้ห่ม,ลำปาง
2022-03-07,3.56625,Ban Nong Pham,น้ำแม่ลาว,แม่สรวย,แม่สรวย,เชียงราย
2022-03-07,6.893333333,Ban Pa Kha,น้ำควร,ควร,ปง,พะเยา
2022-03-07,7.942916667,Ban Pa Khoi Tai,แม่น้ำปิง,สันผีเสื้อ,เมือง,เชียงใหม่
2022-03-07,4.75,Ban Pa Sang,น้ำแม่ทา,ป่าซาง,ป่าซาง,ลำพูน
2022-03-07,5.47375,Ban Pang Sa,ห้วยน้ำยาว,ผาทอง,ท่าวังผา,น่าน
2022-03-07,10.1175,Ban Pha Khwang,แม่น้ำน่าน,บ่อ,เมือง,น่าน
2022-03-07,6.403333333,Ban Phai Ngarm,แม่น้ำน่าน,ส้าน,เวียงสา,น่าน
2022-03-07,4.2,Ban Phan Ton,น้ำแม่วาง,ทุ่งปี้,แม่วาง,เชียงใหม่
2022-03-07,4.7,Ban Phi Tai,น้ำปี้,บ้านพี้,บ้านหลวง,น่าน
2022-03-07,6.6025,Ban Pong,น้ำแม่กวง,บวกค้าง,สันกำแพง,เชียงใหม่
2022-03-07,5.03,Ban Pong,ห้วยโป่ง,บ้านโป่ง,งาว,ลำปาง
2022-03-07,4.1,Ban Rong Kho,แม่น้ำวัง,ร่องเคาะ,วังเหนือ,ลำปาง
2022-03-07,2.97,Ban Saluang Nok,น้ำแม่ริม,สลวง,แม่ริม,เชียงใหม่
2022-03-07,4.3,Ban San Pu Loei,น้ำแม่ขอด,โหล่งขอด,พร้าว,เชียงใหม่
2022-03-07,4.08,Ban Singpotin,น้ำแม่ลาย,ป่าเมี่ยง,ดอยสะเก็ด,เชียงใหม่
2022-03-07,9.56,Ban Sob Soi,แม่น้ำปิง,แม่สอย,จอมทอง,เชียงใหม่
2022-03-07,5.435,Ban Sop Mae Sapoot,แม่น้ำแม่ทา,ทาสบเส้า,แม่ทา,ลำพูน
2022-03-07,7.4,Ban Sop Pae,แม่น้ำปิง,สบแปะ,จอมทอง,เชียงใหม่
2022-03-07,5.62,Ban Sop Prap,แม่น้ำวัง,สบปราบ,สบปราบ,ลำปาง
2022-03-07,5.53,Ban Sop Tam,น้ำแม่ต่ำ,เกาะคา,เกาะคา,ลำปาง
2022-03-07,4.35125,Ban Sop Win,น้ำแม่วาง,แม่วิน,แม่วาง,เชียงใหม่
2022-03-07,5.83,Ban Tha Duea,แม่น้ำวัง,พิชัย,เมือง,ลำปาง
2022-03-07,5.78,Ban Tha Lo,น้ำแม่ตุ๋ย,บ่อแฮ้ว,เมือง,ลำปาง
2022-03-07,3.706,Ban Tha Pong Daeng,น้ำปาย,ผาบ่อง,เมือง,แม่ฮ่องสอน
2022-03-07,6.709583333,Ban Thung Nong,แม่น้ำยม,สระ,เชียงม่วน,พะเยา
2022-03-07,3.587916667,Ban Ton Yang,น้ำแม่ลาว,บัวสลี,แม่ลาว,เชียงราย
2022-03-07,12.77125,Ban Wang Chin,แม่น้ำยม,วังชิ้น,วังชิ้น,แพร่
2022-03-07,4.906666667,Chedingam,น้ำอิง,ท่าวังทอง,เมือง,พะเยา
2022-03-07,6.693333333,In front of the Forestry Office,แม่น้ำน่าน,ในเวียง,เมือง,น่าน
2022-03-07,5.19625,Mae Kham Lak Chet,น้ำแม่คำ,ศรีค้ำ,แม่จัน,เชียงราย
2022-03-07,1.9,Nam Mae Chaem,น้ำแม่แจ่ม,บ้านท่าข้าม,จอมทอง,เชียงใหม่
2022-03-07,5.210833333,Nawarat Bridge,แม่น้ำปิง,วัดเกต,เมือง,เชียงใหม่
2022-03-07,4.287083333,Pracha Uthit Bridge,น้ำแม่กลาง,บ้านหลวง,จอมทอง,เชียงใหม่
2022-03-07,5.51,Romklao Cooperative House,น้ำแม่งัด,แม่แวน,พร้าว,เชียงใหม่
2022-03-07,3.89,Saphan Ban Khay,น้ำฝาง,แม่นาวาง,แม่อาย,เชียงใหม่
2022-03-07,4.63625,Setuwaree Bridge,แม้น้ำวัง,เวียงเหนือ,เมือง,ลำปาง
2022-03-07,11.23041667,Tha Li Bridge,น้ำว้า,ขึ่ง,เวียงสา,น่าน
2022-03-07,7.420833333,Tha Nang Bridge,น้ำแม่กวง,ในเมือง,เมือง,ลำพูน
2022-03-07,3.18625,Wang Phrao,น้ำแม่จาง,วังพร้าว,เกาะคา,ลำปาง
2022-03-08,2.759583333,Ban Chiang Dao,แม่น้ำปิง,เชียงดาว,เชียงดาว,เชียงใหม่
2022-03-08,3.249583333,Ban Chor Lae,แม่น้ำปิง,ช่อแล,แม่แตง,เชียงใหม่
2022-03-08,4.0375,Ban Don Chai,แม่น้ำวัง,ล้อมแรด,เถิน,ลำปาง
2022-03-08,8.146666667,Ban Don Mun,แม่น้ำวัง,บ้านแลง,เมือง,ลำปาง
2022-03-08,4.3375,Ban Don Sali,น้ำแม่ลาว,ป่าแดด,แม่สรวย,เชียงราย
2022-03-08,6.35125,Ban Hai,แม่น้ำวัง,ปงดอน,แจ้ห่ม,ลำปาง
2022-03-08,2.76,Ban Hong,น้ำแม่ออน,ร้องวัวแดง,สันกำแพง,เชียงใหม่
2022-03-08,2.66,Ban Hua Sapan,น้ำแม่จัน,ป่าซาง,แม่จัน,เชียงราย
2022-03-08,5.04,Ban Huai Pa Sang,น้ำแม่แตง,กึ๊ดช้าง,แม่แตง,เชียงใหม่
2022-03-08,9.826666667,Ban Huai Sak,แม่น้ำยม,เตาปูน,สอง,แพร่
2022-03-08,6.147083333,Ban Klang,น้ำแม่ขาน,บ้านกลาง,สันป่าตอง,เชียงใหม่
2022-03-08,3.253333333,Ban Ko Kha,แม่น้ำวัง,ศาลา,เกาะคา,ลำปาง
2022-03-08,4.47,Ban Krariang Tung Phrao,น้ำแม่สรวย,วาวี,แม่สรวย,เชียงราย
2022-03-08,-3.1,Ban Lai Kaeo,น้ำแม่ลี้,ศรีเตี้ย,บ้านโฮ่ง,ลำพูน
2022-03-08,6.85,Ban Luang,น้ำแม่ตื่น,ยางเปียง,อมก๋อย,เชียงใหม่
2022-03-08,3.9,Ban Luang Nuea,น้ำงาว,หลวงใต้,งาว,ลำปาง
2022-03-08,6.663333333,Ban Mae E Hi,น้ำแม่ลี้,ศรีวิชัย,ลี้,ลำพูน
2022-03-08,5.29,Ban Mae Khom Mi Tamnak Tham,น้ำแม่คำมี,ตำหนักธรรม,หนองม่วงไข่,แพร่
2022-03-08,5.9925,Ban Mae Lai,น้ำแม่หล่าย,แม่หล่าย,เมือง,แพร่
2022-03-08,1.85125,Ban Mae Tae,แม่น้ำปิง,แม่แฝกเก่า,สันทราย,เชียงใหม่
2022-03-08,2.45,Ban Mae Taeng,แม่น้ำแตง,สันมหาพล,แม่แตง,เชียงใหม่
2022-03-08,3.48,Ban Mae Wan,น้ำแม่กวง,ป่าเมี่ยง,ดอยสะเก็ด,เชียงใหม่
2022-03-08,5,Ban Mai Rim Fang,น้ำฝาง,เวียงฝาง,ฝาง,เชียงใหม่
2022-03-08,7.325416667,Ban Mang,น้ำปี้,มาง,เชียงม่วน,พะเยา
2022-03-08,5.58,Ban Muang Pok,น้ำแม่แตง,เปียงหลวง,เวียงแหง,เชียงใหม่
2022-03-08,4.199166667,Ban Mueang Kuet,น้ำแม่แตง,กึ๊ดช้าง,แม่แตง,เชียงใหม่
2022-03-08,2.32,Ban Mueang Mai,ห้วยแม่ต๋า,เมืองมาย,แจ้ห่ม,ลำปาง
2022-03-08,4.365833333,Ban Mueang Pha,น้ำแม่ริม,ริมเหนือ,แม่ริม,เชียงใหม่
2022-03-08,8.864166667,Ban Nam Khong,แม่น้ำยม,ป่าแมต,เมือง,แพร่
2022-03-08,5.623333333,Ban Nam Yao,น้ำยาว,อวน,ปัว,น่าน
2022-03-08,1.765833333,Ban Nong Naw,น้ำแม่สอย,แจ้ห่ม,แจ้ห่ม,ลำปาง
2022-03-08,3.678333333,Ban Nong Pham,น้ำแม่ลาว,แม่สรวย,แม่สรวย,เชียงราย
2022-03-08,6.93,Ban Pa Kha,น้ำควร,ควร,ปง,พะเยา
2022-03-08,7.885416667,Ban Pa Khoi Tai,แม่น้ำปิง,สันผีเสื้อ,เมือง,เชียงใหม่
2022-03-08,4.75,Ban Pa Sang,น้ำแม่ทา,ป่าซาง,ป่าซาง,ลำพูน
2022-03-08,5.49125,Ban Pang Sa,ห้วยน้ำยาว,ผาทอง,ท่าวังผา,น่าน
2022-03-08,10.145,Ban Pha Khwang,แม่น้ำน่าน,บ่อ,เมือง,น่าน
2022-03-08,6.413333333,Ban Phai Ngarm,แม่น้ำน่าน,ส้าน,เวียงสา,น่าน
2022-03-08,4.2,Ban Phan Ton,น้ำแม่วาง,ทุ่งปี้,แม่วาง,เชียงใหม่
2022-03-08,4.9,Ban Phi Tai,น้ำปี้,บ้านพี้,บ้านหลวง,น่าน
2022-03-08,7.012083333,Ban Pong,น้ำแม่กวง,บวกค้าง,สันกำแพง,เชียงใหม่
2022-03-08,5.04,Ban Pong,ห้วยโป่ง,บ้านโป่ง,งาว,ลำปาง
2022-03-08,4.206666667,Ban Rong Kho,แม่น้ำวัง,ร่องเคาะ,วังเหนือ,ลำปาง
2022-03-08,3.02,Ban Saluang Nok,น้ำแม่ริม,สลวง,แม่ริม,เชียงใหม่
2022-03-08,4.28,Ban San Pu Loei,น้ำแม่ขอด,โหล่งขอด,พร้าว,เชียงใหม่
2022-03-08,4.07,Ban Singpotin,น้ำแม่ลาย,ป่าเมี่ยง,ดอยสะเก็ด,เชียงใหม่
2022-03-08,9.57,Ban Sob Soi,แม่น้ำปิง,แม่สอย,จอมทอง,เชียงใหม่
2022-03-08,5.42,Ban Sop Mae Sapoot,แม่น้ำแม่ทา,ทาสบเส้า,แม่ทา,ลำพูน
2022-03-08,7.4,Ban Sop Pae,แม่น้ำปิง,สบแปะ,จอมทอง,เชียงใหม่
2022-03-08,5.606666667,Ban Sop Prap,แม่น้ำวัง,สบปราบ,สบปราบ,ลำปาง
2022-03-08,5.683333333,Ban Sop Tam,น้ำแม่ต่ำ,เกาะคา,เกาะคา,ลำปาง
2022-03-08,4.594166667,Ban Sop Win,น้ำแม่วาง,แม่วิน,แม่วาง,เชียงใหม่
2022-03-08,5.82,Ban Tha Duea,แม่น้ำวัง,พิชัย,เมือง,ลำปาง
2022-03-08,5.953333333,Ban Tha Lo,น้ำแม่ตุ๋ย,บ่อแฮ้ว,เมือง,ลำปาง
2022-03-08,3.696,Ban Tha Pong Daeng,น้ำปาย,ผาบ่อง,เมือง,แม่ฮ่องสอน
2022-03-08,6.74375,Ban Thung Nong,แม่น้ำยม,สระ,เชียงม่วน,พะเยา
2022-03-08,3.72625,Ban Ton Yang,น้ำแม่ลาว,บัวสลี,แม่ลาว,เชียงราย
2022-03-08,12.75041667,Ban Wang Chin,แม่น้ำยม,วังชิ้น,วังชิ้น,แพร่
2022-03-08,4.926666667,Chedingam,น้ำอิง,ท่าวังทอง,เมือง,พะเยา
2022-03-08,6.725416667,In front of the Forestry Office,แม่น้ำน่าน,ในเวียง,เมือง,น่าน
2022-03-08,5.2,Mae Kham Lak Chet,น้ำแม่คำ,ศรีค้ำ,แม่จัน,เชียงราย
2022-03-08,1.89,Nam Mae Chaem,น้ำแม่แจ่ม,บ้านท่าข้าม,จอมทอง,เชียงใหม่
2022-03-08,5.150833333,Nawarat Bridge,แม่น้ำปิง,วัดเกต,เมือง,เชียงใหม่
2022-03-08,4.422083333,Pracha Uthit Bridge,น้ำแม่กลาง,บ้านหลวง,จอมทอง,เชียงใหม่
2022-03-08,5.5,Romklao Cooperative House,น้ำแม่งัด,แม่แวน,พร้าว,เชียงใหม่
2022-03-08,4.12,Saphan Ban Khay,น้ำฝาง,แม่นาวาง,แม่อาย,เชียงใหม่
2022-03-08,4.78375,Setuwaree Bridge,แม้น้ำวัง,เวียงเหนือ,เมือง,ลำปาง
2022-03-08,11.31416667,Tha Li Bridge,น้ำว้า,ขึ่ง,เวียงสา,น่าน
2022-03-08,8.175416667,Tha Nang Bridge,น้ำแม่กวง,ในเมือง,เมือง,ลำพูน
2022-03-08,3.203333333,Wang Phrao,น้ำแม่จาง,วังพร้าว,เกาะคา,ลำปาง
2022-03-09,2.77125,Ban Chiang Dao,แม่น้ำปิง,เชียงดาว,เชียงดาว,เชียงใหม่
2022-03-09,3.255833333,Ban Chor Lae,แม่น้ำปิง,ช่อแล,แม่แตง,เชียงใหม่
2022-03-09,4.034166667,Ban Don Chai,แม่น้ำวัง,ล้อมแรด,เถิน,ลำปาง
2022-03-09,8.143333333,Ban Don Mun,แม่น้ำวัง,บ้านแลง,เมือง,ลำปาง
2022-03-09,4.04,Ban Don Sali,น้ำแม่ลาว,ป่าแดด,แม่สรวย,เชียงราย
2022-03-09,6.345833333,Ban Hai,แม่น้ำวัง,ปงดอน,แจ้ห่ม,ลำปาง
2022-03-09,2.765,Ban Hong,น้ำแม่ออน,ร้องวัวแดง,สันกำแพง,เชียงใหม่
2022-03-09,2.65,Ban Hua Sapan,น้ำแม่จัน,ป่าซาง,แม่จัน,เชียงราย
2022-03-09,5.04,Ban Huai Pa Sang,น้ำแม่แตง,กึ๊ดช้าง,แม่แตง,เชียงใหม่
2022-03-09,9.767083333,Ban Huai Sak,แม่น้ำยม,เตาปูน,สอง,แพร่
2022-03-09,6.107083333,Ban Klang,น้ำแม่ขาน,บ้านกลาง,สันป่าตอง,เชียงใหม่
2022-03-09,3.27,Ban Ko Kha,แม่น้ำวัง,ศาลา,เกาะคา,ลำปาง
2022-03-09,4.452083333,Ban Krariang Tung Phrao,น้ำแม่สรวย,วาวี,แม่สรวย,เชียงราย
2022-03-09,-3.1,Ban Lai Kaeo,น้ำแม่ลี้,ศรีเตี้ย,บ้านโฮ่ง,ลำพูน
2022-03-09,6.59,Ban Luang,น้ำแม่ตื่น,ยางเปียง,อมก๋อย,เชียงใหม่
2022-03-09,3.9,Ban Luang Nuea,น้ำงาว,หลวงใต้,งาว,ลำปาง
2022-03-09,6.65,Ban Mae E Hi,น้ำแม่ลี้,ศรีวิชัย,ลี้,ลำพูน
2022-03-09,4.96,Ban Mae Kha Bridge,น้ำฝาง,แม่ข่า,ฝาง,เชียงใหม่
2022-03-09,5.28,Ban Mae Khom Mi Tamnak Tham,น้ำแม่คำมี,ตำหนักธรรม,หนองม่วงไข่,แพร่
2022-03-09,5.9675,Ban Mae Lai,น้ำแม่หล่าย,แม่หล่าย,เมือง,แพร่
2022-03-09,1.85125,Ban Mae Tae,แม่น้ำปิง,แม่แฝกเก่า,สันทราย,เชียงใหม่
2022-03-09,2.41,Ban Mae Taeng,แม่น้ำแตง,สันมหาพล,แม่แตง,เชียงใหม่
2022-03-09,3.48,Ban Mae Wan,น้ำแม่กวง,ป่าเมี่ยง,ดอยสะเก็ด,เชียงใหม่
2022-03-09,5.34,Ban Mai Rim Fang,น้ำฝาง,เวียงฝาง,ฝาง,เชียงใหม่
2022-03-09,7.252916667,Ban Mang,น้ำปี้,มาง,เชียงม่วน,พะเยา
2022-03-09,5.6,Ban Muang Pok,น้ำแม่แตง,เปียงหลวง,เวียงแหง,เชียงใหม่
2022-03-09,4.205416667,Ban Mueang Kuet,น้ำแม่แตง,กึ๊ดช้าง,แม่แตง,เชียงใหม่
2022-03-09,2.32,Ban Mueang Mai,ห้วยแม่ต๋า,เมืองมาย,แจ้ห่ม,ลำปาง
2022-03-09,4.320416667,Ban Mueang Pha,น้ำแม่ริม,ริมเหนือ,แม่ริม,เชียงใหม่
2022-03-09,8.767083333,Ban Nam Khong,แม่น้ำยม,ป่าแมต,เมือง,แพร่
2022-03-09,5.595833333,Ban Nam Yao,น้ำยาว,อวน,ปัว,น่าน
2022-03-09,1.765416667,Ban Nong Naw,น้ำแม่สอย,แจ้ห่ม,แจ้ห่ม,ลำปาง
2022-03-09,3.79125,Ban Nong Pham,น้ำแม่ลาว,แม่สรวย,แม่สรวย,เชียงราย
2022-03-09,6.97,Ban Pa Kha,น้ำควร,ควร,ปง,พะเยา
2022-03-09,7.946666667,Ban Pa Khoi Tai,แม่น้ำปิง,สันผีเสื้อ,เมือง,เชียงใหม่
2022-03-09,4.75,Ban Pa Sang,น้ำแม่ทา,ป่าซาง,ป่าซาง,ลำพูน
2022-03-09,5.48,Ban Pang Sa,ห้วยน้ำยาว,ผาทอง,ท่าวังผา,น่าน
2022-03-09,10.13,Ban Pha Khwang,แม่น้ำน่าน,บ่อ,เมือง,น่าน
2022-03-09,6.435,Ban Phai Ngarm,แม่น้ำน่าน,ส้าน,เวียงสา,น่าน
2022-03-09,4.2,Ban Phan Ton,น้ำแม่วาง,ทุ่งปี้,แม่วาง,เชียงใหม่
2022-03-09,4.8,Ban Phi Tai,น้ำปี้,บ้านพี้,บ้านหลวง,น่าน
2022-03-09,6.7225,Ban Pong,น้ำแม่กวง,บวกค้าง,สันกำแพง,เชียงใหม่
2022-03-09,5.046666667,Ban Pong,ห้วยโป่ง,บ้านโป่ง,งาว,ลำปาง
2022-03-09,4.13,Ban Rong Kho,แม่น้ำวัง,ร่องเคาะ,วังเหนือ,ลำปาง
2022-03-09,3.02,Ban Saluang Nok,น้ำแม่ริม,สลวง,แม่ริม,เชียงใหม่
2022-03-09,4.33,Ban San Pu Loei,น้ำแม่ขอด,โหล่งขอด,พร้าว,เชียงใหม่
2022-03-09,4.07,Ban Singpotin,น้ำแม่ลาย,ป่าเมี่ยง,ดอยสะเก็ด,เชียงใหม่
2022-03-09,9.68,Ban Sob Soi,แม่น้ำปิง,แม่สอย,จอมทอง,เชียงใหม่
2022-03-09,5.42,Ban Sop Mae Sapoot,แม่น้ำแม่ทา,ทาสบเส้า,แม่ทา,ลำพูน
2022-03-09,7.4,Ban Sop Pae,แม่น้ำปิง,สบแปะ,จอมทอง,เชียงใหม่
2022-03-09,5.67,Ban Sop Prap,แม่น้ำวัง,สบปราบ,สบปราบ,ลำปาง
2022-03-09,6.133333333,Ban Sop Tam,น้ำแม่ต่ำ,เกาะคา,เกาะคา,ลำปาง
2022-03-09,4.399166667,Ban Sop Win,น้ำแม่วาง,แม่วิน,แม่วาง,เชียงใหม่
2022-03-09,5.906666667,Ban Tha Duea,แม่น้ำวัง,พิชัย,เมือง,ลำปาง
2022-03-09,5.853333333,Ban Tha Lo,น้ำแม่ตุ๋ย,บ่อแฮ้ว,เมือง,ลำปาง
2022-03-09,3.746,Ban Tha Pong Daeng,น้ำปาย,ผาบ่อง,เมือง,แม่ฮ่องสอน
2022-03-09,6.762916667,Ban Thung Nong,แม่น้ำยม,สระ,เชียงม่วน,พะเยา
2022-03-09,3.681666667,Ban Ton Yang,น้ำแม่ลาว,บัวสลี,แม่ลาว,เชียงราย
2022-03-09,12.71166667,Ban Wang Chin,แม่น้ำยม,วังชิ้น,วังชิ้น,แพร่
2022-03-09,4.946666667,Chedingam,น้ำอิง,ท่าวังทอง,เมือง,พะเยา
2022-03-09,6.778333333,In front of the Forestry Office,แม่น้ำน่าน,ในเวียง,เมือง,น่าน
2022-03-09,5.19,Mae Kham Lak Chet,น้ำแม่คำ,ศรีค้ำ,แม่จัน,เชียงราย
2022-03-09,1.9,Nam Mae Chaem,น้ำแม่แจ่ม,บ้านท่าข้าม,จอมทอง,เชียงใหม่
2022-03-09,5.217916667,Nawarat Bridge,แม่น้ำปิง,วัดเกต,เมือง,เชียงใหม่
2022-03-09,4.365416667,Pracha Uthit Bridge,น้ำแม่กลาง,บ้านหลวง,จอมทอง,เชียงใหม่
2022-03-09,5.5,Romklao Cooperative House,น้ำแม่งัด,แม่แวน,พร้าว,เชียงใหม่
2022-03-09,4.19,Saphan Ban Khay,น้ำฝาง,แม่นาวาง,แม่อาย,เชียงใหม่
2022-03-09,5.1525,Setuwaree Bridge,แม้น้ำวัง,เวียงเหนือ,เมือง,ลำปาง
2022-03-09,11.37541667,Tha Li Bridge,น้ำว้า,ขึ่ง,เวียงสา,น่าน
2022-03-09,8.228333333,Tha Nang Bridge,น้ำแม่กวง,ในเมือง,เมือง,ลำพูน
2022-03-09,3.27375,Wang Phrao,น้ำแม่จาง,วังพร้าว,เกาะคา,ลำปาง
2022-03-10,2.765416667,Ban Chiang Dao,แม่น้ำปิง,เชียงดาว,เชียงดาว,เชียงใหม่
2022-03-10,3.2475,Ban Chor Lae,แม่น้ำปิง,ช่อแล,แม่แตง,เชียงใหม่
2022-03-10,4.087083333,Ban Don Chai,แม่น้ำวัง,ล้อมแรด,เถิน,ลำปาง
2022-03-10,8.143333333,Ban Don Mun,แม่น้ำวัง,บ้านแลง,เมือง,ลำปาง
2022-03-10,3.896666667,Ban Don Sali,น้ำแม่ลาว,ป่าแดด,แม่สรวย,เชียงราย
2022-03-10,6.3475,Ban Hai,แม่น้ำวัง,ปงดอน,แจ้ห่ม,ลำปาง
2022-03-10,2.76,Ban Hong,น้ำแม่ออน,ร้องวัวแดง,สันกำแพง,เชียงใหม่
2022-03-10,2.64,Ban Hua Sapan,น้ำแม่จัน,ป่าซาง,แม่จัน,เชียงราย
2022-03-10,5.04,Ban Huai Pa Sang,น้ำแม่แตง,กึ๊ดช้าง,แม่แตง,เชียงใหม่
2022-03-10,9.700833333,Ban Huai Sak,แม่น้ำยม,เตาปูน,สอง,แพร่
2022-03-10,6.037083333,Ban Klang,น้ำแม่ขาน,บ้านกลาง,สันป่าตอง,เชียงใหม่
2022-03-10,3.25,Ban Ko Kha,แม่น้ำวัง,ศาลา,เกาะคา,ลำปาง
2022-03-10,4.45,Ban Krariang Tung Phrao,น้ำแม่สรวย,วาวี,แม่สรวย,เชียงราย
2022-03-10,-3.103333333,Ban Lai Kaeo,น้ำแม่ลี้,ศรีเตี้ย,บ้านโฮ่ง,ลำพูน
2022-03-10,6.58,Ban Luang,น้ำแม่ตื่น,ยางเปียง,อมก๋อย,เชียงใหม่
2022-03-10,3.9,Ban Luang Nuea,น้ำงาว,หลวงใต้,งาว,ลำปาง
2022-03-10,6.6575,Ban Mae E Hi,น้ำแม่ลี้,ศรีวิชัย,ลี้,ลำพูน
2022-03-10,5,Ban Mae Kha Bridge,น้ำฝาง,แม่ข่า,ฝาง,เชียงใหม่
2022-03-10,5.25,Ban Mae Khom Mi Tamnak Tham,น้ำแม่คำมี,ตำหนักธรรม,หนองม่วงไข่,แพร่
2022-03-10,5.94875,Ban Mae Lai,น้ำแม่หล่าย,แม่หล่าย,เมือง,แพร่
2022-03-10,1.849166667,Ban Mae Tae,แม่น้ำปิง,แม่แฝกเก่า,สันทราย,เชียงใหม่
2022-03-10,2.4,Ban Mae Taeng,แม่น้ำแตง,สันมหาพล,แม่แตง,เชียงใหม่
2022-03-10,3.48,Ban Mae Wan,น้ำแม่กวง,ป่าเมี่ยง,ดอยสะเก็ด,เชียงใหม่
2022-03-10,5.12,Ban Mai Rim Fang,น้ำฝาง,เวียงฝาง,ฝาง,เชียงใหม่
2022-03-10,7.20625,Ban Mang,น้ำปี้,มาง,เชียงม่วน,พะเยา
2022-03-10,5.61,Ban Muang Pok,น้ำแม่แตง,เปียงหลวง,เวียงแหง,เชียงใหม่
2022-03-10,4.18,Ban Mueang Kuet,น้ำแม่แตง,กึ๊ดช้าง,แม่แตง,เชียงใหม่
2022-03-10,2.293333333,Ban Mueang Mai,ห้วยแม่ต๋า,เมืองมาย,แจ้ห่ม,ลำปาง
2022-03-10,4.350833333,Ban Mueang Pha,น้ำแม่ริม,ริมเหนือ,แม่ริม,เชียงใหม่
2022-03-10,8.61875,Ban Nam Khong,แม่น้ำยม,ป่าแมต,เมือง,แพร่
2022-03-10,5.569583333,Ban Nam Yao,น้ำยาว,อวน,ปัว,น่าน
2022-03-10,1.764166667,Ban Nong Naw,น้ำแม่สอย,แจ้ห่ม,แจ้ห่ม,ลำปาง
2022-03-10,3.662916667,Ban Nong Pham,น้ำแม่ลาว,แม่สรวย,แม่สรวย,เชียงราย
2022-03-10,6.94,Ban Pa Kha,น้ำควร,ควร,ปง,พะเยา
2022-03-10,7.956666667,Ban Pa Khoi Tai,แม่น้ำปิง,สันผีเสื้อ,เมือง,เชียงใหม่
2022-03-10,4.75,Ban Pa Sang,น้ำแม่ทา,ป่าซาง,ป่าซาง,ลำพูน
2022-03-10,5.48,Ban Pang Sa,ห้วยน้ำยาว,ผาทอง,ท่าวังผา,น่าน
2022-03-10,10.12333333,Ban Pha Khwang,แม่น้ำน่าน,บ่อ,เมือง,น่าน
2022-03-10,6.459583333,Ban Phai Ngarm,แม่น้ำน่าน,ส้าน,เวียงสา,น่าน
2022-03-10,4.2,Ban Phan Ton,น้ำแม่วาง,ทุ่งปี้,แม่วาง,เชียงใหม่
2022-03-10,4.8,Ban Phi Tai,น้ำปี้,บ้านพี้,บ้านหลวง,น่าน
2022-03-10,6.61375,Ban Pong,น้ำแม่กวง,บวกค้าง,สันกำแพง,เชียงใหม่
2022-03-10,5.046666667,Ban Pong,ห้วยโป่ง,บ้านโป่ง,งาว,ลำปาง
2022-03-10,4.1,Ban Rong Kho,แม่น้ำวัง,ร่องเคาะ,วังเหนือ,ลำปาง
2022-03-10,3.04,Ban Saluang Nok,น้ำแม่ริม,สลวง,แม่ริม,เชียงใหม่
2022-03-10,4.28,Ban San Pu Loei,น้ำแม่ขอด,โหล่งขอด,พร้าว,เชียงใหม่
2022-03-10,4.07,Ban Singpotin,น้ำแม่ลาย,ป่าเมี่ยง,ดอยสะเก็ด,เชียงใหม่
2022-03-10,9.66,Ban Sob Soi,แม่น้ำปิง,แม่สอย,จอมทอง,เชียงใหม่
2022-03-10,5.42,Ban Sop Mae Sapoot,แม่น้ำแม่ทา,ทาสบเส้า,แม่ทา,ลำพูน
2022-03-10,7.4,Ban Sop Pae,แม่น้ำปิง,สบแปะ,จอมทอง,เชียงใหม่
2022-03-10,5.63,Ban Sop Prap,แม่น้ำวัง,สบปราบ,สบปราบ,ลำปาง
2022-03-10,6.053333333,Ban Sop Tam,น้ำแม่ต่ำ,เกาะคา,เกาะคา,ลำปาง
2022-03-10,4.367916667,Ban Sop Win,น้ำแม่วาง,แม่วิน,แม่วาง,เชียงใหม่
2022-03-10,5.886666667,Ban Tha Duea,แม่น้ำวัง,พิชัย,เมือง,ลำปาง
2022-03-10,5.8,Ban Tha Lo,น้ำแม่ตุ๋ย,บ่อแฮ้ว,เมือง,ลำปาง
2022-03-10,3.726,Ban Tha Pong Daeng,น้ำปาย,ผาบ่อง,เมือง,แม่ฮ่องสอน
2022-03-10,6.796666667,Ban Thung Nong,แม่น้ำยม,สระ,เชียงม่วน,พะเยา
2022-03-10,3.679166667,Ban Ton Yang,น้ำแม่ลาว,บัวสลี,แม่ลาว,เชียงราย
2022-03-10,12.88083333,Ban Wang Chin,แม่น้ำยม,วังชิ้น,วังชิ้น,แพร่
2022-03-10,4.926666667,Chedingam,น้ำอิง,ท่าวังทอง,เมือง,พะเยา
2022-03-10,6.77,In front of the Forestry Office,แม่น้ำน่าน,ในเวียง,เมือง,น่าน
2022-03-10,5.19,Mae Kham Lak Chet,น้ำแม่คำ,ศรีค้ำ,แม่จัน,เชียงราย
2022-03-10,1.9,Nam Mae Chaem,น้ำแม่แจ่ม,บ้านท่าข้าม,จอมทอง,เชียงใหม่
2022-03-10,5.23,Nawarat Bridge,แม่น้ำปิง,วัดเกต,เมือง,เชียงใหม่
2022-03-10,4.28,Pracha Uthit Bridge,น้ำแม่กลาง,บ้านหลวง,จอมทอง,เชียงใหม่
2022-03-10,5.5,Romklao Cooperative House,น้ำแม่งัด,แม่แวน,พร้าว,เชียงใหม่
2022-03-10,4.2,Saphan Ban Khay,น้ำฝาง,แม่นาวาง,แม่อาย,เชียงใหม่
2022-03-10,5.33,Setuwaree Bridge,แม้น้ำวัง,เวียงเหนือ,เมือง,ลำปาง
2022-03-10,11.30875,Tha Li Bridge,น้ำว้า,ขึ่ง,เวียงสา,น่าน
2022-03-10,7.94,Tha Nang Bridge,น้ำแม่กวง,ในเมือง,เมือง,ลำพูน
2022-03-10,3.390416667,Wang Phrao,น้ำแม่จาง,วังพร้าว,เกาะคา,ลำปาง
2022-03-11,2.750833333,Ban Chiang Dao,แม่น้ำปิง,เชียงดาว,เชียงดาว,เชียงใหม่
2022-03-11,3.37625,Ban Chor Lae,แม่น้ำปิง,ช่อแล,แม่แตง,เชียงใหม่
2022-03-11,4.06375,Ban Don Chai,แม่น้ำวัง,ล้อมแรด,เถิน,ลำปาง
2022-03-11,7.997083333,Ban Don Mun,แม่น้ำวัง,บ้านแลง,เมือง,ลำปาง
2022-03-11,3.82,Ban Don Sali,น้ำแม่ลาว,ป่าแดด,แม่สรวย,เชียงราย
2022-03-11,6.338333333,Ban Hai,แม่น้ำวัง,ปงดอน,แจ้ห่ม,ลำปาง
2022-03-11,2.76,Ban Hong,น้ำแม่ออน,ร้องวัวแดง,สันกำแพง,เชียงใหม่
2022-03-11,2.64,Ban Hua Sapan,น้ำแม่จัน,ป่าซาง,แม่จัน,เชียงราย
2022-03-11,5.04,Ban Huai Pa Sang,น้ำแม่แตง,กึ๊ดช้าง,แม่แตง,เชียงใหม่
2022-03-11,9.717916667,Ban Huai Sak,แม่น้ำยม,เตาปูน,สอง,แพร่
2022-03-11,6.012083333,Ban Klang,น้ำแม่ขาน,บ้านกลาง,สันป่าตอง,เชียงใหม่
2022-03-11,3.256666667,Ban Ko Kha,แม่น้ำวัง,ศาลา,เกาะคา,ลำปาง
2022-03-11,4.45,Ban Krariang Tung Phrao,น้ำแม่สรวย,วาวี,แม่สรวย,เชียงราย
2022-03-11,-3.123333333,Ban Lai Kaeo,น้ำแม่ลี้,ศรีเตี้ย,บ้านโฮ่ง,ลำพูน
2022-03-11,6.63,Ban Luang,น้ำแม่ตื่น,ยางเปียง,อมก๋อย,เชียงใหม่
2022-03-11,3.9,Ban Luang Nuea,น้ำงาว,หลวงใต้,งาว,ลำปาง
2022-03-11,6.668333333,Ban Mae E Hi,น้ำแม่ลี้,ศรีวิชัย,ลี้,ลำพูน
2022-03-11,4.99,Ban Mae Kha Bridge,น้ำฝาง,แม่ข่า,ฝาง,เชียงใหม่
2022-03-11,5.25,Ban Mae Khom Mi Tamnak Tham,น้ำแม่คำมี,ตำหนักธรรม,หนองม่วงไข่,แพร่
2022-03-11,5.93875,Ban Mae Lai,น้ำแม่หล่าย,แม่หล่าย,เมือง,แพร่
2022-03-11,1.83875,Ban Mae Tae,แม่น้ำปิง,แม่แฝกเก่า,สันทราย,เชียงใหม่
2022-03-11,2.4,Ban Mae Taeng,แม่น้ำแตง,สันมหาพล,แม่แตง,เชียงใหม่
2022-03-11,3.48,Ban Mae Wan,น้ำแม่กวง,ป่าเมี่ยง,ดอยสะเก็ด,เชียงใหม่
2022-03-11,5.04,Ban Mai Rim Fang,น้ำฝาง,เวียงฝาง,ฝาง,เชียงใหม่
2022-03-11,7.130416667,Ban Mang,น้ำปี้,มาง,เชียงม่วน,พะเยา
2022-03-11,5.59,Ban Muang Pok,น้ำแม่แตง,เปียงหลวง,เวียงแหง,เชียงใหม่
2022-03-11,4.159166667,Ban Mueang Kuet,น้ำแม่แตง,กึ๊ดช้าง,แม่แตง,เชียงใหม่
2022-03-11,2.27,Ban Mueang Mai,ห้วยแม่ต๋า,เมืองมาย,แจ้ห่ม,ลำปาง
2022-03-11,4.357916667,Ban Mueang Pha,น้ำแม่ริม,ริมเหนือ,แม่ริม,เชียงใหม่
2022-03-11,8.49625,Ban Nam Khong,แม่น้ำยม,ป่าแมต,เมือง,แพร่
2022-03-11,5.559583333,Ban Nam Yao,น้ำยาว,อวน,ปัว,น่าน
2022-03-11,1.747916667,Ban Nong Naw,น้ำแม่สอย,แจ้ห่ม,แจ้ห่ม,ลำปาง
2022-03-11,3.65,Ban Nong Pham,น้ำแม่ลาว,แม่สรวย,แม่สรวย,เชียงราย
2022-03-11,6.91,Ban Pa Kha,น้ำควร,ควร,ปง,พะเยา
2022-03-11,7.90875,Ban Pa Khoi Tai,แม่น้ำปิง,สันผีเสื้อ,เมือง,เชียงใหม่
2022-03-11,4.75,Ban Pa Sang,น้ำแม่ทา,ป่าซาง,ป่าซาง,ลำพูน
2022-03-11,5.48,Ban Pang Sa,ห้วยน้ำยาว,ผาทอง,ท่าวังผา,น่าน
2022-03-11,10.10125,Ban Pha Khwang,แม่น้ำน่าน,บ่อ,เมือง,น่าน
2022-03-11,6.431666667,Ban Phai Ngarm,แม่น้ำน่าน,ส้าน,เวียงสา,น่าน
2022-03-11,4.2,Ban Phan Ton,น้ำแม่วาง,ทุ่งปี้,แม่วาง,เชียงใหม่
2022-03-11,4.7,Ban Phi Tai,น้ำปี้,บ้านพี้,บ้านหลวง,น่าน
2022-03-11,6.6225,Ban Pong,น้ำแม่กวง,บวกค้าง,สันกำแพง,เชียงใหม่
2022-03-11,5.03,Ban Pong,ห้วยโป่ง,บ้านโป่ง,งาว,ลำปาง
2022-03-11,4.1,Ban Rong Kho,แม่น้ำวัง,ร่องเคาะ,วังเหนือ,ลำปาง
2022-03-11,3.05,Ban Saluang Nok,น้ำแม่ริม,สลวง,แม่ริม,เชียงใหม่
2022-03-11,4.28,Ban San Pu Loei,น้ำแม่ขอด,โหล่งขอด,พร้าว,เชียงใหม่
2022-03-11,4.15,Ban Singpotin,น้ำแม่ลาย,ป่าเมี่ยง,ดอยสะเก็ด,เชียงใหม่
2022-03-11,9.6,Ban Sob Soi,แม่น้ำปิง,แม่สอย,จอมทอง,เชียงใหม่
2022-03-11,5.420416667,Ban Sop Mae Sapoot,แม่น้ำแม่ทา,ทาสบเส้า,แม่ทา,ลำพูน
2022-03-11,7.55,Ban Sop Pae,แม่น้ำปิง,สบแปะ,จอมทอง,เชียงใหม่
2022-03-11,5.606666667,Ban Sop Prap,แม่น้ำวัง,สบปราบ,สบปราบ,ลำปาง
2022-03-11,5.94,Ban Sop Tam,น้ำแม่ต่ำ,เกาะคา,เกาะคา,ลำปาง
2022-03-11,4.34125,Ban Sop Win,น้ำแม่วาง,แม่วิน,แม่วาง,เชียงใหม่
2022-03-11,5.856666667,Ban Tha Duea,แม่น้ำวัง,พิชัย,เมือง,ลำปาง
2022-03-11,5.736666667,Ban Tha Lo,น้ำแม่ตุ๋ย,บ่อแฮ้ว,เมือง,ลำปาง
2022-03-11,3.72,Ban Tha Pong Daeng,น้ำปาย,ผาบ่อง,เมือง,แม่ฮ่องสอน
2022-03-11,6.764166667,Ban Thung Nong,แม่น้ำยม,สระ,เชียงม่วน,พะเยา
2022-03-11,3.64625,Ban Ton Yang,น้ำแม่ลาว,บัวสลี,แม่ลาว,เชียงราย
2022-03-11,13.21708333,Ban Wang Chin,แม่น้ำยม,วังชิ้น,วังชิ้น,แพร่
2022-03-11,4.856666667,Chedingam,น้ำอิง,ท่าวังทอง,เมือง,พะเยา
2022-03-11,6.735833333,In front of the Forestry Office,แม่น้ำน่าน,ในเวียง,เมือง,น่าน
2022-03-11,5.18,Mae Kham Lak Chet,น้ำแม่คำ,ศรีค้ำ,แม่จัน,เชียงราย
2022-03-11,1.9,Nam Mae Chaem,น้ำแม่แจ่ม,บ้านท่าข้าม,จอมทอง,เชียงใหม่
2022-03-11,5.18625,Nawarat Bridge,แม่น้ำปิง,วัดเกต,เมือง,เชียงใหม่
2022-03-11,4.28,Pracha Uthit Bridge,น้ำแม่กลาง,บ้านหลวง,จอมทอง,เชียงใหม่
2022-03-11,5.5,Romklao Cooperative House,น้ำแม่งัด,แม่แวน,พร้าว,เชียงใหม่
2022-03-11,4.09,Saphan Ban Khay,น้ำฝาง,แม่นาวาง,แม่อาย,เชียงใหม่
2022-03-11,5.225,Setuwaree Bridge,แม้น้ำวัง,เวียงเหนือ,เมือง,ลำปาง
2022-03-11,11.27708333,Tha Li Bridge,น้ำว้า,ขึ่ง,เวียงสา,น่าน
2022-03-11,8.040416667,Tha Nang Bridge,น้ำแม่กวง,ในเมือง,เมือง,ลำพูน
2022-03-11,3.428333333,Wang Phrao,น้ำแม่จาง,วังพร้าว,เกาะคา,ลำปาง
2022-03-12,2.75875,Ban Chiang Dao,แม่น้ำปิง,เชียงดาว,เชียงดาว,เชียงใหม่
2022-03-12,3.483333333,Ban Chor Lae,แม่น้ำปิง,ช่อแล,แม่แตง,เชียงใหม่
2022-03-12,4.024583333,Ban Don Chai,แม่น้ำวัง,ล้อมแรด,เถิน,ลำปาง
2022-03-12,7.830625,Ban Don Mun,แม่น้ำวัง,บ้านแลง,เมือง,ลำปาง
2022-03-12,3.84,Ban Don Sali,น้ำแม่ลาว,ป่าแดด,แม่สรวย,เชียงราย
2022-03-12,6.27625,Ban Hai,แม่น้ำวัง,ปงดอน,แจ้ห่ม,ลำปาง
2022-03-12,2.76,Ban Hong,น้ำแม่ออน,ร้องวัวแดง,สันกำแพง,เชียงใหม่
2022-03-12,2.64,Ban Hua Sapan,น้ำแม่จัน,ป่าซาง,แม่จัน,เชียงราย
2022-03-12,5,Ban Huai Pa Sang,น้ำแม่แตง,กึ๊ดช้าง,แม่แตง,เชียงใหม่
2022-03-12,9.714583333,Ban Huai Sak,แม่น้ำยม,เตาปูน,สอง,แพร่
2022-03-12,5.985,Ban Klang,น้ำแม่ขาน,บ้านกลาง,สันป่าตอง,เชียงใหม่
2022-03-12,3.296666667,Ban Ko Kha,แม่น้ำวัง,ศาลา,เกาะคา,ลำปาง
2022-03-12,4.45,Ban Krariang Tung Phrao,น้ำแม่สรวย,วาวี,แม่สรวย,เชียงราย
2022-03-12,-3.139166667,Ban Lai Kaeo,น้ำแม่ลี้,ศรีเตี้ย,บ้านโฮ่ง,ลำพูน
2022-03-12,6.67,Ban Luang,น้ำแม่ตื่น,ยางเปียง,อมก๋อย,เชียงใหม่
2022-03-12,3.900416667,Ban Luang Nuea,น้ำงาว,หลวงใต้,งาว,ลำปาง
2022-03-12,6.655,Ban Mae E Hi,น้ำแม่ลี้,ศรีวิชัย,ลี้,ลำพูน
2022-03-12,5.05,Ban Mae Kha Bridge,น้ำฝาง,แม่ข่า,ฝาง,เชียงใหม่
2022-03-12,5.26,Ban Mae Khom Mi Tamnak Tham,น้ำแม่คำมี,ตำหนักธรรม,หนองม่วงไข่,แพร่
2022-03-12,5.93,Ban Mae Lai,น้ำแม่หล่าย,แม่หล่าย,เมือง,แพร่
2022-03-12,2.171666667,Ban Mae Tae,แม่น้ำปิง,แม่แฝกเก่า,สันทราย,เชียงใหม่
2022-03-12,2.51,Ban Mae Taeng,แม่น้ำแตง,สันมหาพล,แม่แตง,เชียงใหม่
2022-03-12,3.44,Ban Mae Wan,น้ำแม่กวง,ป่าเมี่ยง,ดอยสะเก็ด,เชียงใหม่
2022-03-12,5.04,Ban Mai Rim Fang,น้ำฝาง,เวียงฝาง,ฝาง,เชียงใหม่
2022-03-12,7.102916667,Ban Mang,น้ำปี้,มาง,เชียงม่วน,พะเยา
2022-03-12,5.62,Ban Muang Pok,น้ำแม่แตง,เปียงหลวง,เวียงแหง,เชียงใหม่
2022-03-12,4.206666667,Ban Mueang Kuet,น้ำแม่แตง,กึ๊ดช้าง,แม่แตง,เชียงใหม่
2022-03-12,2.27,Ban Mueang Mai,ห้วยแม่ต๋า,เมืองมาย,แจ้ห่ม,ลำปาง
2022-03-12,4.36625,Ban Mueang Pha,น้ำแม่ริม,ริมเหนือ,แม่ริม,เชียงใหม่
2022-03-12,8.759583333,Ban Nam Khong,แม่น้ำยม,ป่าแมต,เมือง,แพร่
2022-03-12,5.56,Ban Nam Yao,น้ำยาว,อวน,ปัว,น่าน
2022-03-12,1.754583333,Ban Nong Naw,น้ำแม่สอย,แจ้ห่ม,แจ้ห่ม,ลำปาง
2022-03-12,3.65625,Ban Nong Pham,น้ำแม่ลาว,แม่สรวย,แม่สรวย,เชียงราย
2022-03-12,6.9,Ban Pa Kha,น้ำควร,ควร,ปง,พะเยา
2022-03-12,7.911666667,Ban Pa Khoi Tai,แม่น้ำปิง,สันผีเสื้อ,เมือง,เชียงใหม่
2022-03-12,4.75,Ban Pa Sang,น้ำแม่ทา,ป่าซาง,ป่าซาง,ลำพูน
2022-03-12,5.48,Ban Pang Sa,ห้วยน้ำยาว,ผาทอง,ท่าวังผา,น่าน
2022-03-12,10.1,Ban Pha Khwang,แม่น้ำน่าน,บ่อ,เมือง,น่าน
2022-03-12,6.42,Ban Phai Ngarm,แม่น้ำน่าน,ส้าน,เวียงสา,น่าน
2022-03-12,4.2,Ban Phan Ton,น้ำแม่วาง,ทุ่งปี้,แม่วาง,เชียงใหม่
2022-03-12,4.8,Ban Phi Tai,น้ำปี้,บ้านพี้,บ้านหลวง,น่าน
2022-03-12,6.660833333,Ban Pong,น้ำแม่กวง,บวกค้าง,สันกำแพง,เชียงใหม่
2022-03-12,4.983333333,Ban Pong,ห้วยโป่ง,บ้านโป่ง,งาว,ลำปาง
2022-03-12,4.1,Ban Rong Kho,แม่น้ำวัง,ร่องเคาะ,วังเหนือ,ลำปาง
2022-03-12,3.05,Ban Saluang Nok,น้ำแม่ริม,สลวง,แม่ริม,เชียงใหม่
2022-03-12,4.28,Ban San Pu Loei,น้ำแม่ขอด,โหล่งขอด,พร้าว,เชียงใหม่
2022-03-12,4.15,Ban Singpotin,น้ำแม่ลาย,ป่าเมี่ยง,ดอยสะเก็ด,เชียงใหม่
2022-03-12,9.62,Ban Sob Soi,แม่น้ำปิง,แม่สอย,จอมทอง,เชียงใหม่
2022-03-12,5.42125,Ban Sop Mae Sapoot,แม่น้ำแม่ทา,ทาสบเส้า,แม่ทา,ลำพูน
2022-03-12,7.7,Ban Sop Pae,แม่น้ำปิง,สบแปะ,จอมทอง,เชียงใหม่
2022-03-12,5.586666667,Ban Sop Prap,แม่น้ำวัง,สบปราบ,สบปราบ,ลำปาง
2022-03-12,5.94,Ban Sop Tam,น้ำแม่ต่ำ,เกาะคา,เกาะคา,ลำปาง
2022-03-12,4.34,Ban Sop Win,น้ำแม่วาง,แม่วิน,แม่วาง,เชียงใหม่
2022-03-12,5.86,Ban Tha Duea,แม่น้ำวัง,พิชัย,เมือง,ลำปาง
2022-03-12,5.623333333,Ban Tha Lo,น้ำแม่ตุ๋ย,บ่อแฮ้ว,เมือง,ลำปาง
2022-03-12,3.72,Ban Tha Pong Daeng,น้ำปาย,ผาบ่อง,เมือง,แม่ฮ่องสอน
2022-03-12,6.74875,Ban Thung Nong,แม่น้ำยม,สระ,เชียงม่วน,พะเยา
2022-03-12,3.611666667,Ban Ton Yang,น้ำแม่ลาว,บัวสลี,แม่ลาว,เชียงราย
2022-03-12,13.12458333,Ban Wang Chin,แม่น้ำยม,วังชิ้น,วังชิ้น,แพร่
2022-03-12,4.7,Chedingam,น้ำอิง,ท่าวังทอง,เมือง,พะเยา
2022-03-12,6.709166667,In front of the Forestry Office,แม่น้ำน่าน,ในเวียง,เมือง,น่าน
2022-03-12,5.18,Mae Kham Lak Chet,น้ำแม่คำ,ศรีค้ำ,แม่จัน,เชียงราย
2022-03-12,1.9,Nam Mae Chaem,น้ำแม่แจ่ม,บ้านท่าข้าม,จอมทอง,เชียงใหม่
2022-03-12,5.18125,Nawarat Bridge,แม่น้ำปิง,วัดเกต,เมือง,เชียงใหม่
2022-03-12,4.290833333,Pracha Uthit Bridge,น้ำแม่กลาง,บ้านหลวง,จอมทอง,เชียงใหม่
2022-03-12,5.5,Romklao Cooperative House,น้ำแม่งัด,แม่แวน,พร้าว,เชียงใหม่
2022-03-12,4.05,Saphan Ban Khay,น้ำฝาง,แม่นาวาง,แม่อาย,เชียงใหม่
2022-03-12,4.75875,Setuwaree Bridge,แม้น้ำวัง,เวียงเหนือ,เมือง,ลำปาง
2022-03-12,11.25,Tha Li Bridge,น้ำว้า,ขึ่ง,เวียงสา,น่าน
2022-03-12,7.96375,Tha Nang Bridge,น้ำแม่กวง,ในเมือง,เมือง,ลำพูน
2022-03-12,3.453333333,Wang Phrao,น้ำแม่จาง,วังพร้าว,เกาะคา,ลำปาง
2022-03-13,2.76,Ban Chiang Dao,แม่น้ำปิง,เชียงดาว,เชียงดาว,เชียงใหม่
2022-03-13,3.337083333,Ban Chor Lae,แม่น้ำปิง,ช่อแล,แม่แตง,เชียงใหม่
2022-03-13,4.00875,Ban Don Chai,แม่น้ำวัง,ล้อมแรด,เถิน,ลำปาง
2022-03-13,7.83,Ban Don Mun,แม่น้ำวัง,บ้านแลง,เมือง,ลำปาง
2022-03-13,3.876666667,Ban Don Sali,น้ำแม่ลาว,ป่าแดด,แม่สรวย,เชียงราย
2022-03-13,5.233333333,Ban Hai,แม่น้ำวัง,ปงดอน,แจ้ห่ม,ลำปาง
2022-03-13,2.76,Ban Hong,น้ำแม่ออน,ร้องวัวแดง,สันกำแพง,เชียงใหม่
2022-03-13,2.64,Ban Hua Sapan,น้ำแม่จัน,ป่าซาง,แม่จัน,เชียงราย
2022-03-13,5,Ban Huai Pa Sang,น้ำแม่แตง,กึ๊ดช้าง,แม่แตง,เชียงใหม่
2022-03-13,9.695833333,Ban Huai Sak,แม่น้ำยม,เตาปูน,สอง,แพร่
2022-03-13,5.971666667,Ban Klang,น้ำแม่ขาน,บ้านกลาง,สันป่าตอง,เชียงใหม่
2022-03-13,3.263333333,Ban Ko Kha,แม่น้ำวัง,ศาลา,เกาะคา,ลำปาง
2022-03-13,4.45,Ban Krariang Tung Phrao,น้ำแม่สรวย,วาวี,แม่สรวย,เชียงราย
2022-03-13,-3.14,Ban Lai Kaeo,น้ำแม่ลี้,ศรีเตี้ย,บ้านโฮ่ง,ลำพูน
2022-03-13,6.58,Ban Luang,น้ำแม่ตื่น,ยางเปียง,อมก๋อย,เชียงใหม่
2022-03-13,3.90375,Ban Luang Nuea,น้ำงาว,หลวงใต้,งาว,ลำปาง
2022-03-13,6.65,Ban Mae E Hi,น้ำแม่ลี้,ศรีวิชัย,ลี้,ลำพูน
2022-03-13,5.26,Ban Mae Khom Mi Tamnak Tham,น้ำแม่คำมี,ตำหนักธรรม,หนองม่วงไข่,แพร่
2022-03-13,5.93,Ban Mae Lai,น้ำแม่หล่าย,แม่หล่าย,เมือง,แพร่
2022-03-13,2.004166667,Ban Mae Tae,แม่น้ำปิง,แม่แฝกเก่า,สันทราย,เชียงใหม่
2022-03-13,2.41,Ban Mae Taeng,แม่น้ำแตง,สันมหาพล,แม่แตง,เชียงใหม่
2022-03-13,3.44,Ban Mae Wan,น้ำแม่กวง,ป่าเมี่ยง,ดอยสะเก็ด,เชียงใหม่
2022-03-13,5.36,Ban Mai Rim Fang,น้ำฝาง,เวียงฝาง,ฝาง,เชียงใหม่
2022-03-13,7.090416667,Ban Mang,น้ำปี้,มาง,เชียงม่วน,พะเยา
2022-03-13,5.62,Ban Muang Pok,น้ำแม่แตง,เปียงหลวง,เวียงแหง,เชียงใหม่
2022-03-13,4.17625,Ban Mueang Kuet,น้ำแม่แตง,กึ๊ดช้าง,แม่แตง,เชียงใหม่
2022-03-13,2.26,Ban Mueang Mai,ห้วยแม่ต๋า,เมืองมาย,แจ้ห่ม,ลำปาง
2022-03-13,4.353333333,Ban Mueang Pha,น้ำแม่ริม,ริมเหนือ,แม่ริม,เชียงใหม่
2022-03-13,9.189166667,Ban Nam Khong,แม่น้ำยม,ป่าแมต,เมือง,แพร่
2022-03-13,5.55625,Ban Nam Yao,น้ำยาว,อวน,ปัว,น่าน
2022-03-13,1.75375,Ban Nong Naw,น้ำแม่สอย,แจ้ห่ม,แจ้ห่ม,ลำปาง
2022-03-13,3.678333333,Ban Nong Pham,น้ำแม่ลาว,แม่สรวย,แม่สรวย,เชียงราย
2022-03-13,6.9,Ban Pa Kha,น้ำควร,ควร,ปง,พะเยา
2022-03-13,7.92875,Ban Pa Khoi Tai,แม่น้ำปิง,สันผีเสื้อ,เมือง,เชียงใหม่
2022-03-13,4.75,Ban Pa Sang,น้ำแม่ทา,ป่าซาง,ป่าซาง,ลำพูน
2022-03-13,5.475,Ban Pang Sa,ห้วยน้ำยาว,ผาทอง,ท่าวังผา,น่าน
2022-03-13,10.1,Ban Pha Khwang,แม่น้ำน่าน,บ่อ,เมือง,น่าน
2022-03-13,6.374583333,Ban Phai Ngarm,แม่น้ำน่าน,ส้าน,เวียงสา,น่าน
2022-03-13,4.2,Ban Phan Ton,น้ำแม่วาง,ทุ่งปี้,แม่วาง,เชียงใหม่
2022-03-13,4.8,Ban Phi Tai,น้ำปี้,บ้านพี้,บ้านหลวง,น่าน
2022-03-13,6.651666667,Ban Pong,น้ำแม่กวง,บวกค้าง,สันกำแพง,เชียงใหม่
2022-03-13,4.92,Ban Pong,ห้วยโป่ง,บ้านโป่ง,งาว,ลำปาง
2022-03-13,4.1,Ban Rong Kho,แม่น้ำวัง,ร่องเคาะ,วังเหนือ,ลำปาง
2022-03-13,3.05,Ban Saluang Nok,น้ำแม่ริม,สลวง,แม่ริม,เชียงใหม่
2022-03-13,4.28,Ban San Pu Loei,น้ำแม่ขอด,โหล่งขอด,พร้าว,เชียงใหม่
2022-03-13,4.15,Ban Singpotin,น้ำแม่ลาย,ป่าเมี่ยง,ดอยสะเก็ด,เชียงใหม่
2022-03-13,9.6,Ban Sob Soi,แม่น้ำปิง,แม่สอย,จอมทอง,เชียงใหม่
2022-03-13,5.43,Ban Sop Mae Sapoot,แม่น้ำแม่ทา,ทาสบเส้า,แม่ทา,ลำพูน
2022-03-13,7.6,Ban Sop Pae,แม่น้ำปิง,สบแปะ,จอมทอง,เชียงใหม่
2022-03-13,5.59,Ban Sop Prap,แม่น้ำวัง,สบปราบ,สบปราบ,ลำปาง
2022-03-13,5.97,Ban Sop Tam,น้ำแม่ต่ำ,เกาะคา,เกาะคา,ลำปาง
2022-03-13,4.338333333,Ban Sop Win,น้ำแม่วาง,แม่วิน,แม่วาง,เชียงใหม่
2022-03-13,5.82,Ban Tha Duea,แม่น้ำวัง,พิชัย,เมือง,ลำปาง
2022-03-13,5.533333333,Ban Tha Lo,น้ำแม่ตุ๋ย,บ่อแฮ้ว,เมือง,ลำปาง
2022-03-13,3.72,Ban Tha Pong Daeng,น้ำปาย,ผาบ่อง,เมือง,แม่ฮ่องสอน
2022-03-13,6.739583333,Ban Thung Nong,แม่น้ำยม,สระ,เชียงม่วน,พะเยา
2022-03-13,3.608333333,Ban Ton Yang,น้ำแม่ลาว,บัวสลี,แม่ลาว,เชียงราย
2022-03-13,13.06791667,Ban Wang Chin,แม่น้ำยม,วังชิ้น,วังชิ้น,แพร่
2022-03-13,4.65,Chedingam,น้ำอิง,ท่าวังทอง,เมือง,พะเยา
2022-03-13,6.703333333,In front of the Forestry Office,แม่น้ำน่าน,ในเวียง,เมือง,น่าน
2022-03-13,5.18,Mae Kham Lak Chet,น้ำแม่คำ,ศรีค้ำ,แม่จัน,เชียงราย
2022-03-13,1.9,Nam Mae Chaem,น้ำแม่แจ่ม,บ้านท่าข้าม,จอมทอง,เชียงใหม่
2022-03-13,5.206666667,Nawarat Bridge,แม่น้ำปิง,วัดเกต,เมือง,เชียงใหม่
2022-03-13,4.28,Pracha Uthit Bridge,น้ำแม่กลาง,บ้านหลวง,จอมทอง,เชียงใหม่
2022-03-13,5.5,Romklao Cooperative House,น้ำแม่งัด,แม่แวน,พร้าว,เชียงใหม่
2022-03-13,4.05,Saphan Ban Khay,น้ำฝาง,แม่นาวาง,แม่อาย,เชียงใหม่
2022-03-13,4.74125,Setuwaree Bridge,แม้น้ำวัง,เวียงเหนือ,เมือง,ลำปาง
2022-03-13,11.245,Tha Li Bridge,น้ำว้า,ขึ่ง,เวียงสา,น่าน
2022-03-13,8.087916667,Tha Nang Bridge,น้ำแม่กวง,ในเมือง,เมือง,ลำพูน
2022-03-13,3.51,Wang Phrao,น้ำแม่จาง,วังพร้าว,เกาะคา,ลำปาง
2022-03-14,2.76125,Ban Chiang Dao,แม่น้ำปิง,เชียงดาว,เชียงดาว,เชียงใหม่
2022-03-14,3.237083333,Ban Chor Lae,แม่น้ำปิง,ช่อแล,แม่แตง,เชียงใหม่
2022-03-14,4.003333333,Ban Don Chai,แม่น้ำวัง,ล้อมแรด,เถิน,ลำปาง
2022-03-14,7.838333333,Ban Don Mun,แม่น้ำวัง,บ้านแลง,เมือง,ลำปาง
2022-03-14,3.89,Ban Don Sali,น้ำแม่ลาว,ป่าแดด,แม่สรวย,เชียงราย
2022-03-14,5.142083333,Ban Hai,แม่น้ำวัง,ปงดอน,แจ้ห่ม,ลำปาง
2022-03-14,2.76,Ban Hong,น้ำแม่ออน,ร้องวัวแดง,สันกำแพง,เชียงใหม่
2022-03-14,2.64,Ban Hua Sapan,น้ำแม่จัน,ป่าซาง,แม่จัน,เชียงราย
2022-03-14,5,Ban Huai Pa Sang,น้ำแม่แตง,กึ๊ดช้าง,แม่แตง,เชียงใหม่
2022-03-14,9.645416667,Ban Huai Sak,แม่น้ำยม,เตาปูน,สอง,แพร่
2022-03-14,5.96125,Ban Klang,น้ำแม่ขาน,บ้านกลาง,สันป่าตอง,เชียงใหม่
2022-03-14,3.253333333,Ban Ko Kha,แม่น้ำวัง,ศาลา,เกาะคา,ลำปาง
2022-03-14,4.45,Ban Krariang Tung Phrao,น้ำแม่สรวย,วาวี,แม่สรวย,เชียงราย
2022-03-14,-3.145,Ban Lai Kaeo,น้ำแม่ลี้,ศรีเตี้ย,บ้านโฮ่ง,ลำพูน
2022-03-14,6.56,Ban Luang,น้ำแม่ตื่น,ยางเปียง,อมก๋อย,เชียงใหม่
2022-03-14,3.9,Ban Luang Nuea,น้ำงาว,หลวงใต้,งาว,ลำปาง
2022-03-14,6.630833333,Ban Mae E Hi,น้ำแม่ลี้,ศรีวิชัย,ลี้,ลำพูน
2022-03-14,4.9,Ban Mae Kha Bridge,น้ำฝาง,แม่ข่า,ฝาง,เชียงใหม่
2022-03-14,5.26,Ban Mae Khom Mi Tamnak Tham,น้ำแม่คำมี,ตำหนักธรรม,หนองม่วงไข่,แพร่
2022-03-14,5.93,Ban Mae Lai,น้ำแม่หล่าย,แม่หล่าย,เมือง,แพร่
2022-03-14,1.857083333,Ban Mae Tae,แม่น้ำปิง,แม่แฝกเก่า,สันทราย,เชียงใหม่
2022-03-14,2.41,Ban Mae Taeng,แม่น้ำแตง,สันมหาพล,แม่แตง,เชียงใหม่
2022-03-14,3.44,Ban Mae Wan,น้ำแม่กวง,ป่าเมี่ยง,ดอยสะเก็ด,เชียงใหม่
2022-03-14,5.28,Ban Mai Rim Fang,น้ำฝาง,เวียงฝาง,ฝาง,เชียงใหม่
2022-03-14,7.072916667,Ban Mang,น้ำปี้,มาง,เชียงม่วน,พะเยา
2022-03-14,5.86,Ban Muang Pok,น้ำแม่แตง,เปียงหลวง,เวียงแหง,เชียงใหม่
2022-03-14,4.197083333,Ban Mueang Kuet,น้ำแม่แตง,กึ๊ดช้าง,แม่แตง,เชียงใหม่
2022-03-14,2.26,Ban Mueang Mai,ห้วยแม่ต๋า,เมืองมาย,แจ้ห่ม,ลำปาง
2022-03-14,4.349166667,Ban Mueang Pha,น้ำแม่ริม,ริมเหนือ,แม่ริม,เชียงใหม่
2022-03-14,8.35125,Ban Nam Khong,แม่น้ำยม,ป่าแมต,เมือง,แพร่
2022-03-14,5.55,Ban Nam Yao,น้ำยาว,อวน,ปัว,น่าน
2022-03-14,1.75,Ban Nong Naw,น้ำแม่สอย,แจ้ห่ม,แจ้ห่ม,ลำปาง
2022-03-14,3.684166667,Ban Nong Pham,น้ำแม่ลาว,แม่สรวย,แม่สรวย,เชียงราย
2022-03-14,6.893333333,Ban Pa Kha,น้ำควร,ควร,ปง,พะเยา
2022-03-14,7.957083333,Ban Pa Khoi Tai,แม่น้ำปิง,สันผีเสื้อ,เมือง,เชียงใหม่
2022-03-14,4.75,Ban Pa Sang,น้ำแม่ทา,ป่าซาง,ป่าซาง,ลำพูน
2022-03-14,5.46125,Ban Pang Sa,ห้วยน้ำยาว,ผาทอง,ท่าวังผา,น่าน
2022-03-14,10.1,Ban Pha Khwang,แม่น้ำน่าน,บ่อ,เมือง,น่าน
2022-03-14,6.34625,Ban Phai Ngarm,แม่น้ำน่าน,ส้าน,เวียงสา,น่าน
2022-03-14,4.2,Ban Phan Ton,น้ำแม่วาง,ทุ่งปี้,แม่วาง,เชียงใหม่
2022-03-14,4.8,Ban Phi Tai,น้ำปี้,บ้านพี้,บ้านหลวง,น่าน
2022-03-14,6.65625,Ban Pong,น้ำแม่กวง,บวกค้าง,สันกำแพง,เชียงใหม่
2022-03-14,4.863333333,Ban Pong,ห้วยโป่ง,บ้านโป่ง,งาว,ลำปาง
2022-03-14,4.083333333,Ban Rong Kho,แม่น้ำวัง,ร่องเคาะ,วังเหนือ,ลำปาง
2022-03-14,3.05,Ban Saluang Nok,น้ำแม่ริม,สลวง,แม่ริม,เชียงใหม่
2022-03-14,4.28,Ban San Pu Loei,น้ำแม่ขอด,โหล่งขอด,พร้าว,เชียงใหม่
2022-03-14,4.15,Ban Singpotin,น้ำแม่ลาย,ป่าเมี่ยง,ดอยสะเก็ด,เชียงใหม่
2022-03-14,9.72,Ban Sob Soi,แม่น้ำปิง,แม่สอย,จอมทอง,เชียงใหม่
2022-03-14,5.428333333,Ban Sop Mae Sapoot,แม่น้ำแม่ทา,ทาสบเส้า,แม่ทา,ลำพูน
2022-03-14,7.6,Ban Sop Pae,แม่น้ำปิง,สบแปะ,จอมทอง,เชียงใหม่
2022-03-14,5.603333333,Ban Sop Prap,แม่น้ำวัง,สบปราบ,สบปราบ,ลำปาง
2022-03-14,5.97,Ban Sop Tam,น้ำแม่ต่ำ,เกาะคา,เกาะคา,ลำปาง
2022-03-14,4.341666667,Ban Sop Win,น้ำแม่วาง,แม่วิน,แม่วาง,เชียงใหม่
2022-03-14,5.916666667,Ban Tha Duea,แม่น้ำวัง,พิชัย,เมือง,ลำปาง
2022-03-14,5.44,Ban Tha Lo,น้ำแม่ตุ๋ย,บ่อแฮ้ว,เมือง,ลำปาง
2022-03-14,3.71,Ban Tha Pong Daeng,น้ำปาย,ผาบ่อง,เมือง,แม่ฮ่องสอน
2022-03-14,6.745,Ban Thung Nong,แม่น้ำยม,สระ,เชียงม่วน,พะเยา
2022-03-14,3.6,Ban Ton Yang,น้ำแม่ลาว,บัวสลี,แม่ลาว,เชียงราย
2022-03-14,13.02416667,Ban Wang Chin,แม่น้ำยม,วังชิ้น,วังชิ้น,แพร่
2022-03-14,4.716666667,Chedingam,น้ำอิง,ท่าวังทอง,เมือง,พะเยา
2022-03-14,6.6925,In front of the Forestry Office,แม่น้ำน่าน,ในเวียง,เมือง,น่าน
2022-03-14,5.18,Mae Kham Lak Chet,น้ำแม่คำ,ศรีค้ำ,แม่จัน,เชียงราย
2022-03-14,1.9,Nam Mae Chaem,น้ำแม่แจ่ม,บ้านท่าข้าม,จอมทอง,เชียงใหม่
2022-03-14,5.232083333,Nawarat Bridge,แม่น้ำปิง,วัดเกต,เมือง,เชียงใหม่
2022-03-14,4.325833333,Pracha Uthit Bridge,น้ำแม่กลาง,บ้านหลวง,จอมทอง,เชียงใหม่
2022-03-14,5.5,Romklao Cooperative House,น้ำแม่งัด,แม่แวน,พร้าว,เชียงใหม่
2022-03-14,4.09,Saphan Ban Khay,น้ำฝาง,แม่นาวาง,แม่อาย,เชียงใหม่
2022-03-14,4.7375,Setuwaree Bridge,แม้น้ำวัง,เวียงเหนือ,เมือง,ลำปาง
2022-03-14,11.22125,Tha Li Bridge,น้ำว้า,ขึ่ง,เวียงสา,น่าน
2022-03-14,8.165833333,Tha Nang Bridge,น้ำแม่กวง,ในเมือง,เมือง,ลำพูน
2022-03-14,3.515416667,Wang Phrao,น้ำแม่จาง,วังพร้าว,เกาะคา,ลำปาง
2022-03-15,2.77375,Ban Chiang Dao,แม่น้ำปิง,เชียงดาว,เชียงดาว,เชียงใหม่
2022-03-15,3.235,Ban Chor Lae,แม่น้ำปิง,ช่อแล,แม่แตง,เชียงใหม่
2022-03-15,4.014583333,Ban Don Chai,แม่น้ำวัง,ล้อมแรด,เถิน,ลำปาง
2022-03-15,7.834166667,Ban Don Mun,แม่น้ำวัง,บ้านแลง,เมือง,ลำปาง
2022-03-15,3.86,Ban Don Sali,น้ำแม่ลาว,ป่าแดด,แม่สรวย,เชียงราย
2022-03-15,5.12125,Ban Hai,แม่น้ำวัง,ปงดอน,แจ้ห่ม,ลำปาง
2022-03-15,2.76,Ban Hong,น้ำแม่ออน,ร้องวัวแดง,สันกำแพง,เชียงใหม่
2022-03-15,2.63,Ban Hua Sapan,น้ำแม่จัน,ป่าซาง,แม่จัน,เชียงราย
2022-03-15,5,Ban Huai Pa Sang,น้ำแม่แตง,กึ๊ดช้าง,แม่แตง,เชียงใหม่
2022-03-15,9.636666667,Ban Huai Sak,แม่น้ำยม,เตาปูน,สอง,แพร่
2022-03-15,5.96,Ban Klang,น้ำแม่ขาน,บ้านกลาง,สันป่าตอง,เชียงใหม่
2022-03-15,3.25,Ban Ko Kha,แม่น้ำวัง,ศาลา,เกาะคา,ลำปาง
2022-03-15,4.432083333,Ban Krariang Tung Phrao,น้ำแม่สรวย,วาวี,แม่สรวย,เชียงราย
2022-03-15,-3.136666667,Ban Lai Kaeo,น้ำแม่ลี้,ศรีเตี้ย,บ้านโฮ่ง,ลำพูน
2022-03-15,6.59,Ban Luang,น้ำแม่ตื่น,ยางเปียง,อมก๋อย,เชียงใหม่
2022-03-15,3.9,Ban Luang Nuea,น้ำงาว,หลวงใต้,งาว,ลำปาง
2022-03-15,6.560416667,Ban Mae E Hi,น้ำแม่ลี้,ศรีวิชัย,ลี้,ลำพูน
2022-03-15,4.89,Ban Mae Kha Bridge,น้ำฝาง,แม่ข่า,ฝาง,เชียงใหม่
2022-03-15,5.28,Ban Mae Khom Mi Tamnak Tham,น้ำแม่คำมี,ตำหนักธรรม,หนองม่วงไข่,แพร่
2022-03-15,5.93,Ban Mae Lai,น้ำแม่หล่าย,แม่หล่าย,เมือง,แพร่
2022-03-15,1.84375,Ban Mae Tae,แม่น้ำปิง,แม่แฝกเก่า,สันทราย,เชียงใหม่
2022-03-15,2.41,Ban Mae Taeng,แม่น้ำแตง,สันมหาพล,แม่แตง,เชียงใหม่
2022-03-15,3.44,Ban Mae Wan,น้ำแม่กวง,ป่าเมี่ยง,ดอยสะเก็ด,เชียงใหม่
2022-03-15,5.2,Ban Mai Rim Fang,น้ำฝาง,เวียงฝาง,ฝาง,เชียงใหม่
2022-03-15,7.02,Ban Mang,น้ำปี้,มาง,เชียงม่วน,พะเยา
2022-03-15,5.72,Ban Muang Pok,น้ำแม่แตง,เปียงหลวง,เวียงแหง,เชียงใหม่
2022-03-15,4.29,Ban Mueang Kuet,น้ำแม่แตง,กึ๊ดช้าง,แม่แตง,เชียงใหม่
2022-03-15,2.26,Ban Mueang Mai,ห้วยแม่ต๋า,เมืองมาย,แจ้ห่ม,ลำปาง
2022-03-15,4.355,Ban Mueang Pha,น้ำแม่ริม,ริมเหนือ,แม่ริม,เชียงใหม่
2022-03-15,8.294583333,Ban Nam Khong,แม่น้ำยม,ป่าแมต,เมือง,แพร่
2022-03-15,5.655416667,Ban Nam Yao,น้ำยาว,อวน,ปัว,น่าน
2022-03-15,1.7575,Ban Nong Naw,น้ำแม่สอย,แจ้ห่ม,แจ้ห่ม,ลำปาง
2022-03-15,3.723333333,Ban Nong Pham,น้ำแม่ลาว,แม่สรวย,แม่สรวย,เชียงราย
2022-03-15,6.906666667,Ban Pa Kha,น้ำควร,ควร,ปง,พะเยา
2022-03-15,7.9,Ban Pa Khoi Tai,แม่น้ำปิง,สันผีเสื้อ,เมือง,เชียงใหม่
2022-03-15,4.75,Ban Pa Sang,น้ำแม่ทา,ป่าซาง,ป่าซาง,ลำพูน
2022-03-15,5.513333333,Ban Pang Sa,ห้วยน้ำยาว,ผาทอง,ท่าวังผา,น่าน
2022-03-15,10.1,Ban Pha Khwang,แม่น้ำน่าน,บ่อ,เมือง,น่าน
2022-03-15,6.328333333,Ban Phai Ngarm,แม่น้ำน่าน,ส้าน,เวียงสา,น่าน
2022-03-15,4.2,Ban Phan Ton,น้ำแม่วาง,ทุ่งปี้,แม่วาง,เชียงใหม่
2022-03-15,4.8,Ban Phi Tai,น้ำปี้,บ้านพี้,บ้านหลวง,น่าน
2022-03-15,6.680833333,Ban Pong,น้ำแม่กวง,บวกค้าง,สันกำแพง,เชียงใหม่
2022-03-15,4.786666667,Ban Pong,ห้วยโป่ง,บ้านโป่ง,งาว,ลำปาง
2022-03-15,4.07,Ban Rong Kho,แม่น้ำวัง,ร่องเคาะ,วังเหนือ,ลำปาง
2022-03-15,3.05,Ban Saluang Nok,น้ำแม่ริม,สลวง,แม่ริม,เชียงใหม่
2022-03-15,4.28,Ban San Pu Loei,น้ำแม่ขอด,โหล่งขอด,พร้าว,เชียงใหม่
2022-03-15,4.15,Ban Singpotin,น้ำแม่ลาย,ป่าเมี่ยง,ดอยสะเก็ด,เชียงใหม่
2022-03-15,9.62,Ban Sob Soi,แม่น้ำปิง,แม่สอย,จอมทอง,เชียงใหม่
2022-03-15,5.42,Ban Sop Mae Sapoot,แม่น้ำแม่ทา,ทาสบเส้า,แม่ทา,ลำพูน
2022-03-15,7.6,Ban Sop Pae,แม่น้ำปิง,สบแปะ,จอมทอง,เชียงใหม่
2022-03-15,5.596666667,Ban Sop Prap,แม่น้ำวัง,สบปราบ,สบปราบ,ลำปาง
2022-03-15,5.98,Ban Sop Tam,น้ำแม่ต่ำ,เกาะคา,เกาะคา,ลำปาง
2022-03-15,4.437083333,Ban Sop Win,น้ำแม่วาง,แม่วิน,แม่วาง,เชียงใหม่
2022-03-15,5.973333333,Ban Tha Duea,แม่น้ำวัง,พิชัย,เมือง,ลำปาง
2022-03-15,5.366666667,Ban Tha Lo,น้ำแม่ตุ๋ย,บ่อแฮ้ว,เมือง,ลำปาง
2022-03-15,3.7,Ban Tha Pong Daeng,น้ำปาย,ผาบ่อง,เมือง,แม่ฮ่องสอน
2022-03-15,6.7175,Ban Thung Nong,แม่น้ำยม,สระ,เชียงม่วน,พะเยา
2022-03-15,3.6,Ban Ton Yang,น้ำแม่ลาว,บัวสลี,แม่ลาว,เชียงราย
2022-03-15,12.96583333,Ban Wang Chin,แม่น้ำยม,วังชิ้น,วังชิ้น,แพร่
2022-03-15,4.75,Chedingam,น้ำอิง,ท่าวังทอง,เมือง,พะเยา
2022-03-15,6.6925,In front of the Forestry Office,แม่น้ำน่าน,ในเวียง,เมือง,น่าน
2022-03-15,5.17,Mae Kham Lak Chet,น้ำแม่คำ,ศรีค้ำ,แม่จัน,เชียงราย
2022-03-15,1.9,Nam Mae Chaem,น้ำแม่แจ่ม,บ้านท่าข้าม,จอมทอง,เชียงใหม่
2022-03-15,5.19125,Nawarat Bridge,แม่น้ำปิง,วัดเกต,เมือง,เชียงใหม่
2022-03-15,4.3575,Pracha Uthit Bridge,น้ำแม่กลาง,บ้านหลวง,จอมทอง,เชียงใหม่
2022-03-15,5.5,Romklao Cooperative House,น้ำแม่งัด,แม่แวน,พร้าว,เชียงใหม่
2022-03-15,4.14,Saphan Ban Khay,น้ำฝาง,แม่นาวาง,แม่อาย,เชียงใหม่
2022-03-15,4.788333333,Setuwaree Bridge,แม้น้ำวัง,เวียงเหนือ,เมือง,ลำปาง
2022-03-15,11.22291667,Tha Li Bridge,น้ำว้า,ขึ่ง,เวียงสา,น่าน
2022-03-15,8.1525,Tha Nang Bridge,น้ำแม่กวง,ในเมือง,เมือง,ลำพูน
2022-03-15,3.544166667,Wang Phrao,น้ำแม่จาง,วังพร้าว,เกาะคา,ลำปาง
2022-03-16,2.814166667,Ban Chiang Dao,แม่น้ำปิง,เชียงดาว,เชียงดาว,เชียงใหม่
2022-03-16,3.257916667,Ban Chor Lae,แม่น้ำปิง,ช่อแล,แม่แตง,เชียงใหม่
2022-03-16,4.010833333,Ban Don Chai,แม่น้ำวัง,ล้อมแรด,เถิน,ลำปาง
2022-03-16,7.900833333,Ban Don Mun,แม่น้ำวัง,บ้านแลง,เมือง,ลำปาง
2022-03-16,3.823333333,Ban Don Sali,น้ำแม่ลาว,ป่าแดด,แม่สรวย,เชียงราย
2022-03-16,5.116666667,Ban Hai,แม่น้ำวัง,ปงดอน,แจ้ห่ม,ลำปาง
2022-03-16,2.76,Ban Hong,น้ำแม่ออน,ร้องวัวแดง,สันกำแพง,เชียงใหม่
2022-03-16,2.62,Ban Hua Sapan,น้ำแม่จัน,ป่าซาง,แม่จัน,เชียงราย
2022-03-16,5.14,Ban Huai Pa Sang,น้ำแม่แตง,กึ๊ดช้าง,แม่แตง,เชียงใหม่
2022-03-16,9.627916667,Ban Huai Sak,แม่น้ำยม,เตาปูน,สอง,แพร่
2022-03-16,5.95375,Ban Klang,น้ำแม่ขาน,บ้านกลาง,สันป่าตอง,เชียงใหม่
2022-03-16,3.256666667,Ban Ko Kha,แม่น้ำวัง,ศาลา,เกาะคา,ลำปาง
2022-03-16,4.43,Ban Krariang Tung Phrao,น้ำแม่สรวย,วาวี,แม่สรวย,เชียงราย
2022-03-16,-3.085833333,Ban Lai Kaeo,น้ำแม่ลี้,ศรีเตี้ย,บ้านโฮ่ง,ลำพูน
2022-03-16,6.59,Ban Luang,น้ำแม่ตื่น,ยางเปียง,อมก๋อย,เชียงใหม่
2022-03-16,3.9,Ban Luang Nuea,น้ำงาว,หลวงใต้,งาว,ลำปาง
2022-03-16,6.55875,Ban Mae E Hi,น้ำแม่ลี้,ศรีวิชัย,ลี้,ลำพูน
2022-03-16,4.89,Ban Mae Kha Bridge,น้ำฝาง,แม่ข่า,ฝาง,เชียงใหม่
2022-03-16,5.28,Ban Mae Khom Mi Tamnak Tham,น้ำแม่คำมี,ตำหนักธรรม,หนองม่วงไข่,แพร่
2022-03-16,5.92875,Ban Mae Lai,น้ำแม่หล่าย,แม่หล่าย,เมือง,แพร่
2022-03-16,1.832083333,Ban Mae Tae,แม่น้ำปิง,แม่แฝกเก่า,สันทราย,เชียงใหม่
2022-03-16,2.42,Ban Mae Taeng,แม่น้ำแตง,สันมหาพล,แม่แตง,เชียงใหม่
2022-03-16,3.42,Ban Mae Wan,น้ำแม่กวง,ป่าเมี่ยง,ดอยสะเก็ด,เชียงใหม่
2022-03-16,5.12,Ban Mai Rim Fang,น้ำฝาง,เวียงฝาง,ฝาง,เชียงใหม่
2022-03-16,7.019583333,Ban Mang,น้ำปี้,มาง,เชียงม่วน,พะเยา
2022-03-16,5.65,Ban Muang Pok,น้ำแม่แตง,เปียงหลวง,เวียงแหง,เชียงใหม่
2022-03-16,4.215416667,Ban Mueang Kuet,น้ำแม่แตง,กึ๊ดช้าง,แม่แตง,เชียงใหม่
2022-03-16,2.243333333,Ban Mueang Mai,ห้วยแม่ต๋า,เมืองมาย,แจ้ห่ม,ลำปาง
2022-03-16,4.393333333,Ban Mueang Pha,น้ำแม่ริม,ริมเหนือ,แม่ริม,เชียงใหม่
2022-03-16,8.272083333,Ban Nam Khong,แม่น้ำยม,ป่าแมต,เมือง,แพร่
2022-03-16,5.827916667,Ban Nam Yao,น้ำยาว,อวน,ปัว,น่าน
2022-03-16,1.777083333,Ban Nong Naw,น้ำแม่สอย,แจ้ห่ม,แจ้ห่ม,ลำปาง
2022-03-16,3.84375,Ban Nong Pham,น้ำแม่ลาว,แม่สรวย,แม่สรวย,เชียงราย
2022-03-16,6.95,Ban Pa Kha,น้ำควร,ควร,ปง,พะเยา
2022-03-16,7.850416667,Ban Pa Khoi Tai,แม่น้ำปิง,สันผีเสื้อ,เมือง,เชียงใหม่
2022-03-16,4.75,Ban Pa Sang,น้ำแม่ทา,ป่าซาง,ป่าซาง,ลำพูน
2022-03-16,5.52375,Ban Pang Sa,ห้วยน้ำยาว,ผาทอง,ท่าวังผา,น่าน
2022-03-16,10.14208333,Ban Pha Khwang,แม่น้ำน่าน,บ่อ,เมือง,น่าน
2022-03-16,6.364166667,Ban Phai Ngarm,แม่น้ำน่าน,ส้าน,เวียงสา,น่าน
2022-03-16,4.2,Ban Phan Ton,น้ำแม่วาง,ทุ่งปี้,แม่วาง,เชียงใหม่
2022-03-16,4.8,Ban Phi Tai,น้ำปี้,บ้านพี้,บ้านหลวง,น่าน
2022-03-16,6.679166667,Ban Pong,น้ำแม่กวง,บวกค้าง,สันกำแพง,เชียงใหม่
2022-03-16,4.803333333,Ban Pong,ห้วยโป่ง,บ้านโป่ง,งาว,ลำปาง
2022-03-16,4.07,Ban Rong Kho,แม่น้ำวัง,ร่องเคาะ,วังเหนือ,ลำปาง
2022-03-16,3.07,Ban Saluang Nok,น้ำแม่ริม,สลวง,แม่ริม,เชียงใหม่
2022-03-16,4.3,Ban San Pu Loei,น้ำแม่ขอด,โหล่งขอด,พร้าว,เชียงใหม่
2022-03-16,4.15,Ban Singpotin,น้ำแม่ลาย,ป่าเมี่ยง,ดอยสะเก็ด,เชียงใหม่
2022-03-16,9.68,Ban Sob Soi,แม่น้ำปิง,แม่สอย,จอมทอง,เชียงใหม่
2022-03-16,5.42,Ban Sop Mae Sapoot,แม่น้ำแม่ทา,ทาสบเส้า,แม่ทา,ลำพูน
2022-03-16,7.58,Ban Sop Pae,แม่น้ำปิง,สบแปะ,จอมทอง,เชียงใหม่
2022-03-16,5.59,Ban Sop Prap,แม่น้ำวัง,สบปราบ,สบปราบ,ลำปาง
2022-03-16,5.96,Ban Sop Tam,น้ำแม่ต่ำ,เกาะคา,เกาะคา,ลำปาง
2022-03-16,4.42125,Ban Sop Win,น้ำแม่วาง,แม่วิน,แม่วาง,เชียงใหม่
2022-03-16,5.976666667,Ban Tha Duea,แม่น้ำวัง,พิชัย,เมือง,ลำปาง
2022-03-16,5.303333333,Ban Tha Lo,น้ำแม่ตุ๋ย,บ่อแฮ้ว,เมือง,ลำปาง
2022-03-16,3.7,Ban Tha Pong Daeng,น้ำปาย,ผาบ่อง,เมือง,แม่ฮ่องสอน
2022-03-16,6.72625,Ban Thung Nong,แม่น้ำยม,สระ,เชียงม่วน,พะเยา
2022-03-16,3.603333333,Ban Ton Yang,น้ำแม่ลาว,บัวสลี,แม่ลาว,เชียงราย
2022-03-16,12.9425,Ban Wang Chin,แม่น้ำยม,วังชิ้น,วังชิ้น,แพร่
2022-03-16,4.75,Chedingam,น้ำอิง,ท่าวังทอง,เมือง,พะเยา
2022-03-16,6.745416667,In front of the Forestry Office,แม่น้ำน่าน,ในเวียง,เมือง,น่าน
2022-03-16,5.17,Mae Kham Lak Chet,น้ำแม่คำ,ศรีค้ำ,แม่จัน,เชียงราย
2022-03-16,1.86,Nam Mae Chaem,น้ำแม่แจ่ม,บ้านท่าข้าม,จอมทอง,เชียงใหม่
2022-03-16,5.127083333,Nawarat Bridge,แม่น้ำปิง,วัดเกต,เมือง,เชียงใหม่
2022-03-16,4.38125,Pracha Uthit Bridge,น้ำแม่กลาง,บ้านหลวง,จอมทอง,เชียงใหม่
2022-03-16,5.5,Romklao Cooperative House,น้ำแม่งัด,แม่แวน,พร้าว,เชียงใหม่
2022-03-16,4.1,Saphan Ban Khay,น้ำฝาง,แม่นาวาง,แม่อาย,เชียงใหม่
2022-03-16,4.766666667,Setuwaree Bridge,แม้น้ำวัง,เวียงเหนือ,เมือง,ลำปาง
2022-03-16,11.24583333,Tha Li Bridge,น้ำว้า,ขึ่ง,เวียงสา,น่าน
2022-03-16,8.11875,Tha Nang Bridge,น้ำแม่กวง,ในเมือง,เมือง,ลำพูน
2022-03-16,3.534166667,Wang Phrao,น้ำแม่จาง,วังพร้าว,เกาะคา,ลำปาง
2022-03-17,2.7825,Ban Chiang Dao,แม่น้ำปิง,เชียงดาว,เชียงดาว,เชียงใหม่
2022-03-17,3.24125,Ban Chor Lae,แม่น้ำปิง,ช่อแล,แม่แตง,เชียงใหม่
2022-03-17,4.005416667,Ban Don Chai,แม่น้ำวัง,ล้อมแรด,เถิน,ลำปาง
2022-03-17,7.848958333,Ban Don Mun,แม่น้ำวัง,บ้านแลง,เมือง,ลำปาง
2022-03-17,3.886666667,Ban Don Sali,น้ำแม่ลาว,ป่าแดด,แม่สรวย,เชียงราย
2022-03-17,5.11,Ban Hai,แม่น้ำวัง,ปงดอน,แจ้ห่ม,ลำปาง
2022-03-17,2.76,Ban Hong,น้ำแม่ออน,ร้องวัวแดง,สันกำแพง,เชียงใหม่
2022-03-17,2.61,Ban Hua Sapan,น้ำแม่จัน,ป่าซาง,แม่จัน,เชียงราย
2022-03-17,5.06,Ban Huai Pa Sang,น้ำแม่แตง,กึ๊ดช้าง,แม่แตง,เชียงใหม่
2022-03-17,9.620833333,Ban Huai Sak,แม่น้ำยม,เตาปูน,สอง,แพร่
2022-03-17,6.009166667,Ban Klang,น้ำแม่ขาน,บ้านกลาง,สันป่าตอง,เชียงใหม่
2022-03-17,3.25,Ban Ko Kha,แม่น้ำวัง,ศาลา,เกาะคา,ลำปาง
2022-03-17,4.43,Ban Krariang Tung Phrao,น้ำแม่สรวย,วาวี,แม่สรวย,เชียงราย
2022-03-17,-3.115416667,Ban Lai Kaeo,น้ำแม่ลี้,ศรีเตี้ย,บ้านโฮ่ง,ลำพูน
2022-03-17,6.53,Ban Luang,น้ำแม่ตื่น,ยางเปียง,อมก๋อย,เชียงใหม่
2022-03-17,3.9,Ban Luang Nuea,น้ำงาว,หลวงใต้,งาว,ลำปาง
2022-03-17,6.58875,Ban Mae E Hi,น้ำแม่ลี้,ศรีวิชัย,ลี้,ลำพูน
2022-03-17,4.89,Ban Mae Kha Bridge,น้ำฝาง,แม่ข่า,ฝาง,เชียงใหม่
2022-03-17,5.28,Ban Mae Khom Mi Tamnak Tham,น้ำแม่คำมี,ตำหนักธรรม,หนองม่วงไข่,แพร่
2022-03-17,5.92,Ban Mae Lai,น้ำแม่หล่าย,แม่หล่าย,เมือง,แพร่
2022-03-17,1.83375,Ban Mae Tae,แม่น้ำปิง,แม่แฝกเก่า,สันทราย,เชียงใหม่
2022-03-17,2.4,Ban Mae Taeng,แม่น้ำแตง,สันมหาพล,แม่แตง,เชียงใหม่
2022-03-17,3.42,Ban Mae Wan,น้ำแม่กวง,ป่าเมี่ยง,ดอยสะเก็ด,เชียงใหม่
2022-03-17,5.08,Ban Mai Rim Fang,น้ำฝาง,เวียงฝาง,ฝาง,เชียงใหม่
2022-03-17,7.080416667,Ban Mang,น้ำปี้,มาง,เชียงม่วน,พะเยา
2022-03-17,5.63,Ban Muang Pok,น้ำแม่แตง,เปียงหลวง,เวียงแหง,เชียงใหม่
2022-03-17,4.182916667,Ban Mueang Kuet,น้ำแม่แตง,กึ๊ดช้าง,แม่แตง,เชียงใหม่
2022-03-17,2.233333333,Ban Mueang Mai,ห้วยแม่ต๋า,เมืองมาย,แจ้ห่ม,ลำปาง
2022-03-17,4.372916667,Ban Mueang Pha,น้ำแม่ริม,ริมเหนือ,แม่ริม,เชียงใหม่
2022-03-17,8.22,Ban Nam Khong,แม่น้ำยม,ป่าแมต,เมือง,แพร่
2022-03-17,5.901666667,Ban Nam Yao,น้ำยาว,อวน,ปัว,น่าน
2022-03-17,1.776666667,Ban Nong Naw,น้ำแม่สอย,แจ้ห่ม,แจ้ห่ม,ลำปาง
2022-03-17,3.839166667,Ban Nong Pham,น้ำแม่ลาว,แม่สรวย,แม่สรวย,เชียงราย
2022-03-17,7.006666667,Ban Pa Kha,น้ำควร,ควร,ปง,พะเยา
2022-03-17,7.644166667,Ban Pa Khoi Tai,แม่น้ำปิง,สันผีเสื้อ,เมือง,เชียงใหม่
2022-03-17,4.75,Ban Pa Sang,น้ำแม่ทา,ป่าซาง,ป่าซาง,ลำพูน
2022-03-17,5.500416667,Ban Pang Sa,ห้วยน้ำยาว,ผาทอง,ท่าวังผา,น่าน
2022-03-17,10.23541667,Ban Pha Khwang,แม่น้ำน่าน,บ่อ,เมือง,น่าน
2022-03-17,6.435,Ban Phai Ngarm,แม่น้ำน่าน,ส้าน,เวียงสา,น่าน
2022-03-17,4.2,Ban Phan Ton,น้ำแม่วาง,ทุ่งปี้,แม่วาง,เชียงใหม่
2022-03-17,4.8,Ban Phi Tai,น้ำปี้,บ้านพี้,บ้านหลวง,น่าน
2022-03-17,6.624583333,Ban Pong,น้ำแม่กวง,บวกค้าง,สันกำแพง,เชียงใหม่
2022-03-17,4.896666667,Ban Pong,ห้วยโป่ง,บ้านโป่ง,งาว,ลำปาง
2022-03-17,4.07,Ban Rong Kho,แม่น้ำวัง,ร่องเคาะ,วังเหนือ,ลำปาง
2022-03-17,3.05,Ban Saluang Nok,น้ำแม่ริม,สลวง,แม่ริม,เชียงใหม่
2022-03-17,4.28,Ban San Pu Loei,น้ำแม่ขอด,โหล่งขอด,พร้าว,เชียงใหม่
2022-03-17,4.15,Ban Singpotin,น้ำแม่ลาย,ป่าเมี่ยง,ดอยสะเก็ด,เชียงใหม่
2022-03-17,9.66,Ban Sob Soi,แม่น้ำปิง,แม่สอย,จอมทอง,เชียงใหม่
2022-03-17,5.42,Ban Sop Mae Sapoot,แม่น้ำแม่ทา,ทาสบเส้า,แม่ทา,ลำพูน
2022-03-17,7.68,Ban Sop Pae,แม่น้ำปิง,สบแปะ,จอมทอง,เชียงใหม่
2022-03-17,5.563333333,Ban Sop Prap,แม่น้ำวัง,สบปราบ,สบปราบ,ลำปาง
2022-03-17,5.9,Ban Sop Tam,น้ำแม่ต่ำ,เกาะคา,เกาะคา,ลำปาง
2022-03-17,4.347083333,Ban Sop Win,น้ำแม่วาง,แม่วิน,แม่วาง,เชียงใหม่
2022-03-17,5.973333333,Ban Tha Duea,แม่น้ำวัง,พิชัย,เมือง,ลำปาง
2022-03-17,5.246666667,Ban Tha Lo,น้ำแม่ตุ๋ย,บ่อแฮ้ว,เมือง,ลำปาง
2022-03-17,3.7,Ban Tha Pong Daeng,น้ำปาย,ผาบ่อง,เมือง,แม่ฮ่องสอน
2022-03-17,6.759583333,Ban Thung Nong,แม่น้ำยม,สระ,เชียงม่วน,พะเยา
2022-03-17,3.633333333,Ban Ton Yang,น้ำแม่ลาว,บัวสลี,แม่ลาว,เชียงราย
2022-03-17,12.9475,Ban Wang Chin,แม่น้ำยม,วังชิ้น,วังชิ้น,แพร่
2022-03-17,4.7725,Chedingam,น้ำอิง,ท่าวังทอง,เมือง,พะเยา
2022-03-17,6.912916667,In front of the Forestry Office,แม่น้ำน่าน,ในเวียง,เมือง,น่าน
2022-03-17,5.16,Mae Kham Lak Chet,น้ำแม่คำ,ศรีค้ำ,แม่จัน,เชียงราย
2022-03-17,1.86,Nam Mae Chaem,น้ำแม่แจ่ม,บ้านท่าข้าม,จอมทอง,เชียงใหม่
2022-03-17,4.91625,Nawarat Bridge,แม่น้ำปิง,วัดเกต,เมือง,เชียงใหม่
2022-03-17,4.35,Pracha Uthit Bridge,น้ำแม่กลาง,บ้านหลวง,จอมทอง,เชียงใหม่
2022-03-17,5.5,Romklao Cooperative House,น้ำแม่งัด,แม่แวน,พร้าว,เชียงใหม่
2022-03-17,4.05,Saphan Ban Khay,น้ำฝาง,แม่นาวาง,แม่อาย,เชียงใหม่
2022-03-17,4.755,Setuwaree Bridge,แม้น้ำวัง,เวียงเหนือ,เมือง,ลำปาง
2022-03-17,11.26125,Tha Li Bridge,น้ำว้า,ขึ่ง,เวียงสา,น่าน
2022-03-17,8.075416667,Tha Nang Bridge,น้ำแม่กวง,ในเมือง,เมือง,ลำพูน
2022-03-17,3.53,Wang Phrao,น้ำแม่จาง,วังพร้าว,เกาะคา,ลำปาง
2022-03-18,2.775833333,Ban Chiang Dao,แม่น้ำปิง,เชียงดาว,เชียงดาว,เชียงใหม่
2022-03-18,3.420416667,Ban Chor Lae,แม่น้ำปิง,ช่อแล,แม่แตง,เชียงใหม่
2022-03-18,3.993333333,Ban Don Chai,แม่น้ำวัง,ล้อมแรด,เถิน,ลำปาง
2022-03-18,7.851666667,Ban Don Mun,แม่น้ำวัง,บ้านแลง,เมือง,ลำปาง
2022-03-18,3.993333333,Ban Don Sali,น้ำแม่ลาว,ป่าแดด,แม่สรวย,เชียงราย
2022-03-18,5.143333333,Ban Hai,แม่น้ำวัง,ปงดอน,แจ้ห่ม,ลำปาง
2022-03-18,2.76,Ban Hong,น้ำแม่ออน,ร้องวัวแดง,สันกำแพง,เชียงใหม่
2022-03-18,2.6,Ban Hua Sapan,น้ำแม่จัน,ป่าซาง,แม่จัน,เชียงราย
2022-03-18,5.06,Ban Huai Pa Sang,น้ำแม่แตง,กึ๊ดช้าง,แม่แตง,เชียงใหม่
2022-03-18,9.787083333,Ban Huai Sak,แม่น้ำยม,เตาปูน,สอง,แพร่
2022-03-18,5.99625,Ban Klang,น้ำแม่ขาน,บ้านกลาง,สันป่าตอง,เชียงใหม่
2022-03-18,3.25,Ban Ko Kha,แม่น้ำวัง,ศาลา,เกาะคา,ลำปาง
2022-03-18,4.43,Ban Krariang Tung Phrao,น้ำแม่สรวย,วาวี,แม่สรวย,เชียงราย
2022-03-18,-1.755,Ban Lai Kaeo,น้ำแม่ลี้,ศรีเตี้ย,บ้านโฮ่ง,ลำพูน
2022-03-18,6.51,Ban Luang,น้ำแม่ตื่น,ยางเปียง,อมก๋อย,เชียงใหม่
2022-03-18,3.89,Ban Luang Nuea,น้ำงาว,หลวงใต้,งาว,ลำปาง
2022-03-18,6.58625,Ban Mae E Hi,น้ำแม่ลี้,ศรีวิชัย,ลี้,ลำพูน
2022-03-18,4.89,Ban Mae Kha Bridge,น้ำฝาง,แม่ข่า,ฝาง,เชียงใหม่
2022-03-18,5.27,Ban Mae Khom Mi Tamnak Tham,น้ำแม่คำมี,ตำหนักธรรม,หนองม่วงไข่,แพร่
2022-03-18,5.92,Ban Mae Lai,น้ำแม่หล่าย,แม่หล่าย,เมือง,แพร่
2022-03-18,1.83,Ban Mae Tae,แม่น้ำปิง,แม่แฝกเก่า,สันทราย,เชียงใหม่
2022-03-18,2.4,Ban Mae Taeng,แม่น้ำแตง,สันมหาพล,แม่แตง,เชียงใหม่
2022-03-18,3.43,Ban Mae Wan,น้ำแม่กวง,ป่าเมี่ยง,ดอยสะเก็ด,เชียงใหม่
2022-03-18,5.1,Ban Mai Rim Fang,น้ำฝาง,เวียงฝาง,ฝาง,เชียงใหม่
2022-03-18,7.1125,Ban Mang,น้ำปี้,มาง,เชียงม่วน,พะเยา
2022-03-18,5.63,Ban Muang Pok,น้ำแม่แตง,เปียงหลวง,เวียงแหง,เชียงใหม่
2022-03-18,4.187916667,Ban Mueang Kuet,น้ำแม่แตง,กึ๊ดช้าง,แม่แตง,เชียงใหม่
2022-03-18,2.25,Ban Mueang Mai,ห้วยแม่ต๋า,เมืองมาย,แจ้ห่ม,ลำปาง
2022-03-18,4.36375,Ban Mueang Pha,น้ำแม่ริม,ริมเหนือ,แม่ริม,เชียงใหม่
2022-03-18,8.372916667,Ban Nam Khong,แม่น้ำยม,ป่าแมต,เมือง,แพร่
2022-03-18,5.979166667,Ban Nam Yao,น้ำยาว,อวน,ปัว,น่าน
2022-03-18,1.902916667,Ban Nong Naw,น้ำแม่สอย,แจ้ห่ม,แจ้ห่ม,ลำปาง
2022-03-18,3.78625,Ban Nong Pham,น้ำแม่ลาว,แม่สรวย,แม่สรวย,เชียงราย
2022-03-18,7.113333333,Ban Pa Kha,น้ำควร,ควร,ปง,พะเยา
2022-03-18,7.583333333,Ban Pa Khoi Tai,แม่น้ำปิง,สันผีเสื้อ,เมือง,เชียงใหม่
2022-03-18,4.75,Ban Pa Sang,น้ำแม่ทา,ป่าซาง,ป่าซาง,ลำพูน
2022-03-18,5.53375,Ban Pang Sa,ห้วยน้ำยาว,ผาทอง,ท่าวังผา,น่าน
2022-03-18,10.385,Ban Pha Khwang,แม่น้ำน่าน,บ่อ,เมือง,น่าน
2022-03-18,6.53375,Ban Phai Ngarm,แม่น้ำน่าน,ส้าน,เวียงสา,น่าน
2022-03-18,4.199583333,Ban Phan Ton,น้ำแม่วาง,ทุ่งปี้,แม่วาง,เชียงใหม่
2022-03-18,4.8,Ban Phi Tai,น้ำปี้,บ้านพี้,บ้านหลวง,น่าน
2022-03-18,6.6,Ban Pong,น้ำแม่กวง,บวกค้าง,สันกำแพง,เชียงใหม่
2022-03-18,4.95,Ban Pong,ห้วยโป่ง,บ้านโป่ง,งาว,ลำปาง
2022-03-18,4.07,Ban Rong Kho,แม่น้ำวัง,ร่องเคาะ,วังเหนือ,ลำปาง
2022-03-18,3.05,Ban Saluang Nok,น้ำแม่ริม,สลวง,แม่ริม,เชียงใหม่
2022-03-18,4.28,Ban San Pu Loei,น้ำแม่ขอด,โหล่งขอด,พร้าว,เชียงใหม่
2022-03-18,4.15,Ban Singpotin,น้ำแม่ลาย,ป่าเมี่ยง,ดอยสะเก็ด,เชียงใหม่
2022-03-18,9.66,Ban Sob Soi,แม่น้ำปิง,แม่สอย,จอมทอง,เชียงใหม่
2022-03-18,5.42,Ban Sop Mae Sapoot,แม่น้ำแม่ทา,ทาสบเส้า,แม่ทา,ลำพูน
2022-03-18,7.6,Ban Sop Pae,แม่น้ำปิง,สบแปะ,จอมทอง,เชียงใหม่
2022-03-18,5.576666667,Ban Sop Prap,แม่น้ำวัง,สบปราบ,สบปราบ,ลำปาง
2022-03-18,5.9,Ban Sop Tam,น้ำแม่ต่ำ,เกาะคา,เกาะคา,ลำปาง
2022-03-18,4.35875,Ban Sop Win,น้ำแม่วาง,แม่วิน,แม่วาง,เชียงใหม่
2022-03-18,5.986666667,Ban Tha Duea,แม่น้ำวัง,พิชัย,เมือง,ลำปาง
2022-03-18,5.203333333,Ban Tha Lo,น้ำแม่ตุ๋ย,บ่อแฮ้ว,เมือง,ลำปาง
2022-03-18,3.7,Ban Tha Pong Daeng,น้ำปาย,ผาบ่อง,เมือง,แม่ฮ่องสอน
2022-03-18,7.020416667,Ban Thung Nong,แม่น้ำยม,สระ,เชียงม่วน,พะเยา
2022-03-18,3.715,Ban Ton Yang,น้ำแม่ลาว,บัวสลี,แม่ลาว,เชียงราย
2022-03-18,12.93666667,Ban Wang Chin,แม่น้ำยม,วังชิ้น,วังชิ้น,แพร่
2022-03-18,4.78,Chedingam,น้ำอิง,ท่าวังทอง,เมือง,พะเยา
2022-03-18,7.03,In front of the Forestry Office,แม่น้ำน่าน,ในเวียง,เมือง,น่าน
2022-03-18,5.16,Mae Kham Lak Chet,น้ำแม่คำ,ศรีค้ำ,แม่จัน,เชียงราย
2022-03-18,1.86,Nam Mae Chaem,น้ำแม่แจ่ม,บ้านท่าข้าม,จอมทอง,เชียงใหม่
2022-03-18,4.853333333,Nawarat Bridge,แม่น้ำปิง,วัดเกต,เมือง,เชียงใหม่
2022-03-18,4.306666667,Pracha Uthit Bridge,น้ำแม่กลาง,บ้านหลวง,จอมทอง,เชียงใหม่
2022-03-18,5.5,Romklao Cooperative House,น้ำแม่งัด,แม่แวน,พร้าว,เชียงใหม่
2022-03-18,4.03,Saphan Ban Khay,น้ำฝาง,แม่นาวาง,แม่อาย,เชียงใหม่
2022-03-18,4.753333333,Setuwaree Bridge,แม้น้ำวัง,เวียงเหนือ,เมือง,ลำปาง
2022-03-18,11.33625,Tha Li Bridge,น้ำว้า,ขึ่ง,เวียงสา,น่าน
2022-03-18,7.945416667,Tha Nang Bridge,น้ำแม่กวง,ในเมือง,เมือง,ลำพูน
2022-03-18,3.53,Wang Phrao,น้ำแม่จาง,วังพร้าว,เกาะคา,ลำปาง
2022-03-19,2.797916667,Ban Chiang Dao,แม่น้ำปิง,เชียงดาว,เชียงดาว,เชียงใหม่
2022-03-19,3.55375,Ban Chor Lae,แม่น้ำปิง,ช่อแล,แม่แตง,เชียงใหม่
2022-03-19,4.002083333,Ban Don Chai,แม่น้ำวัง,ล้อมแรด,เถิน,ลำปาง
2022-03-19,7.835,Ban Don Mun,แม่น้ำวัง,บ้านแลง,เมือง,ลำปาง
2022-03-19,4.026666667,Ban Don Sali,น้ำแม่ลาว,ป่าแดด,แม่สรวย,เชียงราย
2022-03-19,5.1175,Ban Hai,แม่น้ำวัง,ปงดอน,แจ้ห่ม,ลำปาง
2022-03-19,2.76,Ban Hong,น้ำแม่ออน,ร้องวัวแดง,สันกำแพง,เชียงใหม่
2022-03-19,2.6,Ban Hua Sapan,น้ำแม่จัน,ป่าซาง,แม่จัน,เชียงราย
2022-03-19,5.1,Ban Huai Pa Sang,น้ำแม่แตง,กึ๊ดช้าง,แม่แตง,เชียงใหม่
2022-03-19,9.87625,Ban Huai Sak,แม่น้ำยม,เตาปูน,สอง,แพร่
2022-03-19,5.97,Ban Klang,น้ำแม่ขาน,บ้านกลาง,สันป่าตอง,เชียงใหม่
2022-03-19,3.25,Ban Ko Kha,แม่น้ำวัง,ศาลา,เกาะคา,ลำปาง
2022-03-19,4.43,Ban Krariang Tung Phrao,น้ำแม่สรวย,วาวี,แม่สรวย,เชียงราย
2022-03-19,-3.16,Ban Lai Kaeo,น้ำแม่ลี้,ศรีเตี้ย,บ้านโฮ่ง,ลำพูน
2022-03-19,6.51,Ban Luang,น้ำแม่ตื่น,ยางเปียง,อมก๋อย,เชียงใหม่
2022-03-19,3.9,Ban Luang Nuea,น้ำงาว,หลวงใต้,งาว,ลำปาง
2022-03-19,6.590833333,Ban Mae E Hi,น้ำแม่ลี้,ศรีวิชัย,ลี้,ลำพูน
2022-03-19,4.95,Ban Mae Kha Bridge,น้ำฝาง,แม่ข่า,ฝาง,เชียงใหม่
2022-03-19,5.27,Ban Mae Khom Mi Tamnak Tham,น้ำแม่คำมี,ตำหนักธรรม,หนองม่วงไข่,แพร่
2022-03-19,5.92,Ban Mae Lai,น้ำแม่หล่าย,แม่หล่าย,เมือง,แพร่
2022-03-19,2.185833333,Ban Mae Tae,แม่น้ำปิง,แม่แฝกเก่า,สันทราย,เชียงใหม่
2022-03-19,2.42,Ban Mae Taeng,แม่น้ำแตง,สันมหาพล,แม่แตง,เชียงใหม่
2022-03-19,3.43,Ban Mae Wan,น้ำแม่กวง,ป่าเมี่ยง,ดอยสะเก็ด,เชียงใหม่
2022-03-19,5.1,Ban Mai Rim Fang,น้ำฝาง,เวียงฝาง,ฝาง,เชียงใหม่
2022-03-19,7.115416667,Ban Mang,น้ำปี้,มาง,เชียงม่วน,พะเยา
2022-03-19,5.67,Ban Muang Pok,น้ำแม่แตง,เปียงหลวง,เวียงแหง,เชียงใหม่
2022-03-19,4.172083333,Ban Mueang Kuet,น้ำแม่แตง,กึ๊ดช้าง,แม่แตง,เชียงใหม่
2022-03-19,2.26,Ban Mueang Mai,ห้วยแม่ต๋า,เมืองมาย,แจ้ห่ม,ลำปาง
2022-03-19,4.354583333,Ban Mueang Pha,น้ำแม่ริม,ริมเหนือ,แม่ริม,เชียงใหม่
2022-03-19,8.91125,Ban Nam Khong,แม่น้ำยม,ป่าแมต,เมือง,แพร่
2022-03-19,5.901666667,Ban Nam Yao,น้ำยาว,อวน,ปัว,น่าน
2022-03-19,1.877083333,Ban Nong Naw,น้ำแม่สอย,แจ้ห่ม,แจ้ห่ม,ลำปาง
2022-03-19,3.912916667,Ban Nong Pham,น้ำแม่ลาว,แม่สรวย,แม่สรวย,เชียงราย
2022-03-19,7.05,Ban Pa Kha,น้ำควร,ควร,ปง,พะเยา
2022-03-19,7.660833333,Ban Pa Khoi Tai,แม่น้ำปิง,สันผีเสื้อ,เมือง,เชียงใหม่
2022-03-19,4.75,Ban Pa Sang,น้ำแม่ทา,ป่าซาง,ป่าซาง,ลำพูน
2022-03-19,5.505416667,Ban Pang Sa,ห้วยน้ำยาว,ผาทอง,ท่าวังผา,น่าน
2022-03-19,10.45333333,Ban Pha Khwang,แม่น้ำน่าน,บ่อ,เมือง,น่าน
2022-03-19,6.68375,Ban Phai Ngarm,แม่น้ำน่าน,ส้าน,เวียงสา,น่าน
2022-03-19,4.199166667,Ban Phan Ton,น้ำแม่วาง,ทุ่งปี้,แม่วาง,เชียงใหม่
2022-03-19,4.8,Ban Phi Tai,น้ำปี้,บ้านพี้,บ้านหลวง,น่าน
2022-03-19,6.6,Ban Pong,น้ำแม่กวง,บวกค้าง,สันกำแพง,เชียงใหม่
2022-03-19,4.826666667,Ban Pong,ห้วยโป่ง,บ้านโป่ง,งาว,ลำปาง
2022-03-19,4.07,Ban Rong Kho,แม่น้ำวัง,ร่องเคาะ,วังเหนือ,ลำปาง
2022-03-19,3.05,Ban Saluang Nok,น้ำแม่ริม,สลวง,แม่ริม,เชียงใหม่
2022-03-19,4.28,Ban San Pu Loei,น้ำแม่ขอด,โหล่งขอด,พร้าว,เชียงใหม่
2022-03-19,4.15,Ban Singpotin,น้ำแม่ลาย,ป่าเมี่ยง,ดอยสะเก็ด,เชียงใหม่
2022-03-19,9.64,Ban Sob Soi,แม่น้ำปิง,แม่สอย,จอมทอง,เชียงใหม่
2022-03-19,5.420416667,Ban Sop Mae Sapoot,แม่น้ำแม่ทา,ทาสบเส้า,แม่ทา,ลำพูน
2022-03-19,7.68,Ban Sop Pae,แม่น้ำปิง,สบแปะ,จอมทอง,เชียงใหม่
2022-03-19,5.58,Ban Sop Prap,แม่น้ำวัง,สบปราบ,สบปราบ,ลำปาง
2022-03-19,5.9,Ban Sop Tam,น้ำแม่ต่ำ,เกาะคา,เกาะคา,ลำปาง
2022-03-19,4.354166667,Ban Sop Win,น้ำแม่วาง,แม่วิน,แม่วาง,เชียงใหม่
2022-03-19,5.986666667,Ban Tha Duea,แม่น้ำวัง,พิชัย,เมือง,ลำปาง
2022-03-19,5.18,Ban Tha Lo,น้ำแม่ตุ๋ย,บ่อแฮ้ว,เมือง,ลำปาง
2022-03-19,3.71,Ban Tha Pong Daeng,น้ำปาย,ผาบ่อง,เมือง,แม่ฮ่องสอน
2022-03-19,7.039166667,Ban Thung Nong,แม่น้ำยม,สระ,เชียงม่วน,พะเยา
2022-03-19,3.803333333,Ban Ton Yang,น้ำแม่ลาว,บัวสลี,แม่ลาว,เชียงราย
2022-03-19,12.9125,Ban Wang Chin,แม่น้ำยม,วังชิ้น,วังชิ้น,แพร่
2022-03-19,4.78,Chedingam,น้ำอิง,ท่าวังทอง,เมือง,พะเยา
2022-03-19,6.98625,In front of the Forestry Office,แม่น้ำน่าน,ในเวียง,เมือง,น่าน
2022-03-19,5.16,Mae Kham Lak Chet,น้ำแม่คำ,ศรีค้ำ,แม่จัน,เชียงราย
2022-03-19,1.86,Nam Mae Chaem,น้ำแม่แจ่ม,บ้านท่าข้าม,จอมทอง,เชียงใหม่
2022-03-19,4.90125,Nawarat Bridge,แม่น้ำปิง,วัดเกต,เมือง,เชียงใหม่
2022-03-19,4.29125,Pracha Uthit Bridge,น้ำแม่กลาง,บ้านหลวง,จอมทอง,เชียงใหม่
2022-03-19,5.5,Romklao Cooperative House,น้ำแม่งัด,แม่แวน,พร้าว,เชียงใหม่
2022-03-19,4.08,Saphan Ban Khay,น้ำฝาง,แม่นาวาง,แม่อาย,เชียงใหม่
2022-03-19,4.751666667,Setuwaree Bridge,แม้น้ำวัง,เวียงเหนือ,เมือง,ลำปาง
2022-03-19,11.4275,Tha Li Bridge,น้ำว้า,ขึ่ง,เวียงสา,น่าน
2022-03-19,7.802916667,Tha Nang Bridge,น้ำแม่กวง,ในเมือง,เมือง,ลำพูน
2022-03-19,3.54,Wang Phrao,น้ำแม่จาง,วังพร้าว,เกาะคา,ลำปาง
2022-03-20,2.804583333,Ban Chiang Dao,แม่น้ำปิง,เชียงดาว,เชียงดาว,เชียงใหม่
2022-03-20,3.349166667,Ban Chor Lae,แม่น้ำปิง,ช่อแล,แม่แตง,เชียงใหม่
2022-03-20,3.98875,Ban Don Chai,แม่น้ำวัง,ล้อมแรด,เถิน,ลำปาง
2022-03-20,7.839791667,Ban Don Mun,แม่น้ำวัง,บ้านแลง,เมือง,ลำปาง
2022-03-20,3.91,Ban Don Sali,น้ำแม่ลาว,ป่าแดด,แม่สรวย,เชียงราย
2022-03-20,5.1,Ban Hai,แม่น้ำวัง,ปงดอน,แจ้ห่ม,ลำปาง
2022-03-20,2.76,Ban Hong,น้ำแม่ออน,ร้องวัวแดง,สันกำแพง,เชียงใหม่
2022-03-20,2.617916667,Ban Hua Sapan,น้ำแม่จัน,ป่าซาง,แม่จัน,เชียงราย
2022-03-20,5.1,Ban Huai Pa Sang,น้ำแม่แตง,กึ๊ดช้าง,แม่แตง,เชียงใหม่
2022-03-20,9.93,Ban Huai Sak,แม่น้ำยม,เตาปูน,สอง,แพร่
2022-03-20,5.95375,Ban Klang,น้ำแม่ขาน,บ้านกลาง,สันป่าตอง,เชียงใหม่
2022-03-20,4.43,Ban Krariang Tung Phrao,น้ำแม่สรวย,วาวี,แม่สรวย,เชียงราย
2022-03-20,-3.16,Ban Lai Kaeo,น้ำแม่ลี้,ศรีเตี้ย,บ้านโฮ่ง,ลำพูน
2022-03-20,6.5,Ban Luang,น้ำแม่ตื่น,ยางเปียง,อมก๋อย,เชียงใหม่
2022-03-20,3.9,Ban Luang Nuea,น้ำงาว,หลวงใต้,งาว,ลำปาง
2022-03-20,6.596666667,Ban Mae E Hi,น้ำแม่ลี้,ศรีวิชัย,ลี้,ลำพูน
2022-03-20,4.95,Ban Mae Kha Bridge,น้ำฝาง,แม่ข่า,ฝาง,เชียงใหม่
2022-03-20,5.27,Ban Mae Khom Mi Tamnak Tham,น้ำแม่คำมี,ตำหนักธรรม,หนองม่วงไข่,แพร่
2022-03-20,5.9225,Ban Mae Lai,น้ำแม่หล่าย,แม่หล่าย,เมือง,แพร่
2022-03-20,2.094166667,Ban Mae Tae,แม่น้ำปิง,แม่แฝกเก่า,สันทราย,เชียงใหม่
2022-03-20,2.42,Ban Mae Taeng,แม่น้ำแตง,สันมหาพล,แม่แตง,เชียงใหม่
2022-03-20,3.43,Ban Mae Wan,น้ำแม่กวง,ป่าเมี่ยง,ดอยสะเก็ด,เชียงใหม่
2022-03-20,5.08,Ban Mai Rim Fang,น้ำฝาง,เวียงฝาง,ฝาง,เชียงใหม่
2022-03-20,7.140833333,Ban Mang,น้ำปี้,มาง,เชียงม่วน,พะเยา
2022-03-20,5.61,Ban Muang Pok,น้ำแม่แตง,เปียงหลวง,เวียงแหง,เชียงใหม่
2022-03-20,4.14125,Ban Mueang Kuet,น้ำแม่แตง,กึ๊ดช้าง,แม่แตง,เชียงใหม่
2022-03-20,2.31,Ban Mueang Mai,ห้วยแม่ต๋า,เมืองมาย,แจ้ห่ม,ลำปาง
2022-03-20,4.340416667,Ban Mueang Pha,น้ำแม่ริม,ริมเหนือ,แม่ริม,เชียงใหม่
2022-03-20,8.977916667,Ban Nam Khong,แม่น้ำยม,ป่าแมต,เมือง,แพร่
2022-03-20,5.881666667,Ban Nam Yao,น้ำยาว,อวน,ปัว,น่าน
2022-03-20,1.820416667,Ban Nong Naw,น้ำแม่สอย,แจ้ห่ม,แจ้ห่ม,ลำปาง
2022-03-20,3.844583333,Ban Nong Pham,น้ำแม่ลาว,แม่สรวย,แม่สรวย,เชียงราย
2022-03-20,6.97,Ban Pa Kha,น้ำควร,ควร,ปง,พะเยา
2022-03-20,7.9225,Ban Pa Khoi Tai,แม่น้ำปิง,สันผีเสื้อ,เมือง,เชียงใหม่
2022-03-20,4.75,Ban Pa Sang,น้ำแม่ทา,ป่าซาง,ป่าซาง,ลำพูน
2022-03-20,5.488333333,Ban Pang Sa,ห้วยน้ำยาว,ผาทอง,ท่าวังผา,น่าน
2022-03-20,10.30208333,Ban Pha Khwang,แม่น้ำน่าน,บ่อ,เมือง,น่าน
2022-03-20,6.615,Ban Phai Ngarm,แม่น้ำน่าน,ส้าน,เวียงสา,น่าน
2022-03-20,4.2,Ban Phan Ton,น้ำแม่วาง,ทุ่งปี้,แม่วาง,เชียงใหม่
2022-03-20,4.8,Ban Phi Tai,น้ำปี้,บ้านพี้,บ้านหลวง,น่าน
2022-03-20,6.6,Ban Pong,น้ำแม่กวง,บวกค้าง,สันกำแพง,เชียงใหม่
2022-03-20,4.843333333,Ban Pong,ห้วยโป่ง,บ้านโป่ง,งาว,ลำปาง
2022-03-20,4.08,Ban Rong Kho,แม่น้ำวัง,ร่องเคาะ,วังเหนือ,ลำปาง
2022-03-20,3.05,Ban Saluang Nok,น้ำแม่ริม,สลวง,แม่ริม,เชียงใหม่
2022-03-20,4.28,Ban San Pu Loei,น้ำแม่ขอด,โหล่งขอด,พร้าว,เชียงใหม่
2022-03-20,4.15,Ban Singpotin,น้ำแม่ลาย,ป่าเมี่ยง,ดอยสะเก็ด,เชียงใหม่
2022-03-20,9.66,Ban Sob Soi,แม่น้ำปิง,แม่สอย,จอมทอง,เชียงใหม่
2022-03-20,5.42,Ban Sop Mae Sapoot,แม่น้ำแม่ทา,ทาสบเส้า,แม่ทา,ลำพูน
2022-03-20,7.69,Ban Sop Pae,แม่น้ำปิง,สบแปะ,จอมทอง,เชียงใหม่
2022-03-20,5.573333333,Ban Sop Prap,แม่น้ำวัง,สบปราบ,สบปราบ,ลำปาง
2022-03-20,5.9,Ban Sop Tam,น้ำแม่ต่ำ,เกาะคา,เกาะคา,ลำปาง
2022-03-20,4.344166667,Ban Sop Win,น้ำแม่วาง,แม่วิน,แม่วาง,เชียงใหม่
2022-03-20,6.023333333,Ban Tha Duea,แม่น้ำวัง,พิชัย,เมือง,ลำปาง
2022-03-20,5.18,Ban Tha Lo,น้ำแม่ตุ๋ย,บ่อแฮ้ว,เมือง,ลำปาง
2022-03-20,3.71,Ban Tha Pong Daeng,น้ำปาย,ผาบ่อง,เมือง,แม่ฮ่องสอน
2022-03-20,6.900833333,Ban Thung Nong,แม่น้ำยม,สระ,เชียงม่วน,พะเยา
2022-03-20,3.743333333,Ban Ton Yang,น้ำแม่ลาว,บัวสลี,แม่ลาว,เชียงราย
2022-03-20,12.86416667,Ban Wang Chin,แม่น้ำยม,วังชิ้น,วังชิ้น,แพร่
2022-03-20,4.78,Chedingam,น้ำอิง,ท่าวังทอง,เมือง,พะเยา
2022-03-20,6.960416667,In front of the Forestry Office,แม่น้ำน่าน,ในเวียง,เมือง,น่าน
2022-03-20,5.15,Mae Kham Lak Chet,น้ำแม่คำ,ศรีค้ำ,แม่จัน,เชียงราย
2022-03-20,1.86,Nam Mae Chaem,น้ำแม่แจ่ม,บ้านท่าข้าม,จอมทอง,เชียงใหม่
2022-03-20,5.1425,Nawarat Bridge,แม่น้ำปิง,วัดเกต,เมือง,เชียงใหม่
2022-03-20,4.295416667,Pracha Uthit Bridge,น้ำแม่กลาง,บ้านหลวง,จอมทอง,เชียงใหม่
2022-03-20,5.5,Romklao Cooperative House,น้ำแม่งัด,แม่แวน,พร้าว,เชียงใหม่
2022-03-20,4.07,Saphan Ban Khay,น้ำฝาง,แม่นาวาง,แม่อาย,เชียงใหม่
2022-03-20,4.76125,Setuwaree Bridge,แม้น้ำวัง,เวียงเหนือ,เมือง,ลำปาง
2022-03-20,11.43375,Tha Li Bridge,น้ำว้า,ขึ่ง,เวียงสา,น่าน
2022-03-20,7.685,Tha Nang Bridge,น้ำแม่กวง,ในเมือง,เมือง,ลำพูน
2022-03-20,3.54,Wang Phrao,น้ำแม่จาง,วังพร้าว,เกาะคา,ลำปาง
2022-03-21,2.806666667,Ban Chiang Dao,แม่น้ำปิง,เชียงดาว,เชียงดาว,เชียงใหม่
2022-03-21,3.195416667,Ban Chor Lae,แม่น้ำปิง,ช่อแล,แม่แตง,เชียงใหม่
2022-03-21,3.9975,Ban Don Chai,แม่น้ำวัง,ล้อมแรด,เถิน,ลำปาง
2022-03-21,8.015208333,Ban Don Mun,แม่น้ำวัง,บ้านแลง,เมือง,ลำปาง
2022-03-21,3.89,Ban Don Sali,น้ำแม่ลาว,ป่าแดด,แม่สรวย,เชียงราย
2022-03-21,5.09,Ban Hai,แม่น้ำวัง,ปงดอน,แจ้ห่ม,ลำปาง
2022-03-21,2.76,Ban Hong,น้ำแม่ออน,ร้องวัวแดง,สันกำแพง,เชียงใหม่
2022-03-21,2.62,Ban Hua Sapan,น้ำแม่จัน,ป่าซาง,แม่จัน,เชียงราย
2022-03-21,5.1,Ban Huai Pa Sang,น้ำแม่แตง,กึ๊ดช้าง,แม่แตง,เชียงใหม่
2022-03-21,9.83125,Ban Huai Sak,แม่น้ำยม,เตาปูน,สอง,แพร่
2022-03-21,5.930416667,Ban Klang,น้ำแม่ขาน,บ้านกลาง,สันป่าตอง,เชียงใหม่
2022-03-21,3.243333333,Ban Ko Kha,แม่น้ำวัง,ศาลา,เกาะคา,ลำปาง
2022-03-21,4.43,Ban Krariang Tung Phrao,น้ำแม่สรวย,วาวี,แม่สรวย,เชียงราย
2022-03-21,-3.158333333,Ban Lai Kaeo,น้ำแม่ลี้,ศรีเตี้ย,บ้านโฮ่ง,ลำพูน
2022-03-21,6.63,Ban Luang,น้ำแม่ตื่น,ยางเปียง,อมก๋อย,เชียงใหม่
2022-03-21,3.9,Ban Luang Nuea,น้ำงาว,หลวงใต้,งาว,ลำปาง
2022-03-21,6.65875,Ban Mae E Hi,น้ำแม่ลี้,ศรีวิชัย,ลี้,ลำพูน
2022-03-21,4.88,Ban Mae Kha Bridge,น้ำฝาง,แม่ข่า,ฝาง,เชียงใหม่
2022-03-21,5.25,Ban Mae Khom Mi Tamnak Tham,น้ำแม่คำมี,ตำหนักธรรม,หนองม่วงไข่,แพร่
2022-03-21,5.936666667,Ban Mae Lai,น้ำแม่หล่าย,แม่หล่าย,เมือง,แพร่
2022-03-21,1.87875,Ban Mae Tae,แม่น้ำปิง,แม่แฝกเก่า,สันทราย,เชียงใหม่
2022-03-21,2.4,Ban Mae Taeng,แม่น้ำแตง,สันมหาพล,แม่แตง,เชียงใหม่
2022-03-21,3.43,Ban Mae Wan,น้ำแม่กวง,ป่าเมี่ยง,ดอยสะเก็ด,เชียงใหม่
2022-03-21,5.08,Ban Mai Rim Fang,น้ำฝาง,เวียงฝาง,ฝาง,เชียงใหม่
2022-03-21,7.142083333,Ban Mang,น้ำปี้,มาง,เชียงม่วน,พะเยา
2022-03-21,5.66,Ban Muang Pok,น้ำแม่แตง,เปียงหลวง,เวียงแหง,เชียงใหม่
2022-03-21,4.14,Ban Mueang Kuet,น้ำแม่แตง,กึ๊ดช้าง,แม่แตง,เชียงใหม่
2022-03-21,2.303333333,Ban Mueang Mai,ห้วยแม่ต๋า,เมืองมาย,แจ้ห่ม,ลำปาง
2022-03-21,4.31625,Ban Mueang Pha,น้ำแม่ริม,ริมเหนือ,แม่ริม,เชียงใหม่
2022-03-21,9.060416667,Ban Nam Khong,แม่น้ำยม,ป่าแมต,เมือง,แพร่
2022-03-21,5.876666667,Ban Nam Yao,น้ำยาว,อวน,ปัว,น่าน
2022-03-21,1.8,Ban Nong Naw,น้ำแม่สอย,แจ้ห่ม,แจ้ห่ม,ลำปาง
2022-03-21,3.802916667,Ban Nong Pham,น้ำแม่ลาว,แม่สรวย,แม่สรวย,เชียงราย
2022-03-21,6.95,Ban Pa Kha,น้ำควร,ควร,ปง,พะเยา
2022-03-21,7.91625,Ban Pa Khoi Tai,แม่น้ำปิง,สันผีเสื้อ,เมือง,เชียงใหม่
2022-03-21,4.750416667,Ban Pa Sang,น้ำแม่ทา,ป่าซาง,ป่าซาง,ลำพูน
2022-03-21,5.4725,Ban Pang Sa,ห้วยน้ำยาว,ผาทอง,ท่าวังผา,น่าน
2022-03-21,10.25541667,Ban Pha Khwang,แม่น้ำน่าน,บ่อ,เมือง,น่าน
2022-03-21,6.609583333,Ban Phai Ngarm,แม่น้ำน่าน,ส้าน,เวียงสา,น่าน
2022-03-21,4.2,Ban Phan Ton,น้ำแม่วาง,ทุ่งปี้,แม่วาง,เชียงใหม่
2022-03-21,4.8,Ban Phi Tai,น้ำปี้,บ้านพี้,บ้านหลวง,น่าน
2022-03-21,6.59,Ban Pong,น้ำแม่กวง,บวกค้าง,สันกำแพง,เชียงใหม่
2022-03-21,4.826666667,Ban Pong,ห้วยโป่ง,บ้านโป่ง,งาว,ลำปาง
2022-03-21,4.09,Ban Rong Kho,แม่น้ำวัง,ร่องเคาะ,วังเหนือ,ลำปาง
2022-03-21,3.05,Ban Saluang Nok,น้ำแม่ริม,สลวง,แม่ริม,เชียงใหม่
2022-03-21,4.28,Ban San Pu Loei,น้ำแม่ขอด,โหล่งขอด,พร้าว,เชียงใหม่
2022-03-21,4.12,Ban Singpotin,น้ำแม่ลาย,ป่าเมี่ยง,ดอยสะเก็ด,เชียงใหม่
2022-03-21,9.6,Ban Sob Soi,แม่น้ำปิง,แม่สอย,จอมทอง,เชียงใหม่
2022-03-21,5.42,Ban Sop Mae Sapoot,แม่น้ำแม่ทา,ทาสบเส้า,แม่ทา,ลำพูน
2022-03-21,7.52,Ban Sop Pae,แม่น้ำปิง,สบแปะ,จอมทอง,เชียงใหม่
2022-03-21,5.57,Ban Sop Prap,แม่น้ำวัง,สบปราบ,สบปราบ,ลำปาง
2022-03-21,5.88,Ban Sop Tam,น้ำแม่ต่ำ,เกาะคา,เกาะคา,ลำปาง
2022-03-21,4.354583333,Ban Sop Win,น้ำแม่วาง,แม่วิน,แม่วาง,เชียงใหม่
2022-03-21,6.04,Ban Tha Duea,แม่น้ำวัง,พิชัย,เมือง,ลำปาง
2022-03-21,5.1875,Ban Tha Lo,น้ำแม่ตุ๋ย,บ่อแฮ้ว,เมือง,ลำปาง
2022-03-21,3.848333333,Ban Tha Pong Daeng,น้ำปาย,ผาบ่อง,เมือง,แม่ฮ่องสอน
2022-03-21,6.836666667,Ban Thung Nong,แม่น้ำยม,สระ,เชียงม่วน,พะเยา
2022-03-21,3.715416667,Ban Ton Yang,น้ำแม่ลาว,บัวสลี,แม่ลาว,เชียงราย
2022-03-21,12.83333333,Ban Wang Chin,แม่น้ำยม,วังชิ้น,วังชิ้น,แพร่
2022-03-21,4.763333333,Chedingam,น้ำอิง,ท่าวังทอง,เมือง,พะเยา
2022-03-21,6.877083333,In front of the Forestry Office,แม่น้ำน่าน,ในเวียง,เมือง,น่าน
2022-03-21,5.15,Mae Kham Lak Chet,น้ำแม่คำ,ศรีค้ำ,แม่จัน,เชียงราย
2022-03-21,1.85,Nam Mae Chaem,น้ำแม่แจ่ม,บ้านท่าข้าม,จอมทอง,เชียงใหม่
2022-03-21,5.1925,Nawarat Bridge,แม่น้ำปิง,วัดเกต,เมือง,เชียงใหม่
2022-03-21,4.322916667,Pracha Uthit Bridge,น้ำแม่กลาง,บ้านหลวง,จอมทอง,เชียงใหม่
2022-03-21,5.5,Romklao Cooperative House,น้ำแม่งัด,แม่แวน,พร้าว,เชียงใหม่
2022-03-21,4.05,Saphan Ban Khay,น้ำฝาง,แม่นาวาง,แม่อาย,เชียงใหม่
2022-03-21,4.8275,Setuwaree Bridge,แม้น้ำวัง,เวียงเหนือ,เมือง,ลำปาง
2022-03-21,11.27833333,Tha Li Bridge,น้ำว้า,ขึ่ง,เวียงสา,น่าน
2022-03-21,7.52125,Tha Nang Bridge,น้ำแม่กวง,ในเมือง,เมือง,ลำพูน
2022-03-21,3.554166667,Wang Phrao,น้ำแม่จาง,วังพร้าว,เกาะคา,ลำปาง
2022-03-22,2.75,Ban Chiang Dao,แม่น้ำปิง,เชียงดาว,เชียงดาว,เชียงใหม่
2022-03-22,3.217916667,Ban Chor Lae,แม่น้ำปิง,ช่อแล,แม่แตง,เชียงใหม่
2022-03-22,4.0025,Ban Don Chai,แม่น้ำวัง,ล้อมแรด,เถิน,ลำปาง
2022-03-22,8.18125,Ban Don Mun,แม่น้ำวัง,บ้านแลง,เมือง,ลำปาง
2022-03-22,3.916666667,Ban Don Sali,น้ำแม่ลาว,ป่าแดด,แม่สรวย,เชียงราย
2022-03-22,5.08875,Ban Hai,แม่น้ำวัง,ปงดอน,แจ้ห่ม,ลำปาง
2022-03-22,2.76,Ban Hong,น้ำแม่ออน,ร้องวัวแดง,สันกำแพง,เชียงใหม่
2022-03-22,2.62,Ban Hua Sapan,น้ำแม่จัน,ป่าซาง,แม่จัน,เชียงราย
2022-03-22,5.1,Ban Huai Pa Sang,น้ำแม่แตง,กึ๊ดช้าง,แม่แตง,เชียงใหม่
2022-03-22,9.763333333,Ban Huai Sak,แม่น้ำยม,เตาปูน,สอง,แพร่
2022-03-22,5.92,Ban Klang,น้ำแม่ขาน,บ้านกลาง,สันป่าตอง,เชียงใหม่
2022-03-22,3.223333333,Ban Ko Kha,แม่น้ำวัง,ศาลา,เกาะคา,ลำปาง
2022-03-22,4.43,Ban Krariang Tung Phrao,น้ำแม่สรวย,วาวี,แม่สรวย,เชียงราย
2022-03-22,-3.15,Ban Lai Kaeo,น้ำแม่ลี้,ศรีเตี้ย,บ้านโฮ่ง,ลำพูน
2022-03-22,6.56,Ban Luang,น้ำแม่ตื่น,ยางเปียง,อมก๋อย,เชียงใหม่
2022-03-22,3.9,Ban Luang Nuea,น้ำงาว,หลวงใต้,งาว,ลำปาง
2022-03-22,6.64,Ban Mae E Hi,น้ำแม่ลี้,ศรีวิชัย,ลี้,ลำพูน
2022-03-22,4.945,Ban Mae Kha Bridge,น้ำฝาง,แม่ข่า,ฝาง,เชียงใหม่
2022-03-22,5.25,Ban Mae Khom Mi Tamnak Tham,น้ำแม่คำมี,ตำหนักธรรม,หนองม่วงไข่,แพร่
2022-03-22,5.94,Ban Mae Lai,น้ำแม่หล่าย,แม่หล่าย,เมือง,แพร่
2022-03-22,1.844166667,Ban Mae Tae,แม่น้ำปิง,แม่แฝกเก่า,สันทราย,เชียงใหม่
2022-03-22,2.4,Ban Mae Taeng,แม่น้ำแตง,สันมหาพล,แม่แตง,เชียงใหม่
2022-03-22,3.43,Ban Mae Wan,น้ำแม่กวง,ป่าเมี่ยง,ดอยสะเก็ด,เชียงใหม่
2022-03-22,10.04,Ban Mai Rim Fang,น้ำฝาง,เวียงฝาง,ฝาง,เชียงใหม่
2022-03-22,7.1125,Ban Mang,น้ำปี้,มาง,เชียงม่วน,พะเยา
2022-03-22,5.66,Ban Muang Pok,น้ำแม่แตง,เปียงหลวง,เวียงแหง,เชียงใหม่
2022-03-22,4.15,Ban Mueang Kuet,น้ำแม่แตง,กึ๊ดช้าง,แม่แตง,เชียงใหม่
2022-03-22,2.2925,Ban Mueang Mai,ห้วยแม่ต๋า,เมืองมาย,แจ้ห่ม,ลำปาง
2022-03-22,4.277916667,Ban Mueang Pha,น้ำแม่ริม,ริมเหนือ,แม่ริม,เชียงใหม่
2022-03-22,9.183333333,Ban Nam Khong,แม่น้ำยม,ป่าแมต,เมือง,แพร่
2022-03-22,5.879583333,Ban Nam Yao,น้ำยาว,อวน,ปัว,น่าน
2022-03-22,1.795,Ban Nong Naw,น้ำแม่สอย,แจ้ห่ม,แจ้ห่ม,ลำปาง
2022-03-22,3.807083333,Ban Nong Pham,น้ำแม่ลาว,แม่สรวย,แม่สรวย,เชียงราย
2022-03-22,6.9475,Ban Pa Kha,น้ำควร,ควร,ปง,พะเยา
2022-03-22,7.921666667,Ban Pa Khoi Tai,แม่น้ำปิง,สันผีเสื้อ,เมือง,เชียงใหม่
2022-03-22,4.750416667,Ban Pa Sang,น้ำแม่ทา,ป่าซาง,ป่าซาง,ลำพูน
2022-03-22,5.497083333,Ban Pang Sa,ห้วยน้ำยาว,ผาทอง,ท่าวังผา,น่าน
2022-03-22,10.22333333,Ban Pha Khwang,แม่น้ำน่าน,บ่อ,เมือง,น่าน
2022-03-22,6.490416667,Ban Phai Ngarm,แม่น้ำน่าน,ส้าน,เวียงสา,น่าน
2022-03-22,4.2,Ban Phan Ton,น้ำแม่วาง,ทุ่งปี้,แม่วาง,เชียงใหม่
2022-03-22,4.8,Ban Phi Tai,น้ำปี้,บ้านพี้,บ้านหลวง,น่าน
2022-03-22,6.59,Ban Pong,น้ำแม่กวง,บวกค้าง,สันกำแพง,เชียงใหม่
2022-03-22,4.79,Ban Pong,ห้วยโป่ง,บ้านโป่ง,งาว,ลำปาง
2022-03-22,4.09,Ban Rong Kho,แม่น้ำวัง,ร่องเคาะ,วังเหนือ,ลำปาง
2022-03-22,3.05,Ban Saluang Nok,น้ำแม่ริม,สลวง,แม่ริม,เชียงใหม่
2022-03-22,4.28,Ban San Pu Loei,น้ำแม่ขอด,โหล่งขอด,พร้าว,เชียงใหม่
2022-03-22,4.12,Ban Singpotin,น้ำแม่ลาย,ป่าเมี่ยง,ดอยสะเก็ด,เชียงใหม่
2022-03-22,9.62,Ban Sob Soi,แม่น้ำปิง,แม่สอย,จอมทอง,เชียงใหม่
2022-03-22,5.42,Ban Sop Mae Sapoot,แม่น้ำแม่ทา,ทาสบเส้า,แม่ทา,ลำพูน
2022-03-22,7.51,Ban Sop Pae,แม่น้ำปิง,สบแปะ,จอมทอง,เชียงใหม่
2022-03-22,5.57,Ban Sop Prap,แม่น้ำวัง,สบปราบ,สบปราบ,ลำปาง
2022-03-22,5.83,Ban Sop Tam,น้ำแม่ต่ำ,เกาะคา,เกาะคา,ลำปาง
2022-03-22,4.345833333,Ban Sop Win,น้ำแม่วาง,แม่วิน,แม่วาง,เชียงใหม่
2022-03-22,6.076666667,Ban Tha Duea,แม่น้ำวัง,พิชัย,เมือง,ลำปาง
2022-03-22,5.19,Ban Tha Lo,น้ำแม่ตุ๋ย,บ่อแฮ้ว,เมือง,ลำปาง
2022-03-22,3.794,Ban Tha Pong Daeng,น้ำปาย,ผาบ่อง,เมือง,แม่ฮ่องสอน
2022-03-22,6.806666667,Ban Thung Nong,แม่น้ำยม,สระ,เชียงม่วน,พะเยา
2022-03-22,3.7325,Ban Ton Yang,น้ำแม่ลาว,บัวสลี,แม่ลาว,เชียงราย
2022-03-22,12.77666667,Ban Wang Chin,แม่น้ำยม,วังชิ้น,วังชิ้น,แพร่
2022-03-22,4.72,Chedingam,น้ำอิง,ท่าวังทอง,เมือง,พะเยา
2022-03-22,6.824166667,In front of the Forestry Office,แม่น้ำน่าน,ในเวียง,เมือง,น่าน
2022-03-22,5.15,Mae Kham Lak Chet,น้ำแม่คำ,ศรีค้ำ,แม่จัน,เชียงราย
2022-03-22,1.95,Nam Mae Chaem,น้ำแม่แจ่ม,บ้านท่าข้าม,จอมทอง,เชียงใหม่
2022-03-22,5.20125,Nawarat Bridge,แม่น้ำปิง,วัดเกต,เมือง,เชียงใหม่
2022-03-22,4.371666667,Pracha Uthit Bridge,น้ำแม่กลาง,บ้านหลวง,จอมทอง,เชียงใหม่
2022-03-22,5.5,Romklao Cooperative House,น้ำแม่งัด,แม่แวน,พร้าว,เชียงใหม่
2022-03-22,4.03,Saphan Ban Khay,น้ำฝาง,แม่นาวาง,แม่อาย,เชียงใหม่
2022-03-22,5.23375,Setuwaree Bridge,แม้น้ำวัง,เวียงเหนือ,เมือง,ลำปาง
2022-03-22,11.245,Tha Li Bridge,น้ำว้า,ขึ่ง,เวียงสา,น่าน
2022-03-22,7.411666667,Tha Nang Bridge,น้ำแม่กวง,ในเมือง,เมือง,ลำพูน
2022-03-22,3.56625,Wang Phrao,น้ำแม่จาง,วังพร้าว,เกาะคา,ลำปาง
2022-03-23,2.79375,Ban Chiang Dao,แม่น้ำปิง,เชียงดาว,เชียงดาว,เชียงใหม่
2022-03-23,3.185,Ban Chor Lae,แม่น้ำปิง,ช่อแล,แม่แตง,เชียงใหม่
2022-03-23,4.115,Ban Don Chai,แม่น้ำวัง,ล้อมแรด,เถิน,ลำปาง
2022-03-23,8.261875,Ban Don Mun,แม่น้ำวัง,บ้านแลง,เมือง,ลำปาง
2022-03-23,3.93,Ban Don Sali,น้ำแม่ลาว,ป่าแดด,แม่สรวย,เชียงราย
2022-03-23,5.114583333,Ban Hai,แม่น้ำวัง,ปงดอน,แจ้ห่ม,ลำปาง
2022-03-23,2.76,Ban Hong,น้ำแม่ออน,ร้องวัวแดง,สันกำแพง,เชียงใหม่
2022-03-23,2.630416667,Ban Hua Sapan,น้ำแม่จัน,ป่าซาง,แม่จัน,เชียงราย
2022-03-23,5.14,Ban Huai Pa Sang,น้ำแม่แตง,กึ๊ดช้าง,แม่แตง,เชียงใหม่
2022-03-23,9.714166667,Ban Huai Sak,แม่น้ำยม,เตาปูน,สอง,แพร่
2022-03-23,5.92,Ban Klang,น้ำแม่ขาน,บ้านกลาง,สันป่าตอง,เชียงใหม่
2022-03-23,3.233333333,Ban Ko Kha,แม่น้ำวัง,ศาลา,เกาะคา,ลำปาง
2022-03-23,4.43,Ban Krariang Tung Phrao,น้ำแม่สรวย,วาวี,แม่สรวย,เชียงราย
2022-03-23,-3.15,Ban Lai Kaeo,น้ำแม่ลี้,ศรีเตี้ย,บ้านโฮ่ง,ลำพูน
2022-03-23,6.57,Ban Luang,น้ำแม่ตื่น,ยางเปียง,อมก๋อย,เชียงใหม่
2022-03-23,3.902083333,Ban Luang Nuea,น้ำงาว,หลวงใต้,งาว,ลำปาง
2022-03-23,6.64,Ban Mae E Hi,น้ำแม่ลี้,ศรีวิชัย,ลี้,ลำพูน
2022-03-23,4.93,Ban Mae Kha Bridge,น้ำฝาง,แม่ข่า,ฝาง,เชียงใหม่
2022-03-23,5.28,Ban Mae Khom Mi Tamnak Tham,น้ำแม่คำมี,ตำหนักธรรม,หนองม่วงไข่,แพร่
2022-03-23,5.94,Ban Mae Lai,น้ำแม่หล่าย,แม่หล่าย,เมือง,แพร่
2022-03-23,1.805833333,Ban Mae Tae,แม่น้ำปิง,แม่แฝกเก่า,สันทราย,เชียงใหม่
2022-03-23,2.42,Ban Mae Taeng,แม่น้ำแตง,สันมหาพล,แม่แตง,เชียงใหม่
2022-03-23,3.45,Ban Mae Wan,น้ำแม่กวง,ป่าเมี่ยง,ดอยสะเก็ด,เชียงใหม่
2022-03-23,5.14,Ban Mai Rim Fang,น้ำฝาง,เวียงฝาง,ฝาง,เชียงใหม่
2022-03-23,7.097916667,Ban Mang,น้ำปี้,มาง,เชียงม่วน,พะเยา
2022-03-23,5.7,Ban Muang Pok,น้ำแม่แตง,เปียงหลวง,เวียงแหง,เชียงใหม่
2022-03-23,4.213333333,Ban Mueang Kuet,น้ำแม่แตง,กึ๊ดช้าง,แม่แตง,เชียงใหม่
2022-03-23,2.313333333,Ban Mueang Mai,ห้วยแม่ต๋า,เมืองมาย,แจ้ห่ม,ลำปาง
2022-03-23,4.275,Ban Mueang Pha,น้ำแม่ริม,ริมเหนือ,แม่ริม,เชียงใหม่
2022-03-23,9.19375,Ban Nam Khong,แม่น้ำยม,ป่าแมต,เมือง,แพร่
2022-03-23,5.899583333,Ban Nam Yao,น้ำยาว,อวน,ปัว,น่าน
2022-03-23,1.742916667,Ban Nong Naw,น้ำแม่สอย,แจ้ห่ม,แจ้ห่ม,ลำปาง
2022-03-23,3.807083333,Ban Nong Pham,น้ำแม่ลาว,แม่สรวย,แม่สรวย,เชียงราย
2022-03-23,6.953333333,Ban Pa Kha,น้ำควร,ควร,ปง,พะเยา
2022-03-23,7.878333333,Ban Pa Khoi Tai,แม่น้ำปิง,สันผีเสื้อ,เมือง,เชียงใหม่
2022-03-23,4.75,Ban Pa Sang,น้ำแม่ทา,ป่าซาง,ป่าซาง,ลำพูน
2022-03-23,5.492083333,Ban Pang Sa,ห้วยน้ำยาว,ผาทอง,ท่าวังผา,น่าน
2022-03-23,10.2275,Ban Pha Khwang,แม่น้ำน่าน,บ่อ,เมือง,น่าน
2022-03-23,6.48,Ban Phai Ngarm,แม่น้ำน่าน,ส้าน,เวียงสา,น่าน
2022-03-23,4.2,Ban Phan Ton,น้ำแม่วาง,ทุ่งปี้,แม่วาง,เชียงใหม่
2022-03-23,4.8,Ban Phi Tai,น้ำปี้,บ้านพี้,บ้านหลวง,น่าน
2022-03-23,6.664166667,Ban Pong,น้ำแม่กวง,บวกค้าง,สันกำแพง,เชียงใหม่
2022-03-23,4.8,Ban Pong,ห้วยโป่ง,บ้านโป่ง,งาว,ลำปาง
2022-03-23,4.236666667,Ban Rong Kho,แม่น้ำวัง,ร่องเคาะ,วังเหนือ,ลำปาง
2022-03-23,3.05,Ban Saluang Nok,น้ำแม่ริม,สลวง,แม่ริม,เชียงใหม่
2022-03-23,4.28,Ban San Pu Loei,น้ำแม่ขอด,โหล่งขอด,พร้าว,เชียงใหม่
2022-03-23,4.12,Ban Singpotin,น้ำแม่ลาย,ป่าเมี่ยง,ดอยสะเก็ด,เชียงใหม่
2022-03-23,9.66,Ban Sob Soi,แม่น้ำปิง,แม่สอย,จอมทอง,เชียงใหม่
2022-03-23,5.42,Ban Sop Mae Sapoot,แม่น้ำแม่ทา,ทาสบเส้า,แม่ทา,ลำพูน
2022-03-23,7.51,Ban Sop Pae,แม่น้ำปิง,สบแปะ,จอมทอง,เชียงใหม่
2022-03-23,5.58,Ban Sop Prap,แม่น้ำวัง,สบปราบ,สบปราบ,ลำปาง
2022-03-23,5.84,Ban Sop Tam,น้ำแม่ต่ำ,เกาะคา,เกาะคา,ลำปาง
2022-03-23,4.372083333,Ban Sop Win,น้ำแม่วาง,แม่วิน,แม่วาง,เชียงใหม่
2022-03-23,6.1025,Ban Tha Duea,แม่น้ำวัง,พิชัย,เมือง,ลำปาง
2022-03-23,5.19,Ban Tha Lo,น้ำแม่ตุ๋ย,บ่อแฮ้ว,เมือง,ลำปาง
2022-03-23,3.822,Ban Tha Pong Daeng,น้ำปาย,ผาบ่อง,เมือง,แม่ฮ่องสอน
2022-03-23,6.797916667,Ban Thung Nong,แม่น้ำยม,สระ,เชียงม่วน,พะเยา
2022-03-23,3.808333333,Ban Ton Yang,น้ำแม่ลาว,บัวสลี,แม่ลาว,เชียงราย
2022-03-23,12.71458333,Ban Wang Chin,แม่น้ำยม,วังชิ้น,วังชิ้น,แพร่
2022-03-23,4.7,Chedingam,น้ำอิง,ท่าวังทอง,เมือง,พะเยา
2022-03-23,6.817083333,In front of the Forestry Office,แม่น้ำน่าน,ในเวียง,เมือง,น่าน
2022-03-23,5.176666667,Mae Kham Lak Chet,น้ำแม่คำ,ศรีค้ำ,แม่จัน,เชียงราย
2022-03-23,1.85,Nam Mae Chaem,น้ำแม่แจ่ม,บ้านท่าข้าม,จอมทอง,เชียงใหม่
2022-03-23,5.162083333,Nawarat Bridge,แม่น้ำปิง,วัดเกต,เมือง,เชียงใหม่
2022-03-23,4.464166667,Pracha Uthit Bridge,น้ำแม่กลาง,บ้านหลวง,จอมทอง,เชียงใหม่
2022-03-23,5.5,Romklao Cooperative House,น้ำแม่งัด,แม่แวน,พร้าว,เชียงใหม่
2022-03-23,4.05,Saphan Ban Khay,น้ำฝาง,แม่นาวาง,แม่อาย,เชียงใหม่
2022-03-23,5.351666667,Setuwaree Bridge,แม้น้ำวัง,เวียงเหนือ,เมือง,ลำปาง
2022-03-23,11.25125,Tha Li Bridge,น้ำว้า,ขึ่ง,เวียงสา,น่าน
2022-03-23,7.522083333,Tha Nang Bridge,น้ำแม่กวง,ในเมือง,เมือง,ลำพูน
2022-03-23,3.559583333,Wang Phrao,น้ำแม่จาง,วังพร้าว,เกาะคา,ลำปาง
2022-03-24,2.815416667,Ban Chiang Dao,แม่น้ำปิง,เชียงดาว,เชียงดาว,เชียงใหม่
2022-03-24,3.175833333,Ban Chor Lae,แม่น้ำปิง,ช่อแล,แม่แตง,เชียงใหม่
2022-03-24,4.246666667,Ban Don Chai,แม่น้ำวัง,ล้อมแรด,เถิน,ลำปาง
2022-03-24,8.313333333,Ban Don Mun,แม่น้ำวัง,บ้านแลง,เมือง,ลำปาง
2022-03-24,3.903333333,Ban Don Sali,น้ำแม่ลาว,ป่าแดด,แม่สรวย,เชียงราย
2022-03-24,5.11,Ban Hai,แม่น้ำวัง,ปงดอน,แจ้ห่ม,ลำปาง
2022-03-24,2.76,Ban Hong,น้ำแม่ออน,ร้องวัวแดง,สันกำแพง,เชียงใหม่
2022-03-24,2.630416667,Ban Hua Sapan,น้ำแม่จัน,ป่าซาง,แม่จัน,เชียงราย
2022-03-24,5.14,Ban Huai Pa Sang,น้ำแม่แตง,กึ๊ดช้าง,แม่แตง,เชียงใหม่
2022-03-24,9.764583333,Ban Huai Sak,แม่น้ำยม,เตาปูน,สอง,แพร่
2022-03-24,5.92,Ban Klang,น้ำแม่ขาน,บ้านกลาง,สันป่าตอง,เชียงใหม่
2022-03-24,3.256666667,Ban Ko Kha,แม่น้ำวัง,ศาลา,เกาะคา,ลำปาง
2022-03-24,4.4375,Ban Krariang Tung Phrao,น้ำแม่สรวย,วาวี,แม่สรวย,เชียงราย
2022-03-24,-3.15,Ban Lai Kaeo,น้ำแม่ลี้,ศรีเตี้ย,บ้านโฮ่ง,ลำพูน
2022-03-24,6.556666667,Ban Luang,น้ำแม่ตื่น,ยางเปียง,อมก๋อย,เชียงใหม่
2022-03-24,3.90125,Ban Luang Nuea,น้ำงาว,หลวงใต้,งาว,ลำปาง
2022-03-24,6.64,Ban Mae E Hi,น้ำแม่ลี้,ศรีวิชัย,ลี้,ลำพูน
2022-03-24,4.92,Ban Mae Kha Bridge,น้ำฝาง,แม่ข่า,ฝาง,เชียงใหม่
2022-03-24,5.27,Ban Mae Khom Mi Tamnak Tham,น้ำแม่คำมี,ตำหนักธรรม,หนองม่วงไข่,แพร่
2022-03-24,5.94,Ban Mae Lai,น้ำแม่หล่าย,แม่หล่าย,เมือง,แพร่
2022-03-24,1.81375,Ban Mae Tae,แม่น้ำปิง,แม่แฝกเก่า,สันทราย,เชียงใหม่
2022-03-24,2.42,Ban Mae Taeng,แม่น้ำแตง,สันมหาพล,แม่แตง,เชียงใหม่
2022-03-24,3.45,Ban Mae Wan,น้ำแม่กวง,ป่าเมี่ยง,ดอยสะเก็ด,เชียงใหม่
2022-03-24,5.18,Ban Mai Rim Fang,น้ำฝาง,เวียงฝาง,ฝาง,เชียงใหม่
2022-03-24,7.165833333,Ban Mang,น้ำปี้,มาง,เชียงม่วน,พะเยา
2022-03-24,5.66,Ban Muang Pok,น้ำแม่แตง,เปียงหลวง,เวียงแหง,เชียงใหม่
2022-03-24,4.316666667,Ban Mueang Kuet,น้ำแม่แตง,กึ๊ดช้าง,แม่แตง,เชียงใหม่
2022-03-24,2.45,Ban Mueang Mai,ห้วยแม่ต๋า,เมืองมาย,แจ้ห่ม,ลำปาง
2022-03-24,4.318333333,Ban Mueang Pha,น้ำแม่ริม,ริมเหนือ,แม่ริม,เชียงใหม่
2022-03-24,9.22875,Ban Nam Khong,แม่น้ำยม,ป่าแมต,เมือง,แพร่
2022-03-24,5.912083333,Ban Nam Yao,น้ำยาว,อวน,ปัว,น่าน
2022-03-24,1.967083333,Ban Nong Naw,น้ำแม่สอย,แจ้ห่ม,แจ้ห่ม,ลำปาง
2022-03-24,3.652083333,Ban Nong Pham,น้ำแม่ลาว,แม่สรวย,แม่สรวย,เชียงราย
2022-03-24,6.98,Ban Pa Kha,น้ำควร,ควร,ปง,พะเยา
2022-03-24,7.65625,Ban Pa Khoi Tai,แม่น้ำปิง,สันผีเสื้อ,เมือง,เชียงใหม่
2022-03-24,4.75,Ban Pa Sang,น้ำแม่ทา,ป่าซาง,ป่าซาง,ลำพูน
2022-03-24,5.551666667,Ban Pang Sa,ห้วยน้ำยาว,ผาทอง,ท่าวังผา,น่าน
2022-03-24,10.26333333,Ban Pha Khwang,แม่น้ำน่าน,บ่อ,เมือง,น่าน
2022-03-24,6.484583333,Ban Phai Ngarm,แม่น้ำน่าน,ส้าน,เวียงสา,น่าน
2022-03-24,4.2,Ban Phan Ton,น้ำแม่วาง,ทุ่งปี้,แม่วาง,เชียงใหม่
2022-03-24,4.8,Ban Phi Tai,น้ำปี้,บ้านพี้,บ้านหลวง,น่าน
2022-03-24,6.745416667,Ban Pong,น้ำแม่กวง,บวกค้าง,สันกำแพง,เชียงใหม่
2022-03-24,4.79,Ban Pong,ห้วยโป่ง,บ้านโป่ง,งาว,ลำปาง
2022-03-24,4.34,Ban Rong Kho,แม่น้ำวัง,ร่องเคาะ,วังเหนือ,ลำปาง
2022-03-24,3.05,Ban Saluang Nok,น้ำแม่ริม,สลวง,แม่ริม,เชียงใหม่
2022-03-24,4.28,Ban San Pu Loei,น้ำแม่ขอด,โหล่งขอด,พร้าว,เชียงใหม่
2022-03-24,4.04,Ban Singpotin,น้ำแม่ลาย,ป่าเมี่ยง,ดอยสะเก็ด,เชียงใหม่
2022-03-24,9.66,Ban Sob Soi,แม่น้ำปิง,แม่สอย,จอมทอง,เชียงใหม่
2022-03-24,5.42,Ban Sop Mae Sapoot,แม่น้ำแม่ทา,ทาสบเส้า,แม่ทา,ลำพูน
2022-03-24,7.75,Ban Sop Pae,แม่น้ำปิง,สบแปะ,จอมทอง,เชียงใหม่
2022-03-24,5.556666667,Ban Sop Prap,แม่น้ำวัง,สบปราบ,สบปราบ,ลำปาง
2022-03-24,5.84,Ban Sop Tam,น้ำแม่ต่ำ,เกาะคา,เกาะคา,ลำปาง
2022-03-24,4.341666667,Ban Sop Win,น้ำแม่วาง,แม่วิน,แม่วาง,เชียงใหม่
2022-03-24,6.16,Ban Tha Duea,แม่น้ำวัง,พิชัย,เมือง,ลำปาง
2022-03-24,5.186666667,Ban Tha Lo,น้ำแม่ตุ๋ย,บ่อแฮ้ว,เมือง,ลำปาง
2022-03-24,3.798333333,Ban Tha Pong Daeng,น้ำปาย,ผาบ่อง,เมือง,แม่ฮ่องสอน
2022-03-24,6.817083333,Ban Thung Nong,แม่น้ำยม,สระ,เชียงม่วน,พะเยา
2022-03-24,3.943333333,Ban Ton Yang,น้ำแม่ลาว,บัวสลี,แม่ลาว,เชียงราย
2022-03-24,12.67041667,Ban Wang Chin,แม่น้ำยม,วังชิ้น,วังชิ้น,แพร่
2022-03-24,4.68,Chedingam,น้ำอิง,ท่าวังทอง,เมือง,พะเยา
2022-03-24,6.817083333,In front of the Forestry Office,แม่น้ำน่าน,ในเวียง,เมือง,น่าน
2022-03-24,5.18,Mae Kham Lak Chet,น้ำแม่คำ,ศรีค้ำ,แม่จัน,เชียงราย
2022-03-24,1.85,Nam Mae Chaem,น้ำแม่แจ่ม,บ้านท่าข้าม,จอมทอง,เชียงใหม่
2022-03-24,4.923333333,Nawarat Bridge,แม่น้ำปิง,วัดเกต,เมือง,เชียงใหม่
2022-03-24,4.44375,Pracha Uthit Bridge,น้ำแม่กลาง,บ้านหลวง,จอมทอง,เชียงใหม่
2022-03-24,5.5,Romklao Cooperative House,น้ำแม่งัด,แม่แวน,พร้าว,เชียงใหม่
2022-03-24,4.04,Saphan Ban Khay,น้ำฝาง,แม่นาวาง,แม่อาย,เชียงใหม่
2022-03-24,5.245833333,Setuwaree Bridge,แม้น้ำวัง,เวียงเหนือ,เมือง,ลำปาง
2022-03-24,11.52875,Tha Li Bridge,น้ำว้า,ขึ่ง,เวียงสา,น่าน
2022-03-24,7.718333333,Tha Nang Bridge,น้ำแม่กวง,ในเมือง,เมือง,ลำพูน
2022-03-24,3.545416667,Wang Phrao,น้ำแม่จาง,วังพร้าว,เกาะคา,ลำปาง
2022-03-25,2.897083333,Ban Chiang Dao,แม่น้ำปิง,เชียงดาว,เชียงดาว,เชียงใหม่
2022-03-25,3.452083333,Ban Chor Lae,แม่น้ำปิง,ช่อแล,แม่แตง,เชียงใหม่
2022-03-25,4.28,Ban Don Chai,แม่น้ำวัง,ล้อมแรด,เถิน,ลำปาง
2022-03-25,8.296666667,Ban Don Mun,แม่น้ำวัง,บ้านแลง,เมือง,ลำปาง
2022-03-25,3.86,Ban Don Sali,น้ำแม่ลาว,ป่าแดด,แม่สรวย,เชียงราย
2022-03-25,5.119166667,Ban Hai,แม่น้ำวัง,ปงดอน,แจ้ห่ม,ลำปาง
2022-03-25,2.76,Ban Hong,น้ำแม่ออน,ร้องวัวแดง,สันกำแพง,เชียงใหม่
2022-03-25,2.65,Ban Hua Sapan,น้ำแม่จัน,ป่าซาง,แม่จัน,เชียงราย
2022-03-25,5.14,Ban Huai Pa Sang,น้ำแม่แตง,กึ๊ดช้าง,แม่แตง,เชียงใหม่
2022-03-25,9.725416667,Ban Huai Sak,แม่น้ำยม,เตาปูน,สอง,แพร่
2022-03-25,5.965,Ban Klang,น้ำแม่ขาน,บ้านกลาง,สันป่าตอง,เชียงใหม่
2022-03-25,3.273333333,Ban Ko Kha,แม่น้ำวัง,ศาลา,เกาะคา,ลำปาง
2022-03-25,4.447916667,Ban Krariang Tung Phrao,น้ำแม่สรวย,วาวี,แม่สรวย,เชียงราย
2022-03-25,-3.15,Ban Lai Kaeo,น้ำแม่ลี้,ศรีเตี้ย,บ้านโฮ่ง,ลำพูน
2022-03-25,6.56,Ban Luang,น้ำแม่ตื่น,ยางเปียง,อมก๋อย,เชียงใหม่
2022-03-25,3.905,Ban Luang Nuea,น้ำงาว,หลวงใต้,งาว,ลำปาง
2022-03-25,6.637083333,Ban Mae E Hi,น้ำแม่ลี้,ศรีวิชัย,ลี้,ลำพูน
2022-03-25,4.95,Ban Mae Kha Bridge,น้ำฝาง,แม่ข่า,ฝาง,เชียงใหม่
2022-03-25,5.27,Ban Mae Khom Mi Tamnak Tham,น้ำแม่คำมี,ตำหนักธรรม,หนองม่วงไข่,แพร่
2022-03-25,5.94,Ban Mae Lai,น้ำแม่หล่าย,แม่หล่าย,เมือง,แพร่
2022-03-25,1.799166667,Ban Mae Tae,แม่น้ำปิง,แม่แฝกเก่า,สันทราย,เชียงใหม่
2022-03-25,2.42,Ban Mae Taeng,แม่น้ำแตง,สันมหาพล,แม่แตง,เชียงใหม่
2022-03-25,3.45,Ban Mae Wan,น้ำแม่กวง,ป่าเมี่ยง,ดอยสะเก็ด,เชียงใหม่
2022-03-25,5.16,Ban Mai Rim Fang,น้ำฝาง,เวียงฝาง,ฝาง,เชียงใหม่
2022-03-25,7.22375,Ban Mang,น้ำปี้,มาง,เชียงม่วน,พะเยา
2022-03-25,5.64,Ban Muang Pok,น้ำแม่แตง,เปียงหลวง,เวียงแหง,เชียงใหม่
2022-03-25,4.29,Ban Mueang Kuet,น้ำแม่แตง,กึ๊ดช้าง,แม่แตง,เชียงใหม่
2022-03-25,2.46,Ban Mueang Mai,ห้วยแม่ต๋า,เมืองมาย,แจ้ห่ม,ลำปาง
2022-03-25,4.357083333,Ban Mueang Pha,น้ำแม่ริม,ริมเหนือ,แม่ริม,เชียงใหม่
2022-03-25,9.292083333,Ban Nam Khong,แม่น้ำยม,ป่าแมต,เมือง,แพร่
2022-03-25,5.902916667,Ban Nam Yao,น้ำยาว,อวน,ปัว,น่าน
2022-03-25,1.671666667,Ban Nong Naw,น้ำแม่สอย,แจ้ห่ม,แจ้ห่ม,ลำปาง
2022-03-25,3.618333333,Ban Nong Pham,น้ำแม่ลาว,แม่สรวย,แม่สรวย,เชียงราย
2022-03-25,7.036666667,Ban Pa Kha,น้ำควร,ควร,ปง,พะเยา
2022-03-25,7.587916667,Ban Pa Khoi Tai,แม่น้ำปิง,สันผีเสื้อ,เมือง,เชียงใหม่
2022-03-25,4.75,Ban Pa Sang,น้ำแม่ทา,ป่าซาง,ป่าซาง,ลำพูน
2022-03-25,5.546666667,Ban Pang Sa,ห้วยน้ำยาว,ผาทอง,ท่าวังผา,น่าน
2022-03-25,10.21875,Ban Pha Khwang,แม่น้ำน่าน,บ่อ,เมือง,น่าน
2022-03-25,6.549166667,Ban Phai Ngarm,แม่น้ำน่าน,ส้าน,เวียงสา,น่าน
2022-03-25,4.2,Ban Phan Ton,น้ำแม่วาง,ทุ่งปี้,แม่วาง,เชียงใหม่
2022-03-25,4.8,Ban Phi Tai,น้ำปี้,บ้านพี้,บ้านหลวง,น่าน
2022-03-25,6.642916667,Ban Pong,น้ำแม่กวง,บวกค้าง,สันกำแพง,เชียงใหม่
2022-03-25,4.786666667,Ban Pong,ห้วยโป่ง,บ้านโป่ง,งาว,ลำปาง
2022-03-25,4.213333333,Ban Rong Kho,แม่น้ำวัง,ร่องเคาะ,วังเหนือ,ลำปาง
2022-03-25,3.05,Ban Saluang Nok,น้ำแม่ริม,สลวง,แม่ริม,เชียงใหม่
2022-03-25,4.28,Ban San Pu Loei,น้ำแม่ขอด,โหล่งขอด,พร้าว,เชียงใหม่
2022-03-25,3.88,Ban Singpotin,น้ำแม่ลาย,ป่าเมี่ยง,ดอยสะเก็ด,เชียงใหม่
2022-03-25,9.62,Ban Sob Soi,แม่น้ำปิง,แม่สอย,จอมทอง,เชียงใหม่
2022-03-25,5.42,Ban Sop Mae Sapoot,แม่น้ำแม่ทา,ทาสบเส้า,แม่ทา,ลำพูน
2022-03-25,7.7,Ban Sop Pae,แม่น้ำปิง,สบแปะ,จอมทอง,เชียงใหม่
2022-03-25,5.553333333,Ban Sop Prap,แม่น้ำวัง,สบปราบ,สบปราบ,ลำปาง
2022-03-25,5.84,Ban Sop Tam,น้ำแม่ต่ำ,เกาะคา,เกาะคา,ลำปาง
2022-03-25,4.331666667,Ban Sop Win,น้ำแม่วาง,แม่วิน,แม่วาง,เชียงใหม่
2022-03-25,6.226666667,Ban Tha Duea,แม่น้ำวัง,พิชัย,เมือง,ลำปาง
2022-03-25,5.196666667,Ban Tha Lo,น้ำแม่ตุ๋ย,บ่อแฮ้ว,เมือง,ลำปาง
2022-03-25,3.776,Ban Tha Pong Daeng,น้ำปาย,ผาบ่อง,เมือง,แม่ฮ่องสอน
2022-03-25,6.835,Ban Thung Nong,แม่น้ำยม,สระ,เชียงม่วน,พะเยา
2022-03-25,3.80625,Ban Ton Yang,น้ำแม่ลาว,บัวสลี,แม่ลาว,เชียงราย
2022-03-25,12.67458333,Ban Wang Chin,แม่น้ำยม,วังชิ้น,วังชิ้น,แพร่
2022-03-25,4.68,Chedingam,น้ำอิง,ท่าวังทอง,เมือง,พะเยา
2022-03-25,6.852916667,In front of the Forestry Office,แม่น้ำน่าน,ในเวียง,เมือง,น่าน
2022-03-25,5.18,Mae Kham Lak Chet,น้ำแม่คำ,ศรีค้ำ,แม่จัน,เชียงราย
2022-03-25,1.85,Nam Mae Chaem,น้ำแม่แจ่ม,บ้านท่าข้าม,จอมทอง,เชียงใหม่
2022-03-25,4.872083333,Nawarat Bridge,แม่น้ำปิง,วัดเกต,เมือง,เชียงใหม่
2022-03-25,4.419583333,Pracha Uthit Bridge,น้ำแม่กลาง,บ้านหลวง,จอมทอง,เชียงใหม่
2022-03-25,5.5,Romklao Cooperative House,น้ำแม่งัด,แม่แวน,พร้าว,เชียงใหม่
2022-03-25,4.15,Saphan Ban Khay,น้ำฝาง,แม่นาวาง,แม่อาย,เชียงใหม่
2022-03-25,5.534166667,Setuwaree Bridge,แม้น้ำวัง,เวียงเหนือ,เมือง,ลำปาง
2022-03-25,11.50458333,Tha Li Bridge,น้ำว้า,ขึ่ง,เวียงสา,น่าน
2022-03-25,7.960416667,Tha Nang Bridge,น้ำแม่กวง,ในเมือง,เมือง,ลำพูน
2022-03-25,3.545,Wang Phrao,น้ำแม่จาง,วังพร้าว,เกาะคา,ลำปาง
2022-03-26,3.237083333,Ban Chiang Dao,แม่น้ำปิง,เชียงดาว,เชียงดาว,เชียงใหม่
2022-03-26,3.645,Ban Chor Lae,แม่น้ำปิง,ช่อแล,แม่แตง,เชียงใหม่
2022-03-26,4.275,Ban Don Chai,แม่น้ำวัง,ล้อมแรด,เถิน,ลำปาง
2022-03-26,8.175416667,Ban Don Mun,แม่น้ำวัง,บ้านแลง,เมือง,ลำปาง
2022-03-26,3.84,Ban Don Sali,น้ำแม่ลาว,ป่าแดด,แม่สรวย,เชียงราย
2022-03-26,5.141666667,Ban Hai,แม่น้ำวัง,ปงดอน,แจ้ห่ม,ลำปาง
2022-03-26,2.76,Ban Hong,น้ำแม่ออน,ร้องวัวแดง,สันกำแพง,เชียงใหม่
2022-03-26,2.66,Ban Hua Sapan,น้ำแม่จัน,ป่าซาง,แม่จัน,เชียงราย
2022-03-26,5.1,Ban Huai Pa Sang,น้ำแม่แตง,กึ๊ดช้าง,แม่แตง,เชียงใหม่
2022-03-26,9.73125,Ban Huai Sak,แม่น้ำยม,เตาปูน,สอง,แพร่
2022-03-26,6.0775,Ban Klang,น้ำแม่ขาน,บ้านกลาง,สันป่าตอง,เชียงใหม่
2022-03-26,3.286666667,Ban Ko Kha,แม่น้ำวัง,ศาลา,เกาะคา,ลำปาง
2022-03-26,4.45,Ban Krariang Tung Phrao,น้ำแม่สรวย,วาวี,แม่สรวย,เชียงราย
2022-03-26,-3.15,Ban Lai Kaeo,น้ำแม่ลี้,ศรีเตี้ย,บ้านโฮ่ง,ลำพูน
2022-03-26,6.54,Ban Luang,น้ำแม่ตื่น,ยางเปียง,อมก๋อย,เชียงใหม่
2022-03-26,3.89125,Ban Luang Nuea,น้ำงาว,หลวงใต้,งาว,ลำปาง
2022-03-26,6.627083333,Ban Mae E Hi,น้ำแม่ลี้,ศรีวิชัย,ลี้,ลำพูน
2022-03-26,4.83,Ban Mae Kha Bridge,น้ำฝาง,แม่ข่า,ฝาง,เชียงใหม่
2022-03-26,5.27,Ban Mae Khom Mi Tamnak Tham,น้ำแม่คำมี,ตำหนักธรรม,หนองม่วงไข่,แพร่
2022-03-26,5.94,Ban Mae Lai,น้ำแม่หล่าย,แม่หล่าย,เมือง,แพร่
2022-03-26,2.214166667,Ban Mae Tae,แม่น้ำปิง,แม่แฝกเก่า,สันทราย,เชียงใหม่
2022-03-26,2.42,Ban Mae Taeng,แม่น้ำแตง,สันมหาพล,แม่แตง,เชียงใหม่
2022-03-26,3.43,Ban Mae Wan,น้ำแม่กวง,ป่าเมี่ยง,ดอยสะเก็ด,เชียงใหม่
2022-03-26,5.1,Ban Mai Rim Fang,น้ำฝาง,เวียงฝาง,ฝาง,เชียงใหม่
2022-03-26,7.189583333,Ban Mang,น้ำปี้,มาง,เชียงม่วน,พะเยา
2022-03-26,5.64,Ban Muang Pok,น้ำแม่แตง,เปียงหลวง,เวียงแหง,เชียงใหม่
2022-03-26,4.20875,Ban Mueang Kuet,น้ำแม่แตง,กึ๊ดช้าง,แม่แตง,เชียงใหม่
2022-03-26,2.5,Ban Mueang Mai,ห้วยแม่ต๋า,เมืองมาย,แจ้ห่ม,ลำปาง
2022-03-26,4.324166667,Ban Mueang Pha,น้ำแม่ริม,ริมเหนือ,แม่ริม,เชียงใหม่
2022-03-26,9.252916667,Ban Nam Khong,แม่น้ำยม,ป่าแมต,เมือง,แพร่
2022-03-26,5.88125,Ban Nam Yao,น้ำยาว,อวน,ปัว,น่าน
2022-03-26,1.63625,Ban Nong Naw,น้ำแม่สอย,แจ้ห่ม,แจ้ห่ม,ลำปาง
2022-03-26,3.600833333,Ban Nong Pham,น้ำแม่ลาว,แม่สรวย,แม่สรวย,เชียงราย
2022-03-26,6.98,Ban Pa Kha,น้ำควร,ควร,ปง,พะเยา
2022-03-26,7.6625,Ban Pa Khoi Tai,แม่น้ำปิง,สันผีเสื้อ,เมือง,เชียงใหม่
2022-03-26,4.75,Ban Pa Sang,น้ำแม่ทา,ป่าซาง,ป่าซาง,ลำพูน
2022-03-26,5.51875,Ban Pang Sa,ห้วยน้ำยาว,ผาทอง,ท่าวังผา,น่าน
2022-03-26,10.18708333,Ban Pha Khwang,แม่น้ำน่าน,บ่อ,เมือง,น่าน
2022-03-26,6.555416667,Ban Phai Ngarm,แม่น้ำน่าน,ส้าน,เวียงสา,น่าน
2022-03-26,4.2,Ban Phan Ton,น้ำแม่วาง,ทุ่งปี้,แม่วาง,เชียงใหม่
2022-03-26,4.8,Ban Phi Tai,น้ำปี้,บ้านพี้,บ้านหลวง,น่าน
2022-03-26,6.609166667,Ban Pong,น้ำแม่กวง,บวกค้าง,สันกำแพง,เชียงใหม่
2022-03-26,4.78,Ban Pong,ห้วยโป่ง,บ้านโป่ง,งาว,ลำปาง
2022-03-26,4.173333333,Ban Rong Kho,แม่น้ำวัง,ร่องเคาะ,วังเหนือ,ลำปาง
2022-03-26,3.05,Ban Saluang Nok,น้ำแม่ริม,สลวง,แม่ริม,เชียงใหม่
2022-03-26,4.28,Ban San Pu Loei,น้ำแม่ขอด,โหล่งขอด,พร้าว,เชียงใหม่
2022-03-26,3.88,Ban Singpotin,น้ำแม่ลาย,ป่าเมี่ยง,ดอยสะเก็ด,เชียงใหม่
2022-03-26,9.64,Ban Sob Soi,แม่น้ำปิง,แม่สอย,จอมทอง,เชียงใหม่
2022-03-26,5.42,Ban Sop Mae Sapoot,แม่น้ำแม่ทา,ทาสบเส้า,แม่ทา,ลำพูน
2022-03-26,7.65,Ban Sop Pae,แม่น้ำปิง,สบแปะ,จอมทอง,เชียงใหม่
2022-03-26,5.563333333,Ban Sop Prap,แม่น้ำวัง,สบปราบ,สบปราบ,ลำปาง
2022-03-26,5.84,Ban Sop Tam,น้ำแม่ต่ำ,เกาะคา,เกาะคา,ลำปาง
2022-03-26,4.320416667,Ban Sop Win,น้ำแม่วาง,แม่วิน,แม่วาง,เชียงใหม่
2022-03-26,6.283333333,Ban Tha Duea,แม่น้ำวัง,พิชัย,เมือง,ลำปาง
2022-03-26,5.25,Ban Tha Lo,น้ำแม่ตุ๋ย,บ่อแฮ้ว,เมือง,ลำปาง
2022-03-26,3.758,Ban Tha Pong Daeng,น้ำปาย,ผาบ่อง,เมือง,แม่ฮ่องสอน
2022-03-26,6.84875,Ban Thung Nong,แม่น้ำยม,สระ,เชียงม่วน,พะเยา
2022-03-26,3.71125,Ban Ton Yang,น้ำแม่ลาว,บัวสลี,แม่ลาว,เชียงราย
2022-03-26,12.705,Ban Wang Chin,แม่น้ำยม,วังชิ้น,วังชิ้น,แพร่
2022-03-26,4.67,Chedingam,น้ำอิง,ท่าวังทอง,เมือง,พะเยา
2022-03-26,6.855416667,In front of the Forestry Office,แม่น้ำน่าน,ในเวียง,เมือง,น่าน
2022-03-26,5.18,Mae Kham Lak Chet,น้ำแม่คำ,ศรีค้ำ,แม่จัน,เชียงราย
2022-03-26,2,Nam Mae Chaem,น้ำแม่แจ่ม,บ้านท่าข้าม,จอมทอง,เชียงใหม่
2022-03-26,4.914166667,Nawarat Bridge,แม่น้ำปิง,วัดเกต,เมือง,เชียงใหม่
2022-03-26,4.376666667,Pracha Uthit Bridge,น้ำแม่กลาง,บ้านหลวง,จอมทอง,เชียงใหม่
2022-03-26,5.5,Romklao Cooperative House,น้ำแม่งัด,แม่แวน,พร้าว,เชียงใหม่
2022-03-26,4.11,Saphan Ban Khay,น้ำฝาง,แม่นาวาง,แม่อาย,เชียงใหม่
2022-03-26,5.634166667,Setuwaree Bridge,แม้น้ำวัง,เวียงเหนือ,เมือง,ลำปาง
2022-03-26,11.365,Tha Li Bridge,น้ำว้า,ขึ่ง,เวียงสา,น่าน
2022-03-26,7.98,Tha Nang Bridge,น้ำแม่กวง,ในเมือง,เมือง,ลำพูน
2022-03-26,3.539583333,Wang Phrao,น้ำแม่จาง,วังพร้าว,เกาะคา,ลำปาง
2022-03-27,3.23,Ban Chiang Dao,แม่น้ำปิง,เชียงดาว,เชียงดาว,เชียงใหม่
2022-03-27,3.397916667,Ban Chor Lae,แม่น้ำปิง,ช่อแล,แม่แตง,เชียงใหม่
2022-03-27,4.274166667,Ban Don Chai,แม่น้ำวัง,ล้อมแรด,เถิน,ลำปาง
2022-03-27,8.149583333,Ban Don Mun,แม่น้ำวัง,บ้านแลง,เมือง,ลำปาง
2022-03-27,3.783333333,Ban Don Sali,น้ำแม่ลาว,ป่าแดด,แม่สรวย,เชียงราย
2022-03-27,5.15,Ban Hai,แม่น้ำวัง,ปงดอน,แจ้ห่ม,ลำปาง
2022-03-27,2.76,Ban Hong,น้ำแม่ออน,ร้องวัวแดง,สันกำแพง,เชียงใหม่
2022-03-27,2.67,Ban Hua Sapan,น้ำแม่จัน,ป่าซาง,แม่จัน,เชียงราย
2022-03-27,5.1,Ban Huai Pa Sang,น้ำแม่แตง,กึ๊ดช้าง,แม่แตง,เชียงใหม่
2022-03-27,9.737916667,Ban Huai Sak,แม่น้ำยม,เตาปูน,สอง,แพร่
2022-03-27,6.047916667,Ban Klang,น้ำแม่ขาน,บ้านกลาง,สันป่าตอง,เชียงใหม่
2022-03-27,3.3,Ban Ko Kha,แม่น้ำวัง,ศาลา,เกาะคา,ลำปาง
2022-03-27,4.4425,Ban Krariang Tung Phrao,น้ำแม่สรวย,วาวี,แม่สรวย,เชียงราย
2022-03-27,-3.15,Ban Lai Kaeo,น้ำแม่ลี้,ศรีเตี้ย,บ้านโฮ่ง,ลำพูน
2022-03-27,6.53,Ban Luang,น้ำแม่ตื่น,ยางเปียง,อมก๋อย,เชียงใหม่
2022-03-27,3.909583333,Ban Luang Nuea,น้ำงาว,หลวงใต้,งาว,ลำปาง
2022-03-27,6.62,Ban Mae E Hi,น้ำแม่ลี้,ศรีวิชัย,ลี้,ลำพูน
2022-03-27,4.63,Ban Mae Kha Bridge,น้ำฝาง,แม่ข่า,ฝาง,เชียงใหม่
2022-03-27,5.27,Ban Mae Khom Mi Tamnak Tham,น้ำแม่คำมี,ตำหนักธรรม,หนองม่วงไข่,แพร่
2022-03-27,5.94,Ban Mae Lai,น้ำแม่หล่าย,แม่หล่าย,เมือง,แพร่
2022-03-27,2.145,Ban Mae Tae,แม่น้ำปิง,แม่แฝกเก่า,สันทราย,เชียงใหม่
2022-03-27,2.4,Ban Mae Taeng,แม่น้ำแตง,สันมหาพล,แม่แตง,เชียงใหม่
2022-03-27,3.43,Ban Mae Wan,น้ำแม่กวง,ป่าเมี่ยง,ดอยสะเก็ด,เชียงใหม่
2022-03-27,5.04,Ban Mai Rim Fang,น้ำฝาง,เวียงฝาง,ฝาง,เชียงใหม่
2022-03-27,7.147083333,Ban Mang,น้ำปี้,มาง,เชียงม่วน,พะเยา
2022-03-27,5.61,Ban Muang Pok,น้ำแม่แตง,เปียงหลวง,เวียงแหง,เชียงใหม่
2022-03-27,4.177916667,Ban Mueang Kuet,น้ำแม่แตง,กึ๊ดช้าง,แม่แตง,เชียงใหม่
2022-03-27,2.423333333,Ban Mueang Mai,ห้วยแม่ต๋า,เมืองมาย,แจ้ห่ม,ลำปาง
2022-03-27,4.27125,Ban Mueang Pha,น้ำแม่ริม,ริมเหนือ,แม่ริม,เชียงใหม่
2022-03-27,9.182083333,Ban Nam Khong,แม่น้ำยม,ป่าแมต,เมือง,แพร่
2022-03-27,5.88,Ban Nam Yao,น้ำยาว,อวน,ปัว,น่าน
2022-03-27,1.617083333,Ban Nong Naw,น้ำแม่สอย,แจ้ห่ม,แจ้ห่ม,ลำปาง
2022-03-27,3.6,Ban Nong Pham,น้ำแม่ลาว,แม่สรวย,แม่สรวย,เชียงราย
2022-03-27,6.94,Ban Pa Kha,น้ำควร,ควร,ปง,พะเยา
2022-03-27,7.960416667,Ban Pa Khoi Tai,แม่น้ำปิง,สันผีเสื้อ,เมือง,เชียงใหม่
2022-03-27,4.75,Ban Pa Sang,น้ำแม่ทา,ป่าซาง,ป่าซาง,ลำพูน
2022-03-27,5.509166667,Ban Pang Sa,ห้วยน้ำยาว,ผาทอง,ท่าวังผา,น่าน
2022-03-27,10.17708333,Ban Pha Khwang,แม่น้ำน่าน,บ่อ,เมือง,น่าน
2022-03-27,6.478333333,Ban Phai Ngarm,แม่น้ำน่าน,ส้าน,เวียงสา,น่าน
2022-03-27,4.2,Ban Phan Ton,น้ำแม่วาง,ทุ่งปี้,แม่วาง,เชียงใหม่
2022-03-27,4.8,Ban Phi Tai,น้ำปี้,บ้านพี้,บ้านหลวง,น่าน
2022-03-27,6.655,Ban Pong,น้ำแม่กวง,บวกค้าง,สันกำแพง,เชียงใหม่
2022-03-27,4.75,Ban Pong,ห้วยโป่ง,บ้านโป่ง,งาว,ลำปาง
2022-03-27,4.13,Ban Rong Kho,แม่น้ำวัง,ร่องเคาะ,วังเหนือ,ลำปาง
2022-03-27,3.05,Ban Saluang Nok,น้ำแม่ริม,สลวง,แม่ริม,เชียงใหม่
2022-03-27,4.27,Ban San Pu Loei,น้ำแม่ขอด,โหล่งขอด,พร้าว,เชียงใหม่
2022-03-27,3.88,Ban Singpotin,น้ำแม่ลาย,ป่าเมี่ยง,ดอยสะเก็ด,เชียงใหม่
2022-03-27,9.62,Ban Sob Soi,แม่น้ำปิง,แม่สอย,จอมทอง,เชียงใหม่
2022-03-27,5.42,Ban Sop Mae Sapoot,แม่น้ำแม่ทา,ทาสบเส้า,แม่ทา,ลำพูน
2022-03-27,7.56,Ban Sop Pae,แม่น้ำปิง,สบแปะ,จอมทอง,เชียงใหม่
2022-03-27,5.56,Ban Sop Prap,แม่น้ำวัง,สบปราบ,สบปราบ,ลำปาง
2022-03-27,5.853333333,Ban Sop Tam,น้ำแม่ต่ำ,เกาะคา,เกาะคา,ลำปาง
2022-03-27,4.302083333,Ban Sop Win,น้ำแม่วาง,แม่วิน,แม่วาง,เชียงใหม่
2022-03-27,6.186666667,Ban Tha Duea,แม่น้ำวัง,พิชัย,เมือง,ลำปาง
2022-03-27,5.253333333,Ban Tha Lo,น้ำแม่ตุ๋ย,บ่อแฮ้ว,เมือง,ลำปาง
2022-03-27,3.728,Ban Tha Pong Daeng,น้ำปาย,ผาบ่อง,เมือง,แม่ฮ่องสอน
2022-03-27,6.815,Ban Thung Nong,แม่น้ำยม,สระ,เชียงม่วน,พะเยา
2022-03-27,3.589166667,Ban Ton Yang,น้ำแม่ลาว,บัวสลี,แม่ลาว,เชียงราย
2022-03-27,12.67666667,Ban Wang Chin,แม่น้ำยม,วังชิ้น,วังชิ้น,แพร่
2022-03-27,4.67,Chedingam,น้ำอิง,ท่าวังทอง,เมือง,พะเยา
2022-03-27,6.81625,In front of the Forestry Office,แม่น้ำน่าน,ในเวียง,เมือง,น่าน
2022-03-27,5.190416667,Mae Kham Lak Chet,น้ำแม่คำ,ศรีค้ำ,แม่จัน,เชียงราย
2022-03-27,1.98,Nam Mae Chaem,น้ำแม่แจ่ม,บ้านท่าข้าม,จอมทอง,เชียงใหม่
2022-03-27,5.20375,Nawarat Bridge,แม่น้ำปิง,วัดเกต,เมือง,เชียงใหม่
2022-03-27,4.365,Pracha Uthit Bridge,น้ำแม่กลาง,บ้านหลวง,จอมทอง,เชียงใหม่
2022-03-27,5.5,Romklao Cooperative House,น้ำแม่งัด,แม่แวน,พร้าว,เชียงใหม่
2022-03-27,4.04,Saphan Ban Khay,น้ำฝาง,แม่นาวาง,แม่อาย,เชียงใหม่
2022-03-27,5.564583333,Setuwaree Bridge,แม้น้ำวัง,เวียงเหนือ,เมือง,ลำปาง
2022-03-27,11.28875,Tha Li Bridge,น้ำว้า,ขึ่ง,เวียงสา,น่าน
2022-03-27,7.92375,Tha Nang Bridge,น้ำแม่กวง,ในเมือง,เมือง,ลำพูน
2022-03-27,3.53,Wang Phrao,น้ำแม่จาง,วังพร้าว,เกาะคา,ลำปาง
2022-03-28,3.226666667,Ban Chiang Dao,แม่น้ำปิง,เชียงดาว,เชียงดาว,เชียงใหม่
2022-03-28,3.2175,Ban Chor Lae,แม่น้ำปิง,ช่อแล,แม่แตง,เชียงใหม่
2022-03-28,4.28875,Ban Don Chai,แม่น้ำวัง,ล้อมแรด,เถิน,ลำปาง
2022-03-28,8.15,Ban Don Mun,แม่น้ำวัง,บ้านแลง,เมือง,ลำปาง
2022-03-28,5.150833333,Ban Hai,แม่น้ำวัง,ปงดอน,แจ้ห่ม,ลำปาง
2022-03-28,2.76,Ban Hong,น้ำแม่ออน,ร้องวัวแดง,สันกำแพง,เชียงใหม่
2022-03-28,2.68,Ban Hua Sapan,น้ำแม่จัน,ป่าซาง,แม่จัน,เชียงราย
2022-03-28,5.1,Ban Huai Pa Sang,น้ำแม่แตง,กึ๊ดช้าง,แม่แตง,เชียงใหม่
2022-03-28,9.73,Ban Huai Sak,แม่น้ำยม,เตาปูน,สอง,แพร่
2022-03-28,5.991666667,Ban Klang,น้ำแม่ขาน,บ้านกลาง,สันป่าตอง,เชียงใหม่
2022-03-28,3.286666667,Ban Ko Kha,แม่น้ำวัง,ศาลา,เกาะคา,ลำปาง
2022-03-28,4.43,Ban Krariang Tung Phrao,น้ำแม่สรวย,วาวี,แม่สรวย,เชียงราย
2022-03-28,-3.14625,Ban Lai Kaeo,น้ำแม่ลี้,ศรีเตี้ย,บ้านโฮ่ง,ลำพูน
2022-03-28,6.52,Ban Luang,น้ำแม่ตื่น,ยางเปียง,อมก๋อย,เชียงใหม่
2022-03-28,3.90875,Ban Luang Nuea,น้ำงาว,หลวงใต้,งาว,ลำปาง
2022-03-28,6.62,Ban Mae E Hi,น้ำแม่ลี้,ศรีวิชัย,ลี้,ลำพูน
2022-03-28,5.26,Ban Mae Khom Mi Tamnak Tham,น้ำแม่คำมี,ตำหนักธรรม,หนองม่วงไข่,แพร่
2022-03-28,5.94,Ban Mae Lai,น้ำแม่หล่าย,แม่หล่าย,เมือง,แพร่
2022-03-28,1.840416667,Ban Mae Tae,แม่น้ำปิง,แม่แฝกเก่า,สันทราย,เชียงใหม่
2022-03-28,2.4,Ban Mae Taeng,แม่น้ำแตง,สันมหาพล,แม่แตง,เชียงใหม่
2022-03-28,3.43,Ban Mae Wan,น้ำแม่กวง,ป่าเมี่ยง,ดอยสะเก็ด,เชียงใหม่
2022-03-28,5.1,Ban Mai Rim Fang,น้ำฝาง,เวียงฝาง,ฝาง,เชียงใหม่
2022-03-28,7.136666667,Ban Mang,น้ำปี้,มาง,เชียงม่วน,พะเยา
2022-03-28,5.6,Ban Muang Pok,น้ำแม่แตง,เปียงหลวง,เวียงแหง,เชียงใหม่
2022-03-28,4.11375,Ban Mueang Kuet,น้ำแม่แตง,กึ๊ดช้าง,แม่แตง,เชียงใหม่
2022-03-28,2.393333333,Ban Mueang Mai,ห้วยแม่ต๋า,เมืองมาย,แจ้ห่ม,ลำปาง
2022-03-28,4.254166667,Ban Mueang Pha,น้ำแม่ริม,ริมเหนือ,แม่ริม,เชียงใหม่
2022-03-28,9.12875,Ban Nam Khong,แม่น้ำยม,ป่าแมต,เมือง,แพร่
2022-03-28,5.924583333,Ban Nam Yao,น้ำยาว,อวน,ปัว,น่าน
2022-03-28,1.61,Ban Nong Naw,น้ำแม่สอย,แจ้ห่ม,แจ้ห่ม,ลำปาง
2022-03-28,3.60625,Ban Nong Pham,น้ำแม่ลาว,แม่สรวย,แม่สรวย,เชียงราย
2022-03-28,6.95,Ban Pa Kha,น้ำควร,ควร,ปง,พะเยา
2022-03-28,7.925833333,Ban Pa Khoi Tai,แม่น้ำปิง,สันผีเสื้อ,เมือง,เชียงใหม่
2022-03-28,4.75,Ban Pa Sang,น้ำแม่ทา,ป่าซาง,ป่าซาง,ลำพูน
2022-03-28,5.57375,Ban Pang Sa,ห้วยน้ำยาว,ผาทอง,ท่าวังผา,น่าน
2022-03-28,10.1625,Ban Pha Khwang,แม่น้ำน่าน,บ่อ,เมือง,น่าน
2022-03-28,6.45625,Ban Phai Ngarm,แม่น้ำน่าน,ส้าน,เวียงสา,น่าน
2022-03-28,4.2,Ban Phan Ton,น้ำแม่วาง,ทุ่งปี้,แม่วาง,เชียงใหม่
2022-03-28,4.8,Ban Phi Tai,น้ำปี้,บ้านพี้,บ้านหลวง,น่าน
2022-03-28,6.766666667,Ban Pong,น้ำแม่กวง,บวกค้าง,สันกำแพง,เชียงใหม่
2022-03-28,4.74,Ban Pong,ห้วยโป่ง,บ้านโป่ง,งาว,ลำปาง
2022-03-28,4.106666667,Ban Rong Kho,แม่น้ำวัง,ร่องเคาะ,วังเหนือ,ลำปาง
2022-03-28,3.04,Ban Saluang Nok,น้ำแม่ริม,สลวง,แม่ริม,เชียงใหม่
2022-03-28,4.28,Ban San Pu Loei,น้ำแม่ขอด,โหล่งขอด,พร้าว,เชียงใหม่
2022-03-28,3.88,Ban Singpotin,น้ำแม่ลาย,ป่าเมี่ยง,ดอยสะเก็ด,เชียงใหม่
2022-03-28,9.64,Ban Sob Soi,แม่น้ำปิง,แม่สอย,จอมทอง,เชียงใหม่
2022-03-28,5.42,Ban Sop Mae Sapoot,แม่น้ำแม่ทา,ทาสบเส้า,แม่ทา,ลำพูน
2022-03-28,7.55,Ban Sop Pae,แม่น้ำปิง,สบแปะ,จอมทอง,เชียงใหม่
2022-03-28,5.62,Ban Sop Prap,แม่น้ำวัง,สบปราบ,สบปราบ,ลำปาง
2022-03-28,5.91,Ban Sop Tam,น้ำแม่ต่ำ,เกาะคา,เกาะคา,ลำปาง
2022-03-28,4.3,Ban Sop Win,น้ำแม่วาง,แม่วิน,แม่วาง,เชียงใหม่
2022-03-28,6.186666667,Ban Tha Duea,แม่น้ำวัง,พิชัย,เมือง,ลำปาง
2022-03-28,5.193333333,Ban Tha Lo,น้ำแม่ตุ๋ย,บ่อแฮ้ว,เมือง,ลำปาง
2022-03-28,3.71,Ban Tha Pong Daeng,น้ำปาย,ผาบ่อง,เมือง,แม่ฮ่องสอน
2022-03-28,6.780833333,Ban Thung Nong,แม่น้ำยม,สระ,เชียงม่วน,พะเยา
2022-03-28,3.645,Ban Ton Yang,น้ำแม่ลาว,บัวสลี,แม่ลาว,เชียงราย
2022-03-28,12.80416667,Ban Wang Chin,แม่น้ำยม,วังชิ้น,วังชิ้น,แพร่
2022-03-28,4.67,Chedingam,น้ำอิง,ท่าวังทอง,เมือง,พะเยา
2022-03-28,6.77875,In front of the Forestry Office,แม่น้ำน่าน,ในเวียง,เมือง,น่าน
2022-03-28,5.197916667,Mae Kham Lak Chet,น้ำแม่คำ,ศรีค้ำ,แม่จัน,เชียงราย
2022-03-28,1.9,Nam Mae Chaem,น้ำแม่แจ่ม,บ้านท่าข้าม,จอมทอง,เชียงใหม่
2022-03-28,5.195833333,Nawarat Bridge,แม่น้ำปิง,วัดเกต,เมือง,เชียงใหม่
2022-03-28,4.35125,Pracha Uthit Bridge,น้ำแม่กลาง,บ้านหลวง,จอมทอง,เชียงใหม่
2022-03-28,5.5,Romklao Cooperative House,น้ำแม่งัด,แม่แวน,พร้าว,เชียงใหม่
2022-03-28,3.98,Saphan Ban Khay,น้ำฝาง,แม่นาวาง,แม่อาย,เชียงใหม่
2022-03-28,5.522083333,Setuwaree Bridge,แม้น้ำวัง,เวียงเหนือ,เมือง,ลำปาง
2022-03-28,11.24,Tha Li Bridge,น้ำว้า,ขึ่ง,เวียงสา,น่าน
2022-03-28,7.994166667,Tha Nang Bridge,น้ำแม่กวง,ในเมือง,เมือง,ลำพูน
2022-03-28,3.530833333,Wang Phrao,น้ำแม่จาง,วังพร้าว,เกาะคา,ลำปาง
2022-03-29,3.22,Ban Chiang Dao,แม่น้ำปิง,เชียงดาว,เชียงดาว,เชียงใหม่
2022-03-29,3.27,Ban Chor Lae,แม่น้ำปิง,ช่อแล,แม่แตง,เชียงใหม่
2022-03-29,4.39125,Ban Don Chai,แม่น้ำวัง,ล้อมแรด,เถิน,ลำปาง
2022-03-29,8.15,Ban Don Mun,แม่น้ำวัง,บ้านแลง,เมือง,ลำปาง
2022-03-29,3.756666667,Ban Don Sali,น้ำแม่ลาว,ป่าแดด,แม่สรวย,เชียงราย
2022-03-29,5.179166667,Ban Hai,แม่น้ำวัง,ปงดอน,แจ้ห่ม,ลำปาง
2022-03-29,2.76,Ban Hong,น้ำแม่ออน,ร้องวัวแดง,สันกำแพง,เชียงใหม่
2022-03-29,2.697916667,Ban Hua Sapan,น้ำแม่จัน,ป่าซาง,แม่จัน,เชียงราย
2022-03-29,5.1,Ban Huai Pa Sang,น้ำแม่แตง,กึ๊ดช้าง,แม่แตง,เชียงใหม่
2022-03-29,9.9775,Ban Huai Sak,แม่น้ำยม,เตาปูน,สอง,แพร่
2022-03-29,5.976666667,Ban Klang,น้ำแม่ขาน,บ้านกลาง,สันป่าตอง,เชียงใหม่
2022-03-29,3.293333333,Ban Ko Kha,แม่น้ำวัง,ศาลา,เกาะคา,ลำปาง
2022-03-29,4.460416667,Ban Krariang Tung Phrao,น้ำแม่สรวย,วาวี,แม่สรวย,เชียงราย
2022-03-29,-3.14,Ban Lai Kaeo,น้ำแม่ลี้,ศรีเตี้ย,บ้านโฮ่ง,ลำพูน
2022-03-29,6.52,Ban Luang,น้ำแม่ตื่น,ยางเปียง,อมก๋อย,เชียงใหม่
2022-03-29,3.92,Ban Luang Nuea,น้ำงาว,หลวงใต้,งาว,ลำปาง
2022-03-29,6.618333333,Ban Mae E Hi,น้ำแม่ลี้,ศรีวิชัย,ลี้,ลำพูน
2022-03-29,5.27,Ban Mae Khom Mi Tamnak Tham,น้ำแม่คำมี,ตำหนักธรรม,หนองม่วงไข่,แพร่
2022-03-29,5.94,Ban Mae Lai,น้ำแม่หล่าย,แม่หล่าย,เมือง,แพร่
2022-03-29,1.795833333,Ban Mae Tae,แม่น้ำปิง,แม่แฝกเก่า,สันทราย,เชียงใหม่
2022-03-29,2.4,Ban Mae Taeng,แม่น้ำแตง,สันมหาพล,แม่แตง,เชียงใหม่
2022-03-29,3.62,Ban Mae Wan,น้ำแม่กวง,ป่าเมี่ยง,ดอยสะเก็ด,เชียงใหม่
2022-03-29,4.94,Ban Mai Rim Fang,น้ำฝาง,เวียงฝาง,ฝาง,เชียงใหม่
2022-03-29,7.44375,Ban Mang,น้ำปี้,มาง,เชียงม่วน,พะเยา
2022-03-29,5.6,Ban Muang Pok,น้ำแม่แตง,เปียงหลวง,เวียงแหง,เชียงใหม่
2022-03-29,4.22875,Ban Mueang Kuet,น้ำแม่แตง,กึ๊ดช้าง,แม่แตง,เชียงใหม่
2022-03-29,2.413333333,Ban Mueang Mai,ห้วยแม่ต๋า,เมืองมาย,แจ้ห่ม,ลำปาง
2022-03-29,4.24,Ban Mueang Pha,น้ำแม่ริม,ริมเหนือ,แม่ริม,เชียงใหม่
2022-03-29,9.138333333,Ban Nam Khong,แม่น้ำยม,ป่าแมต,เมือง,แพร่
2022-03-29,6.07875,Ban Nam Yao,น้ำยาว,อวน,ปัว,น่าน
2022-03-29,1.6525,Ban Nong Naw,น้ำแม่สอย,แจ้ห่ม,แจ้ห่ม,ลำปาง
2022-03-29,3.647083333,Ban Nong Pham,น้ำแม่ลาว,แม่สรวย,แม่สรวย,เชียงราย
2022-03-29,7.2,Ban Pa Kha,น้ำควร,ควร,ปง,พะเยา
2022-03-29,7.917916667,Ban Pa Khoi Tai,แม่น้ำปิง,สันผีเสื้อ,เมือง,เชียงใหม่
2022-03-29,4.75,Ban Pa Sang,น้ำแม่ทา,ป่าซาง,ป่าซาง,ลำพูน
2022-03-29,5.855,Ban Pang Sa,ห้วยน้ำยาว,ผาทอง,ท่าวังผา,น่าน
2022-03-29,10.47041667,Ban Pha Khwang,แม่น้ำน่าน,บ่อ,เมือง,น่าน
2022-03-29,6.4875,Ban Phai Ngarm,แม่น้ำน่าน,ส้าน,เวียงสา,น่าน
2022-03-29,4.2,Ban Phan Ton,น้ำแม่วาง,ทุ่งปี้,แม่วาง,เชียงใหม่
2022-03-29,4.8,Ban Phi Tai,น้ำปี้,บ้านพี้,บ้านหลวง,น่าน
2022-03-29,6.61625,Ban Pong,น้ำแม่กวง,บวกค้าง,สันกำแพง,เชียงใหม่
2022-03-29,4.756666667,Ban Pong,ห้วยโป่ง,บ้านโป่ง,งาว,ลำปาง
2022-03-29,5.213333333,Ban Rong Kho,แม่น้ำวัง,ร่องเคาะ,วังเหนือ,ลำปาง
2022-03-29,3.04,Ban Saluang Nok,น้ำแม่ริม,สลวง,แม่ริม,เชียงใหม่
2022-03-29,4.28,Ban San Pu Loei,น้ำแม่ขอด,โหล่งขอด,พร้าว,เชียงใหม่
2022-03-29,3.88,Ban Singpotin,น้ำแม่ลาย,ป่าเมี่ยง,ดอยสะเก็ด,เชียงใหม่
2022-03-29,9.62,Ban Sob Soi,แม่น้ำปิง,แม่สอย,จอมทอง,เชียงใหม่
2022-03-29,5.42,Ban Sop Mae Sapoot,แม่น้ำแม่ทา,ทาสบเส้า,แม่ทา,ลำพูน
2022-03-29,7.49,Ban Sop Pae,แม่น้ำปิง,สบแปะ,จอมทอง,เชียงใหม่
2022-03-29,5.673333333,Ban Sop Prap,แม่น้ำวัง,สบปราบ,สบปราบ,ลำปาง
2022-03-29,5.91,Ban Sop Tam,น้ำแม่ต่ำ,เกาะคา,เกาะคา,ลำปาง
2022-03-29,4.3,Ban Sop Win,น้ำแม่วาง,แม่วิน,แม่วาง,เชียงใหม่
2022-03-29,6.356666667,Ban Tha Duea,แม่น้ำวัง,พิชัย,เมือง,ลำปาง
2022-03-29,5.235,Ban Tha Lo,น้ำแม่ตุ๋ย,บ่อแฮ้ว,เมือง,ลำปาง
2022-03-29,3.7,Ban Tha Pong Daeng,น้ำปาย,ผาบ่อง,เมือง,แม่ฮ่องสอน
2022-03-29,8.101666667,Ban Thung Nong,แม่น้ำยม,สระ,เชียงม่วน,พะเยา
2022-03-29,3.701666667,Ban Ton Yang,น้ำแม่ลาว,บัวสลี,แม่ลาว,เชียงราย
2022-03-29,12.83958333,Ban Wang Chin,แม่น้ำยม,วังชิ้น,วังชิ้น,แพร่
2022-03-29,4.683333333,Chedingam,น้ำอิง,ท่าวังทอง,เมือง,พะเยา
2022-03-29,6.985416667,In front of the Forestry Office,แม่น้ำน่าน,ในเวียง,เมือง,น่าน
2022-03-29,5.2,Mae Kham Lak Chet,น้ำแม่คำ,ศรีค้ำ,แม่จัน,เชียงราย
2022-03-29,1.9,Nam Mae Chaem,น้ำแม่แจ่ม,บ้านท่าข้าม,จอมทอง,เชียงใหม่
2022-03-29,5.198333333,Nawarat Bridge,แม่น้ำปิง,วัดเกต,เมือง,เชียงใหม่
2022-03-29,4.35,Pracha Uthit Bridge,น้ำแม่กลาง,บ้านหลวง,จอมทอง,เชียงใหม่
2022-03-29,5.5,Romklao Cooperative House,น้ำแม่งัด,แม่แวน,พร้าว,เชียงใหม่
2022-03-29,3.94,Saphan Ban Khay,น้ำฝาง,แม่นาวาง,แม่อาย,เชียงใหม่
2022-03-29,5.565833333,Setuwaree Bridge,แม้น้ำวัง,เวียงเหนือ,เมือง,ลำปาง
2022-03-29,11.31458333,Tha Li Bridge,น้ำว้า,ขึ่ง,เวียงสา,น่าน
2022-03-29,7.992083333,Tha Nang Bridge,น้ำแม่กวง,ในเมือง,เมือง,ลำพูน
2022-03-29,3.5475,Wang Phrao,น้ำแม่จาง,วังพร้าว,เกาะคา,ลำปาง
2022-03-30,3.22125,Ban Chiang Dao,แม่น้ำปิง,เชียงดาว,เชียงดาว,เชียงใหม่
2022-03-30,3.289166667,Ban Chor Lae,แม่น้ำปิง,ช่อแล,แม่แตง,เชียงใหม่
2022-03-30,4.349583333,Ban Don Chai,แม่น้ำวัง,ล้อมแรด,เถิน,ลำปาง
2022-03-30,8.120625,Ban Don Mun,แม่น้ำวัง,บ้านแลง,เมือง,ลำปาง
2022-03-30,3.763333333,Ban Don Sali,น้ำแม่ลาว,ป่าแดด,แม่สรวย,เชียงราย
2022-03-30,5.2225,Ban Hai,แม่น้ำวัง,ปงดอน,แจ้ห่ม,ลำปาง
2022-03-30,2.76,Ban Hong,น้ำแม่ออน,ร้องวัวแดง,สันกำแพง,เชียงใหม่
2022-03-30,2.717916667,Ban Hua Sapan,น้ำแม่จัน,ป่าซาง,แม่จัน,เชียงราย
2022-03-30,5.1,Ban Huai Pa Sang,น้ำแม่แตง,กึ๊ดช้าง,แม่แตง,เชียงใหม่
2022-03-30,11.09333333,Ban Huai Sak,แม่น้ำยม,เตาปูน,สอง,แพร่
2022-03-30,5.96125,Ban Klang,น้ำแม่ขาน,บ้านกลาง,สันป่าตอง,เชียงใหม่
2022-03-30,3.316666667,Ban Ko Kha,แม่น้ำวัง,ศาลา,เกาะคา,ลำปาง
2022-03-30,4.49875,Ban Krariang Tung Phrao,น้ำแม่สรวย,วาวี,แม่สรวย,เชียงราย
2022-03-30,-3.14,Ban Lai Kaeo,น้ำแม่ลี้,ศรีเตี้ย,บ้านโฮ่ง,ลำพูน
2022-03-30,6.51,Ban Luang,น้ำแม่ตื่น,ยางเปียง,อมก๋อย,เชียงใหม่
2022-03-30,3.990833333,Ban Luang Nuea,น้ำงาว,หลวงใต้,งาว,ลำปาง
2022-03-30,6.61,Ban Mae E Hi,น้ำแม่ลี้,ศรีวิชัย,ลี้,ลำพูน
2022-03-30,4.63,Ban Mae Kha Bridge,น้ำฝาง,แม่ข่า,ฝาง,เชียงใหม่
2022-03-30,5.27,Ban Mae Khom Mi Tamnak Tham,น้ำแม่คำมี,ตำหนักธรรม,หนองม่วงไข่,แพร่
2022-03-30,5.94,Ban Mae Lai,น้ำแม่หล่าย,แม่หล่าย,เมือง,แพร่
2022-03-30,1.767916667,Ban Mae Tae,แม่น้ำปิง,แม่แฝกเก่า,สันทราย,เชียงใหม่
2022-03-30,2.4,Ban Mae Taeng,แม่น้ำแตง,สันมหาพล,แม่แตง,เชียงใหม่
2022-03-30,3.44,Ban Mae Wan,น้ำแม่กวง,ป่าเมี่ยง,ดอยสะเก็ด,เชียงใหม่
2022-03-30,4.98,Ban Mai Rim Fang,น้ำฝาง,เวียงฝาง,ฝาง,เชียงใหม่
2022-03-30,7.49125,Ban Mang,น้ำปี้,มาง,เชียงม่วน,พะเยา
2022-03-30,4.217916667,Ban Mueang Kuet,น้ำแม่แตง,กึ๊ดช้าง,แม่แตง,เชียงใหม่
2022-03-30,2.556666667,Ban Mueang Mai,ห้วยแม่ต๋า,เมืองมาย,แจ้ห่ม,ลำปาง
2022-03-30,4.24,Ban Mueang Pha,น้ำแม่ริม,ริมเหนือ,แม่ริม,เชียงใหม่
2022-03-30,9.169166667,Ban Nam Khong,แม่น้ำยม,ป่าแมต,เมือง,แพร่
2022-03-30,6.014166667,Ban Nam Yao,น้ำยาว,อวน,ปัว,น่าน
2022-03-30,1.713333333,Ban Nong Naw,น้ำแม่สอย,แจ้ห่ม,แจ้ห่ม,ลำปาง
2022-03-30,3.6375,Ban Nong Pham,น้ำแม่ลาว,แม่สรวย,แม่สรวย,เชียงราย
2022-03-30,7.27,Ban Pa Kha,น้ำควร,ควร,ปง,พะเยา
2022-03-30,7.87875,Ban Pa Khoi Tai,แม่น้ำปิง,สันผีเสื้อ,เมือง,เชียงใหม่
2022-03-30,4.749583333,Ban Pa Sang,น้ำแม่ทา,ป่าซาง,ป่าซาง,ลำพูน
2022-03-30,5.65125,Ban Pang Sa,ห้วยน้ำยาว,ผาทอง,ท่าวังผา,น่าน
2022-03-30,10.33125,Ban Pha Khwang,แม่น้ำน่าน,บ่อ,เมือง,น่าน
2022-03-30,7.00625,Ban Phai Ngarm,แม่น้ำน่าน,ส้าน,เวียงสา,น่าน
2022-03-30,4.19875,Ban Phan Ton,น้ำแม่วาง,ทุ่งปี้,แม่วาง,เชียงใหม่
2022-03-30,5,Ban Phi Tai,น้ำปี้,บ้านพี้,บ้านหลวง,น่าน
2022-03-30,6.6425,Ban Pong,น้ำแม่กวง,บวกค้าง,สันกำแพง,เชียงใหม่
2022-03-30,4.81,Ban Pong,ห้วยโป่ง,บ้านโป่ง,งาว,ลำปาง
2022-03-30,4.476666667,Ban Rong Kho,แม่น้ำวัง,ร่องเคาะ,วังเหนือ,ลำปาง
2022-03-30,3.04,Ban Saluang Nok,น้ำแม่ริม,สลวง,แม่ริม,เชียงใหม่
2022-03-30,4.28,Ban San Pu Loei,น้ำแม่ขอด,โหล่งขอด,พร้าว,เชียงใหม่
2022-03-30,3.88,Ban Singpotin,น้ำแม่ลาย,ป่าเมี่ยง,ดอยสะเก็ด,เชียงใหม่
2022-03-30,9.58,Ban Sob Soi,แม่น้ำปิง,แม่สอย,จอมทอง,เชียงใหม่
2022-03-30,5.42,Ban Sop Mae Sapoot,แม่น้ำแม่ทา,ทาสบเส้า,แม่ทา,ลำพูน
2022-03-30,7.445,Ban Sop Pae,แม่น้ำปิง,สบแปะ,จอมทอง,เชียงใหม่
2022-03-30,5.666666667,Ban Sop Prap,แม่น้ำวัง,สบปราบ,สบปราบ,ลำปาง
2022-03-30,5.91,Ban Sop Tam,น้ำแม่ต่ำ,เกาะคา,เกาะคา,ลำปาง
2022-03-30,4.3,Ban Sop Win,น้ำแม่วาง,แม่วิน,แม่วาง,เชียงใหม่
2022-03-30,6.263333333,Ban Tha Duea,แม่น้ำวัง,พิชัย,เมือง,ลำปาง
2022-03-30,5.21,Ban Tha Lo,น้ำแม่ตุ๋ย,บ่อแฮ้ว,เมือง,ลำปาง
2022-03-30,3.69,Ban Tha Pong Daeng,น้ำปาย,ผาบ่อง,เมือง,แม่ฮ่องสอน
2022-03-30,7.627916667,Ban Thung Nong,แม่น้ำยม,สระ,เชียงม่วน,พะเยา
2022-03-30,3.7325,Ban Ton Yang,น้ำแม่ลาว,บัวสลี,แม่ลาว,เชียงราย
2022-03-30,12.83583333,Ban Wang Chin,แม่น้ำยม,วังชิ้น,วังชิ้น,แพร่
2022-03-30,4.706666667,Chedingam,น้ำอิง,ท่าวังทอง,เมือง,พะเยา
2022-03-30,7.40375,In front of the Forestry Office,แม่น้ำน่าน,ในเวียง,เมือง,น่าน
2022-03-30,5.21,Mae Kham Lak Chet,น้ำแม่คำ,ศรีค้ำ,แม่จัน,เชียงราย
2022-03-30,1.9,Nam Mae Chaem,น้ำแม่แจ่ม,บ้านท่าข้าม,จอมทอง,เชียงใหม่
2022-03-30,5.15625,Nawarat Bridge,แม่น้ำปิง,วัดเกต,เมือง,เชียงใหม่
2022-03-30,4.35125,Pracha Uthit Bridge,น้ำแม่กลาง,บ้านหลวง,จอมทอง,เชียงใหม่
2022-03-30,5.5,Romklao Cooperative House,น้ำแม่งัด,แม่แวน,พร้าว,เชียงใหม่
2022-03-30,3.92,Saphan Ban Khay,น้ำฝาง,แม่นาวาง,แม่อาย,เชียงใหม่
2022-03-30,5.549583333,Setuwaree Bridge,แม้น้ำวัง,เวียงเหนือ,เมือง,ลำปาง
2022-03-30,11.87541667,Tha Li Bridge,น้ำว้า,ขึ่ง,เวียงสา,น่าน
2022-03-30,7.971666667,Tha Nang Bridge,น้ำแม่กวง,ในเมือง,เมือง,ลำพูน
2022-03-30,3.5575,Wang Phrao,น้ำแม่จาง,วังพร้าว,เกาะคา,ลำปาง
2022-03-31,3.23,Ban Chiang Dao,แม่น้ำปิง,เชียงดาว,เชียงดาว,เชียงใหม่
2022-03-31,3.302916667,Ban Chor Lae,แม่น้ำปิง,ช่อแล,แม่แตง,เชียงใหม่
2022-03-31,4.33125,Ban Don Chai,แม่น้ำวัง,ล้อมแรด,เถิน,ลำปาง
2022-03-31,7.989166667,Ban Don Mun,แม่น้ำวัง,บ้านแลง,เมือง,ลำปาง
2022-03-31,3.833333333,Ban Don Sali,น้ำแม่ลาว,ป่าแดด,แม่สรวย,เชียงราย
2022-03-31,5.200434783,Ban Hai,แม่น้ำวัง,ปงดอน,แจ้ห่ม,ลำปาง
2022-03-31,2.76,Ban Hong,น้ำแม่ออน,ร้องวัวแดง,สันกำแพง,เชียงใหม่
2022-03-31,2.727916667,Ban Hua Sapan,น้ำแม่จัน,ป่าซาง,แม่จัน,เชียงราย
2022-03-31,5.14,Ban Huai Pa Sang,น้ำแม่แตง,กึ๊ดช้าง,แม่แตง,เชียงใหม่
2022-03-31,10.44458333,Ban Huai Sak,แม่น้ำยม,เตาปูน,สอง,แพร่
2022-03-31,5.951666667,Ban Klang,น้ำแม่ขาน,บ้านกลาง,สันป่าตอง,เชียงใหม่
2022-03-31,3.303333333,Ban Ko Kha,แม่น้ำวัง,ศาลา,เกาะคา,ลำปาง
2022-03-31,4.5,Ban Krariang Tung Phrao,น้ำแม่สรวย,วาวี,แม่สรวย,เชียงราย
2022-03-31,-3.14,Ban Lai Kaeo,น้ำแม่ลี้,ศรีเตี้ย,บ้านโฮ่ง,ลำพูน
2022-03-31,6.51,Ban Luang,น้ำแม่ตื่น,ยางเปียง,อมก๋อย,เชียงใหม่
2022-03-31,3.988333333,Ban Luang Nuea,น้ำงาว,หลวงใต้,งาว,ลำปาง
2022-03-31,6.611666667,Ban Mae E Hi,น้ำแม่ลี้,ศรีวิชัย,ลี้,ลำพูน
2022-03-31,4.86,Ban Mae Kha Bridge,น้ำฝาง,แม่ข่า,ฝาง,เชียงใหม่
2022-03-31,5.27,Ban Mae Khom Mi Tamnak Tham,น้ำแม่คำมี,ตำหนักธรรม,หนองม่วงไข่,แพร่
2022-03-31,5.97625,Ban Mae Lai,น้ำแม่หล่าย,แม่หล่าย,เมือง,แพร่
2022-03-31,1.734583333,Ban Mae Tae,แม่น้ำปิง,แม่แฝกเก่า,สันทราย,เชียงใหม่
2022-03-31,2.41,Ban Mae Taeng,แม่น้ำแตง,สันมหาพล,แม่แตง,เชียงใหม่
2022-03-31,3.44,Ban Mae Wan,น้ำแม่กวง,ป่าเมี่ยง,ดอยสะเก็ด,เชียงใหม่
2022-03-31,5.02,Ban Mai Rim Fang,น้ำฝาง,เวียงฝาง,ฝาง,เชียงใหม่
2022-03-31,7.374166667,Ban Mang,น้ำปี้,มาง,เชียงม่วน,พะเยา
2022-03-31,4.201666667,Ban Mueang Kuet,น้ำแม่แตง,กึ๊ดช้าง,แม่แตง,เชียงใหม่
2022-03-31,2.47,Ban Mueang Mai,ห้วยแม่ต๋า,เมืองมาย,แจ้ห่ม,ลำปาง
2022-03-31,4.235,Ban Mueang Pha,น้ำแม่ริม,ริมเหนือ,แม่ริม,เชียงใหม่
2022-03-31,9.412083333,Ban Nam Khong,แม่น้ำยม,ป่าแมต,เมือง,แพร่
2022-03-31,5.952083333,Ban Nam Yao,น้ำยาว,อวน,ปัว,น่าน
2022-03-31,1.716666667,Ban Nong Naw,น้ำแม่สอย,แจ้ห่ม,แจ้ห่ม,ลำปาง
2022-03-31,3.65,Ban Nong Pham,น้ำแม่ลาว,แม่สรวย,แม่สรวย,เชียงราย
2022-03-31,7.096666667,Ban Pa Kha,น้ำควร,ควร,ปง,พะเยา
2022-03-31,7.624583333,Ban Pa Khoi Tai,แม่น้ำปิง,สันผีเสื้อ,เมือง,เชียงใหม่
2022-03-31,4.75,Ban Pa Sang,น้ำแม่ทา,ป่าซาง,ป่าซาง,ลำพูน
2022-03-31,5.570833333,Ban Pang Sa,ห้วยน้ำยาว,ผาทอง,ท่าวังผา,น่าน
2022-03-31,10.22125,Ban Pha Khwang,แม่น้ำน่าน,บ่อ,เมือง,น่าน
2022-03-31,6.982083333,Ban Phai Ngarm,แม่น้ำน่าน,ส้าน,เวียงสา,น่าน
2022-03-31,4.20625,Ban Phan Ton,น้ำแม่วาง,ทุ่งปี้,แม่วาง,เชียงใหม่
2022-03-31,4.9,Ban Phi Tai,น้ำปี้,บ้านพี้,บ้านหลวง,น่าน
2022-03-31,6.685833333,Ban Pong,น้ำแม่กวง,บวกค้าง,สันกำแพง,เชียงใหม่
2022-03-31,4.79,Ban Pong,ห้วยโป่ง,บ้านโป่ง,งาว,ลำปาง
2022-03-31,4.276666667,Ban Rong Kho,แม่น้ำวัง,ร่องเคาะ,วังเหนือ,ลำปาง
2022-03-31,3.04,Ban Saluang Nok,น้ำแม่ริม,สลวง,แม่ริม,เชียงใหม่
2022-03-31,4.28,Ban San Pu Loei,น้ำแม่ขอด,โหล่งขอด,พร้าว,เชียงใหม่
2022-03-31,3.88,Ban Singpotin,น้ำแม่ลาย,ป่าเมี่ยง,ดอยสะเก็ด,เชียงใหม่
2022-03-31,9.6,Ban Sob Soi,แม่น้ำปิง,แม่สอย,จอมทอง,เชียงใหม่
2022-03-31,5.42,Ban Sop Mae Sapoot,แม่น้ำแม่ทา,ทาสบเส้า,แม่ทา,ลำพูน
2022-03-31,7.4,Ban Sop Pae,แม่น้ำปิง,สบแปะ,จอมทอง,เชียงใหม่
2022-03-31,5.696666667,Ban Sop Prap,แม่น้ำวัง,สบปราบ,สบปราบ,ลำปาง
2022-03-31,5.9,Ban Sop Tam,น้ำแม่ต่ำ,เกาะคา,เกาะคา,ลำปาง
2022-03-31,4.303333333,Ban Sop Win,น้ำแม่วาง,แม่วิน,แม่วาง,เชียงใหม่
2022-03-31,6.163333333,Ban Tha Duea,แม่น้ำวัง,พิชัย,เมือง,ลำปาง
2022-03-31,5.216666667,Ban Tha Lo,น้ำแม่ตุ๋ย,บ่อแฮ้ว,เมือง,ลำปาง
2022-03-31,3.69,Ban Tha Pong Daeng,น้ำปาย,ผาบ่อง,เมือง,แม่ฮ่องสอน
2022-03-31,7.165416667,Ban Thung Nong,แม่น้ำยม,สระ,เชียงม่วน,พะเยา
2022-03-31,3.74625,Ban Ton Yang,น้ำแม่ลาว,บัวสลี,แม่ลาว,เชียงราย
2022-03-31,12.815,Ban Wang Chin,แม่น้ำยม,วังชิ้น,วังชิ้น,แพร่
2022-03-31,4.72,Chedingam,น้ำอิง,ท่าวังทอง,เมือง,พะเยา
2022-03-31,7.174583333,In front of the Forestry Office,แม่น้ำน่าน,ในเวียง,เมือง,น่าน
2022-03-31,5.21,Mae Kham Lak Chet,น้ำแม่คำ,ศรีค้ำ,แม่จัน,เชียงราย
2022-03-31,1.9,Nam Mae Chaem,น้ำแม่แจ่ม,บ้านท่าข้าม,จอมทอง,เชียงใหม่
2022-03-31,4.899583333,Nawarat Bridge,แม่น้ำปิง,วัดเกต,เมือง,เชียงใหม่
2022-03-31,4.378333333,Pracha Uthit Bridge,น้ำแม่กลาง,บ้านหลวง,จอมทอง,เชียงใหม่
2022-03-31,5.5,Romklao Cooperative House,น้ำแม่งัด,แม่แวน,พร้าว,เชียงใหม่
2022-03-31,3.92,Saphan Ban Khay,น้ำฝาง,แม่นาวาง,แม่อาย,เชียงใหม่
2022-03-31,5.52875,Setuwaree Bridge,แม้น้ำวัง,เวียงเหนือ,เมือง,ลำปาง
2022-03-31,11.80791667,Tha Li Bridge,น้ำว้า,ขึ่ง,เวียงสา,น่าน
2022-03-31,7.877083333,Tha Nang Bridge,น้ำแม่กวง,ในเมือง,เมือง,ลำพูน
2022-03-31,3.549583333,Wang Phrao,น้ำแม่จาง,วังพร้าว,เกาะคา,ลำปาง
2022-04-01,2.9,Ban Chiang Dao,แม่น้ำปิง,เชียงดาว,เชียงดาว,เชียงใหม่
2022-04-01,3.6,Ban Chor Lae,แม่น้ำปิง,ช่อแล,แม่แตง,เชียงใหม่
2022-04-01,4.4,Ban Don Chai,แม่น้ำวัง,ล้อมแรด,เถิน,ลำปาง
2022-04-01,5.7,Ban Don Mun,แม่น้ำวัง,บ้านแลง,เมือง,ลำปาง
2022-04-01,4.4,Ban Don Sali,น้ำแม่ลาว,ป่าแดด,แม่สรวย,เชียงราย
2022-04-01,5.2,Ban Hai,แม่น้ำวัง,ปงดอน,แจ้ห่ม,ลำปาง
2022-04-01,4,Ban Hong,น้ำแม่ออน,ร้องวัวแดง,สันกำแพง,เชียงใหม่
2022-04-01,2.7,Ban Hua Sapan,น้ำแม่จัน,ป่าซาง,แม่จัน,เชียงราย
2022-04-01,5.1,Ban Huai Pa Sang,น้ำแม่แตง,กึ๊ดช้าง,แม่แตง,เชียงใหม่
2022-04-01,9.2,Ban Huai Sak,แม่น้ำยม,เตาปูน,สอง,แพร่
2022-04-01,6,Ban Klang,น้ำแม่ขาน,บ้านกลาง,สันป่าตอง,เชียงใหม่
2022-04-01,3.3,Ban Ko Kha,แม่น้ำวัง,ศาลา,เกาะคา,ลำปาง
2022-04-01,4.5,Ban Krariang Tung Phrao,น้ำแม่สรวย,วาวี,แม่สรวย,เชียงราย
2022-04-01,3.1,Ban Lai Kaeo,น้ำแม่ลี้,ศรีเตี้ย,บ้านโฮ่ง,ลำพูน
2022-04-01,6.5,Ban Luang,น้ำแม่ตื่น,ยางเปียง,อมก๋อย,เชียงใหม่
2022-04-01,7.7,Ban Luang Nuea,น้ำงาว,หลวงใต้,งาว,ลำปาง
2022-04-01,6.6,Ban Mae E Hi,น้ำแม่ลี้,ศรีวิชัย,ลี้,ลำพูน
2022-04-01,4.8,Ban Mae Kha Bridge,น้ำฝาง,แม่ข่า,ฝาง,เชียงใหม่
2022-04-01,6.6,Ban Mae Khom Mi Tamnak Tham,น้ำแม่คำมี,ตำหนักธรรม,หนองม่วงไข่,แพร่
2022-04-01,6,Ban Mae Lai,น้ำแม่หล่าย,แม่หล่าย,เมือง,แพร่
2022-04-01,1.8,Ban Mae Tae,แม่น้ำปิง,แม่แฝกเก่า,สันทราย,เชียงใหม่
2022-04-01,2.4,Ban Mae Taeng,แม่น้ำแตง,สันมหาพล,แม่แตง,เชียงใหม่
2022-04-01,3.7,Ban Mae Wan,น้ำแม่กวง,ป่าเมี่ยง,ดอยสะเก็ด,เชียงใหม่
2022-04-01,5.1,Ban Mai Rim Fang,น้ำฝาง,เวียงฝาง,ฝาง,เชียงใหม่
2022-04-01,7.3,Ban Mang,น้ำปี้,มาง,เชียงม่วน,พะเยา
2022-04-01,5.7,Ban Muang Pok,น้ำแม่แตง,เปียงหลวง,เวียงแหง,เชียงใหม่
2022-04-01,4.2,Ban Mueang Kuet,น้ำแม่แตง,กึ๊ดช้าง,แม่แตง,เชียงใหม่
2022-04-01,2.4,Ban Mueang Mai,ห้วยแม่ต๋า,เมืองมาย,แจ้ห่ม,ลำปาง
2022-04-01,4.2,Ban Mueang Pha,น้ำแม่ริม,ริมเหนือ,แม่ริม,เชียงใหม่
2022-04-01,9.6,Ban Nam Khong,แม่น้ำยม,ป่าแมต,เมือง,แพร่
2022-04-01,5.9,Ban Nam Yao,น้ำยาว,อวน,ปัว,น่าน
2022-04-01,1.7,Ban Nong Naw,น้ำแม่สอย,แจ้ห่ม,แจ้ห่ม,ลำปาง
2022-04-01,3.7,Ban Nong Pham,น้ำแม่ลาว,แม่สรวย,แม่สรวย,เชียงราย
2022-04-01,7,Ban Pa Kha,น้ำควร,ควร,ปง,พะเยา
2022-04-01,7.6,Ban Pa Khoi Tai,แม่น้ำปิง,สันผีเสื้อ,เมือง,เชียงใหม่
2022-04-01,4.7,Ban Pa Sang,น้ำแม่ทา,ป่าซาง,ป่าซาง,ลำพูน
2022-04-01,5.5,Ban Pang Sa,ห้วยน้ำยาว,ผาทอง,ท่าวังผา,น่าน
2022-04-01,10.2,Ban Pha Khwang,แม่น้ำน่าน,บ่อ,เมือง,น่าน
2022-04-01,6.8,Ban Phai Ngarm,แม่น้ำน่าน,ส้าน,เวียงสา,น่าน
2022-04-01,4.2,Ban Phan Ton,น้ำแม่วาง,ทุ่งปี้,แม่วาง,เชียงใหม่
2022-04-01,4.8,Ban Phi Tai,น้ำปี้,บ้านพี้,บ้านหลวง,น่าน
2022-04-01,6.7,Ban Pong,น้ำแม่กวง,บวกค้าง,สันกำแพง,เชียงใหม่
2022-04-01,8.7,Ban Pong,น้ำแม่กวง,บวกค้าง,สันกำแพง,เชียงใหม่
2022-04-01,4.793333333,Ban Pong,ห้วยโป่ง,บ้านโป่ง,งาว,ลำปาง
2022-04-01,4.2,Ban Rong Kho,แม่น้ำวัง,ร่องเคาะ,วังเหนือ,ลำปาง
2022-04-01,3,Ban Saluang Nok,น้ำแม่ริม,สลวง,แม่ริม,เชียงใหม่
2022-04-01,6,Ban San Pu Loei,น้ำแม่ขอด,โหล่งขอด,พร้าว,เชียงใหม่
2022-04-01,7.2,Ban Singpotin,น้ำแม่ลาย,ป่าเมี่ยง,ดอยสะเก็ด,เชียงใหม่
2022-04-01,9.6,Ban Sob Soi,แม่น้ำปิง,แม่สอย,จอมทอง,เชียงใหม่
2022-04-01,5.2,Ban Sop Mae Sapoot,แม่น้ำแม่ทา,ทาสบเส้า,แม่ทา,ลำพูน
2022-04-01,7.4,Ban Sop Pae,แม่น้ำปิง,สบแปะ,จอมทอง,เชียงใหม่
2022-04-01,5.7,Ban Sop Prap,แม่น้ำวัง,สบปราบ,สบปราบ,ลำปาง
2022-04-01,5.9,Ban Sop Tam,น้ำแม่ต่ำ,เกาะคา,เกาะคา,ลำปาง
2022-04-01,4.3,Ban Sop Win,น้ำแม่วาง,แม่วิน,แม่วาง,เชียงใหม่
2022-04-01,7.9,Ban Tha Duea,แม่น้ำวัง,พิชัย,เมือง,ลำปาง
2022-04-01,5.3,Ban Tha Lo,น้ำแม่ตุ๋ย,บ่อแฮ้ว,เมือง,ลำปาง
2022-04-01,3.7,Ban Tha Pong Daeng,น้ำปาย,ผาบ่อง,เมือง,แม่ฮ่องสอน
2022-04-01,12,Ban Thung Nong,แม่น้ำยม,สระ,เชียงม่วน,พะเยา
2022-04-01,3.7,Ban Ton Yang,น้ำแม่ลาว,บัวสลี,แม่ลาว,เชียงราย
2022-04-01,12.8,Ban Wang Chin,แม่น้ำยม,วังชิ้น,วังชิ้น,แพร่
2022-04-01,4.7,Chedingam,น้ำอิง,ท่าวังทอง,เมือง,พะเยา
2022-04-01,7,In front of the Forestry Office,แม่น้ำน่าน,ในเวียง,เมือง,น่าน
2022-04-01,5.2,Mae Kham Lak Chet,น้ำแม่คำ,ศรีค้ำ,แม่จัน,เชียงราย
2022-04-01,2.4,Nam Mae Chaem,น้ำแม่แจ่ม,บ้านท่าข้าม,จอมทอง,เชียงใหม่
2022-04-01,4.8,Nawarat Bridge,แม่น้ำปิง,วัดเกต,เมือง,เชียงใหม่
2022-04-01,4.8,Nawarat Bridge,แม่น้ำปิง,วัดเกต,เมือง,เชียงใหม่
2022-04-01,4.4,Pracha Uthit Bridge,น้ำแม่กลาง,บ้านหลวง,จอมทอง,เชียงใหม่
2022-04-01,5.5,Romklao Cooperative House,น้ำแม่งัด,แม่แวน,พร้าว,เชียงใหม่
2022-04-01,4,Saphan Ban Khay,น้ำฝาง,แม่นาวาง,แม่อาย,เชียงใหม่
2022-04-01,5.4,Setuwaree Bridge,แม้น้ำวัง,เวียงเหนือ,เมือง,ลำปาง
2022-04-01,12.5,Tha Li Bridge,น้ำว้า,ขึ่ง,เวียงสา,น่าน
2022-04-01,7.8,Tha Nang Bridge,น้ำแม่กวง,ในเมือง,เมือง,ลำพูน
2022-04-01,3.6,Wang Phrao,น้ำแม่จาง,วังพร้าว,เกาะคา,ลำปาง
2022-04-02,3,Ban Chiang Dao,แม่น้ำปิง,เชียงดาว,เชียงดาว,เชียงใหม่
2022-04-02,3.7,Ban Chor Lae,แม่น้ำปิง,ช่อแล,แม่แตง,เชียงใหม่
2022-04-02,4.4,Ban Don Chai,แม่น้ำวัง,ล้อมแรด,เถิน,ลำปาง
2022-04-02,5.7,Ban Don Mun,แม่น้ำวัง,บ้านแลง,เมือง,ลำปาง
2022-04-02,4.5,Ban Don Sali,น้ำแม่ลาว,ป่าแดด,แม่สรวย,เชียงราย
2022-04-02,5.2,Ban Hai,แม่น้ำวัง,ปงดอน,แจ้ห่ม,ลำปาง
2022-04-02,4,Ban Hong,น้ำแม่ออน,ร้องวัวแดง,สันกำแพง,เชียงใหม่
2022-04-02,2.7,Ban Hua Sapan,น้ำแม่จัน,ป่าซาง,แม่จัน,เชียงราย
2022-04-02,5.1,Ban Huai Pa Sang,น้ำแม่แตง,กึ๊ดช้าง,แม่แตง,เชียงใหม่
2022-04-02,9.1,Ban Huai Sak,แม่น้ำยม,เตาปูน,สอง,แพร่
2022-04-02,6.1,Ban Klang,น้ำแม่ขาน,บ้านกลาง,สันป่าตอง,เชียงใหม่
2022-04-02,3.3,Ban Ko Kha,แม่น้ำวัง,ศาลา,เกาะคา,ลำปาง
2022-04-02,4.4,Ban Krariang Tung Phrao,น้ำแม่สรวย,วาวี,แม่สรวย,เชียงราย
2022-04-02,3.1,Ban Lai Kaeo,น้ำแม่ลี้,ศรีเตี้ย,บ้านโฮ่ง,ลำพูน
2022-04-02,6.5,Ban Luang,น้ำแม่ตื่น,ยางเปียง,อมก๋อย,เชียงใหม่
2022-04-02,7.7,Ban Luang Nuea,น้ำงาว,หลวงใต้,งาว,ลำปาง
2022-04-02,6.6,Ban Mae E Hi,น้ำแม่ลี้,ศรีวิชัย,ลี้,ลำพูน
2022-04-02,4.8,Ban Mae Kha Bridge,น้ำฝาง,แม่ข่า,ฝาง,เชียงใหม่
2022-04-02,6.6,Ban Mae Khom Mi Tamnak Tham,น้ำแม่คำมี,ตำหนักธรรม,หนองม่วงไข่,แพร่
2022-04-02,6,Ban Mae Lai,น้ำแม่หล่าย,แม่หล่าย,เมือง,แพร่
2022-04-02,2.4,Ban Mae Tae,แม่น้ำปิง,แม่แฝกเก่า,สันทราย,เชียงใหม่
2022-04-02,2.4,Ban Mae Taeng,แม่น้ำแตง,สันมหาพล,แม่แตง,เชียงใหม่
2022-04-02,3.8,Ban Mae Wan,น้ำแม่กวง,ป่าเมี่ยง,ดอยสะเก็ด,เชียงใหม่
2022-04-02,5.5,Ban Mai Rim Fang,น้ำฝาง,เวียงฝาง,ฝาง,เชียงใหม่
2022-04-02,7.2,Ban Mang,น้ำปี้,มาง,เชียงม่วน,พะเยา
2022-04-02,5.7,Ban Muang Pok,น้ำแม่แตง,เปียงหลวง,เวียงแหง,เชียงใหม่
2022-04-02,4.3,Ban Mueang Kuet,น้ำแม่แตง,กึ๊ดช้าง,แม่แตง,เชียงใหม่
2022-04-02,2.4,Ban Mueang Mai,ห้วยแม่ต๋า,เมืองมาย,แจ้ห่ม,ลำปาง
2022-04-02,4.6,Ban Mueang Pha,น้ำแม่ริม,ริมเหนือ,แม่ริม,เชียงใหม่
2022-04-02,9.4,Ban Nam Khong,แม่น้ำยม,ป่าแมต,เมือง,แพร่
2022-04-02,5.9,Ban Nam Yao,น้ำยาว,อวน,ปัว,น่าน
2022-04-02,1.7,Ban Nong Naw,น้ำแม่สอย,แจ้ห่ม,แจ้ห่ม,ลำปาง
2022-04-02,3.7,Ban Nong Pham,น้ำแม่ลาว,แม่สรวย,แม่สรวย,เชียงราย
2022-04-02,7,Ban Pa Kha,น้ำควร,ควร,ปง,พะเยา
2022-04-02,7.9,Ban Pa Khoi Tai,แม่น้ำปิง,สันผีเสื้อ,เมือง,เชียงใหม่
2022-04-02,4.7,Ban Pa Sang,น้ำแม่ทา,ป่าซาง,ป่าซาง,ลำพูน
2022-04-02,5.5,Ban Pang Sa,ห้วยน้ำยาว,ผาทอง,ท่าวังผา,น่าน
2022-04-02,10.2,Ban Pha Khwang,แม่น้ำน่าน,บ่อ,เมือง,น่าน
2022-04-02,6.7,Ban Phai Ngarm,แม่น้ำน่าน,ส้าน,เวียงสา,น่าน
2022-04-02,4.3,Ban Phan Ton,น้ำแม่วาง,ทุ่งปี้,แม่วาง,เชียงใหม่
2022-04-02,4.8,Ban Phi Tai,น้ำปี้,บ้านพี้,บ้านหลวง,น่าน
2022-04-02,7.6,Ban Pong,น้ำแม่กวง,บวกค้าง,สันกำแพง,เชียงใหม่
2022-04-02,8.7,Ban Pong,น้ำแม่กวง,บวกค้าง,สันกำแพง,เชียงใหม่
2022-04-02,4.796666667,Ban Pong,ห้วยโป่ง,บ้านโป่ง,งาว,ลำปาง
2022-04-02,4.2,Ban Rong Kho,แม่น้ำวัง,ร่องเคาะ,วังเหนือ,ลำปาง
2022-04-02,3,Ban Saluang Nok,น้ำแม่ริม,สลวง,แม่ริม,เชียงใหม่
2022-04-02,6,Ban San Pu Loei,น้ำแม่ขอด,โหล่งขอด,พร้าว,เชียงใหม่
2022-04-02,7.3,Ban Singpotin,น้ำแม่ลาย,ป่าเมี่ยง,ดอยสะเก็ด,เชียงใหม่
2022-04-02,9.6,Ban Sob Soi,แม่น้ำปิง,แม่สอย,จอมทอง,เชียงใหม่
2022-04-02,5.2,Ban Sop Mae Sapoot,แม่น้ำแม่ทา,ทาสบเส้า,แม่ทา,ลำพูน
2022-04-02,8.3,Ban Sop Pae,แม่น้ำปิง,สบแปะ,จอมทอง,เชียงใหม่
2022-04-02,5.7,Ban Sop Prap,แม่น้ำวัง,สบปราบ,สบปราบ,ลำปาง
2022-04-02,5.8,Ban Sop Tam,น้ำแม่ต่ำ,เกาะคา,เกาะคา,ลำปาง
2022-04-02,4.4,Ban Sop Win,น้ำแม่วาง,แม่วิน,แม่วาง,เชียงใหม่
2022-04-02,7.9,Ban Tha Duea,แม่น้ำวัง,พิชัย,เมือง,ลำปาง
2022-04-02,5.3,Ban Tha Lo,น้ำแม่ตุ๋ย,บ่อแฮ้ว,เมือง,ลำปาง
2022-04-02,3.7,Ban Tha Pong Daeng,น้ำปาย,ผาบ่อง,เมือง,แม่ฮ่องสอน
2022-04-02,11.9,Ban Thung Nong,แม่น้ำยม,สระ,เชียงม่วน,พะเยา
2022-04-02,3.8,Ban Ton Yang,น้ำแม่ลาว,บัวสลี,แม่ลาว,เชียงราย
2022-04-02,12.8,Ban Wang Chin,แม่น้ำยม,วังชิ้น,วังชิ้น,แพร่
2022-04-02,4.8,Chedingam,น้ำอิง,ท่าวังทอง,เมือง,พะเยา
2022-04-02,7,In front of the Forestry Office,แม่น้ำน่าน,ในเวียง,เมือง,น่าน
2022-04-02,5.2,Mae Kham Lak Chet,น้ำแม่คำ,ศรีค้ำ,แม่จัน,เชียงราย
2022-04-02,2.4,Nam Mae Chaem,น้ำแม่แจ่ม,บ้านท่าข้าม,จอมทอง,เชียงใหม่
2022-04-02,5,Nawarat Bridge,แม่น้ำปิง,วัดเกต,เมือง,เชียงใหม่
2022-04-02,5,Nawarat Bridge,แม่น้ำปิง,วัดเกต,เมือง,เชียงใหม่
2022-04-02,5.2,Pracha Uthit Bridge,น้ำแม่กลาง,บ้านหลวง,จอมทอง,เชียงใหม่
2022-04-02,5.5,Romklao Cooperative House,น้ำแม่งัด,แม่แวน,พร้าว,เชียงใหม่
2022-04-02,4.1,Saphan Ban Khay,น้ำฝาง,แม่นาวาง,แม่อาย,เชียงใหม่
2022-04-02,5.4,Setuwaree Bridge,แม้น้ำวัง,เวียงเหนือ,เมือง,ลำปาง
2022-04-02,12.4,Tha Li Bridge,น้ำว้า,ขึ่ง,เวียงสา,น่าน
2022-04-02,8,Tha Nang Bridge,น้ำแม่กวง,ในเมือง,เมือง,ลำพูน
2022-04-02,3.6,Wang Phrao,น้ำแม่จาง,วังพร้าว,เกาะคา,ลำปาง
2022-04-03,5,Ban Chiang Dao,แม่น้ำปิง,เชียงดาว,เชียงดาว,เชียงใหม่
2022-04-03,3.6,Ban Chor Lae,แม่น้ำปิง,ช่อแล,แม่แตง,เชียงใหม่
2022-04-03,4.4,Ban Don Chai,แม่น้ำวัง,ล้อมแรด,เถิน,ลำปาง
2022-04-03,5.8,Ban Don Mun,แม่น้ำวัง,บ้านแลง,เมือง,ลำปาง
2022-04-03,4.7,Ban Don Sali,น้ำแม่ลาว,ป่าแดด,แม่สรวย,เชียงราย
2022-04-03,5.2,Ban Hai,แม่น้ำวัง,ปงดอน,แจ้ห่ม,ลำปาง
2022-04-03,4,Ban Hong,น้ำแม่ออน,ร้องวัวแดง,สันกำแพง,เชียงใหม่
2022-04-03,2.7,Ban Hua Sapan,น้ำแม่จัน,ป่าซาง,แม่จัน,เชียงราย
2022-04-03,5.6,Ban Huai Pa Sang,น้ำแม่แตง,กึ๊ดช้าง,แม่แตง,เชียงใหม่
2022-04-03,9,Ban Huai Sak,แม่น้ำยม,เตาปูน,สอง,แพร่
2022-04-03,6.2,Ban Klang,น้ำแม่ขาน,บ้านกลาง,สันป่าตอง,เชียงใหม่
2022-04-03,3.3,Ban Ko Kha,แม่น้ำวัง,ศาลา,เกาะคา,ลำปาง
2022-04-03,4.4,Ban Krariang Tung Phrao,น้ำแม่สรวย,วาวี,แม่สรวย,เชียงราย
2022-04-03,3.1,Ban Lai Kaeo,น้ำแม่ลี้,ศรีเตี้ย,บ้านโฮ่ง,ลำพูน
2022-04-03,6.5,Ban Luang,น้ำแม่ตื่น,ยางเปียง,อมก๋อย,เชียงใหม่
2022-04-03,7.7,Ban Luang Nuea,น้ำงาว,หลวงใต้,งาว,ลำปาง
2022-04-03,6.6,Ban Mae E Hi,น้ำแม่ลี้,ศรีวิชัย,ลี้,ลำพูน
2022-04-03,5.2,Ban Mae Kha Bridge,น้ำฝาง,แม่ข่า,ฝาง,เชียงใหม่
2022-04-03,6.6,Ban Mae Khom Mi Tamnak Tham,น้ำแม่คำมี,ตำหนักธรรม,หนองม่วงไข่,แพร่
2022-04-03,6,Ban Mae Lai,น้ำแม่หล่าย,แม่หล่าย,เมือง,แพร่
2022-04-03,2.5,Ban Mae Tae,แม่น้ำปิง,แม่แฝกเก่า,สันทราย,เชียงใหม่
2022-04-03,2.5,Ban Mae Taeng,แม่น้ำแตง,สันมหาพล,แม่แตง,เชียงใหม่
2022-04-03,3.7,Ban Mae Wan,น้ำแม่กวง,ป่าเมี่ยง,ดอยสะเก็ด,เชียงใหม่
2022-04-03,7.3,Ban Mai Rim Fang,น้ำฝาง,เวียงฝาง,ฝาง,เชียงใหม่
2022-04-03,7.1,Ban Mang,น้ำปี้,มาง,เชียงม่วน,พะเยา
2022-04-03,5.7,Ban Muang Pok,น้ำแม่แตง,เปียงหลวง,เวียงแหง,เชียงใหม่
2022-04-03,4.5,Ban Mueang Kuet,น้ำแม่แตง,กึ๊ดช้าง,แม่แตง,เชียงใหม่
2022-04-03,2.5,Ban Mueang Mai,ห้วยแม่ต๋า,เมืองมาย,แจ้ห่ม,ลำปาง
2022-04-03,4.8,Ban Mueang Pha,น้ำแม่ริม,ริมเหนือ,แม่ริม,เชียงใหม่
2022-04-03,9.3,Ban Nam Khong,แม่น้ำยม,ป่าแมต,เมือง,แพร่
2022-04-03,5.9,Ban Nam Yao,น้ำยาว,อวน,ปัว,น่าน
2022-04-03,1.7,Ban Nong Naw,น้ำแม่สอย,แจ้ห่ม,แจ้ห่ม,ลำปาง
2022-04-03,4,Ban Nong Pham,น้ำแม่ลาว,แม่สรวย,แม่สรวย,เชียงราย
2022-04-03,7,Ban Pa Kha,น้ำควร,ควร,ปง,พะเยา
2022-04-03,8.1,Ban Pa Khoi Tai,แม่น้ำปิง,สันผีเสื้อ,เมือง,เชียงใหม่
2022-04-03,4.7,Ban Pa Sang,น้ำแม่ทา,ป่าซาง,ป่าซาง,ลำพูน
2022-04-03,5.5,Ban Pang Sa,ห้วยน้ำยาว,ผาทอง,ท่าวังผา,น่าน
2022-04-03,10.2,Ban Pha Khwang,แม่น้ำน่าน,บ่อ,เมือง,น่าน
2022-04-03,6.6,Ban Phai Ngarm,แม่น้ำน่าน,ส้าน,เวียงสา,น่าน
2022-04-03,4.3,Ban Phan Ton,น้ำแม่วาง,ทุ่งปี้,แม่วาง,เชียงใหม่
2022-04-03,4.8,Ban Phi Tai,น้ำปี้,บ้านพี้,บ้านหลวง,น่าน
2022-04-03,8.5,Ban Pong,น้ำแม่กวง,บวกค้าง,สันกำแพง,เชียงใหม่
2022-04-03,8.7,Ban Pong,น้ำแม่กวง,บวกค้าง,สันกำแพง,เชียงใหม่
2022-04-03,4.793333333,Ban Pong,ห้วยโป่ง,บ้านโป่ง,งาว,ลำปาง
2022-04-03,4.2,Ban Rong Kho,แม่น้ำวัง,ร่องเคาะ,วังเหนือ,ลำปาง
2022-04-03,3.2,Ban Saluang Nok,น้ำแม่ริม,สลวง,แม่ริม,เชียงใหม่
2022-04-03,6,Ban San Pu Loei,น้ำแม่ขอด,โหล่งขอด,พร้าว,เชียงใหม่
2022-04-03,7.5,Ban Singpotin,น้ำแม่ลาย,ป่าเมี่ยง,ดอยสะเก็ด,เชียงใหม่
2022-04-03,8.6,Ban Sob Soi,แม่น้ำปิง,แม่สอย,จอมทอง,เชียงใหม่
2022-04-03,5.2,Ban Sop Mae Sapoot,แม่น้ำแม่ทา,ทาสบเส้า,แม่ทา,ลำพูน
2022-04-03,8.5,Ban Sop Pae,แม่น้ำปิง,สบแปะ,จอมทอง,เชียงใหม่
2022-04-03,5.7,Ban Sop Prap,แม่น้ำวัง,สบปราบ,สบปราบ,ลำปาง
2022-04-03,5.8,Ban Sop Tam,น้ำแม่ต่ำ,เกาะคา,เกาะคา,ลำปาง
2022-04-03,4.4,Ban Sop Win,น้ำแม่วาง,แม่วิน,แม่วาง,เชียงใหม่
2022-04-03,7.8,Ban Tha Duea,แม่น้ำวัง,พิชัย,เมือง,ลำปาง
2022-04-03,5.6,Ban Tha Lo,น้ำแม่ตุ๋ย,บ่อแฮ้ว,เมือง,ลำปาง
2022-04-03,3.7,Ban Tha Pong Daeng,น้ำปาย,ผาบ่อง,เมือง,แม่ฮ่องสอน
2022-04-03,11.9,Ban Thung Nong,แม่น้ำยม,สระ,เชียงม่วน,พะเยา
2022-04-03,4.1,Ban Ton Yang,น้ำแม่ลาว,บัวสลี,แม่ลาว,เชียงราย
2022-04-03,13.4,Ban Wang Chin,แม่น้ำยม,วังชิ้น,วังชิ้น,แพร่
2022-04-03,4.8,Chedingam,น้ำอิง,ท่าวังทอง,เมือง,พะเยา
2022-04-03,7,In front of the Forestry Office,แม่น้ำน่าน,ในเวียง,เมือง,น่าน
2022-04-03,5.2,Mae Kham Lak Chet,น้ำแม่คำ,ศรีค้ำ,แม่จัน,เชียงราย
2022-04-03,2.4,Nam Mae Chaem,น้ำแม่แจ่ม,บ้านท่าข้าม,จอมทอง,เชียงใหม่
2022-04-03,5.2,Nawarat Bridge,แม่น้ำปิง,วัดเกต,เมือง,เชียงใหม่
2022-04-03,5.2,Nawarat Bridge,แม่น้ำปิง,วัดเกต,เมือง,เชียงใหม่
2022-04-03,4.8,Pracha Uthit Bridge,น้ำแม่กลาง,บ้านหลวง,จอมทอง,เชียงใหม่
2022-04-03,5.7,Romklao Cooperative House,น้ำแม่งัด,แม่แวน,พร้าว,เชียงใหม่
2022-04-03,5,Saphan Ban Khay,น้ำฝาง,แม่นาวาง,แม่อาย,เชียงใหม่
2022-04-03,5.4,Setuwaree Bridge,แม้น้ำวัง,เวียงเหนือ,เมือง,ลำปาง
2022-04-03,12.4,Tha Li Bridge,น้ำว้า,ขึ่ง,เวียงสา,น่าน
2022-04-03,8.5,Tha Nang Bridge,น้ำแม่กวง,ในเมือง,เมือง,ลำพูน
2022-04-03,3.6,Wang Phrao,น้ำแม่จาง,วังพร้าว,เกาะคา,ลำปาง
2022-04-04,2.9,Ban Chiang Dao,แม่น้ำปิง,เชียงดาว,เชียงดาว,เชียงใหม่
2022-04-04,3.4,Ban Chor Lae,แม่น้ำปิง,ช่อแล,แม่แตง,เชียงใหม่
2022-04-04,4.4,Ban Don Chai,แม่น้ำวัง,ล้อมแรด,เถิน,ลำปาง
2022-04-04,5.8,Ban Don Mun,แม่น้ำวัง,บ้านแลง,เมือง,ลำปาง
2022-04-04,4.5,Ban Don Sali,น้ำแม่ลาว,ป่าแดด,แม่สรวย,เชียงราย
2022-04-04,5.1,Ban Hai,แม่น้ำวัง,ปงดอน,แจ้ห่ม,ลำปาง
2022-04-04,4,Ban Hong,น้ำแม่ออน,ร้องวัวแดง,สันกำแพง,เชียงใหม่
2022-04-04,2.8,Ban Hua Sapan,น้ำแม่จัน,ป่าซาง,แม่จัน,เชียงราย
2022-04-04,5.4,Ban Huai Pa Sang,น้ำแม่แตง,กึ๊ดช้าง,แม่แตง,เชียงใหม่
2022-04-04,8.9,Ban Huai Sak,แม่น้ำยม,เตาปูน,สอง,แพร่
2022-04-04,6.3,Ban Klang,น้ำแม่ขาน,บ้านกลาง,สันป่าตอง,เชียงใหม่
2022-04-04,3.3,Ban Ko Kha,แม่น้ำวัง,ศาลา,เกาะคา,ลำปาง
2022-04-04,4.5,Ban Krariang Tung Phrao,น้ำแม่สรวย,วาวี,แม่สรวย,เชียงราย
2022-04-04,3.1,Ban Lai Kaeo,น้ำแม่ลี้,ศรีเตี้ย,บ้านโฮ่ง,ลำพูน
2022-04-04,6.6,Ban Luang,น้ำแม่ตื่น,ยางเปียง,อมก๋อย,เชียงใหม่
2022-04-04,7.6,Ban Luang Nuea,น้ำงาว,หลวงใต้,งาว,ลำปาง
2022-04-04,6.6,Ban Mae E Hi,น้ำแม่ลี้,ศรีวิชัย,ลี้,ลำพูน
2022-04-04,5,Ban Mae Kha Bridge,น้ำฝาง,แม่ข่า,ฝาง,เชียงใหม่
2022-04-04,6.6,Ban Mae Khom Mi Tamnak Tham,น้ำแม่คำมี,ตำหนักธรรม,หนองม่วงไข่,แพร่
2022-04-04,6,Ban Mae Lai,น้ำแม่หล่าย,แม่หล่าย,เมือง,แพร่
2022-04-04,2.1,Ban Mae Tae,แม่น้ำปิง,แม่แฝกเก่า,สันทราย,เชียงใหม่
2022-04-04,2.4,Ban Mae Taeng,แม่น้ำแตง,สันมหาพล,แม่แตง,เชียงใหม่
2022-04-04,3.7,Ban Mae Wan,น้ำแม่กวง,ป่าเมี่ยง,ดอยสะเก็ด,เชียงใหม่
2022-04-04,5.7,Ban Mai Rim Fang,น้ำฝาง,เวียงฝาง,ฝาง,เชียงใหม่
2022-04-04,7.2,Ban Mang,น้ำปี้,มาง,เชียงม่วน,พะเยา
2022-04-04,5.7,Ban Muang Pok,น้ำแม่แตง,เปียงหลวง,เวียงแหง,เชียงใหม่
2022-04-04,4.4,Ban Mueang Kuet,น้ำแม่แตง,กึ๊ดช้าง,แม่แตง,เชียงใหม่
2022-04-04,2.5,Ban Mueang Mai,ห้วยแม่ต๋า,เมืองมาย,แจ้ห่ม,ลำปาง
2022-04-04,4.5,Ban Mueang Pha,น้ำแม่ริม,ริมเหนือ,แม่ริม,เชียงใหม่
2022-04-04,9.2,Ban Nam Khong,แม่น้ำยม,ป่าแมต,เมือง,แพร่
2022-04-04,5.8,Ban Nam Yao,น้ำยาว,อวน,ปัว,น่าน
2022-04-04,1.7,Ban Nong Naw,น้ำแม่สอย,แจ้ห่ม,แจ้ห่ม,ลำปาง
2022-04-04,3.9,Ban Nong Pham,น้ำแม่ลาว,แม่สรวย,แม่สรวย,เชียงราย
2022-04-04,7,Ban Pa Kha,น้ำควร,ควร,ปง,พะเยา
2022-04-04,8.1,Ban Pa Khoi Tai,แม่น้ำปิง,สันผีเสื้อ,เมือง,เชียงใหม่
2022-04-04,4.7,Ban Pa Sang,น้ำแม่ทา,ป่าซาง,ป่าซาง,ลำพูน
2022-04-04,5.5,Ban Pang Sa,ห้วยน้ำยาว,ผาทอง,ท่าวังผา,น่าน
2022-04-04,10.2,Ban Pha Khwang,แม่น้ำน่าน,บ่อ,เมือง,น่าน
2022-04-04,6.6,Ban Phai Ngarm,แม่น้ำน่าน,ส้าน,เวียงสา,น่าน
2022-04-04,4.3,Ban Phan Ton,น้ำแม่วาง,ทุ่งปี้,แม่วาง,เชียงใหม่
2022-04-04,4.8,Ban Phi Tai,น้ำปี้,บ้านพี้,บ้านหลวง,น่าน
2022-04-04,8,Ban Pong,น้ำแม่กวง,บวกค้าง,สันกำแพง,เชียงใหม่
2022-04-04,8.7,Ban Pong,น้ำแม่กวง,บวกค้าง,สันกำแพง,เชียงใหม่
2022-04-04,4.763333333,Ban Pong,ห้วยโป่ง,บ้านโป่ง,งาว,ลำปาง
2022-04-04,4.2,Ban Rong Kho,แม่น้ำวัง,ร่องเคาะ,วังเหนือ,ลำปาง
2022-04-04,3.2,Ban Saluang Nok,น้ำแม่ริม,สลวง,แม่ริม,เชียงใหม่
2022-04-04,6,Ban San Pu Loei,น้ำแม่ขอด,โหล่งขอด,พร้าว,เชียงใหม่
2022-04-04,7.4,Ban Singpotin,น้ำแม่ลาย,ป่าเมี่ยง,ดอยสะเก็ด,เชียงใหม่
2022-04-04,9.7,Ban Sob Soi,แม่น้ำปิง,แม่สอย,จอมทอง,เชียงใหม่
2022-04-04,5.2,Ban Sop Mae Sapoot,แม่น้ำแม่ทา,ทาสบเส้า,แม่ทา,ลำพูน
2022-04-04,9,Ban Sop Pae,แม่น้ำปิง,สบแปะ,จอมทอง,เชียงใหม่
2022-04-04,5.7,Ban Sop Prap,แม่น้ำวัง,สบปราบ,สบปราบ,ลำปาง
2022-04-04,5.8,Ban Sop Tam,น้ำแม่ต่ำ,เกาะคา,เกาะคา,ลำปาง
2022-04-04,4.3,Ban Sop Win,น้ำแม่วาง,แม่วิน,แม่วาง,เชียงใหม่
2022-04-04,8,Ban Tha Duea,แม่น้ำวัง,พิชัย,เมือง,ลำปาง
2022-04-04,5.8,Ban Tha Lo,น้ำแม่ตุ๋ย,บ่อแฮ้ว,เมือง,ลำปาง
2022-04-04,3.7,Ban Tha Pong Daeng,น้ำปาย,ผาบ่อง,เมือง,แม่ฮ่องสอน
2022-04-04,11.9,Ban Thung Nong,แม่น้ำยม,สระ,เชียงม่วน,พะเยา
2022-04-04,4.1,Ban Ton Yang,น้ำแม่ลาว,บัวสลี,แม่ลาว,เชียงราย
2022-04-04,13.3,Ban Wang Chin,แม่น้ำยม,วังชิ้น,วังชิ้น,แพร่
2022-04-04,4.8,Chedingam,น้ำอิง,ท่าวังทอง,เมือง,พะเยา
2022-04-04,6.9,In front of the Forestry Office,แม่น้ำน่าน,ในเวียง,เมือง,น่าน
2022-04-04,5.2,Mae Kham Lak Chet,น้ำแม่คำ,ศรีค้ำ,แม่จัน,เชียงราย
2022-04-04,2.4,Nam Mae Chaem,น้ำแม่แจ่ม,บ้านท่าข้าม,จอมทอง,เชียงใหม่
2022-04-04,5.2,Nawarat Bridge,แม่น้ำปิง,วัดเกต,เมือง,เชียงใหม่
2022-04-04,5.2,Nawarat Bridge,แม่น้ำปิง,วัดเกต,เมือง,เชียงใหม่
2022-04-04,4.6,Pracha Uthit Bridge,น้ำแม่กลาง,บ้านหลวง,จอมทอง,เชียงใหม่
2022-04-04,5.6,Romklao Cooperative House,น้ำแม่งัด,แม่แวน,พร้าว,เชียงใหม่
2022-04-04,5,Saphan Ban Khay,น้ำฝาง,แม่นาวาง,แม่อาย,เชียงใหม่
2022-04-04,5.2,Setuwaree Bridge,แม้น้ำวัง,เวียงเหนือ,เมือง,ลำปาง
2022-04-04,12.3,Tha Li Bridge,น้ำว้า,ขึ่ง,เวียงสา,น่าน
2022-04-04,8,Tha Nang Bridge,น้ำแม่กวง,ในเมือง,เมือง,ลำพูน
2022-04-04,3.6,Wang Phrao,น้ำแม่จาง,วังพร้าว,เกาะคา,ลำปาง
2022-04-05,2.8,Ban Chiang Dao,แม่น้ำปิง,เชียงดาว,เชียงดาว,เชียงใหม่
2022-04-05,3.3,Ban Chor Lae,แม่น้ำปิง,ช่อแล,แม่แตง,เชียงใหม่
2022-04-05,4.3,Ban Don Chai,แม่น้ำวัง,ล้อมแรด,เถิน,ลำปาง
2022-04-05,5.7,Ban Don Mun,แม่น้ำวัง,บ้านแลง,เมือง,ลำปาง
2022-04-05,4.4,Ban Don Sali,น้ำแม่ลาว,ป่าแดด,แม่สรวย,เชียงราย
2022-04-05,5.1,Ban Hai,แม่น้ำวัง,ปงดอน,แจ้ห่ม,ลำปาง
2022-04-05,4,Ban Hong,น้ำแม่ออน,ร้องวัวแดง,สันกำแพง,เชียงใหม่
2022-04-05,2.8,Ban Hua Sapan,น้ำแม่จัน,ป่าซาง,แม่จัน,เชียงราย
2022-04-05,5.2,Ban Huai Pa Sang,น้ำแม่แตง,กึ๊ดช้าง,แม่แตง,เชียงใหม่
2022-04-05,8.9,Ban Huai Sak,แม่น้ำยม,เตาปูน,สอง,แพร่
2022-04-05,6.2,Ban Klang,น้ำแม่ขาน,บ้านกลาง,สันป่าตอง,เชียงใหม่
2022-04-05,3.3,Ban Ko Kha,แม่น้ำวัง,ศาลา,เกาะคา,ลำปาง
2022-04-05,4.5,Ban Krariang Tung Phrao,น้ำแม่สรวย,วาวี,แม่สรวย,เชียงราย
2022-04-05,3.1,Ban Lai Kaeo,น้ำแม่ลี้,ศรีเตี้ย,บ้านโฮ่ง,ลำพูน
2022-04-05,6.6,Ban Luang,น้ำแม่ตื่น,ยางเปียง,อมก๋อย,เชียงใหม่
2022-04-05,7.6,Ban Luang Nuea,น้ำงาว,หลวงใต้,งาว,ลำปาง
2022-04-05,6.6,Ban Mae E Hi,น้ำแม่ลี้,ศรีวิชัย,ลี้,ลำพูน
2022-04-05,6.6,Ban Mae Khom Mi Tamnak Tham,น้ำแม่คำมี,ตำหนักธรรม,หนองม่วงไข่,แพร่
2022-04-05,5.9,Ban Mae Lai,น้ำแม่หล่าย,แม่หล่าย,เมือง,แพร่
2022-04-05,1.9,Ban Mae Tae,แม่น้ำปิง,แม่แฝกเก่า,สันทราย,เชียงใหม่
2022-04-05,2.4,Ban Mae Taeng,แม่น้ำแตง,สันมหาพล,แม่แตง,เชียงใหม่
2022-04-05,3.7,Ban Mae Wan,น้ำแม่กวง,ป่าเมี่ยง,ดอยสะเก็ด,เชียงใหม่
2022-04-05,5.4,Ban Mai Rim Fang,น้ำฝาง,เวียงฝาง,ฝาง,เชียงใหม่
2022-04-05,7.2,Ban Mang,น้ำปี้,มาง,เชียงม่วน,พะเยา
2022-04-05,5.7,Ban Muang Pok,น้ำแม่แตง,เปียงหลวง,เวียงแหง,เชียงใหม่
2022-04-05,4.3,Ban Mueang Kuet,น้ำแม่แตง,กึ๊ดช้าง,แม่แตง,เชียงใหม่
2022-04-05,2.4,Ban Mueang Mai,ห้วยแม่ต๋า,เมืองมาย,แจ้ห่ม,ลำปาง
2022-04-05,4.4,Ban Mueang Pha,น้ำแม่ริม,ริมเหนือ,แม่ริม,เชียงใหม่
2022-04-05,9.3,Ban Nam Khong,แม่น้ำยม,ป่าแมต,เมือง,แพร่
2022-04-05,5.8,Ban Nam Yao,น้ำยาว,อวน,ปัว,น่าน
2022-04-05,1.7,Ban Nong Naw,น้ำแม่สอย,แจ้ห่ม,แจ้ห่ม,ลำปาง
2022-04-05,3.7,Ban Nong Pham,น้ำแม่ลาว,แม่สรวย,แม่สรวย,เชียงราย
2022-04-05,7,Ban Pa Kha,น้ำควร,ควร,ปง,พะเยา
2022-04-05,7.9,Ban Pa Khoi Tai,แม่น้ำปิง,สันผีเสื้อ,เมือง,เชียงใหม่
2022-04-05,4.7,Ban Pa Sang,น้ำแม่ทา,ป่าซาง,ป่าซาง,ลำพูน
2022-04-05,5.5,Ban Pang Sa,ห้วยน้ำยาว,ผาทอง,ท่าวังผา,น่าน
2022-04-05,10.3,Ban Pha Khwang,แม่น้ำน่าน,บ่อ,เมือง,น่าน
2022-04-05,6.5,Ban Phai Ngarm,แม่น้ำน่าน,ส้าน,เวียงสา,น่าน
2022-04-05,4.3,Ban Phan Ton,น้ำแม่วาง,ทุ่งปี้,แม่วาง,เชียงใหม่
2022-04-05,4.8,Ban Phi Tai,น้ำปี้,บ้านพี้,บ้านหลวง,น่าน
2022-04-05,7.6,Ban Pong,น้ำแม่กวง,บวกค้าง,สันกำแพง,เชียงใหม่
2022-04-05,8.6,Ban Pong,น้ำแม่กวง,บวกค้าง,สันกำแพง,เชียงใหม่
2022-04-05,4.73,Ban Pong,ห้วยโป่ง,บ้านโป่ง,งาว,ลำปาง
2022-04-05,4.2,Ban Rong Kho,แม่น้ำวัง,ร่องเคาะ,วังเหนือ,ลำปาง
2022-04-05,3.1,Ban Saluang Nok,น้ำแม่ริม,สลวง,แม่ริม,เชียงใหม่
2022-04-05,6.1,Ban San Pu Loei,น้ำแม่ขอด,โหล่งขอด,พร้าว,เชียงใหม่
2022-04-05,7.4,Ban Singpotin,น้ำแม่ลาย,ป่าเมี่ยง,ดอยสะเก็ด,เชียงใหม่
2022-04-05,9.7,Ban Sob Soi,แม่น้ำปิง,แม่สอย,จอมทอง,เชียงใหม่
2022-04-05,5.2,Ban Sop Mae Sapoot,แม่น้ำแม่ทา,ทาสบเส้า,แม่ทา,ลำพูน
2022-04-05,8.5,Ban Sop Pae,แม่น้ำปิง,สบแปะ,จอมทอง,เชียงใหม่
2022-04-05,5.7,Ban Sop Prap,แม่น้ำวัง,สบปราบ,สบปราบ,ลำปาง
2022-04-05,5.8,Ban Sop Tam,น้ำแม่ต่ำ,เกาะคา,เกาะคา,ลำปาง
2022-04-05,4.3,Ban Sop Win,น้ำแม่วาง,แม่วิน,แม่วาง,เชียงใหม่
2022-04-05,8,Ban Tha Duea,แม่น้ำวัง,พิชัย,เมือง,ลำปาง
2022-04-05,5.8,Ban Tha Lo,น้ำแม่ตุ๋ย,บ่อแฮ้ว,เมือง,ลำปาง
2022-04-05,3.7,Ban Tha Pong Daeng,น้ำปาย,ผาบ่อง,เมือง,แม่ฮ่องสอน
2022-04-05,11.8,Ban Thung Nong,แม่น้ำยม,สระ,เชียงม่วน,พะเยา
2022-04-05,4,Ban Ton Yang,น้ำแม่ลาว,บัวสลี,แม่ลาว,เชียงราย
2022-04-05,13.2,Ban Wang Chin,แม่น้ำยม,วังชิ้น,วังชิ้น,แพร่
2022-04-05,4.7,Chedingam,น้ำอิง,ท่าวังทอง,เมือง,พะเยา
2022-04-05,6.9,In front of the Forestry Office,แม่น้ำน่าน,ในเวียง,เมือง,น่าน
2022-04-05,5.2,Mae Kham Lak Chet,น้ำแม่คำ,ศรีค้ำ,แม่จัน,เชียงราย
2022-04-05,2.3,Nam Mae Chaem,น้ำแม่แจ่ม,บ้านท่าข้าม,จอมทอง,เชียงใหม่
2022-04-05,5.2,Nawarat Bridge,แม่น้ำปิง,วัดเกต,เมือง,เชียงใหม่
2022-04-05,5.2,Nawarat Bridge,แม่น้ำปิง,วัดเกต,เมือง,เชียงใหม่
2022-04-05,4.5,Pracha Uthit Bridge,น้ำแม่กลาง,บ้านหลวง,จอมทอง,เชียงใหม่
2022-04-05,4.6,Saphan Ban Khay,น้ำฝาง,แม่นาวาง,แม่อาย,เชียงใหม่
2022-04-05,5.5,Setuwaree Bridge,แม้น้ำวัง,เวียงเหนือ,เมือง,ลำปาง
2022-04-05,12.3,Tha Li Bridge,น้ำว้า,ขึ่ง,เวียงสา,น่าน
2022-04-05,8.1,Tha Nang Bridge,น้ำแม่กวง,ในเมือง,เมือง,ลำพูน
2022-04-05,3.5,Wang Phrao,น้ำแม่จาง,วังพร้าว,เกาะคา,ลำปาง
2022-04-06,2.8,Ban Chiang Dao,แม่น้ำปิง,เชียงดาว,เชียงดาว,เชียงใหม่
2022-04-06,3.3,Ban Chor Lae,แม่น้ำปิง,ช่อแล,แม่แตง,เชียงใหม่
2022-04-06,4.4,Ban Don Chai,แม่น้ำวัง,ล้อมแรด,เถิน,ลำปาง
2022-04-06,5.7,Ban Don Mun,แม่น้ำวัง,บ้านแลง,เมือง,ลำปาง
2022-04-06,4.3,Ban Don Sali,น้ำแม่ลาว,ป่าแดด,แม่สรวย,เชียงราย
2022-04-06,5.1,Ban Hai,แม่น้ำวัง,ปงดอน,แจ้ห่ม,ลำปาง
2022-04-06,4,Ban Hong,น้ำแม่ออน,ร้องวัวแดง,สันกำแพง,เชียงใหม่
2022-04-06,2.8,Ban Hua Sapan,น้ำแม่จัน,ป่าซาง,แม่จัน,เชียงราย
2022-04-06,5.2,Ban Huai Pa Sang,น้ำแม่แตง,กึ๊ดช้าง,แม่แตง,เชียงใหม่
2022-04-06,8.9,Ban Huai Sak,แม่น้ำยม,เตาปูน,สอง,แพร่
2022-04-06,6.2,Ban Klang,น้ำแม่ขาน,บ้านกลาง,สันป่าตอง,เชียงใหม่
2022-04-06,3.3,Ban Ko Kha,แม่น้ำวัง,ศาลา,เกาะคา,ลำปาง
2022-04-06,4.5,Ban Krariang Tung Phrao,น้ำแม่สรวย,วาวี,แม่สรวย,เชียงราย
2022-04-06,3.1,Ban Lai Kaeo,น้ำแม่ลี้,ศรีเตี้ย,บ้านโฮ่ง,ลำพูน
2022-04-06,6.5,Ban Luang,น้ำแม่ตื่น,ยางเปียง,อมก๋อย,เชียงใหม่
2022-04-06,7.6,Ban Luang Nuea,น้ำงาว,หลวงใต้,งาว,ลำปาง
2022-04-06,6.6,Ban Mae E Hi,น้ำแม่ลี้,ศรีวิชัย,ลี้,ลำพูน
2022-04-06,6.6,Ban Mae Khom Mi Tamnak Tham,น้ำแม่คำมี,ตำหนักธรรม,หนองม่วงไข่,แพร่
2022-04-06,5.9,Ban Mae Lai,น้ำแม่หล่าย,แม่หล่าย,เมือง,แพร่
2022-04-06,1.8,Ban Mae Tae,แม่น้ำปิง,แม่แฝกเก่า,สันทราย,เชียงใหม่
2022-04-06,2.4,Ban Mae Taeng,แม่น้ำแตง,สันมหาพล,แม่แตง,เชียงใหม่
2022-04-06,3.9,Ban Mae Wan,น้ำแม่กวง,ป่าเมี่ยง,ดอยสะเก็ด,เชียงใหม่
2022-04-06,5.3,Ban Mai Rim Fang,น้ำฝาง,เวียงฝาง,ฝาง,เชียงใหม่
2022-04-06,7.2,Ban Mang,น้ำปี้,มาง,เชียงม่วน,พะเยา
2022-04-06,5.7,Ban Muang Pok,น้ำแม่แตง,เปียงหลวง,เวียงแหง,เชียงใหม่
2022-04-06,4.3,Ban Mueang Kuet,น้ำแม่แตง,กึ๊ดช้าง,แม่แตง,เชียงใหม่
2022-04-06,2.4,Ban Mueang Mai,ห้วยแม่ต๋า,เมืองมาย,แจ้ห่ม,ลำปาง
2022-04-06,4.4,Ban Mueang Pha,น้ำแม่ริม,ริมเหนือ,แม่ริม,เชียงใหม่
2022-04-06,9.3,Ban Nam Khong,แม่น้ำยม,ป่าแมต,เมือง,แพร่
2022-04-06,5.8,Ban Nam Yao,น้ำยาว,อวน,ปัว,น่าน
2022-04-06,1.6,Ban Nong Naw,น้ำแม่สอย,แจ้ห่ม,แจ้ห่ม,ลำปาง
2022-04-06,3.7,Ban Nong Pham,น้ำแม่ลาว,แม่สรวย,แม่สรวย,เชียงราย
2022-04-06,7,Ban Pa Kha,น้ำควร,ควร,ปง,พะเยา
2022-04-06,7.9,Ban Pa Khoi Tai,แม่น้ำปิง,สันผีเสื้อ,เมือง,เชียงใหม่
2022-04-06,4.7,Ban Pa Sang,น้ำแม่ทา,ป่าซาง,ป่าซาง,ลำพูน
2022-04-06,5.5,Ban Pang Sa,ห้วยน้ำยาว,ผาทอง,ท่าวังผา,น่าน
2022-04-06,10.3,Ban Pha Khwang,แม่น้ำน่าน,บ่อ,เมือง,น่าน
2022-04-06,6.5,Ban Phai Ngarm,แม่น้ำน่าน,ส้าน,เวียงสา,น่าน
2022-04-06,4.3,Ban Phan Ton,น้ำแม่วาง,ทุ่งปี้,แม่วาง,เชียงใหม่
2022-04-06,4.8,Ban Phi Tai,น้ำปี้,บ้านพี้,บ้านหลวง,น่าน
2022-04-06,7.6,Ban Pong,น้ำแม่กวง,บวกค้าง,สันกำแพง,เชียงใหม่
2022-04-06,8.6,Ban Pong,น้ำแม่กวง,บวกค้าง,สันกำแพง,เชียงใหม่
2022-04-06,4.733333333,Ban Pong,ห้วยโป่ง,บ้านโป่ง,งาว,ลำปาง
2022-04-06,4.1,Ban Rong Kho,แม่น้ำวัง,ร่องเคาะ,วังเหนือ,ลำปาง
2022-04-06,3.1,Ban Saluang Nok,น้ำแม่ริม,สลวง,แม่ริม,เชียงใหม่
2022-04-06,6.1,Ban San Pu Loei,น้ำแม่ขอด,โหล่งขอด,พร้าว,เชียงใหม่
2022-04-06,7.3,Ban Singpotin,น้ำแม่ลาย,ป่าเมี่ยง,ดอยสะเก็ด,เชียงใหม่
2022-04-06,9.7,Ban Sob Soi,แม่น้ำปิง,แม่สอย,จอมทอง,เชียงใหม่
2022-04-06,5.2,Ban Sop Mae Sapoot,แม่น้ำแม่ทา,ทาสบเส้า,แม่ทา,ลำพูน
2022-04-06,8.1,Ban Sop Pae,แม่น้ำปิง,สบแปะ,จอมทอง,เชียงใหม่
2022-04-06,5.7,Ban Sop Prap,แม่น้ำวัง,สบปราบ,สบปราบ,ลำปาง
2022-04-06,5.8,Ban Sop Tam,น้ำแม่ต่ำ,เกาะคา,เกาะคา,ลำปาง
2022-04-06,4.3,Ban Sop Win,น้ำแม่วาง,แม่วิน,แม่วาง,เชียงใหม่
2022-04-06,8,Ban Tha Duea,แม่น้ำวัง,พิชัย,เมือง,ลำปาง
2022-04-06,5.8,Ban Tha Lo,น้ำแม่ตุ๋ย,บ่อแฮ้ว,เมือง,ลำปาง
2022-04-06,3.7,Ban Tha Pong Daeng,น้ำปาย,ผาบ่อง,เมือง,แม่ฮ่องสอน
2022-04-06,11.8,Ban Thung Nong,แม่น้ำยม,สระ,เชียงม่วน,พะเยา
2022-04-06,3.9,Ban Ton Yang,น้ำแม่ลาว,บัวสลี,แม่ลาว,เชียงราย
2022-04-06,13.2,Ban Wang Chin,แม่น้ำยม,วังชิ้น,วังชิ้น,แพร่
2022-04-06,4.7,Chedingam,น้ำอิง,ท่าวังทอง,เมือง,พะเยา
2022-04-06,6.8,In front of the Forestry Office,แม่น้ำน่าน,ในเวียง,เมือง,น่าน
2022-04-06,5.2,Mae Kham Lak Chet,น้ำแม่คำ,ศรีค้ำ,แม่จัน,เชียงราย
2022-04-06,2.3,Nam Mae Chaem,น้ำแม่แจ่ม,บ้านท่าข้าม,จอมทอง,เชียงใหม่
2022-04-06,5.2,Nawarat Bridge,แม่น้ำปิง,วัดเกต,เมือง,เชียงใหม่
2022-04-06,5.2,Nawarat Bridge,แม่น้ำปิง,วัดเกต,เมือง,เชียงใหม่
2022-04-06,4.5,Pracha Uthit Bridge,น้ำแม่กลาง,บ้านหลวง,จอมทอง,เชียงใหม่
2022-04-06,5.6,Romklao Cooperative House,น้ำแม่งัด,แม่แวน,พร้าว,เชียงใหม่
2022-04-06,4.4,Saphan Ban Khay,น้ำฝาง,แม่นาวาง,แม่อาย,เชียงใหม่
2022-04-06,5.3,Setuwaree Bridge,แม้น้ำวัง,เวียงเหนือ,เมือง,ลำปาง
2022-04-06,12.3,Tha Li Bridge,น้ำว้า,ขึ่ง,เวียงสา,น่าน
2022-04-06,8,Tha Nang Bridge,น้ำแม่กวง,ในเมือง,เมือง,ลำพูน
2022-04-06,3.5,Wang Phrao,น้ำแม่จาง,วังพร้าว,เกาะคา,ลำปาง
2022-04-07,2.8,Ban Chiang Dao,แม่น้ำปิง,เชียงดาว,เชียงดาว,เชียงใหม่
2022-04-07,3.3,Ban Chor Lae,แม่น้ำปิง,ช่อแล,แม่แตง,เชียงใหม่
2022-04-07,4.4,Ban Don Chai,แม่น้ำวัง,ล้อมแรด,เถิน,ลำปาง
2022-04-07,5.7,Ban Don Mun,แม่น้ำวัง,บ้านแลง,เมือง,ลำปาง
2022-04-07,4.3,Ban Don Sali,น้ำแม่ลาว,ป่าแดด,แม่สรวย,เชียงราย
2022-04-07,5.1,Ban Hai,แม่น้ำวัง,ปงดอน,แจ้ห่ม,ลำปาง
2022-04-07,4,Ban Hong,น้ำแม่ออน,ร้องวัวแดง,สันกำแพง,เชียงใหม่
2022-04-07,2.8,Ban Hua Sapan,น้ำแม่จัน,ป่าซาง,แม่จัน,เชียงราย
2022-04-07,5.2,Ban Huai Pa Sang,น้ำแม่แตง,กึ๊ดช้าง,แม่แตง,เชียงใหม่
2022-04-07,8.8,Ban Huai Sak,แม่น้ำยม,เตาปูน,สอง,แพร่
2022-04-07,6.1,Ban Klang,น้ำแม่ขาน,บ้านกลาง,สันป่าตอง,เชียงใหม่
2022-04-07,3.3,Ban Ko Kha,แม่น้ำวัง,ศาลา,เกาะคา,ลำปาง
2022-04-07,4.5,Ban Krariang Tung Phrao,น้ำแม่สรวย,วาวี,แม่สรวย,เชียงราย
2022-04-07,3.1,Ban Lai Kaeo,น้ำแม่ลี้,ศรีเตี้ย,บ้านโฮ่ง,ลำพูน
2022-04-07,6.6,Ban Luang,น้ำแม่ตื่น,ยางเปียง,อมก๋อย,เชียงใหม่
2022-04-07,7.6,Ban Luang Nuea,น้ำงาว,หลวงใต้,งาว,ลำปาง
2022-04-07,6.6,Ban Mae E Hi,น้ำแม่ลี้,ศรีวิชัย,ลี้,ลำพูน
2022-04-07,4.9,Ban Mae Kha Bridge,น้ำฝาง,แม่ข่า,ฝาง,เชียงใหม่
2022-04-07,6.6,Ban Mae Khom Mi Tamnak Tham,น้ำแม่คำมี,ตำหนักธรรม,หนองม่วงไข่,แพร่
2022-04-07,5.9,Ban Mae Lai,น้ำแม่หล่าย,แม่หล่าย,เมือง,แพร่
2022-04-07,1.8,Ban Mae Tae,แม่น้ำปิง,แม่แฝกเก่า,สันทราย,เชียงใหม่
2022-04-07,2.4,Ban Mae Taeng,แม่น้ำแตง,สันมหาพล,แม่แตง,เชียงใหม่
2022-04-07,3.7,Ban Mae Wan,น้ำแม่กวง,ป่าเมี่ยง,ดอยสะเก็ด,เชียงใหม่
2022-04-07,5.2,Ban Mai Rim Fang,น้ำฝาง,เวียงฝาง,ฝาง,เชียงใหม่
2022-04-07,7.1,Ban Mang,น้ำปี้,มาง,เชียงม่วน,พะเยา
2022-04-07,5.7,Ban Muang Pok,น้ำแม่แตง,เปียงหลวง,เวียงแหง,เชียงใหม่
2022-04-07,4.4,Ban Mueang Kuet,น้ำแม่แตง,กึ๊ดช้าง,แม่แตง,เชียงใหม่
2022-04-07,2.4,Ban Mueang Mai,ห้วยแม่ต๋า,เมืองมาย,แจ้ห่ม,ลำปาง
2022-04-07,4.5,Ban Mueang Pha,น้ำแม่ริม,ริมเหนือ,แม่ริม,เชียงใหม่
2022-04-07,9.2,Ban Nam Khong,แม่น้ำยม,ป่าแมต,เมือง,แพร่
2022-04-07,5.8,Ban Nam Yao,น้ำยาว,อวน,ปัว,น่าน
2022-04-07,1.6,Ban Nong Naw,น้ำแม่สอย,แจ้ห่ม,แจ้ห่ม,ลำปาง
2022-04-07,3.6,Ban Nong Pham,น้ำแม่ลาว,แม่สรวย,แม่สรวย,เชียงราย
2022-04-07,6.9,Ban Pa Kha,น้ำควร,ควร,ปง,พะเยา
2022-04-07,7.9,Ban Pa Khoi Tai,แม่น้ำปิง,สันผีเสื้อ,เมือง,เชียงใหม่
2022-04-07,4.7,Ban Pa Sang,น้ำแม่ทา,ป่าซาง,ป่าซาง,ลำพูน
2022-04-07,5.5,Ban Pang Sa,ห้วยน้ำยาว,ผาทอง,ท่าวังผา,น่าน
2022-04-07,10.2,Ban Pha Khwang,แม่น้ำน่าน,บ่อ,เมือง,น่าน
2022-04-07,6.5,Ban Phai Ngarm,แม่น้ำน่าน,ส้าน,เวียงสา,น่าน
2022-04-07,4.5,Ban Phan Ton,น้ำแม่วาง,ทุ่งปี้,แม่วาง,เชียงใหม่
2022-04-07,4.8,Ban Phi Tai,น้ำปี้,บ้านพี้,บ้านหลวง,น่าน
2022-04-07,7.6,Ban Pong,น้ำแม่กวง,บวกค้าง,สันกำแพง,เชียงใหม่
2022-04-07,8.6,Ban Pong,น้ำแม่กวง,บวกค้าง,สันกำแพง,เชียงใหม่
2022-04-07,4.74,Ban Pong,ห้วยโป่ง,บ้านโป่ง,งาว,ลำปาง
2022-04-07,4.1,Ban Rong Kho,แม่น้ำวัง,ร่องเคาะ,วังเหนือ,ลำปาง
2022-04-07,3,Ban Saluang Nok,น้ำแม่ริม,สลวง,แม่ริม,เชียงใหม่
2022-04-07,6,Ban San Pu Loei,น้ำแม่ขอด,โหล่งขอด,พร้าว,เชียงใหม่
2022-04-07,7.3,Ban Singpotin,น้ำแม่ลาย,ป่าเมี่ยง,ดอยสะเก็ด,เชียงใหม่
2022-04-07,9.7,Ban Sob Soi,แม่น้ำปิง,แม่สอย,จอมทอง,เชียงใหม่
2022-04-07,5.2,Ban Sop Mae Sapoot,แม่น้ำแม่ทา,ทาสบเส้า,แม่ทา,ลำพูน
2022-04-07,7.9,Ban Sop Pae,แม่น้ำปิง,สบแปะ,จอมทอง,เชียงใหม่
2022-04-07,5.6,Ban Sop Prap,แม่น้ำวัง,สบปราบ,สบปราบ,ลำปาง
2022-04-07,5.8,Ban Sop Tam,น้ำแม่ต่ำ,เกาะคา,เกาะคา,ลำปาง
2022-04-07,4.4,Ban Sop Win,น้ำแม่วาง,แม่วิน,แม่วาง,เชียงใหม่
2022-04-07,8,Ban Tha Duea,แม่น้ำวัง,พิชัย,เมือง,ลำปาง
2022-04-07,5.9,Ban Tha Lo,น้ำแม่ตุ๋ย,บ่อแฮ้ว,เมือง,ลำปาง
2022-04-07,3.8,Ban Tha Pong Daeng,น้ำปาย,ผาบ่อง,เมือง,แม่ฮ่องสอน
2022-04-07,11.8,Ban Thung Nong,แม่น้ำยม,สระ,เชียงม่วน,พะเยา
2022-04-07,3.8,Ban Ton Yang,น้ำแม่ลาว,บัวสลี,แม่ลาว,เชียงราย
2022-04-07,13.1,Ban Wang Chin,แม่น้ำยม,วังชิ้น,วังชิ้น,แพร่
2022-04-07,4.7,Chedingam,น้ำอิง,ท่าวังทอง,เมือง,พะเยา
2022-04-07,6.8,In front of the Forestry Office,แม่น้ำน่าน,ในเวียง,เมือง,น่าน
2022-04-07,5.2,Mae Kham Lak Chet,น้ำแม่คำ,ศรีค้ำ,แม่จัน,เชียงราย
2022-04-07,2.3,Nam Mae Chaem,น้ำแม่แจ่ม,บ้านท่าข้าม,จอมทอง,เชียงใหม่
2022-04-07,5.2,Nawarat Bridge,แม่น้ำปิง,วัดเกต,เมือง,เชียงใหม่
2022-04-07,5.2,Nawarat Bridge,แม่น้ำปิง,วัดเกต,เมือง,เชียงใหม่
2022-04-07,5,Pracha Uthit Bridge,น้ำแม่กลาง,บ้านหลวง,จอมทอง,เชียงใหม่
2022-04-07,5.6,Romklao Cooperative House,น้ำแม่งัด,แม่แวน,พร้าว,เชียงใหม่
2022-04-07,4.4,Saphan Ban Khay,น้ำฝาง,แม่นาวาง,แม่อาย,เชียงใหม่
2022-04-07,5.2,Setuwaree Bridge,แม้น้ำวัง,เวียงเหนือ,เมือง,ลำปาง
2022-04-07,12.3,Tha Li Bridge,น้ำว้า,ขึ่ง,เวียงสา,น่าน
2022-04-07,7.6,Tha Nang Bridge,น้ำแม่กวง,ในเมือง,เมือง,ลำพูน
2022-04-07,3.5,Wang Phrao,น้ำแม่จาง,วังพร้าว,เกาะคา,ลำปาง
2022-04-08,2.8,Ban Chiang Dao,แม่น้ำปิง,เชียงดาว,เชียงดาว,เชียงใหม่
2022-04-08,3.3,Ban Chor Lae,แม่น้ำปิง,ช่อแล,แม่แตง,เชียงใหม่
2022-04-08,4.3,Ban Don Chai,แม่น้ำวัง,ล้อมแรด,เถิน,ลำปาง
2022-04-08,5.7,Ban Don Mun,แม่น้ำวัง,บ้านแลง,เมือง,ลำปาง
2022-04-08,4.3,Ban Don Sali,น้ำแม่ลาว,ป่าแดด,แม่สรวย,เชียงราย
2022-04-08,5.1,Ban Hai,แม่น้ำวัง,ปงดอน,แจ้ห่ม,ลำปาง
2022-04-08,4,Ban Hong,น้ำแม่ออน,ร้องวัวแดง,สันกำแพง,เชียงใหม่
2022-04-08,2.8,Ban Hua Sapan,น้ำแม่จัน,ป่าซาง,แม่จัน,เชียงราย
2022-04-08,5.4,Ban Huai Pa Sang,น้ำแม่แตง,กึ๊ดช้าง,แม่แตง,เชียงใหม่
2022-04-08,8.8,Ban Huai Sak,แม่น้ำยม,เตาปูน,สอง,แพร่
2022-04-08,6.5,Ban Klang,น้ำแม่ขาน,บ้านกลาง,สันป่าตอง,เชียงใหม่
2022-04-08,3.3,Ban Ko Kha,แม่น้ำวัง,ศาลา,เกาะคา,ลำปาง
2022-04-08,4.5,Ban Krariang Tung Phrao,น้ำแม่สรวย,วาวี,แม่สรวย,เชียงราย
2022-04-08,3.2,Ban Lai Kaeo,น้ำแม่ลี้,ศรีเตี้ย,บ้านโฮ่ง,ลำพูน
2022-04-08,6.5,Ban Luang,น้ำแม่ตื่น,ยางเปียง,อมก๋อย,เชียงใหม่
2022-04-08,7.6,Ban Luang Nuea,น้ำงาว,หลวงใต้,งาว,ลำปาง
2022-04-08,6.6,Ban Mae E Hi,น้ำแม่ลี้,ศรีวิชัย,ลี้,ลำพูน
2022-04-08,4.9,Ban Mae Kha Bridge,น้ำฝาง,แม่ข่า,ฝาง,เชียงใหม่
2022-04-08,6.5,Ban Mae Khom Mi Tamnak Tham,น้ำแม่คำมี,ตำหนักธรรม,หนองม่วงไข่,แพร่
2022-04-08,5.9,Ban Mae Lai,น้ำแม่หล่าย,แม่หล่าย,เมือง,แพร่
2022-04-08,1.9,Ban Mae Tae,แม่น้ำปิง,แม่แฝกเก่า,สันทราย,เชียงใหม่
2022-04-08,2.4,Ban Mae Taeng,แม่น้ำแตง,สันมหาพล,แม่แตง,เชียงใหม่
2022-04-08,3.7,Ban Mae Wan,น้ำแม่กวง,ป่าเมี่ยง,ดอยสะเก็ด,เชียงใหม่
2022-04-08,5.3,Ban Mai Rim Fang,น้ำฝาง,เวียงฝาง,ฝาง,เชียงใหม่
2022-04-08,7,Ban Mang,น้ำปี้,มาง,เชียงม่วน,พะเยา
2022-04-08,5.7,Ban Muang Pok,น้ำแม่แตง,เปียงหลวง,เวียงแหง,เชียงใหม่
2022-04-08,4.4,Ban Mueang Kuet,น้ำแม่แตง,กึ๊ดช้าง,แม่แตง,เชียงใหม่
2022-04-08,2.4,Ban Mueang Mai,ห้วยแม่ต๋า,เมืองมาย,แจ้ห่ม,ลำปาง
2022-04-08,4.5,Ban Mueang Pha,น้ำแม่ริม,ริมเหนือ,แม่ริม,เชียงใหม่
2022-04-08,9.1,Ban Nam Khong,แม่น้ำยม,ป่าแมต,เมือง,แพร่
2022-04-08,5.8,Ban Nam Yao,น้ำยาว,อวน,ปัว,น่าน
2022-04-08,1.6,Ban Nong Naw,น้ำแม่สอย,แจ้ห่ม,แจ้ห่ม,ลำปาง
2022-04-08,3.6,Ban Nong Pham,น้ำแม่ลาว,แม่สรวย,แม่สรวย,เชียงราย
2022-04-08,6.9,Ban Pa Kha,น้ำควร,ควร,ปง,พะเยา
2022-04-08,8,Ban Pa Khoi Tai,แม่น้ำปิง,สันผีเสื้อ,เมือง,เชียงใหม่
2022-04-08,4.7,Ban Pa Sang,น้ำแม่ทา,ป่าซาง,ป่าซาง,ลำพูน
2022-04-08,5.5,Ban Pang Sa,ห้วยน้ำยาว,ผาทอง,ท่าวังผา,น่าน
2022-04-08,10.2,Ban Pha Khwang,แม่น้ำน่าน,บ่อ,เมือง,น่าน
2022-04-08,6.5,Ban Phai Ngarm,แม่น้ำน่าน,ส้าน,เวียงสา,น่าน
2022-04-08,4.5,Ban Phan Ton,น้ำแม่วาง,ทุ่งปี้,แม่วาง,เชียงใหม่
2022-04-08,4.8,Ban Phi Tai,น้ำปี้,บ้านพี้,บ้านหลวง,น่าน
2022-04-08,7.5,Ban Pong,น้ำแม่กวง,บวกค้าง,สันกำแพง,เชียงใหม่
2022-04-08,8.7,Ban Pong,น้ำแม่กวง,บวกค้าง,สันกำแพง,เชียงใหม่
2022-04-08,4.756666667,Ban Pong,ห้วยโป่ง,บ้านโป่ง,งาว,ลำปาง
2022-04-08,4.1,Ban Rong Kho,แม่น้ำวัง,ร่องเคาะ,วังเหนือ,ลำปาง
2022-04-08,3.1,Ban Saluang Nok,น้ำแม่ริม,สลวง,แม่ริม,เชียงใหม่
2022-04-08,6,Ban San Pu Loei,น้ำแม่ขอด,โหล่งขอด,พร้าว,เชียงใหม่
2022-04-08,7.3,Ban Singpotin,น้ำแม่ลาย,ป่าเมี่ยง,ดอยสะเก็ด,เชียงใหม่
2022-04-08,9.3,Ban Sob Soi,แม่น้ำปิง,แม่สอย,จอมทอง,เชียงใหม่
2022-04-08,5.2,Ban Sop Mae Sapoot,แม่น้ำแม่ทา,ทาสบเส้า,แม่ทา,ลำพูน
2022-04-08,8.4,Ban Sop Pae,แม่น้ำปิง,สบแปะ,จอมทอง,เชียงใหม่
2022-04-08,5.7,Ban Sop Prap,แม่น้ำวัง,สบปราบ,สบปราบ,ลำปาง
2022-04-08,5.8,Ban Sop Tam,น้ำแม่ต่ำ,เกาะคา,เกาะคา,ลำปาง
2022-04-08,4.5,Ban Sop Win,น้ำแม่วาง,แม่วิน,แม่วาง,เชียงใหม่
2022-04-08,8,Ban Tha Duea,แม่น้ำวัง,พิชัย,เมือง,ลำปาง
2022-04-08,5.9,Ban Tha Lo,น้ำแม่ตุ๋ย,บ่อแฮ้ว,เมือง,ลำปาง
2022-04-08,3.8,Ban Tha Pong Daeng,น้ำปาย,ผาบ่อง,เมือง,แม่ฮ่องสอน
2022-04-08,11.8,Ban Thung Nong,แม่น้ำยม,สระ,เชียงม่วน,พะเยา
2022-04-08,3.8,Ban Ton Yang,น้ำแม่ลาว,บัวสลี,แม่ลาว,เชียงราย
2022-04-08,13.1,Ban Wang Chin,แม่น้ำยม,วังชิ้น,วังชิ้น,แพร่
2022-04-08,4.7,Chedingam,น้ำอิง,ท่าวังทอง,เมือง,พะเยา
2022-04-08,6.8,In front of the Forestry Office,แม่น้ำน่าน,ในเวียง,เมือง,น่าน
2022-04-08,5.2,Mae Kham Lak Chet,น้ำแม่คำ,ศรีค้ำ,แม่จัน,เชียงราย
2022-04-08,2.5,Nam Mae Chaem,น้ำแม่แจ่ม,บ้านท่าข้าม,จอมทอง,เชียงใหม่
2022-04-08,5.3,Nawarat Bridge,แม่น้ำปิง,วัดเกต,เมือง,เชียงใหม่
2022-04-08,5.3,Nawarat Bridge,แม่น้ำปิง,วัดเกต,เมือง,เชียงใหม่
2022-04-08,4.7,Pracha Uthit Bridge,น้ำแม่กลาง,บ้านหลวง,จอมทอง,เชียงใหม่
2022-04-08,5.6,Romklao Cooperative House,น้ำแม่งัด,แม่แวน,พร้าว,เชียงใหม่
2022-04-08,4.4,Saphan Ban Khay,น้ำฝาง,แม่นาวาง,แม่อาย,เชียงใหม่
2022-04-08,5.3,Setuwaree Bridge,แม้น้ำวัง,เวียงเหนือ,เมือง,ลำปาง
2022-04-08,12.3,Tha Li Bridge,น้ำว้า,ขึ่ง,เวียงสา,น่าน
2022-04-08,7.7,Tha Nang Bridge,น้ำแม่กวง,ในเมือง,เมือง,ลำพูน
2022-04-08,3.5,Wang Phrao,น้ำแม่จาง,วังพร้าว,เกาะคา,ลำปาง
2022-04-09,2.8,Ban Chiang Dao,แม่น้ำปิง,เชียงดาว,เชียงดาว,เชียงใหม่
2022-04-09,3.3,Ban Chor Lae,แม่น้ำปิง,ช่อแล,แม่แตง,เชียงใหม่
2022-04-09,4.3,Ban Don Chai,แม่น้ำวัง,ล้อมแรด,เถิน,ลำปาง
2022-04-09,5.7,Ban Don Mun,แม่น้ำวัง,บ้านแลง,เมือง,ลำปาง
2022-04-09,4.3,Ban Don Sali,น้ำแม่ลาว,ป่าแดด,แม่สรวย,เชียงราย
2022-04-09,5.1,Ban Hai,แม่น้ำวัง,ปงดอน,แจ้ห่ม,ลำปาง
2022-04-09,4,Ban Hong,น้ำแม่ออน,ร้องวัวแดง,สันกำแพง,เชียงใหม่
2022-04-09,2.8,Ban Hua Sapan,น้ำแม่จัน,ป่าซาง,แม่จัน,เชียงราย
2022-04-09,5.2,Ban Huai Pa Sang,น้ำแม่แตง,กึ๊ดช้าง,แม่แตง,เชียงใหม่
2022-04-09,8.8,Ban Huai Sak,แม่น้ำยม,เตาปูน,สอง,แพร่
2022-04-09,6.4,Ban Klang,น้ำแม่ขาน,บ้านกลาง,สันป่าตอง,เชียงใหม่
2022-04-09,3.3,Ban Ko Kha,แม่น้ำวัง,ศาลา,เกาะคา,ลำปาง
2022-04-09,4.5,Ban Krariang Tung Phrao,น้ำแม่สรวย,วาวี,แม่สรวย,เชียงราย
2022-04-09,3.2,Ban Lai Kaeo,น้ำแม่ลี้,ศรีเตี้ย,บ้านโฮ่ง,ลำพูน
2022-04-09,6.5,Ban Luang,น้ำแม่ตื่น,ยางเปียง,อมก๋อย,เชียงใหม่
2022-04-09,7.6,Ban Luang Nuea,น้ำงาว,หลวงใต้,งาว,ลำปาง
2022-04-09,6.7,Ban Mae E Hi,น้ำแม่ลี้,ศรีวิชัย,ลี้,ลำพูน
2022-04-09,4.9,Ban Mae Kha Bridge,น้ำฝาง,แม่ข่า,ฝาง,เชียงใหม่
2022-04-09,6.5,Ban Mae Khom Mi Tamnak Tham,น้ำแม่คำมี,ตำหนักธรรม,หนองม่วงไข่,แพร่
2022-04-09,5.9,Ban Mae Lai,น้ำแม่หล่าย,แม่หล่าย,เมือง,แพร่
2022-04-09,1.8,Ban Mae Tae,แม่น้ำปิง,แม่แฝกเก่า,สันทราย,เชียงใหม่
2022-04-09,2.4,Ban Mae Taeng,แม่น้ำแตง,สันมหาพล,แม่แตง,เชียงใหม่
2022-04-09,3.7,Ban Mae Wan,น้ำแม่กวง,ป่าเมี่ยง,ดอยสะเก็ด,เชียงใหม่
2022-04-09,5.2,Ban Mai Rim Fang,น้ำฝาง,เวียงฝาง,ฝาง,เชียงใหม่
2022-04-09,7,Ban Mang,น้ำปี้,มาง,เชียงม่วน,พะเยา
2022-04-09,5.7,Ban Muang Pok,น้ำแม่แตง,เปียงหลวง,เวียงแหง,เชียงใหม่
2022-04-09,4.3,Ban Mueang Kuet,น้ำแม่แตง,กึ๊ดช้าง,แม่แตง,เชียงใหม่
2022-04-09,2.4,Ban Mueang Mai,ห้วยแม่ต๋า,เมืองมาย,แจ้ห่ม,ลำปาง
2022-04-09,4.4,Ban Mueang Pha,น้ำแม่ริม,ริมเหนือ,แม่ริม,เชียงใหม่
2022-04-09,9.4,Ban Nam Khong,แม่น้ำยม,ป่าแมต,เมือง,แพร่
2022-04-09,5.8,Ban Nam Yao,น้ำยาว,อวน,ปัว,น่าน
2022-04-09,1.6,Ban Nong Naw,น้ำแม่สอย,แจ้ห่ม,แจ้ห่ม,ลำปาง
2022-04-09,3.6,Ban Nong Pham,น้ำแม่ลาว,แม่สรวย,แม่สรวย,เชียงราย
2022-04-09,6.9,Ban Pa Kha,น้ำควร,ควร,ปง,พะเยา
2022-04-09,8,Ban Pa Khoi Tai,แม่น้ำปิง,สันผีเสื้อ,เมือง,เชียงใหม่
2022-04-09,4.7,Ban Pa Sang,น้ำแม่ทา,ป่าซาง,ป่าซาง,ลำพูน
2022-04-09,5.5,Ban Pang Sa,ห้วยน้ำยาว,ผาทอง,ท่าวังผา,น่าน
2022-04-09,10.2,Ban Pha Khwang,แม่น้ำน่าน,บ่อ,เมือง,น่าน
2022-04-09,6.5,Ban Phai Ngarm,แม่น้ำน่าน,ส้าน,เวียงสา,น่าน
2022-04-09,4.4,Ban Phan Ton,น้ำแม่วาง,ทุ่งปี้,แม่วาง,เชียงใหม่
2022-04-09,4.8,Ban Phi Tai,น้ำปี้,บ้านพี้,บ้านหลวง,น่าน
2022-04-09,7.3,Ban Pong,น้ำแม่กวง,บวกค้าง,สันกำแพง,เชียงใหม่
2022-04-09,8.6,Ban Pong,น้ำแม่กวง,บวกค้าง,สันกำแพง,เชียงใหม่
2022-04-09,4.736666667,Ban Pong,ห้วยโป่ง,บ้านโป่ง,งาว,ลำปาง
2022-04-09,4.1,Ban Rong Kho,แม่น้ำวัง,ร่องเคาะ,วังเหนือ,ลำปาง
2022-04-09,3.1,Ban Saluang Nok,น้ำแม่ริม,สลวง,แม่ริม,เชียงใหม่
2022-04-09,6,Ban San Pu Loei,น้ำแม่ขอด,โหล่งขอด,พร้าว,เชียงใหม่
2022-04-09,7.3,Ban Singpotin,น้ำแม่ลาย,ป่าเมี่ยง,ดอยสะเก็ด,เชียงใหม่
2022-04-09,9.3,Ban Sob Soi,แม่น้ำปิง,แม่สอย,จอมทอง,เชียงใหม่
2022-04-09,5.2,Ban Sop Mae Sapoot,แม่น้ำแม่ทา,ทาสบเส้า,แม่ทา,ลำพูน
2022-04-09,8.3,Ban Sop Pae,แม่น้ำปิง,สบแปะ,จอมทอง,เชียงใหม่
2022-04-09,5.7,Ban Sop Prap,แม่น้ำวัง,สบปราบ,สบปราบ,ลำปาง
2022-04-09,5.8,Ban Sop Tam,น้ำแม่ต่ำ,เกาะคา,เกาะคา,ลำปาง
2022-04-09,4.5,Ban Sop Win,น้ำแม่วาง,แม่วิน,แม่วาง,เชียงใหม่
2022-04-09,8,Ban Tha Duea,แม่น้ำวัง,พิชัย,เมือง,ลำปาง
2022-04-09,5.8,Ban Tha Lo,น้ำแม่ตุ๋ย,บ่อแฮ้ว,เมือง,ลำปาง
2022-04-09,3.8,Ban Tha Pong Daeng,น้ำปาย,ผาบ่อง,เมือง,แม่ฮ่องสอน
2022-04-09,11.8,Ban Thung Nong,แม่น้ำยม,สระ,เชียงม่วน,พะเยา
2022-04-09,3.8,Ban Ton Yang,น้ำแม่ลาว,บัวสลี,แม่ลาว,เชียงราย
2022-04-09,13,Ban Wang Chin,แม่น้ำยม,วังชิ้น,วังชิ้น,แพร่
2022-04-09,4.7,Chedingam,น้ำอิง,ท่าวังทอง,เมือง,พะเยา
2022-04-09,6.8,In front of the Forestry Office,แม่น้ำน่าน,ในเวียง,เมือง,น่าน
2022-04-09,5.2,Mae Kham Lak Chet,น้ำแม่คำ,ศรีค้ำ,แม่จัน,เชียงราย
2022-04-09,2.9,Nam Mae Chaem,น้ำแม่แจ่ม,บ้านท่าข้าม,จอมทอง,เชียงใหม่
2022-04-09,5.3,Nawarat Bridge,แม่น้ำปิง,วัดเกต,เมือง,เชียงใหม่
2022-04-09,5.3,Nawarat Bridge,แม่น้ำปิง,วัดเกต,เมือง,เชียงใหม่
2022-04-09,4.5,Pracha Uthit Bridge,น้ำแม่กลาง,บ้านหลวง,จอมทอง,เชียงใหม่
2022-04-09,5.6,Romklao Cooperative House,น้ำแม่งัด,แม่แวน,พร้าว,เชียงใหม่
2022-04-09,4.3,Saphan Ban Khay,น้ำฝาง,แม่นาวาง,แม่อาย,เชียงใหม่
2022-04-09,5.1,Setuwaree Bridge,แม้น้ำวัง,เวียงเหนือ,เมือง,ลำปาง
2022-04-09,12.3,Tha Li Bridge,น้ำว้า,ขึ่ง,เวียงสา,น่าน
2022-04-09,7.5,Tha Nang Bridge,น้ำแม่กวง,ในเมือง,เมือง,ลำพูน
2022-04-09,3.5,Wang Phrao,น้ำแม่จาง,วังพร้าว,เกาะคา,ลำปาง
2022-04-10,2.8,Ban Chiang Dao,แม่น้ำปิง,เชียงดาว,เชียงดาว,เชียงใหม่
2022-04-10,3.3,Ban Chor Lae,แม่น้ำปิง,ช่อแล,แม่แตง,เชียงใหม่
2022-04-10,4.3,Ban Don Chai,แม่น้ำวัง,ล้อมแรด,เถิน,ลำปาง
2022-04-10,5.7,Ban Don Mun,แม่น้ำวัง,บ้านแลง,เมือง,ลำปาง
2022-04-10,4.3,Ban Don Sali,น้ำแม่ลาว,ป่าแดด,แม่สรวย,เชียงราย
2022-04-10,5.2,Ban Hai,แม่น้ำวัง,ปงดอน,แจ้ห่ม,ลำปาง
2022-04-10,4,Ban Hong,น้ำแม่ออน,ร้องวัวแดง,สันกำแพง,เชียงใหม่
2022-04-10,2.8,Ban Hua Sapan,น้ำแม่จัน,ป่าซาง,แม่จัน,เชียงราย
2022-04-10,5.2,Ban Huai Pa Sang,น้ำแม่แตง,กึ๊ดช้าง,แม่แตง,เชียงใหม่
2022-04-10,8.8,Ban Huai Sak,แม่น้ำยม,เตาปูน,สอง,แพร่
2022-04-10,6.2,Ban Klang,น้ำแม่ขาน,บ้านกลาง,สันป่าตอง,เชียงใหม่
2022-04-10,3.3,Ban Ko Kha,แม่น้ำวัง,ศาลา,เกาะคา,ลำปาง
2022-04-10,4.5,Ban Krariang Tung Phrao,น้ำแม่สรวย,วาวี,แม่สรวย,เชียงราย
2022-04-10,3.2,Ban Lai Kaeo,น้ำแม่ลี้,ศรีเตี้ย,บ้านโฮ่ง,ลำพูน
2022-04-10,6.5,Ban Luang,น้ำแม่ตื่น,ยางเปียง,อมก๋อย,เชียงใหม่
2022-04-10,7.6,Ban Luang Nuea,น้ำงาว,หลวงใต้,งาว,ลำปาง
2022-04-10,6.6,Ban Mae E Hi,น้ำแม่ลี้,ศรีวิชัย,ลี้,ลำพูน
2022-04-10,4.9,Ban Mae Kha Bridge,น้ำฝาง,แม่ข่า,ฝาง,เชียงใหม่
2022-04-10,6.5,Ban Mae Khom Mi Tamnak Tham,น้ำแม่คำมี,ตำหนักธรรม,หนองม่วงไข่,แพร่
2022-04-10,5.9,Ban Mae Lai,น้ำแม่หล่าย,แม่หล่าย,เมือง,แพร่
2022-04-10,1.8,Ban Mae Tae,แม่น้ำปิง,แม่แฝกเก่า,สันทราย,เชียงใหม่
2022-04-10,2.5,Ban Mae Taeng,แม่น้ำแตง,สันมหาพล,แม่แตง,เชียงใหม่
2022-04-10,3.7,Ban Mae Wan,น้ำแม่กวง,ป่าเมี่ยง,ดอยสะเก็ด,เชียงใหม่
2022-04-10,5.6,Ban Mai Rim Fang,น้ำฝาง,เวียงฝาง,ฝาง,เชียงใหม่
2022-04-10,7.2,Ban Mang,น้ำปี้,มาง,เชียงม่วน,พะเยา
2022-04-10,5.7,Ban Muang Pok,น้ำแม่แตง,เปียงหลวง,เวียงแหง,เชียงใหม่
2022-04-10,4.3,Ban Mueang Kuet,น้ำแม่แตง,กึ๊ดช้าง,แม่แตง,เชียงใหม่
2022-04-10,2.3,Ban Mueang Mai,ห้วยแม่ต๋า,เมืองมาย,แจ้ห่ม,ลำปาง
2022-04-10,4.4,Ban Mueang Pha,น้ำแม่ริม,ริมเหนือ,แม่ริม,เชียงใหม่
2022-04-10,9.4,Ban Nam Khong,แม่น้ำยม,ป่าแมต,เมือง,แพร่
2022-04-10,5.8,Ban Nam Yao,น้ำยาว,อวน,ปัว,น่าน
2022-04-10,1.6,Ban Nong Naw,น้ำแม่สอย,แจ้ห่ม,แจ้ห่ม,ลำปาง
2022-04-10,3.6,Ban Nong Pham,น้ำแม่ลาว,แม่สรวย,แม่สรวย,เชียงราย
2022-04-10,6.9,Ban Pa Kha,น้ำควร,ควร,ปง,พะเยา
2022-04-10,8,Ban Pa Khoi Tai,แม่น้ำปิง,สันผีเสื้อ,เมือง,เชียงใหม่
2022-04-10,4.7,Ban Pa Sang,น้ำแม่ทา,ป่าซาง,ป่าซาง,ลำพูน
2022-04-10,5.5,Ban Pang Sa,ห้วยน้ำยาว,ผาทอง,ท่าวังผา,น่าน
2022-04-10,10.2,Ban Pha Khwang,แม่น้ำน่าน,บ่อ,เมือง,น่าน
2022-04-10,6.4,Ban Phai Ngarm,แม่น้ำน่าน,ส้าน,เวียงสา,น่าน
2022-04-10,4.3,Ban Phan Ton,น้ำแม่วาง,ทุ่งปี้,แม่วาง,เชียงใหม่
2022-04-10,4.8,Ban Phi Tai,น้ำปี้,บ้านพี้,บ้านหลวง,น่าน
2022-04-10,7.3,Ban Pong,น้ำแม่กวง,บวกค้าง,สันกำแพง,เชียงใหม่
2022-04-10,8.6,Ban Pong,น้ำแม่กวง,บวกค้าง,สันกำแพง,เชียงใหม่
2022-04-10,4.713333333,Ban Pong,ห้วยโป่ง,บ้านโป่ง,งาว,ลำปาง
2022-04-10,4.1,Ban Rong Kho,แม่น้ำวัง,ร่องเคาะ,วังเหนือ,ลำปาง
2022-04-10,3.1,Ban Saluang Nok,น้ำแม่ริม,สลวง,แม่ริม,เชียงใหม่
2022-04-10,6.1,Ban San Pu Loei,น้ำแม่ขอด,โหล่งขอด,พร้าว,เชียงใหม่
2022-04-10,7.3,Ban Singpotin,น้ำแม่ลาย,ป่าเมี่ยง,ดอยสะเก็ด,เชียงใหม่
2022-04-10,8.5,Ban Sob Soi,แม่น้ำปิง,แม่สอย,จอมทอง,เชียงใหม่
2022-04-10,5.2,Ban Sop Mae Sapoot,แม่น้ำแม่ทา,ทาสบเส้า,แม่ทา,ลำพูน
2022-04-10,8.4,Ban Sop Pae,แม่น้ำปิง,สบแปะ,จอมทอง,เชียงใหม่
2022-04-10,5.6,Ban Sop Prap,แม่น้ำวัง,สบปราบ,สบปราบ,ลำปาง
2022-04-10,5.9,Ban Sop Tam,น้ำแม่ต่ำ,เกาะคา,เกาะคา,ลำปาง
2022-04-10,4.4,Ban Sop Win,น้ำแม่วาง,แม่วิน,แม่วาง,เชียงใหม่
2022-04-10,7.8,Ban Tha Duea,แม่น้ำวัง,พิชัย,เมือง,ลำปาง
2022-04-10,5.8,Ban Tha Lo,น้ำแม่ตุ๋ย,บ่อแฮ้ว,เมือง,ลำปาง
2022-04-10,3.8,Ban Tha Pong Daeng,น้ำปาย,ผาบ่อง,เมือง,แม่ฮ่องสอน
2022-04-10,11.9,Ban Thung Nong,แม่น้ำยม,สระ,เชียงม่วน,พะเยา
2022-04-10,3.9,Ban Ton Yang,น้ำแม่ลาว,บัวสลี,แม่ลาว,เชียงราย
2022-04-10,13.1,Ban Wang Chin,แม่น้ำยม,วังชิ้น,วังชิ้น,แพร่
2022-04-10,4.7,Chedingam,น้ำอิง,ท่าวังทอง,เมือง,พะเยา
2022-04-10,6.8,In front of the Forestry Office,แม่น้ำน่าน,ในเวียง,เมือง,น่าน
2022-04-10,5.2,Mae Kham Lak Chet,น้ำแม่คำ,ศรีค้ำ,แม่จัน,เชียงราย
2022-04-10,2.8,Nam Mae Chaem,น้ำแม่แจ่ม,บ้านท่าข้าม,จอมทอง,เชียงใหม่
2022-04-10,5.2,Nawarat Bridge,แม่น้ำปิง,วัดเกต,เมือง,เชียงใหม่
2022-04-10,5.2,Nawarat Bridge,แม่น้ำปิง,วัดเกต,เมือง,เชียงใหม่
2022-04-10,4.5,Pracha Uthit Bridge,น้ำแม่กลาง,บ้านหลวง,จอมทอง,เชียงใหม่
2022-04-10,5.6,Romklao Cooperative House,น้ำแม่งัด,แม่แวน,พร้าว,เชียงใหม่
2022-04-10,4.3,Saphan Ban Khay,น้ำฝาง,แม่นาวาง,แม่อาย,เชียงใหม่
2022-04-10,5,Setuwaree Bridge,แม้น้ำวัง,เวียงเหนือ,เมือง,ลำปาง
2022-04-10,12.2,Tha Li Bridge,น้ำว้า,ขึ่ง,เวียงสา,น่าน
2022-04-10,7.7,Tha Nang Bridge,น้ำแม่กวง,ในเมือง,เมือง,ลำพูน
2022-04-10,3.5,Wang Phrao,น้ำแม่จาง,วังพร้าว,เกาะคา,ลำปาง
2022-04-11,2.8,Ban Chiang Dao,แม่น้ำปิง,เชียงดาว,เชียงดาว,เชียงใหม่
2022-04-11,3.3,Ban Chor Lae,แม่น้ำปิง,ช่อแล,แม่แตง,เชียงใหม่
2022-04-11,4.3,Ban Don Chai,แม่น้ำวัง,ล้อมแรด,เถิน,ลำปาง
2022-04-11,5.7,Ban Don Mun,แม่น้ำวัง,บ้านแลง,เมือง,ลำปาง
2022-04-11,4.4,Ban Don Sali,น้ำแม่ลาว,ป่าแดด,แม่สรวย,เชียงราย
2022-04-11,6.5,Ban Hai,แม่น้ำวัง,ปงดอน,แจ้ห่ม,ลำปาง
2022-04-11,4,Ban Hong,น้ำแม่ออน,ร้องวัวแดง,สันกำแพง,เชียงใหม่
2022-04-11,2.8,Ban Hua Sapan,น้ำแม่จัน,ป่าซาง,แม่จัน,เชียงราย
2022-04-11,5.2,Ban Huai Pa Sang,น้ำแม่แตง,กึ๊ดช้าง,แม่แตง,เชียงใหม่
2022-04-11,9,Ban Huai Sak,แม่น้ำยม,เตาปูน,สอง,แพร่
2022-04-11,6.1,Ban Klang,น้ำแม่ขาน,บ้านกลาง,สันป่าตอง,เชียงใหม่
2022-04-11,3.3,Ban Ko Kha,แม่น้ำวัง,ศาลา,เกาะคา,ลำปาง
2022-04-11,4.5,Ban Krariang Tung Phrao,น้ำแม่สรวย,วาวี,แม่สรวย,เชียงราย
2022-04-11,3.2,Ban Lai Kaeo,น้ำแม่ลี้,ศรีเตี้ย,บ้านโฮ่ง,ลำพูน
2022-04-11,6.5,Ban Luang,น้ำแม่ตื่น,ยางเปียง,อมก๋อย,เชียงใหม่
2022-04-11,7.6,Ban Luang Nuea,น้ำงาว,หลวงใต้,งาว,ลำปาง
2022-04-11,6.6,Ban Mae E Hi,น้ำแม่ลี้,ศรีวิชัย,ลี้,ลำพูน
2022-04-11,4.9,Ban Mae Kha Bridge,น้ำฝาง,แม่ข่า,ฝาง,เชียงใหม่
2022-04-11,6.5,Ban Mae Khom Mi Tamnak Tham,น้ำแม่คำมี,ตำหนักธรรม,หนองม่วงไข่,แพร่
2022-04-11,5.9,Ban Mae Lai,น้ำแม่หล่าย,แม่หล่าย,เมือง,แพร่
2022-04-11,1.7,Ban Mae Tae,แม่น้ำปิง,แม่แฝกเก่า,สันทราย,เชียงใหม่
2022-04-11,2.5,Ban Mae Taeng,แม่น้ำแตง,สันมหาพล,แม่แตง,เชียงใหม่
2022-04-11,3.7,Ban Mae Wan,น้ำแม่กวง,ป่าเมี่ยง,ดอยสะเก็ด,เชียงใหม่
2022-04-11,5.3,Ban Mai Rim Fang,น้ำฝาง,เวียงฝาง,ฝาง,เชียงใหม่
2022-04-11,7.3,Ban Mang,น้ำปี้,มาง,เชียงม่วน,พะเยา
2022-04-11,5.7,Ban Muang Pok,น้ำแม่แตง,เปียงหลวง,เวียงแหง,เชียงใหม่
2022-04-11,4.3,Ban Mueang Kuet,น้ำแม่แตง,กึ๊ดช้าง,แม่แตง,เชียงใหม่
2022-04-11,2.4,Ban Mueang Mai,ห้วยแม่ต๋า,เมืองมาย,แจ้ห่ม,ลำปาง
2022-04-11,4.3,Ban Mueang Pha,น้ำแม่ริม,ริมเหนือ,แม่ริม,เชียงใหม่
2022-04-11,9.3,Ban Nam Khong,แม่น้ำยม,ป่าแมต,เมือง,แพร่
2022-04-11,5.8,Ban Nam Yao,น้ำยาว,อวน,ปัว,น่าน
2022-04-11,1.6,Ban Nong Naw,น้ำแม่สอย,แจ้ห่ม,แจ้ห่ม,ลำปาง
2022-04-11,3.6,Ban Nong Pham,น้ำแม่ลาว,แม่สรวย,แม่สรวย,เชียงราย
2022-04-11,7,Ban Pa Kha,น้ำควร,ควร,ปง,พะเยา
2022-04-11,8,Ban Pa Khoi Tai,แม่น้ำปิง,สันผีเสื้อ,เมือง,เชียงใหม่
2022-04-11,4.7,Ban Pa Sang,น้ำแม่ทา,ป่าซาง,ป่าซาง,ลำพูน
2022-04-11,5.5,Ban Pang Sa,ห้วยน้ำยาว,ผาทอง,ท่าวังผา,น่าน
2022-04-11,10.2,Ban Pha Khwang,แม่น้ำน่าน,บ่อ,เมือง,น่าน
2022-04-11,6.4,Ban Phai Ngarm,แม่น้ำน่าน,ส้าน,เวียงสา,น่าน
2022-04-11,4.2,Ban Phan Ton,น้ำแม่วาง,ทุ่งปี้,แม่วาง,เชียงใหม่
2022-04-11,4.8,Ban Phi Tai,น้ำปี้,บ้านพี้,บ้านหลวง,น่าน
2022-04-11,7.3,Ban Pong,น้ำแม่กวง,บวกค้าง,สันกำแพง,เชียงใหม่
2022-04-11,8.6,Ban Pong,น้ำแม่กวง,บวกค้าง,สันกำแพง,เชียงใหม่
2022-04-11,4.686666667,Ban Pong,ห้วยโป่ง,บ้านโป่ง,งาว,ลำปาง
2022-04-11,4.1,Ban Rong Kho,แม่น้ำวัง,ร่องเคาะ,วังเหนือ,ลำปาง
2022-04-11,3.1,Ban Saluang Nok,น้ำแม่ริม,สลวง,แม่ริม,เชียงใหม่
2022-04-11,6.1,Ban San Pu Loei,น้ำแม่ขอด,โหล่งขอด,พร้าว,เชียงใหม่
2022-04-11,7.3,Ban Singpotin,น้ำแม่ลาย,ป่าเมี่ยง,ดอยสะเก็ด,เชียงใหม่
2022-04-11,8.5,Ban Sob Soi,แม่น้ำปิง,แม่สอย,จอมทอง,เชียงใหม่
2022-04-11,5.2,Ban Sop Mae Sapoot,แม่น้ำแม่ทา,ทาสบเส้า,แม่ทา,ลำพูน
2022-04-11,8,Ban Sop Pae,แม่น้ำปิง,สบแปะ,จอมทอง,เชียงใหม่
2022-04-11,5.7,Ban Sop Prap,แม่น้ำวัง,สบปราบ,สบปราบ,ลำปาง
2022-04-11,5.9,Ban Sop Tam,น้ำแม่ต่ำ,เกาะคา,เกาะคา,ลำปาง
2022-04-11,4.4,Ban Sop Win,น้ำแม่วาง,แม่วิน,แม่วาง,เชียงใหม่
2022-04-11,7.8,Ban Tha Duea,แม่น้ำวัง,พิชัย,เมือง,ลำปาง
2022-04-11,5.8,Ban Tha Lo,น้ำแม่ตุ๋ย,บ่อแฮ้ว,เมือง,ลำปาง
2022-04-11,3.7,Ban Tha Pong Daeng,น้ำปาย,ผาบ่อง,เมือง,แม่ฮ่องสอน
2022-04-11,11.8,Ban Thung Nong,แม่น้ำยม,สระ,เชียงม่วน,พะเยา
2022-04-11,3.8,Ban Ton Yang,น้ำแม่ลาว,บัวสลี,แม่ลาว,เชียงราย
2022-04-11,13,Ban Wang Chin,แม่น้ำยม,วังชิ้น,วังชิ้น,แพร่
2022-04-11,4.7,Chedingam,น้ำอิง,ท่าวังทอง,เมือง,พะเยา
2022-04-11,6.8,In front of the Forestry Office,แม่น้ำน่าน,ในเวียง,เมือง,น่าน
2022-04-11,5.2,Mae Kham Lak Chet,น้ำแม่คำ,ศรีค้ำ,แม่จัน,เชียงราย
2022-04-11,2.5,Nam Mae Chaem,น้ำแม่แจ่ม,บ้านท่าข้าม,จอมทอง,เชียงใหม่
2022-04-11,5.2,Nawarat Bridge,แม่น้ำปิง,วัดเกต,เมือง,เชียงใหม่
2022-04-11,5.2,Nawarat Bridge,แม่น้ำปิง,วัดเกต,เมือง,เชียงใหม่
2022-04-11,4.5,Pracha Uthit Bridge,น้ำแม่กลาง,บ้านหลวง,จอมทอง,เชียงใหม่
2022-04-11,5.6,Romklao Cooperative House,น้ำแม่งัด,แม่แวน,พร้าว,เชียงใหม่
2022-04-11,4.3,Saphan Ban Khay,น้ำฝาง,แม่นาวาง,แม่อาย,เชียงใหม่
2022-04-11,5.2,Setuwaree Bridge,แม้น้ำวัง,เวียงเหนือ,เมือง,ลำปาง
2022-04-11,12.2,Tha Li Bridge,น้ำว้า,ขึ่ง,เวียงสา,น่าน
2022-04-11,7.6,Tha Nang Bridge,น้ำแม่กวง,ในเมือง,เมือง,ลำพูน
2022-04-11,3.5,Wang Phrao,น้ำแม่จาง,วังพร้าว,เกาะคา,ลำปาง
2022-04-12,2.8,Ban Chiang Dao,แม่น้ำปิง,เชียงดาว,เชียงดาว,เชียงใหม่
2022-04-12,3.3,Ban Chor Lae,แม่น้ำปิง,ช่อแล,แม่แตง,เชียงใหม่
2022-04-12,4.3,Ban Don Chai,แม่น้ำวัง,ล้อมแรด,เถิน,ลำปาง
2022-04-12,5.7,Ban Don Mun,แม่น้ำวัง,บ้านแลง,เมือง,ลำปาง
2022-04-12,4.4,Ban Don Sali,น้ำแม่ลาว,ป่าแดด,แม่สรวย,เชียงราย
2022-04-12,6.7,Ban Hai,แม่น้ำวัง,ปงดอน,แจ้ห่ม,ลำปาง
2022-04-12,4,Ban Hong,น้ำแม่ออน,ร้องวัวแดง,สันกำแพง,เชียงใหม่
2022-04-12,2.8,Ban Hua Sapan,น้ำแม่จัน,ป่าซาง,แม่จัน,เชียงราย
2022-04-12,5.1,Ban Huai Pa Sang,น้ำแม่แตง,กึ๊ดช้าง,แม่แตง,เชียงใหม่
2022-04-12,8.9,Ban Huai Sak,แม่น้ำยม,เตาปูน,สอง,แพร่
2022-04-12,6.1,Ban Klang,น้ำแม่ขาน,บ้านกลาง,สันป่าตอง,เชียงใหม่
2022-04-12,3.2,Ban Ko Kha,แม่น้ำวัง,ศาลา,เกาะคา,ลำปาง
2022-04-12,4.5,Ban Krariang Tung Phrao,น้ำแม่สรวย,วาวี,แม่สรวย,เชียงราย
2022-04-12,3.2,Ban Lai Kaeo,น้ำแม่ลี้,ศรีเตี้ย,บ้านโฮ่ง,ลำพูน
2022-04-12,6.5,Ban Luang,น้ำแม่ตื่น,ยางเปียง,อมก๋อย,เชียงใหม่
2022-04-12,7.6,Ban Luang Nuea,น้ำงาว,หลวงใต้,งาว,ลำปาง
2022-04-12,6.6,Ban Mae E Hi,น้ำแม่ลี้,ศรีวิชัย,ลี้,ลำพูน
2022-04-12,4.8,Ban Mae Kha Bridge,น้ำฝาง,แม่ข่า,ฝาง,เชียงใหม่
2022-04-12,6.5,Ban Mae Khom Mi Tamnak Tham,น้ำแม่คำมี,ตำหนักธรรม,หนองม่วงไข่,แพร่
2022-04-12,5.9,Ban Mae Lai,น้ำแม่หล่าย,แม่หล่าย,เมือง,แพร่
2022-04-12,1.8,Ban Mae Tae,แม่น้ำปิง,แม่แฝกเก่า,สันทราย,เชียงใหม่
2022-04-12,2.5,Ban Mae Taeng,แม่น้ำแตง,สันมหาพล,แม่แตง,เชียงใหม่
2022-04-12,3.7,Ban Mae Wan,น้ำแม่กวง,ป่าเมี่ยง,ดอยสะเก็ด,เชียงใหม่
2022-04-12,5.2,Ban Mai Rim Fang,น้ำฝาง,เวียงฝาง,ฝาง,เชียงใหม่
2022-04-12,7.2,Ban Mang,น้ำปี้,มาง,เชียงม่วน,พะเยา
2022-04-12,5.7,Ban Muang Pok,น้ำแม่แตง,เปียงหลวง,เวียงแหง,เชียงใหม่
2022-04-12,4.2,Ban Mueang Kuet,น้ำแม่แตง,กึ๊ดช้าง,แม่แตง,เชียงใหม่
2022-04-12,2.3,Ban Mueang Mai,ห้วยแม่ต๋า,เมืองมาย,แจ้ห่ม,ลำปาง
2022-04-12,4.4,Ban Mueang Pha,น้ำแม่ริม,ริมเหนือ,แม่ริม,เชียงใหม่
2022-04-12,9.1,Ban Nam Khong,แม่น้ำยม,ป่าแมต,เมือง,แพร่
2022-04-12,5.8,Ban Nam Yao,น้ำยาว,อวน,ปัว,น่าน
2022-04-12,1.6,Ban Nong Naw,น้ำแม่สอย,แจ้ห่ม,แจ้ห่ม,ลำปาง
2022-04-12,3.6,Ban Nong Pham,น้ำแม่ลาว,แม่สรวย,แม่สรวย,เชียงราย
2022-04-12,6.9,Ban Pa Kha,น้ำควร,ควร,ปง,พะเยา
2022-04-12,8,Ban Pa Khoi Tai,แม่น้ำปิง,สันผีเสื้อ,เมือง,เชียงใหม่
2022-04-12,4.7,Ban Pa Sang,น้ำแม่ทา,ป่าซาง,ป่าซาง,ลำพูน
2022-04-12,5.5,Ban Pang Sa,ห้วยน้ำยาว,ผาทอง,ท่าวังผา,น่าน
2022-04-12,10.2,Ban Pha Khwang,แม่น้ำน่าน,บ่อ,เมือง,น่าน
2022-04-12,6.4,Ban Phai Ngarm,แม่น้ำน่าน,ส้าน,เวียงสา,น่าน
2022-04-12,4.2,Ban Phan Ton,น้ำแม่วาง,ทุ่งปี้,แม่วาง,เชียงใหม่
2022-04-12,4.8,Ban Phi Tai,น้ำปี้,บ้านพี้,บ้านหลวง,น่าน
2022-04-12,7.2,Ban Pong,น้ำแม่กวง,บวกค้าง,สันกำแพง,เชียงใหม่
2022-04-12,8.6,Ban Pong,น้ำแม่กวง,บวกค้าง,สันกำแพง,เชียงใหม่
2022-04-12,4.67,Ban Pong,ห้วยโป่ง,บ้านโป่ง,งาว,ลำปาง
2022-04-12,4.1,Ban Rong Kho,แม่น้ำวัง,ร่องเคาะ,วังเหนือ,ลำปาง
2022-04-12,3,Ban Saluang Nok,น้ำแม่ริม,สลวง,แม่ริม,เชียงใหม่
2022-04-12,6.1,Ban San Pu Loei,น้ำแม่ขอด,โหล่งขอด,พร้าว,เชียงใหม่
2022-04-12,7.3,Ban Singpotin,น้ำแม่ลาย,ป่าเมี่ยง,ดอยสะเก็ด,เชียงใหม่
2022-04-12,9.7,Ban Sob Soi,แม่น้ำปิง,แม่สอย,จอมทอง,เชียงใหม่
2022-04-12,5.2,Ban Sop Mae Sapoot,แม่น้ำแม่ทา,ทาสบเส้า,แม่ทา,ลำพูน
2022-04-12,8,Ban Sop Pae,แม่น้ำปิง,สบแปะ,จอมทอง,เชียงใหม่
2022-04-12,5.6,Ban Sop Prap,แม่น้ำวัง,สบปราบ,สบปราบ,ลำปาง
2022-04-12,5.9,Ban Sop Tam,น้ำแม่ต่ำ,เกาะคา,เกาะคา,ลำปาง
2022-04-12,4.3,Ban Sop Win,น้ำแม่วาง,แม่วิน,แม่วาง,เชียงใหม่
2022-04-12,7.7,Ban Tha Duea,แม่น้ำวัง,พิชัย,เมือง,ลำปาง
2022-04-12,5.7,Ban Tha Lo,น้ำแม่ตุ๋ย,บ่อแฮ้ว,เมือง,ลำปาง
2022-04-12,3.7,Ban Tha Pong Daeng,น้ำปาย,ผาบ่อง,เมือง,แม่ฮ่องสอน
2022-04-12,11.8,Ban Thung Nong,แม่น้ำยม,สระ,เชียงม่วน,พะเยา
2022-04-12,3.8,Ban Ton Yang,น้ำแม่ลาว,บัวสลี,แม่ลาว,เชียงราย
2022-04-12,13,Ban Wang Chin,แม่น้ำยม,วังชิ้น,วังชิ้น,แพร่
2022-04-12,4.7,Chedingam,น้ำอิง,ท่าวังทอง,เมือง,พะเยา
2022-04-12,6.7,In front of the Forestry Office,แม่น้ำน่าน,ในเวียง,เมือง,น่าน
2022-04-12,5.2,Mae Kham Lak Chet,น้ำแม่คำ,ศรีค้ำ,แม่จัน,เชียงราย
2022-04-12,2.5,Nam Mae Chaem,น้ำแม่แจ่ม,บ้านท่าข้าม,จอมทอง,เชียงใหม่
2022-04-12,5.2,Nawarat Bridge,แม่น้ำปิง,วัดเกต,เมือง,เชียงใหม่
2022-04-12,5.2,Nawarat Bridge,แม่น้ำปิง,วัดเกต,เมือง,เชียงใหม่
2022-04-12,4.5,Pracha Uthit Bridge,น้ำแม่กลาง,บ้านหลวง,จอมทอง,เชียงใหม่
2022-04-12,5.6,Romklao Cooperative House,น้ำแม่งัด,แม่แวน,พร้าว,เชียงใหม่
2022-04-12,4.3,Saphan Ban Khay,น้ำฝาง,แม่นาวาง,แม่อาย,เชียงใหม่
2022-04-12,5.4,Setuwaree Bridge,แม้น้ำวัง,เวียงเหนือ,เมือง,ลำปาง
2022-04-12,12.2,Tha Li Bridge,น้ำว้า,ขึ่ง,เวียงสา,น่าน
2022-04-12,7.5,Tha Nang Bridge,น้ำแม่กวง,ในเมือง,เมือง,ลำพูน
2022-04-12,3.5,Wang Phrao,น้ำแม่จาง,วังพร้าว,เกาะคา,ลำปาง
2022-04-13,2.8,Ban Chiang Dao,แม่น้ำปิง,เชียงดาว,เชียงดาว,เชียงใหม่
2022-04-13,3.5,Ban Chor Lae,แม่น้ำปิง,ช่อแล,แม่แตง,เชียงใหม่
2022-04-13,4.3,Ban Don Chai,แม่น้ำวัง,ล้อมแรด,เถิน,ลำปาง
2022-04-13,5.7,Ban Don Mun,แม่น้ำวัง,บ้านแลง,เมือง,ลำปาง
2022-04-13,4.4,Ban Don Sali,น้ำแม่ลาว,ป่าแดด,แม่สรวย,เชียงราย
2022-04-13,6.6,Ban Hai,แม่น้ำวัง,ปงดอน,แจ้ห่ม,ลำปาง
2022-04-13,4,Ban Hong,น้ำแม่ออน,ร้องวัวแดง,สันกำแพง,เชียงใหม่
2022-04-13,2.7,Ban Hua Sapan,น้ำแม่จัน,ป่าซาง,แม่จัน,เชียงราย
2022-04-13,5.2,Ban Huai Pa Sang,น้ำแม่แตง,กึ๊ดช้าง,แม่แตง,เชียงใหม่
2022-04-13,8.8,Ban Huai Sak,แม่น้ำยม,เตาปูน,สอง,แพร่
2022-04-13,6.1,Ban Klang,น้ำแม่ขาน,บ้านกลาง,สันป่าตอง,เชียงใหม่
2022-04-13,3.3,Ban Ko Kha,แม่น้ำวัง,ศาลา,เกาะคา,ลำปาง
2022-04-13,4.5,Ban Krariang Tung Phrao,น้ำแม่สรวย,วาวี,แม่สรวย,เชียงราย
2022-04-13,3.1,Ban Lai Kaeo,น้ำแม่ลี้,ศรีเตี้ย,บ้านโฮ่ง,ลำพูน
2022-04-13,6.5,Ban Luang,น้ำแม่ตื่น,ยางเปียง,อมก๋อย,เชียงใหม่
2022-04-13,7.6,Ban Luang Nuea,น้ำงาว,หลวงใต้,งาว,ลำปาง
2022-04-13,6.6,Ban Mae E Hi,น้ำแม่ลี้,ศรีวิชัย,ลี้,ลำพูน
2022-04-13,6.5,Ban Mae Khom Mi Tamnak Tham,น้ำแม่คำมี,ตำหนักธรรม,หนองม่วงไข่,แพร่
2022-04-13,5.9,Ban Mae Lai,น้ำแม่หล่าย,แม่หล่าย,เมือง,แพร่
2022-04-13,1.9,Ban Mae Tae,แม่น้ำปิง,แม่แฝกเก่า,สันทราย,เชียงใหม่
2022-04-13,2.5,Ban Mae Taeng,แม่น้ำแตง,สันมหาพล,แม่แตง,เชียงใหม่
2022-04-13,3.7,Ban Mae Wan,น้ำแม่กวง,ป่าเมี่ยง,ดอยสะเก็ด,เชียงใหม่
2022-04-13,5.2,Ban Mai Rim Fang,น้ำฝาง,เวียงฝาง,ฝาง,เชียงใหม่
2022-04-13,7.2,Ban Mang,น้ำปี้,มาง,เชียงม่วน,พะเยา
2022-04-13,5.7,Ban Muang Pok,น้ำแม่แตง,เปียงหลวง,เวียงแหง,เชียงใหม่
2022-04-13,4.2,Ban Mueang Kuet,น้ำแม่แตง,กึ๊ดช้าง,แม่แตง,เชียงใหม่
2022-04-13,2.3,Ban Mueang Mai,ห้วยแม่ต๋า,เมืองมาย,แจ้ห่ม,ลำปาง
2022-04-13,4.4,Ban Mueang Pha,น้ำแม่ริม,ริมเหนือ,แม่ริม,เชียงใหม่
2022-04-13,9,Ban Nam Khong,แม่น้ำยม,ป่าแมต,เมือง,แพร่
2022-04-13,5.8,Ban Nam Yao,น้ำยาว,อวน,ปัว,น่าน
2022-04-13,1.6,Ban Nong Naw,น้ำแม่สอย,แจ้ห่ม,แจ้ห่ม,ลำปาง
2022-04-13,3.6,Ban Nong Pham,น้ำแม่ลาว,แม่สรวย,แม่สรวย,เชียงราย
2022-04-13,6.9,Ban Pa Kha,น้ำควร,ควร,ปง,พะเยา
2022-04-13,7.8,Ban Pa Khoi Tai,แม่น้ำปิง,สันผีเสื้อ,เมือง,เชียงใหม่
2022-04-13,4.7,Ban Pa Sang,น้ำแม่ทา,ป่าซาง,ป่าซาง,ลำพูน
2022-04-13,5.5,Ban Pang Sa,ห้วยน้ำยาว,ผาทอง,ท่าวังผา,น่าน
2022-04-13,10.2,Ban Pha Khwang,แม่น้ำน่าน,บ่อ,เมือง,น่าน
2022-04-13,6.4,Ban Phai Ngarm,แม่น้ำน่าน,ส้าน,เวียงสา,น่าน
2022-04-13,4.2,Ban Phan Ton,น้ำแม่วาง,ทุ่งปี้,แม่วาง,เชียงใหม่
2022-04-13,4.7,Ban Phi Tai,น้ำปี้,บ้านพี้,บ้านหลวง,น่าน
2022-04-13,7,Ban Pong,น้ำแม่กวง,บวกค้าง,สันกำแพง,เชียงใหม่
2022-04-13,8.6,Ban Pong,น้ำแม่กวง,บวกค้าง,สันกำแพง,เชียงใหม่
2022-04-13,4.666666667,Ban Pong,ห้วยโป่ง,บ้านโป่ง,งาว,ลำปาง
2022-04-13,4.1,Ban Rong Kho,แม่น้ำวัง,ร่องเคาะ,วังเหนือ,ลำปาง
2022-04-13,3,Ban Saluang Nok,น้ำแม่ริม,สลวง,แม่ริม,เชียงใหม่
2022-04-13,6.1,Ban San Pu Loei,น้ำแม่ขอด,โหล่งขอด,พร้าว,เชียงใหม่
2022-04-13,7.3,Ban Singpotin,น้ำแม่ลาย,ป่าเมี่ยง,ดอยสะเก็ด,เชียงใหม่
2022-04-13,9.8,Ban Sob Soi,แม่น้ำปิง,แม่สอย,จอมทอง,เชียงใหม่
2022-04-13,5.2,Ban Sop Mae Sapoot,แม่น้ำแม่ทา,ทาสบเส้า,แม่ทา,ลำพูน
2022-04-13,7.9,Ban Sop Pae,แม่น้ำปิง,สบแปะ,จอมทอง,เชียงใหม่
2022-04-13,5.6,Ban Sop Prap,แม่น้ำวัง,สบปราบ,สบปราบ,ลำปาง
2022-04-13,5.9,Ban Sop Tam,น้ำแม่ต่ำ,เกาะคา,เกาะคา,ลำปาง
2022-04-13,4.3,Ban Sop Win,น้ำแม่วาง,แม่วิน,แม่วาง,เชียงใหม่
2022-04-13,8.1,Ban Tha Duea,แม่น้ำวัง,พิชัย,เมือง,ลำปาง
2022-04-13,5.7,Ban Tha Lo,น้ำแม่ตุ๋ย,บ่อแฮ้ว,เมือง,ลำปาง
2022-04-13,3.7,Ban Tha Pong Daeng,น้ำปาย,ผาบ่อง,เมือง,แม่ฮ่องสอน
2022-04-13,11.8,Ban Thung Nong,แม่น้ำยม,สระ,เชียงม่วน,พะเยา
2022-04-13,3.7,Ban Ton Yang,น้ำแม่ลาว,บัวสลี,แม่ลาว,เชียงราย
2022-04-13,13,Ban Wang Chin,แม่น้ำยม,วังชิ้น,วังชิ้น,แพร่
2022-04-13,4.6,Chedingam,น้ำอิง,ท่าวังทอง,เมือง,พะเยา
2022-04-13,6.7,In front of the Forestry Office,แม่น้ำน่าน,ในเวียง,เมือง,น่าน
2022-04-13,5.2,Mae Kham Lak Chet,น้ำแม่คำ,ศรีค้ำ,แม่จัน,เชียงราย
2022-04-13,2.5,Nam Mae Chaem,น้ำแม่แจ่ม,บ้านท่าข้าม,จอมทอง,เชียงใหม่
2022-04-13,5.1,Nawarat Bridge,แม่น้ำปิง,วัดเกต,เมือง,เชียงใหม่
2022-04-13,5.1,Nawarat Bridge,แม่น้ำปิง,วัดเกต,เมือง,เชียงใหม่
2022-04-13,4.4,Pracha Uthit Bridge,น้ำแม่กลาง,บ้านหลวง,จอมทอง,เชียงใหม่
2022-04-13,5.6,Romklao Cooperative House,น้ำแม่งัด,แม่แวน,พร้าว,เชียงใหม่
2022-04-13,4.2,Saphan Ban Khay,น้ำฝาง,แม่นาวาง,แม่อาย,เชียงใหม่
2022-04-13,5.6,Setuwaree Bridge,แม้น้ำวัง,เวียงเหนือ,เมือง,ลำปาง
2022-04-13,12.2,Tha Li Bridge,น้ำว้า,ขึ่ง,เวียงสา,น่าน
2022-04-13,7.7,Tha Nang Bridge,น้ำแม่กวง,ในเมือง,เมือง,ลำพูน
2022-04-13,3.5,Wang Phrao,น้ำแม่จาง,วังพร้าว,เกาะคา,ลำปาง
2022-04-14,2.8,Ban Chiang Dao,แม่น้ำปิง,เชียงดาว,เชียงดาว,เชียงใหม่
2022-04-14,3.5,Ban Chor Lae,แม่น้ำปิง,ช่อแล,แม่แตง,เชียงใหม่
2022-04-14,4.3,Ban Don Chai,แม่น้ำวัง,ล้อมแรด,เถิน,ลำปาง
2022-04-14,5.7,Ban Don Mun,แม่น้ำวัง,บ้านแลง,เมือง,ลำปาง
2022-04-14,4.4,Ban Don Sali,น้ำแม่ลาว,ป่าแดด,แม่สรวย,เชียงราย
2022-04-14,6.6,Ban Hai,แม่น้ำวัง,ปงดอน,แจ้ห่ม,ลำปาง
2022-04-14,4,Ban Hong,น้ำแม่ออน,ร้องวัวแดง,สันกำแพง,เชียงใหม่
2022-04-14,2.7,Ban Hua Sapan,น้ำแม่จัน,ป่าซาง,แม่จัน,เชียงราย
2022-04-14,5.2,Ban Huai Pa Sang,น้ำแม่แตง,กึ๊ดช้าง,แม่แตง,เชียงใหม่
2022-04-14,8.8,Ban Huai Sak,แม่น้ำยม,เตาปูน,สอง,แพร่
2022-04-14,6,Ban Klang,น้ำแม่ขาน,บ้านกลาง,สันป่าตอง,เชียงใหม่
2022-04-14,3.3,Ban Ko Kha,แม่น้ำวัง,ศาลา,เกาะคา,ลำปาง
2022-04-14,4.5,Ban Krariang Tung Phrao,น้ำแม่สรวย,วาวี,แม่สรวย,เชียงราย
2022-04-14,3.1,Ban Lai Kaeo,น้ำแม่ลี้,ศรีเตี้ย,บ้านโฮ่ง,ลำพูน
2022-04-14,6.5,Ban Luang,น้ำแม่ตื่น,ยางเปียง,อมก๋อย,เชียงใหม่
2022-04-14,7.6,Ban Luang Nuea,น้ำงาว,หลวงใต้,งาว,ลำปาง
2022-04-14,6.6,Ban Mae E Hi,น้ำแม่ลี้,ศรีวิชัย,ลี้,ลำพูน
2022-04-14,6.5,Ban Mae Khom Mi Tamnak Tham,น้ำแม่คำมี,ตำหนักธรรม,หนองม่วงไข่,แพร่
2022-04-14,5.9,Ban Mae Lai,น้ำแม่หล่าย,แม่หล่าย,เมือง,แพร่
2022-04-14,2.1,Ban Mae Tae,แม่น้ำปิง,แม่แฝกเก่า,สันทราย,เชียงใหม่
2022-04-14,2.5,Ban Mae Taeng,แม่น้ำแตง,สันมหาพล,แม่แตง,เชียงใหม่
2022-04-14,3.7,Ban Mae Wan,น้ำแม่กวง,ป่าเมี่ยง,ดอยสะเก็ด,เชียงใหม่
2022-04-14,5.1,Ban Mai Rim Fang,น้ำฝาง,เวียงฝาง,ฝาง,เชียงใหม่
2022-04-14,7.2,Ban Mang,น้ำปี้,มาง,เชียงม่วน,พะเยา
2022-04-14,5.7,Ban Muang Pok,น้ำแม่แตง,เปียงหลวง,เวียงแหง,เชียงใหม่
2022-04-14,4.2,Ban Mueang Kuet,น้ำแม่แตง,กึ๊ดช้าง,แม่แตง,เชียงใหม่
2022-04-14,2.3,Ban Mueang Mai,ห้วยแม่ต๋า,เมืองมาย,แจ้ห่ม,ลำปาง
2022-04-14,4.4,Ban Mueang Pha,น้ำแม่ริม,ริมเหนือ,แม่ริม,เชียงใหม่
2022-04-14,9.1,Ban Nam Khong,แม่น้ำยม,ป่าแมต,เมือง,แพร่
2022-04-14,5.8,Ban Nam Yao,น้ำยาว,อวน,ปัว,น่าน
2022-04-14,1.6,Ban Nong Naw,น้ำแม่สอย,แจ้ห่ม,แจ้ห่ม,ลำปาง
2022-04-14,3.6,Ban Nong Pham,น้ำแม่ลาว,แม่สรวย,แม่สรวย,เชียงราย
2022-04-14,6.9,Ban Pa Kha,น้ำควร,ควร,ปง,พะเยา
2022-04-14,7.9,Ban Pa Khoi Tai,แม่น้ำปิง,สันผีเสื้อ,เมือง,เชียงใหม่
2022-04-14,4.7,Ban Pa Sang,น้ำแม่ทา,ป่าซาง,ป่าซาง,ลำพูน
2022-04-14,5.5,Ban Pang Sa,ห้วยน้ำยาว,ผาทอง,ท่าวังผา,น่าน
2022-04-14,10.2,Ban Pha Khwang,แม่น้ำน่าน,บ่อ,เมือง,น่าน
2022-04-14,6.4,Ban Phai Ngarm,แม่น้ำน่าน,ส้าน,เวียงสา,น่าน
2022-04-14,4.2,Ban Phan Ton,น้ำแม่วาง,ทุ่งปี้,แม่วาง,เชียงใหม่
2022-04-14,4.7,Ban Phi Tai,น้ำปี้,บ้านพี้,บ้านหลวง,น่าน
2022-04-14,6.9,Ban Pong,น้ำแม่กวง,บวกค้าง,สันกำแพง,เชียงใหม่
2022-04-14,8.6,Ban Pong,น้ำแม่กวง,บวกค้าง,สันกำแพง,เชียงใหม่
2022-04-14,4.683333333,Ban Pong,ห้วยโป่ง,บ้านโป่ง,งาว,ลำปาง
2022-04-14,4.1,Ban Rong Kho,แม่น้ำวัง,ร่องเคาะ,วังเหนือ,ลำปาง
2022-04-14,3,Ban Saluang Nok,น้ำแม่ริม,สลวง,แม่ริม,เชียงใหม่
2022-04-14,6.1,Ban San Pu Loei,น้ำแม่ขอด,โหล่งขอด,พร้าว,เชียงใหม่
2022-04-14,7.3,Ban Singpotin,น้ำแม่ลาย,ป่าเมี่ยง,ดอยสะเก็ด,เชียงใหม่
2022-04-14,9.6,Ban Sob Soi,แม่น้ำปิง,แม่สอย,จอมทอง,เชียงใหม่
2022-04-14,5.2,Ban Sop Mae Sapoot,แม่น้ำแม่ทา,ทาสบเส้า,แม่ทา,ลำพูน
2022-04-14,7.8,Ban Sop Pae,แม่น้ำปิง,สบแปะ,จอมทอง,เชียงใหม่
2022-04-14,5.6,Ban Sop Prap,แม่น้ำวัง,สบปราบ,สบปราบ,ลำปาง
2022-04-14,5.9,Ban Sop Tam,น้ำแม่ต่ำ,เกาะคา,เกาะคา,ลำปาง
2022-04-14,4.3,Ban Sop Win,น้ำแม่วาง,แม่วิน,แม่วาง,เชียงใหม่
2022-04-14,8.2,Ban Tha Duea,แม่น้ำวัง,พิชัย,เมือง,ลำปาง
2022-04-14,5.7,Ban Tha Lo,น้ำแม่ตุ๋ย,บ่อแฮ้ว,เมือง,ลำปาง
2022-04-14,3.7,Ban Tha Pong Daeng,น้ำปาย,ผาบ่อง,เมือง,แม่ฮ่องสอน
2022-04-14,11.8,Ban Thung Nong,แม่น้ำยม,สระ,เชียงม่วน,พะเยา
2022-04-14,3.7,Ban Ton Yang,น้ำแม่ลาว,บัวสลี,แม่ลาว,เชียงราย
2022-04-14,13,Ban Wang Chin,แม่น้ำยม,วังชิ้น,วังชิ้น,แพร่
2022-04-14,4.7,Chedingam,น้ำอิง,ท่าวังทอง,เมือง,พะเยา
2022-04-14,6.7,In front of the Forestry Office,แม่น้ำน่าน,ในเวียง,เมือง,น่าน
2022-04-14,5.2,Mae Kham Lak Chet,น้ำแม่คำ,ศรีค้ำ,แม่จัน,เชียงราย
2022-04-14,2.5,Nam Mae Chaem,น้ำแม่แจ่ม,บ้านท่าข้าม,จอมทอง,เชียงใหม่
2022-04-14,5.2,Nawarat Bridge,แม่น้ำปิง,วัดเกต,เมือง,เชียงใหม่
2022-04-14,5.2,Nawarat Bridge,แม่น้ำปิง,วัดเกต,เมือง,เชียงใหม่
2022-04-14,4.4,Pracha Uthit Bridge,น้ำแม่กลาง,บ้านหลวง,จอมทอง,เชียงใหม่
2022-04-14,5.6,Romklao Cooperative House,น้ำแม่งัด,แม่แวน,พร้าว,เชียงใหม่
2022-04-14,4.2,Saphan Ban Khay,น้ำฝาง,แม่นาวาง,แม่อาย,เชียงใหม่
2022-04-14,5.6,Setuwaree Bridge,แม้น้ำวัง,เวียงเหนือ,เมือง,ลำปาง
2022-04-14,12.2,Tha Li Bridge,น้ำว้า,ขึ่ง,เวียงสา,น่าน
2022-04-14,8.4,Tha Nang Bridge,น้ำแม่กวง,ในเมือง,เมือง,ลำพูน
2022-04-14,3.5,Wang Phrao,น้ำแม่จาง,วังพร้าว,เกาะคา,ลำปาง
2022-04-15,2.8,Ban Chiang Dao,แม่น้ำปิง,เชียงดาว,เชียงดาว,เชียงใหม่
2022-04-15,3.5,Ban Chor Lae,แม่น้ำปิง,ช่อแล,แม่แตง,เชียงใหม่
2022-04-15,4.3,Ban Don Chai,แม่น้ำวัง,ล้อมแรด,เถิน,ลำปาง
2022-04-15,5.7,Ban Don Mun,แม่น้ำวัง,บ้านแลง,เมือง,ลำปาง
2022-04-15,4.3,Ban Don Sali,น้ำแม่ลาว,ป่าแดด,แม่สรวย,เชียงราย
2022-04-15,6.6,Ban Hai,แม่น้ำวัง,ปงดอน,แจ้ห่ม,ลำปาง
2022-04-15,4,Ban Hong,น้ำแม่ออน,ร้องวัวแดง,สันกำแพง,เชียงใหม่
2022-04-15,2.7,Ban Hua Sapan,น้ำแม่จัน,ป่าซาง,แม่จัน,เชียงราย
2022-04-15,5.1,Ban Huai Pa Sang,น้ำแม่แตง,กึ๊ดช้าง,แม่แตง,เชียงใหม่
2022-04-15,8.8,Ban Huai Sak,แม่น้ำยม,เตาปูน,สอง,แพร่
2022-04-15,6,Ban Klang,น้ำแม่ขาน,บ้านกลาง,สันป่าตอง,เชียงใหม่
2022-04-15,3.3,Ban Ko Kha,แม่น้ำวัง,ศาลา,เกาะคา,ลำปาง
2022-04-15,4.5,Ban Krariang Tung Phrao,น้ำแม่สรวย,วาวี,แม่สรวย,เชียงราย
2022-04-15,3.1,Ban Lai Kaeo,น้ำแม่ลี้,ศรีเตี้ย,บ้านโฮ่ง,ลำพูน
2022-04-15,6.5,Ban Luang,น้ำแม่ตื่น,ยางเปียง,อมก๋อย,เชียงใหม่
2022-04-15,7.6,Ban Luang Nuea,น้ำงาว,หลวงใต้,งาว,ลำปาง
2022-04-15,6.6,Ban Mae E Hi,น้ำแม่ลี้,ศรีวิชัย,ลี้,ลำพูน
2022-04-15,6.5,Ban Mae Khom Mi Tamnak Tham,น้ำแม่คำมี,ตำหนักธรรม,หนองม่วงไข่,แพร่
2022-04-15,5.9,Ban Mae Lai,น้ำแม่หล่าย,แม่หล่าย,เมือง,แพร่
2022-04-15,2.1,Ban Mae Tae,แม่น้ำปิง,แม่แฝกเก่า,สันทราย,เชียงใหม่
2022-04-15,2.4,Ban Mae Taeng,แม่น้ำแตง,สันมหาพล,แม่แตง,เชียงใหม่
2022-04-15,3.7,Ban Mae Wan,น้ำแม่กวง,ป่าเมี่ยง,ดอยสะเก็ด,เชียงใหม่
2022-04-15,5.1,Ban Mai Rim Fang,น้ำฝาง,เวียงฝาง,ฝาง,เชียงใหม่
2022-04-15,7.2,Ban Mang,น้ำปี้,มาง,เชียงม่วน,พะเยา
2022-04-15,5.7,Ban Muang Pok,น้ำแม่แตง,เปียงหลวง,เวียงแหง,เชียงใหม่
2022-04-15,4.2,Ban Mueang Kuet,น้ำแม่แตง,กึ๊ดช้าง,แม่แตง,เชียงใหม่
2022-04-15,2.4,Ban Mueang Mai,ห้วยแม่ต๋า,เมืองมาย,แจ้ห่ม,ลำปาง
2022-04-15,4.4,Ban Mueang Pha,น้ำแม่ริม,ริมเหนือ,แม่ริม,เชียงใหม่
2022-04-15,9.2,Ban Nam Khong,แม่น้ำยม,ป่าแมต,เมือง,แพร่
2022-04-15,5.8,Ban Nam Yao,น้ำยาว,อวน,ปัว,น่าน
2022-04-15,1.6,Ban Nong Naw,น้ำแม่สอย,แจ้ห่ม,แจ้ห่ม,ลำปาง
2022-04-15,3.5,Ban Nong Pham,น้ำแม่ลาว,แม่สรวย,แม่สรวย,เชียงราย
2022-04-15,6.9,Ban Pa Kha,น้ำควร,ควร,ปง,พะเยา
2022-04-15,8,Ban Pa Khoi Tai,แม่น้ำปิง,สันผีเสื้อ,เมือง,เชียงใหม่
2022-04-15,4.7,Ban Pa Sang,น้ำแม่ทา,ป่าซาง,ป่าซาง,ลำพูน
2022-04-15,5.5,Ban Pang Sa,ห้วยน้ำยาว,ผาทอง,ท่าวังผา,น่าน
2022-04-15,10.2,Ban Pha Khwang,แม่น้ำน่าน,บ่อ,เมือง,น่าน
2022-04-15,6.4,Ban Phai Ngarm,แม่น้ำน่าน,ส้าน,เวียงสา,น่าน
2022-04-15,4.2,Ban Phan Ton,น้ำแม่วาง,ทุ่งปี้,แม่วาง,เชียงใหม่
2022-04-15,4.7,Ban Phi Tai,น้ำปี้,บ้านพี้,บ้านหลวง,น่าน
2022-04-15,6.9,Ban Pong,น้ำแม่กวง,บวกค้าง,สันกำแพง,เชียงใหม่
2022-04-15,8.6,Ban Pong,น้ำแม่กวง,บวกค้าง,สันกำแพง,เชียงใหม่
2022-04-15,4.73,Ban Pong,ห้วยโป่ง,บ้านโป่ง,งาว,ลำปาง
2022-04-15,4.1,Ban Rong Kho,แม่น้ำวัง,ร่องเคาะ,วังเหนือ,ลำปาง
2022-04-15,3,Ban Saluang Nok,น้ำแม่ริม,สลวง,แม่ริม,เชียงใหม่
2022-04-15,6,Ban San Pu Loei,น้ำแม่ขอด,โหล่งขอด,พร้าว,เชียงใหม่
2022-04-15,7.3,Ban Singpotin,น้ำแม่ลาย,ป่าเมี่ยง,ดอยสะเก็ด,เชียงใหม่
2022-04-15,8.6,Ban Sob Soi,แม่น้ำปิง,แม่สอย,จอมทอง,เชียงใหม่
2022-04-15,5.2,Ban Sop Mae Sapoot,แม่น้ำแม่ทา,ทาสบเส้า,แม่ทา,ลำพูน
2022-04-15,8,Ban Sop Pae,แม่น้ำปิง,สบแปะ,จอมทอง,เชียงใหม่
2022-04-15,5.6,Ban Sop Prap,แม่น้ำวัง,สบปราบ,สบปราบ,ลำปาง
2022-04-15,5.9,Ban Sop Tam,น้ำแม่ต่ำ,เกาะคา,เกาะคา,ลำปาง
2022-04-15,4.3,Ban Sop Win,น้ำแม่วาง,แม่วิน,แม่วาง,เชียงใหม่
2022-04-15,8.2,Ban Tha Duea,แม่น้ำวัง,พิชัย,เมือง,ลำปาง
2022-04-15,5.6,Ban Tha Lo,น้ำแม่ตุ๋ย,บ่อแฮ้ว,เมือง,ลำปาง
2022-04-15,3.7,Ban Tha Pong Daeng,น้ำปาย,ผาบ่อง,เมือง,แม่ฮ่องสอน
2022-04-15,11.7,Ban Thung Nong,แม่น้ำยม,สระ,เชียงม่วน,พะเยา
2022-04-15,3.7,Ban Ton Yang,น้ำแม่ลาว,บัวสลี,แม่ลาว,เชียงราย
2022-04-15,12.9,Ban Wang Chin,แม่น้ำยม,วังชิ้น,วังชิ้น,แพร่
2022-04-15,4.8,Chedingam,น้ำอิง,ท่าวังทอง,เมือง,พะเยา
2022-04-15,6.7,In front of the Forestry Office,แม่น้ำน่าน,ในเวียง,เมือง,น่าน
2022-04-15,5.2,Mae Kham Lak Chet,น้ำแม่คำ,ศรีค้ำ,แม่จัน,เชียงราย
2022-04-15,2.5,Nam Mae Chaem,น้ำแม่แจ่ม,บ้านท่าข้าม,จอมทอง,เชียงใหม่
2022-04-15,5.2,Nawarat Bridge,แม่น้ำปิง,วัดเกต,เมือง,เชียงใหม่
2022-04-15,5.2,Nawarat Bridge,แม่น้ำปิง,วัดเกต,เมือง,เชียงใหม่
2022-04-15,4.4,Pracha Uthit Bridge,น้ำแม่กลาง,บ้านหลวง,จอมทอง,เชียงใหม่
2022-04-15,5.6,Romklao Cooperative House,น้ำแม่งัด,แม่แวน,พร้าว,เชียงใหม่
2022-04-15,4.1,Saphan Ban Khay,น้ำฝาง,แม่นาวาง,แม่อาย,เชียงใหม่
2022-04-15,5.7,Setuwaree Bridge,แม้น้ำวัง,เวียงเหนือ,เมือง,ลำปาง
2022-04-15,12.2,Tha Li Bridge,น้ำว้า,ขึ่ง,เวียงสา,น่าน
2022-04-15,8.1,Tha Nang Bridge,น้ำแม่กวง,ในเมือง,เมือง,ลำพูน
2022-04-15,3.5,Wang Phrao,น้ำแม่จาง,วังพร้าว,เกาะคา,ลำปาง
2022-04-16,2.8,Ban Chiang Dao,แม่น้ำปิง,เชียงดาว,เชียงดาว,เชียงใหม่
2022-04-16,3.2,Ban Chor Lae,แม่น้ำปิง,ช่อแล,แม่แตง,เชียงใหม่
2022-04-16,4.2,Ban Don Chai,แม่น้ำวัง,ล้อมแรด,เถิน,ลำปาง
2022-04-16,5.7,Ban Don Mun,แม่น้ำวัง,บ้านแลง,เมือง,ลำปาง
2022-04-16,4.3,Ban Don Sali,น้ำแม่ลาว,ป่าแดด,แม่สรวย,เชียงราย
2022-04-16,6.6,Ban Hai,แม่น้ำวัง,ปงดอน,แจ้ห่ม,ลำปาง
2022-04-16,4,Ban Hong,น้ำแม่ออน,ร้องวัวแดง,สันกำแพง,เชียงใหม่
2022-04-16,2.7,Ban Hua Sapan,น้ำแม่จัน,ป่าซาง,แม่จัน,เชียงราย
2022-04-16,5.1,Ban Huai Pa Sang,น้ำแม่แตง,กึ๊ดช้าง,แม่แตง,เชียงใหม่
2022-04-16,8.8,Ban Huai Sak,แม่น้ำยม,เตาปูน,สอง,แพร่
2022-04-16,6,Ban Klang,น้ำแม่ขาน,บ้านกลาง,สันป่าตอง,เชียงใหม่
2022-04-16,3.3,Ban Ko Kha,แม่น้ำวัง,ศาลา,เกาะคา,ลำปาง
2022-04-16,4.5,Ban Krariang Tung Phrao,น้ำแม่สรวย,วาวี,แม่สรวย,เชียงราย
2022-04-16,3.1,Ban Lai Kaeo,น้ำแม่ลี้,ศรีเตี้ย,บ้านโฮ่ง,ลำพูน
2022-04-16,6.5,Ban Luang,น้ำแม่ตื่น,ยางเปียง,อมก๋อย,เชียงใหม่
2022-04-16,7.6,Ban Luang Nuea,น้ำงาว,หลวงใต้,งาว,ลำปาง
2022-04-16,6.6,Ban Mae E Hi,น้ำแม่ลี้,ศรีวิชัย,ลี้,ลำพูน
2022-04-16,6.5,Ban Mae Khom Mi Tamnak Tham,น้ำแม่คำมี,ตำหนักธรรม,หนองม่วงไข่,แพร่
2022-04-16,5.9,Ban Mae Lai,น้ำแม่หล่าย,แม่หล่าย,เมือง,แพร่
2022-04-16,1.9,Ban Mae Tae,แม่น้ำปิง,แม่แฝกเก่า,สันทราย,เชียงใหม่
2022-04-16,2.4,Ban Mae Taeng,แม่น้ำแตง,สันมหาพล,แม่แตง,เชียงใหม่
2022-04-16,3.7,Ban Mae Wan,น้ำแม่กวง,ป่าเมี่ยง,ดอยสะเก็ด,เชียงใหม่
2022-04-16,5.1,Ban Mai Rim Fang,น้ำฝาง,เวียงฝาง,ฝาง,เชียงใหม่
2022-04-16,7.2,Ban Mang,น้ำปี้,มาง,เชียงม่วน,พะเยา
2022-04-16,5.7,Ban Muang Pok,น้ำแม่แตง,เปียงหลวง,เวียงแหง,เชียงใหม่
2022-04-16,4.2,Ban Mueang Kuet,น้ำแม่แตง,กึ๊ดช้าง,แม่แตง,เชียงใหม่
2022-04-16,2.4,Ban Mueang Mai,ห้วยแม่ต๋า,เมืองมาย,แจ้ห่ม,ลำปาง
2022-04-16,4.3,Ban Mueang Pha,น้ำแม่ริม,ริมเหนือ,แม่ริม,เชียงใหม่
2022-04-16,9.1,Ban Nam Khong,แม่น้ำยม,ป่าแมต,เมือง,แพร่
2022-04-16,5.8,Ban Nam Yao,น้ำยาว,อวน,ปัว,น่าน
2022-04-16,1.6,Ban Nong Naw,น้ำแม่สอย,แจ้ห่ม,แจ้ห่ม,ลำปาง
2022-04-16,3.5,Ban Nong Pham,น้ำแม่ลาว,แม่สรวย,แม่สรวย,เชียงราย
2022-04-16,6.9,Ban Pa Kha,น้ำควร,ควร,ปง,พะเยา
2022-04-16,8,Ban Pa Khoi Tai,แม่น้ำปิง,สันผีเสื้อ,เมือง,เชียงใหม่
2022-04-16,4.7,Ban Pa Sang,น้ำแม่ทา,ป่าซาง,ป่าซาง,ลำพูน
2022-04-16,5.5,Ban Pang Sa,ห้วยน้ำยาว,ผาทอง,ท่าวังผา,น่าน
2022-04-16,10.2,Ban Pha Khwang,แม่น้ำน่าน,บ่อ,เมือง,น่าน
2022-04-16,6.4,Ban Phai Ngarm,แม่น้ำน่าน,ส้าน,เวียงสา,น่าน
2022-04-16,4.2,Ban Phan Ton,น้ำแม่วาง,ทุ่งปี้,แม่วาง,เชียงใหม่
2022-04-16,4.7,Ban Phi Tai,น้ำปี้,บ้านพี้,บ้านหลวง,น่าน
2022-04-16,6.8,Ban Pong,น้ำแม่กวง,บวกค้าง,สันกำแพง,เชียงใหม่
2022-04-16,8.6,Ban Pong,น้ำแม่กวง,บวกค้าง,สันกำแพง,เชียงใหม่
2022-04-16,4.726666667,Ban Pong,ห้วยโป่ง,บ้านโป่ง,งาว,ลำปาง
2022-04-16,4.1,Ban Rong Kho,แม่น้ำวัง,ร่องเคาะ,วังเหนือ,ลำปาง
2022-04-16,3,Ban Saluang Nok,น้ำแม่ริม,สลวง,แม่ริม,เชียงใหม่
2022-04-16,6,Ban San Pu Loei,น้ำแม่ขอด,โหล่งขอด,พร้าว,เชียงใหม่
2022-04-16,7.3,Ban Singpotin,น้ำแม่ลาย,ป่าเมี่ยง,ดอยสะเก็ด,เชียงใหม่
2022-04-16,9.6,Ban Sob Soi,แม่น้ำปิง,แม่สอย,จอมทอง,เชียงใหม่
2022-04-16,5.2,Ban Sop Mae Sapoot,แม่น้ำแม่ทา,ทาสบเส้า,แม่ทา,ลำพูน
2022-04-16,7.6,Ban Sop Pae,แม่น้ำปิง,สบแปะ,จอมทอง,เชียงใหม่
2022-04-16,5.6,Ban Sop Prap,แม่น้ำวัง,สบปราบ,สบปราบ,ลำปาง
2022-04-16,5.9,Ban Sop Tam,น้ำแม่ต่ำ,เกาะคา,เกาะคา,ลำปาง
2022-04-16,4.3,Ban Sop Win,น้ำแม่วาง,แม่วิน,แม่วาง,เชียงใหม่
2022-04-16,8.1,Ban Tha Duea,แม่น้ำวัง,พิชัย,เมือง,ลำปาง
2022-04-16,5.5,Ban Tha Lo,น้ำแม่ตุ๋ย,บ่อแฮ้ว,เมือง,ลำปาง
2022-04-16,3.7,Ban Tha Pong Daeng,น้ำปาย,ผาบ่อง,เมือง,แม่ฮ่องสอน
2022-04-16,11.7,Ban Thung Nong,แม่น้ำยม,สระ,เชียงม่วน,พะเยา
2022-04-16,3.7,Ban Ton Yang,น้ำแม่ลาว,บัวสลี,แม่ลาว,เชียงราย
2022-04-16,12.9,Ban Wang Chin,แม่น้ำยม,วังชิ้น,วังชิ้น,แพร่
2022-04-16,4.8,Chedingam,น้ำอิง,ท่าวังทอง,เมือง,พะเยา
2022-04-16,6.7,In front of the Forestry Office,แม่น้ำน่าน,ในเวียง,เมือง,น่าน
2022-04-16,5.2,Mae Kham Lak Chet,น้ำแม่คำ,ศรีค้ำ,แม่จัน,เชียงราย
2022-04-16,2.4,Nam Mae Chaem,น้ำแม่แจ่ม,บ้านท่าข้าม,จอมทอง,เชียงใหม่
2022-04-16,5.2,Nawarat Bridge,แม่น้ำปิง,วัดเกต,เมือง,เชียงใหม่
2022-04-16,5.2,Nawarat Bridge,แม่น้ำปิง,วัดเกต,เมือง,เชียงใหม่
2022-04-16,4.4,Pracha Uthit Bridge,น้ำแม่กลาง,บ้านหลวง,จอมทอง,เชียงใหม่
2022-04-16,5.6,Romklao Cooperative House,น้ำแม่งัด,แม่แวน,พร้าว,เชียงใหม่
2022-04-16,4.1,Saphan Ban Khay,น้ำฝาง,แม่นาวาง,แม่อาย,เชียงใหม่
2022-04-16,5.7,Setuwaree Bridge,แม้น้ำวัง,เวียงเหนือ,เมือง,ลำปาง
2022-04-16,12.2,Tha Li Bridge,น้ำว้า,ขึ่ง,เวียงสา,น่าน
2022-04-16,8.2,Tha Nang Bridge,น้ำแม่กวง,ในเมือง,เมือง,ลำพูน
2022-04-16,3.5,Wang Phrao,น้ำแม่จาง,วังพร้าว,เกาะคา,ลำปาง
2022-04-17,2.8,Ban Chiang Dao,แม่น้ำปิง,เชียงดาว,เชียงดาว,เชียงใหม่
2022-04-17,3.2,Ban Chor Lae,แม่น้ำปิง,ช่อแล,แม่แตง,เชียงใหม่
2022-04-17,4.3,Ban Don Chai,แม่น้ำวัง,ล้อมแรด,เถิน,ลำปาง
2022-04-17,5.7,Ban Don Mun,แม่น้ำวัง,บ้านแลง,เมือง,ลำปาง
2022-04-17,4.3,Ban Don Sali,น้ำแม่ลาว,ป่าแดด,แม่สรวย,เชียงราย
2022-04-17,6.4,Ban Hai,แม่น้ำวัง,ปงดอน,แจ้ห่ม,ลำปาง
2022-04-17,4,Ban Hong,น้ำแม่ออน,ร้องวัวแดง,สันกำแพง,เชียงใหม่
2022-04-17,2.8,Ban Hua Sapan,น้ำแม่จัน,ป่าซาง,แม่จัน,เชียงราย
2022-04-17,5.1,Ban Huai Pa Sang,น้ำแม่แตง,กึ๊ดช้าง,แม่แตง,เชียงใหม่
2022-04-17,8.8,Ban Huai Sak,แม่น้ำยม,เตาปูน,สอง,แพร่
2022-04-17,6,Ban Klang,น้ำแม่ขาน,บ้านกลาง,สันป่าตอง,เชียงใหม่
2022-04-17,3.3,Ban Ko Kha,แม่น้ำวัง,ศาลา,เกาะคา,ลำปาง
2022-04-17,4.5,Ban Krariang Tung Phrao,น้ำแม่สรวย,วาวี,แม่สรวย,เชียงราย
2022-04-17,3.1,Ban Lai Kaeo,น้ำแม่ลี้,ศรีเตี้ย,บ้านโฮ่ง,ลำพูน
2022-04-17,6.5,Ban Luang,น้ำแม่ตื่น,ยางเปียง,อมก๋อย,เชียงใหม่
2022-04-17,7.6,Ban Luang Nuea,น้ำงาว,หลวงใต้,งาว,ลำปาง
2022-04-17,6.6,Ban Mae E Hi,น้ำแม่ลี้,ศรีวิชัย,ลี้,ลำพูน
2022-04-17,6.5,Ban Mae Khom Mi Tamnak Tham,น้ำแม่คำมี,ตำหนักธรรม,หนองม่วงไข่,แพร่
2022-04-17,5.9,Ban Mae Lai,น้ำแม่หล่าย,แม่หล่าย,เมือง,แพร่
2022-04-17,1.8,Ban Mae Tae,แม่น้ำปิง,แม่แฝกเก่า,สันทราย,เชียงใหม่
2022-04-17,2.4,Ban Mae Taeng,แม่น้ำแตง,สันมหาพล,แม่แตง,เชียงใหม่
2022-04-17,3.7,Ban Mae Wan,น้ำแม่กวง,ป่าเมี่ยง,ดอยสะเก็ด,เชียงใหม่
2022-04-17,5,Ban Mai Rim Fang,น้ำฝาง,เวียงฝาง,ฝาง,เชียงใหม่
2022-04-17,7.1,Ban Mang,น้ำปี้,มาง,เชียงม่วน,พะเยา
2022-04-17,5.7,Ban Muang Pok,น้ำแม่แตง,เปียงหลวง,เวียงแหง,เชียงใหม่
2022-04-17,4.1,Ban Mueang Kuet,น้ำแม่แตง,กึ๊ดช้าง,แม่แตง,เชียงใหม่
2022-04-17,2.4,Ban Mueang Mai,ห้วยแม่ต๋า,เมืองมาย,แจ้ห่ม,ลำปาง
2022-04-17,4.3,Ban Mueang Pha,น้ำแม่ริม,ริมเหนือ,แม่ริม,เชียงใหม่
2022-04-17,9.1,Ban Nam Khong,แม่น้ำยม,ป่าแมต,เมือง,แพร่
2022-04-17,5.8,Ban Nam Yao,น้ำยาว,อวน,ปัว,น่าน
2022-04-17,1.6,Ban Nong Naw,น้ำแม่สอย,แจ้ห่ม,แจ้ห่ม,ลำปาง
2022-04-17,3.5,Ban Nong Pham,น้ำแม่ลาว,แม่สรวย,แม่สรวย,เชียงราย
2022-04-17,6.9,Ban Pa Kha,น้ำควร,ควร,ปง,พะเยา
2022-04-17,8,Ban Pa Khoi Tai,แม่น้ำปิง,สันผีเสื้อ,เมือง,เชียงใหม่
2022-04-17,4.7,Ban Pa Sang,น้ำแม่ทา,ป่าซาง,ป่าซาง,ลำพูน
2022-04-17,5.5,Ban Pang Sa,ห้วยน้ำยาว,ผาทอง,ท่าวังผา,น่าน
2022-04-17,10.2,Ban Pha Khwang,แม่น้ำน่าน,บ่อ,เมือง,น่าน
2022-04-17,6.4,Ban Phai Ngarm,แม่น้ำน่าน,ส้าน,เวียงสา,น่าน
2022-04-17,4.2,Ban Phan Ton,น้ำแม่วาง,ทุ่งปี้,แม่วาง,เชียงใหม่
2022-04-17,4.7,Ban Phi Tai,น้ำปี้,บ้านพี้,บ้านหลวง,น่าน
2022-04-17,6.8,Ban Pong,น้ำแม่กวง,บวกค้าง,สันกำแพง,เชียงใหม่
2022-04-17,8.6,Ban Pong,น้ำแม่กวง,บวกค้าง,สันกำแพง,เชียงใหม่
2022-04-17,4.706666667,Ban Pong,ห้วยโป่ง,บ้านโป่ง,งาว,ลำปาง
2022-04-17,4.1,Ban Rong Kho,แม่น้ำวัง,ร่องเคาะ,วังเหนือ,ลำปาง
2022-04-17,3,Ban Saluang Nok,น้ำแม่ริม,สลวง,แม่ริม,เชียงใหม่
2022-04-17,6,Ban San Pu Loei,น้ำแม่ขอด,โหล่งขอด,พร้าว,เชียงใหม่
2022-04-17,7.3,Ban Singpotin,น้ำแม่ลาย,ป่าเมี่ยง,ดอยสะเก็ด,เชียงใหม่
2022-04-17,9.6,Ban Sob Soi,แม่น้ำปิง,แม่สอย,จอมทอง,เชียงใหม่
2022-04-17,5.2,Ban Sop Mae Sapoot,แม่น้ำแม่ทา,ทาสบเส้า,แม่ทา,ลำพูน
2022-04-17,7.7,Ban Sop Pae,แม่น้ำปิง,สบแปะ,จอมทอง,เชียงใหม่
2022-04-17,5.7,Ban Sop Prap,แม่น้ำวัง,สบปราบ,สบปราบ,ลำปาง
2022-04-17,5.9,Ban Sop Tam,น้ำแม่ต่ำ,เกาะคา,เกาะคา,ลำปาง
2022-04-17,4.3,Ban Sop Win,น้ำแม่วาง,แม่วิน,แม่วาง,เชียงใหม่
2022-04-17,8.1,Ban Tha Duea,แม่น้ำวัง,พิชัย,เมือง,ลำปาง
2022-04-17,5.4,Ban Tha Lo,น้ำแม่ตุ๋ย,บ่อแฮ้ว,เมือง,ลำปาง
2022-04-17,3.8,Ban Tha Pong Daeng,น้ำปาย,ผาบ่อง,เมือง,แม่ฮ่องสอน
2022-04-17,11.7,Ban Thung Nong,แม่น้ำยม,สระ,เชียงม่วน,พะเยา
2022-04-17,3.7,Ban Ton Yang,น้ำแม่ลาว,บัวสลี,แม่ลาว,เชียงราย
2022-04-17,12.9,Ban Wang Chin,แม่น้ำยม,วังชิ้น,วังชิ้น,แพร่
2022-04-17,4.8,Chedingam,น้ำอิง,ท่าวังทอง,เมือง,พะเยา
2022-04-17,6.7,In front of the Forestry Office,แม่น้ำน่าน,ในเวียง,เมือง,น่าน
2022-04-17,5.2,Mae Kham Lak Chet,น้ำแม่คำ,ศรีค้ำ,แม่จัน,เชียงราย
2022-04-17,2.4,Nam Mae Chaem,น้ำแม่แจ่ม,บ้านท่าข้าม,จอมทอง,เชียงใหม่
2022-04-17,5.2,Nawarat Bridge,แม่น้ำปิง,วัดเกต,เมือง,เชียงใหม่
2022-04-17,5.2,Nawarat Bridge,แม่น้ำปิง,วัดเกต,เมือง,เชียงใหม่
2022-04-17,4.4,Pracha Uthit Bridge,น้ำแม่กลาง,บ้านหลวง,จอมทอง,เชียงใหม่
2022-04-17,5.6,Romklao Cooperative House,น้ำแม่งัด,แม่แวน,พร้าว,เชียงใหม่
2022-04-17,4.2,Saphan Ban Khay,น้ำฝาง,แม่นาวาง,แม่อาย,เชียงใหม่
2022-04-17,5.6,Setuwaree Bridge,แม้น้ำวัง,เวียงเหนือ,เมือง,ลำปาง
2022-04-17,12.2,Tha Li Bridge,น้ำว้า,ขึ่ง,เวียงสา,น่าน
2022-04-17,8.3,Tha Nang Bridge,น้ำแม่กวง,ในเมือง,เมือง,ลำพูน
2022-04-17,3.5,Wang Phrao,น้ำแม่จาง,วังพร้าว,เกาะคา,ลำปาง
2022-04-18,2.8,Ban Chiang Dao,แม่น้ำปิง,เชียงดาว,เชียงดาว,เชียงใหม่
2022-04-18,3.2,Ban Chor Lae,แม่น้ำปิง,ช่อแล,แม่แตง,เชียงใหม่
2022-04-18,4.3,Ban Don Chai,แม่น้ำวัง,ล้อมแรด,เถิน,ลำปาง
2022-04-18,5.7,Ban Don Mun,แม่น้ำวัง,บ้านแลง,เมือง,ลำปาง
2022-04-18,4.3,Ban Don Sali,น้ำแม่ลาว,ป่าแดด,แม่สรวย,เชียงราย
2022-04-18,6.5,Ban Hai,แม่น้ำวัง,ปงดอน,แจ้ห่ม,ลำปาง
2022-04-18,4,Ban Hong,น้ำแม่ออน,ร้องวัวแดง,สันกำแพง,เชียงใหม่
2022-04-18,2.8,Ban Hua Sapan,น้ำแม่จัน,ป่าซาง,แม่จัน,เชียงราย
2022-04-18,5.1,Ban Huai Pa Sang,น้ำแม่แตง,กึ๊ดช้าง,แม่แตง,เชียงใหม่
2022-04-18,9.3,Ban Huai Sak,แม่น้ำยม,เตาปูน,สอง,แพร่
2022-04-18,6,Ban Klang,น้ำแม่ขาน,บ้านกลาง,สันป่าตอง,เชียงใหม่
2022-04-18,3.3,Ban Ko Kha,แม่น้ำวัง,ศาลา,เกาะคา,ลำปาง
2022-04-18,4.5,Ban Krariang Tung Phrao,น้ำแม่สรวย,วาวี,แม่สรวย,เชียงราย
2022-04-18,3.1,Ban Lai Kaeo,น้ำแม่ลี้,ศรีเตี้ย,บ้านโฮ่ง,ลำพูน
2022-04-18,6.6,Ban Luang,น้ำแม่ตื่น,ยางเปียง,อมก๋อย,เชียงใหม่
2022-04-18,7.6,Ban Luang Nuea,น้ำงาว,หลวงใต้,งาว,ลำปาง
2022-04-18,6.6,Ban Mae E Hi,น้ำแม่ลี้,ศรีวิชัย,ลี้,ลำพูน
2022-04-18,6.5,Ban Mae Khom Mi Tamnak Tham,น้ำแม่คำมี,ตำหนักธรรม,หนองม่วงไข่,แพร่
2022-04-18,5.9,Ban Mae Lai,น้ำแม่หล่าย,แม่หล่าย,เมือง,แพร่
2022-04-18,1.8,Ban Mae Tae,แม่น้ำปิง,แม่แฝกเก่า,สันทราย,เชียงใหม่
2022-04-18,2.5,Ban Mae Taeng,แม่น้ำแตง,สันมหาพล,แม่แตง,เชียงใหม่
2022-04-18,3.7,Ban Mae Wan,น้ำแม่กวง,ป่าเมี่ยง,ดอยสะเก็ด,เชียงใหม่
2022-04-18,5.1,Ban Mai Rim Fang,น้ำฝาง,เวียงฝาง,ฝาง,เชียงใหม่
2022-04-18,7.2,Ban Mang,น้ำปี้,มาง,เชียงม่วน,พะเยา
2022-04-18,5.7,Ban Muang Pok,น้ำแม่แตง,เปียงหลวง,เวียงแหง,เชียงใหม่
2022-04-18,4.1,Ban Mueang Kuet,น้ำแม่แตง,กึ๊ดช้าง,แม่แตง,เชียงใหม่
2022-04-18,2.5,Ban Mueang Mai,ห้วยแม่ต๋า,เมืองมาย,แจ้ห่ม,ลำปาง
2022-04-18,4.3,Ban Mueang Pha,น้ำแม่ริม,ริมเหนือ,แม่ริม,เชียงใหม่
2022-04-18,9,Ban Nam Khong,แม่น้ำยม,ป่าแมต,เมือง,แพร่
2022-04-18,5.8,Ban Nam Yao,น้ำยาว,อวน,ปัว,น่าน
2022-04-18,1.6,Ban Nong Naw,น้ำแม่สอย,แจ้ห่ม,แจ้ห่ม,ลำปาง
2022-04-18,3.5,Ban Nong Pham,น้ำแม่ลาว,แม่สรวย,แม่สรวย,เชียงราย
2022-04-18,6.9,Ban Pa Kha,น้ำควร,ควร,ปง,พะเยา
2022-04-18,7.9,Ban Pa Khoi Tai,แม่น้ำปิง,สันผีเสื้อ,เมือง,เชียงใหม่
2022-04-18,4.7,Ban Pa Sang,น้ำแม่ทา,ป่าซาง,ป่าซาง,ลำพูน
2022-04-18,5.5,Ban Pang Sa,ห้วยน้ำยาว,ผาทอง,ท่าวังผา,น่าน
2022-04-18,10.2,Ban Pha Khwang,แม่น้ำน่าน,บ่อ,เมือง,น่าน
2022-04-18,6.4,Ban Phai Ngarm,แม่น้ำน่าน,ส้าน,เวียงสา,น่าน
2022-04-18,4.2,Ban Phan Ton,น้ำแม่วาง,ทุ่งปี้,แม่วาง,เชียงใหม่
2022-04-18,4.7,Ban Phi Tai,น้ำปี้,บ้านพี้,บ้านหลวง,น่าน
2022-04-18,6.9,Ban Pong,น้ำแม่กวง,บวกค้าง,สันกำแพง,เชียงใหม่
2022-04-18,8.7,Ban Pong,น้ำแม่กวง,บวกค้าง,สันกำแพง,เชียงใหม่
2022-04-18,4.776666667,Ban Pong,ห้วยโป่ง,บ้านโป่ง,งาว,ลำปาง
2022-04-18,4.2,Ban Rong Kho,แม่น้ำวัง,ร่องเคาะ,วังเหนือ,ลำปาง
2022-04-18,3.1,Ban Saluang Nok,น้ำแม่ริม,สลวง,แม่ริม,เชียงใหม่
2022-04-18,6,Ban San Pu Loei,น้ำแม่ขอด,โหล่งขอด,พร้าว,เชียงใหม่
2022-04-18,7.3,Ban Singpotin,น้ำแม่ลาย,ป่าเมี่ยง,ดอยสะเก็ด,เชียงใหม่
2022-04-18,9.6,Ban Sob Soi,แม่น้ำปิง,แม่สอย,จอมทอง,เชียงใหม่
2022-04-18,5.2,Ban Sop Mae Sapoot,แม่น้ำแม่ทา,ทาสบเส้า,แม่ทา,ลำพูน
2022-04-18,7.7,Ban Sop Pae,แม่น้ำปิง,สบแปะ,จอมทอง,เชียงใหม่
2022-04-18,5.7,Ban Sop Prap,แม่น้ำวัง,สบปราบ,สบปราบ,ลำปาง
2022-04-18,5.9,Ban Sop Tam,น้ำแม่ต่ำ,เกาะคา,เกาะคา,ลำปาง
2022-04-18,4.3,Ban Sop Win,น้ำแม่วาง,แม่วิน,แม่วาง,เชียงใหม่
2022-04-18,8.1,Ban Tha Duea,แม่น้ำวัง,พิชัย,เมือง,ลำปาง
2022-04-18,5.3,Ban Tha Lo,น้ำแม่ตุ๋ย,บ่อแฮ้ว,เมือง,ลำปาง
2022-04-18,3.8,Ban Tha Pong Daeng,น้ำปาย,ผาบ่อง,เมือง,แม่ฮ่องสอน
2022-04-18,13.1,Ban Thung Nong,แม่น้ำยม,สระ,เชียงม่วน,พะเยา
2022-04-18,3.8,Ban Ton Yang,น้ำแม่ลาว,บัวสลี,แม่ลาว,เชียงราย
2022-04-18,12.9,Ban Wang Chin,แม่น้ำยม,วังชิ้น,วังชิ้น,แพร่
2022-04-18,4.8,Chedingam,น้ำอิง,ท่าวังทอง,เมือง,พะเยา
2022-04-18,6.7,In front of the Forestry Office,แม่น้ำน่าน,ในเวียง,เมือง,น่าน
2022-04-18,5.3,Mae Kham Lak Chet,น้ำแม่คำ,ศรีค้ำ,แม่จัน,เชียงราย
2022-04-18,2.4,Nam Mae Chaem,น้ำแม่แจ่ม,บ้านท่าข้าม,จอมทอง,เชียงใหม่
2022-04-18,5.2,Nawarat Bridge,แม่น้ำปิง,วัดเกต,เมือง,เชียงใหม่
2022-04-18,5.2,Nawarat Bridge,แม่น้ำปิง,วัดเกต,เมือง,เชียงใหม่
2022-04-18,4.4,Pracha Uthit Bridge,น้ำแม่กลาง,บ้านหลวง,จอมทอง,เชียงใหม่
2022-04-18,5.6,Romklao Cooperative House,น้ำแม่งัด,แม่แวน,พร้าว,เชียงใหม่
2022-04-18,4.1,Saphan Ban Khay,น้ำฝาง,แม่นาวาง,แม่อาย,เชียงใหม่
2022-04-18,5.6,Setuwaree Bridge,แม้น้ำวัง,เวียงเหนือ,เมือง,ลำปาง
2022-04-18,12.2,Tha Li Bridge,น้ำว้า,ขึ่ง,เวียงสา,น่าน
2022-04-18,8.4,Tha Nang Bridge,น้ำแม่กวง,ในเมือง,เมือง,ลำพูน
2022-04-18,3.5,Wang Phrao,น้ำแม่จาง,วังพร้าว,เกาะคา,ลำปาง
2022-04-19,2.8,Ban Chiang Dao,แม่น้ำปิง,เชียงดาว,เชียงดาว,เชียงใหม่
2022-04-19,3.4,Ban Chor Lae,แม่น้ำปิง,ช่อแล,แม่แตง,เชียงใหม่
2022-04-19,4.3,Ban Don Chai,แม่น้ำวัง,ล้อมแรด,เถิน,ลำปาง
2022-04-19,5.8,Ban Don Mun,แม่น้ำวัง,บ้านแลง,เมือง,ลำปาง
2022-04-19,4.8,Ban Don Sali,น้ำแม่ลาว,ป่าแดด,แม่สรวย,เชียงราย
2022-04-19,6.4,Ban Hai,แม่น้ำวัง,ปงดอน,แจ้ห่ม,ลำปาง
2022-04-19,4,Ban Hong,น้ำแม่ออน,ร้องวัวแดง,สันกำแพง,เชียงใหม่
2022-04-19,2.7,Ban Hua Sapan,น้ำแม่จัน,ป่าซาง,แม่จัน,เชียงราย
2022-04-19,5.4,Ban Huai Pa Sang,น้ำแม่แตง,กึ๊ดช้าง,แม่แตง,เชียงใหม่
2022-04-19,10.3,Ban Huai Sak,แม่น้ำยม,เตาปูน,สอง,แพร่
2022-04-19,7,Ban Klang,น้ำแม่ขาน,บ้านกลาง,สันป่าตอง,เชียงใหม่
2022-04-19,3.3,Ban Ko Kha,แม่น้ำวัง,ศาลา,เกาะคา,ลำปาง
2022-04-19,4.6,Ban Krariang Tung Phrao,น้ำแม่สรวย,วาวี,แม่สรวย,เชียงราย
2022-04-19,3.1,Ban Lai Kaeo,น้ำแม่ลี้,ศรีเตี้ย,บ้านโฮ่ง,ลำพูน
2022-04-19,6.6,Ban Luang,น้ำแม่ตื่น,ยางเปียง,อมก๋อย,เชียงใหม่
2022-04-19,7.6,Ban Luang Nuea,น้ำงาว,หลวงใต้,งาว,ลำปาง
2022-04-19,6.7,Ban Mae E Hi,น้ำแม่ลี้,ศรีวิชัย,ลี้,ลำพูน
2022-04-19,6.5,Ban Mae Khom Mi Tamnak Tham,น้ำแม่คำมี,ตำหนักธรรม,หนองม่วงไข่,แพร่
2022-04-19,5.9,Ban Mae Lai,น้ำแม่หล่าย,แม่หล่าย,เมือง,แพร่
2022-04-19,1.7,Ban Mae Tae,แม่น้ำปิง,แม่แฝกเก่า,สันทราย,เชียงใหม่
2022-04-19,2.5,Ban Mae Taeng,แม่น้ำแตง,สันมหาพล,แม่แตง,เชียงใหม่
2022-04-19,3.7,Ban Mae Wan,น้ำแม่กวง,ป่าเมี่ยง,ดอยสะเก็ด,เชียงใหม่
2022-04-19,6.1,Ban Mai Rim Fang,น้ำฝาง,เวียงฝาง,ฝาง,เชียงใหม่
2022-04-19,7.2,Ban Mang,น้ำปี้,มาง,เชียงม่วน,พะเยา
2022-04-19,5.7,Ban Muang Pok,น้ำแม่แตง,เปียงหลวง,เวียงแหง,เชียงใหม่
2022-04-19,4.4,Ban Mueang Kuet,น้ำแม่แตง,กึ๊ดช้าง,แม่แตง,เชียงใหม่
2022-04-19,2.5,Ban Mueang Mai,ห้วยแม่ต๋า,เมืองมาย,แจ้ห่ม,ลำปาง
2022-04-19,4.4,Ban Mueang Pha,น้ำแม่ริม,ริมเหนือ,แม่ริม,เชียงใหม่
2022-04-19,9,Ban Nam Khong,แม่น้ำยม,ป่าแมต,เมือง,แพร่
2022-04-19,5.8,Ban Nam Yao,น้ำยาว,อวน,ปัว,น่าน
2022-04-19,1.6,Ban Nong Naw,น้ำแม่สอย,แจ้ห่ม,แจ้ห่ม,ลำปาง
2022-04-19,3.6,Ban Nong Pham,น้ำแม่ลาว,แม่สรวย,แม่สรวย,เชียงราย
2022-04-19,7,Ban Pa Kha,น้ำควร,ควร,ปง,พะเยา
2022-04-19,7.8,Ban Pa Khoi Tai,แม่น้ำปิง,สันผีเสื้อ,เมือง,เชียงใหม่
2022-04-19,4.7,Ban Pa Sang,น้ำแม่ทา,ป่าซาง,ป่าซาง,ลำพูน
2022-04-19,5.6,Ban Pang Sa,ห้วยน้ำยาว,ผาทอง,ท่าวังผา,น่าน
2022-04-19,10.2,Ban Pha Khwang,แม่น้ำน่าน,บ่อ,เมือง,น่าน
2022-04-19,6.4,Ban Phai Ngarm,แม่น้ำน่าน,ส้าน,เวียงสา,น่าน
2022-04-19,4.7,Ban Phan Ton,น้ำแม่วาง,ทุ่งปี้,แม่วาง,เชียงใหม่
2022-04-19,4.7,Ban Phi Tai,น้ำปี้,บ้านพี้,บ้านหลวง,น่าน
2022-04-19,7.5,Ban Pong,น้ำแม่กวง,บวกค้าง,สันกำแพง,เชียงใหม่
2022-04-19,8.9,Ban Pong,น้ำแม่กวง,บวกค้าง,สันกำแพง,เชียงใหม่
2022-04-19,4.96,Ban Pong,ห้วยโป่ง,บ้านโป่ง,งาว,ลำปาง
2022-04-19,5.3,Ban Rong Kho,แม่น้ำวัง,ร่องเคาะ,วังเหนือ,ลำปาง
2022-04-19,3.1,Ban Saluang Nok,น้ำแม่ริม,สลวง,แม่ริม,เชียงใหม่
2022-04-19,6,Ban San Pu Loei,น้ำแม่ขอด,โหล่งขอด,พร้าว,เชียงใหม่
2022-04-19,7.3,Ban Singpotin,น้ำแม่ลาย,ป่าเมี่ยง,ดอยสะเก็ด,เชียงใหม่
2022-04-19,9.7,Ban Sob Soi,แม่น้ำปิง,แม่สอย,จอมทอง,เชียงใหม่
2022-04-19,5.2,Ban Sop Mae Sapoot,แม่น้ำแม่ทา,ทาสบเส้า,แม่ทา,ลำพูน
2022-04-19,7.6,Ban Sop Pae,แม่น้ำปิง,สบแปะ,จอมทอง,เชียงใหม่
2022-04-19,5.7,Ban Sop Prap,แม่น้ำวัง,สบปราบ,สบปราบ,ลำปาง
2022-04-19,5.9,Ban Sop Tam,น้ำแม่ต่ำ,เกาะคา,เกาะคา,ลำปาง
2022-04-19,4.5,Ban Sop Win,น้ำแม่วาง,แม่วิน,แม่วาง,เชียงใหม่
2022-04-19,8.2,Ban Tha Duea,แม่น้ำวัง,พิชัย,เมือง,ลำปาง
2022-04-19,5.3,Ban Tha Lo,น้ำแม่ตุ๋ย,บ่อแฮ้ว,เมือง,ลำปาง
2022-04-19,4,Ban Tha Pong Daeng,น้ำปาย,ผาบ่อง,เมือง,แม่ฮ่องสอน
2022-04-19,12.5,Ban Thung Nong,แม่น้ำยม,สระ,เชียงม่วน,พะเยา
2022-04-19,4.1,Ban Ton Yang,น้ำแม่ลาว,บัวสลี,แม่ลาว,เชียงราย
2022-04-19,12.9,Ban Wang Chin,แม่น้ำยม,วังชิ้น,วังชิ้น,แพร่
2022-04-19,4.7,Chedingam,น้ำอิง,ท่าวังทอง,เมือง,พะเยา
2022-04-19,6.8,In front of the Forestry Office,แม่น้ำน่าน,ในเวียง,เมือง,น่าน
2022-04-19,5.4,Mae Kham Lak Chet,น้ำแม่คำ,ศรีค้ำ,แม่จัน,เชียงราย
2022-04-19,2.4,Nam Mae Chaem,น้ำแม่แจ่ม,บ้านท่าข้าม,จอมทอง,เชียงใหม่
2022-04-19,5,Nawarat Bridge,แม่น้ำปิง,วัดเกต,เมือง,เชียงใหม่
2022-04-19,5,Nawarat Bridge,แม่น้ำปิง,วัดเกต,เมือง,เชียงใหม่
2022-04-19,4.4,Pracha Uthit Bridge,น้ำแม่กลาง,บ้านหลวง,จอมทอง,เชียงใหม่
2022-04-19,5.6,Romklao Cooperative House,น้ำแม่งัด,แม่แวน,พร้าว,เชียงใหม่
2022-04-19,4.3,Saphan Ban Khay,น้ำฝาง,แม่นาวาง,แม่อาย,เชียงใหม่
2022-04-19,5.6,Setuwaree Bridge,แม้น้ำวัง,เวียงเหนือ,เมือง,ลำปาง
2022-04-19,12.3,Tha Li Bridge,น้ำว้า,ขึ่ง,เวียงสา,น่าน
2022-04-19,8.1,Tha Nang Bridge,น้ำแม่กวง,ในเมือง,เมือง,ลำพูน
2022-04-19,3.5,Wang Phrao,น้ำแม่จาง,วังพร้าว,เกาะคา,ลำปาง
2022-04-20,2.8,Ban Chiang Dao,แม่น้ำปิง,เชียงดาว,เชียงดาว,เชียงใหม่
2022-04-20,3.4,Ban Chor Lae,แม่น้ำปิง,ช่อแล,แม่แตง,เชียงใหม่
2022-04-20,4.3,Ban Don Chai,แม่น้ำวัง,ล้อมแรด,เถิน,ลำปาง
2022-04-20,5.8,Ban Don Mun,แม่น้ำวัง,บ้านแลง,เมือง,ลำปาง
2022-04-20,4.9,Ban Don Sali,น้ำแม่ลาว,ป่าแดด,แม่สรวย,เชียงราย
2022-04-20,6.4,Ban Hai,แม่น้ำวัง,ปงดอน,แจ้ห่ม,ลำปาง
2022-04-20,4,Ban Hong,น้ำแม่ออน,ร้องวัวแดง,สันกำแพง,เชียงใหม่
2022-04-20,2.8,Ban Hua Sapan,น้ำแม่จัน,ป่าซาง,แม่จัน,เชียงราย
2022-04-20,5.4,Ban Huai Pa Sang,น้ำแม่แตง,กึ๊ดช้าง,แม่แตง,เชียงใหม่
2022-04-20,10.5,Ban Huai Sak,แม่น้ำยม,เตาปูน,สอง,แพร่
2022-04-20,7,Ban Klang,น้ำแม่ขาน,บ้านกลาง,สันป่าตอง,เชียงใหม่
2022-04-20,3.3,Ban Ko Kha,แม่น้ำวัง,ศาลา,เกาะคา,ลำปาง
2022-04-20,4.6,Ban Krariang Tung Phrao,น้ำแม่สรวย,วาวี,แม่สรวย,เชียงราย
2022-04-20,3.1,Ban Lai Kaeo,น้ำแม่ลี้,ศรีเตี้ย,บ้านโฮ่ง,ลำพูน
2022-04-20,6.7,Ban Luang,น้ำแม่ตื่น,ยางเปียง,อมก๋อย,เชียงใหม่
2022-04-20,7.7,Ban Luang Nuea,น้ำงาว,หลวงใต้,งาว,ลำปาง
2022-04-20,6.6,Ban Mae E Hi,น้ำแม่ลี้,ศรีวิชัย,ลี้,ลำพูน
2022-04-20,5,Ban Mae Kha Bridge,น้ำฝาง,แม่ข่า,ฝาง,เชียงใหม่
2022-04-20,6.5,Ban Mae Khom Mi Tamnak Tham,น้ำแม่คำมี,ตำหนักธรรม,หนองม่วงไข่,แพร่
2022-04-20,6,Ban Mae Lai,น้ำแม่หล่าย,แม่หล่าย,เมือง,แพร่
2022-04-20,1.8,Ban Mae Tae,แม่น้ำปิง,แม่แฝกเก่า,สันทราย,เชียงใหม่
2022-04-20,3,Ban Mae Taeng,แม่น้ำแตง,สันมหาพล,แม่แตง,เชียงใหม่
2022-04-20,3.7,Ban Mae Wan,น้ำแม่กวง,ป่าเมี่ยง,ดอยสะเก็ด,เชียงใหม่
2022-04-20,5.4,Ban Mai Rim Fang,น้ำฝาง,เวียงฝาง,ฝาง,เชียงใหม่
2022-04-20,7.2,Ban Mang,น้ำปี้,มาง,เชียงม่วน,พะเยา
2022-04-20,5.9,Ban Muang Pok,น้ำแม่แตง,เปียงหลวง,เวียงแหง,เชียงใหม่
2022-04-20,4.4,Ban Mueang Kuet,น้ำแม่แตง,กึ๊ดช้าง,แม่แตง,เชียงใหม่
2022-04-20,2.6,Ban Mueang Mai,ห้วยแม่ต๋า,เมืองมาย,แจ้ห่ม,ลำปาง
2022-04-20,4.7,Ban Mueang Pha,น้ำแม่ริม,ริมเหนือ,แม่ริม,เชียงใหม่
2022-04-20,9.9,Ban Nam Khong,แม่น้ำยม,ป่าแมต,เมือง,แพร่
2022-04-20,5.8,Ban Nam Yao,น้ำยาว,อวน,ปัว,น่าน
2022-04-20,1.8,Ban Nong Naw,น้ำแม่สอย,แจ้ห่ม,แจ้ห่ม,ลำปาง
2022-04-20,3.8,Ban Nong Pham,น้ำแม่ลาว,แม่สรวย,แม่สรวย,เชียงราย
2022-04-20,7,Ban Pa Kha,น้ำควร,ควร,ปง,พะเยา
2022-04-20,7.9,Ban Pa Khoi Tai,แม่น้ำปิง,สันผีเสื้อ,เมือง,เชียงใหม่
2022-04-20,4.7,Ban Pa Sang,น้ำแม่ทา,ป่าซาง,ป่าซาง,ลำพูน
2022-04-20,5.5,Ban Pang Sa,ห้วยน้ำยาว,ผาทอง,ท่าวังผา,น่าน
2022-04-20,10.2,Ban Pha Khwang,แม่น้ำน่าน,บ่อ,เมือง,น่าน
2022-04-20,6.5,Ban Phai Ngarm,แม่น้ำน่าน,ส้าน,เวียงสา,น่าน
2022-04-20,4.5,Ban Phan Ton,น้ำแม่วาง,ทุ่งปี้,แม่วาง,เชียงใหม่
2022-04-20,4.8,Ban Phi Tai,น้ำปี้,บ้านพี้,บ้านหลวง,น่าน
2022-04-20,7.7,Ban Pong,น้ำแม่กวง,บวกค้าง,สันกำแพง,เชียงใหม่
2022-04-20,8.9,Ban Pong,น้ำแม่กวง,บวกค้าง,สันกำแพง,เชียงใหม่
2022-04-20,4.963333333,Ban Pong,ห้วยโป่ง,บ้านโป่ง,งาว,ลำปาง
2022-04-20,4.8,Ban Rong Kho,แม่น้ำวัง,ร่องเคาะ,วังเหนือ,ลำปาง
2022-04-20,3.3,Ban Saluang Nok,น้ำแม่ริม,สลวง,แม่ริม,เชียงใหม่
2022-04-20,6.1,Ban San Pu Loei,น้ำแม่ขอด,โหล่งขอด,พร้าว,เชียงใหม่
2022-04-20,7.2,Ban Singpotin,น้ำแม่ลาย,ป่าเมี่ยง,ดอยสะเก็ด,เชียงใหม่
2022-04-20,10,Ban Sob Soi,แม่น้ำปิง,แม่สอย,จอมทอง,เชียงใหม่
2022-04-20,5.2,Ban Sop Mae Sapoot,แม่น้ำแม่ทา,ทาสบเส้า,แม่ทา,ลำพูน
2022-04-20,7.7,Ban Sop Pae,แม่น้ำปิง,สบแปะ,จอมทอง,เชียงใหม่
2022-04-20,5.7,Ban Sop Prap,แม่น้ำวัง,สบปราบ,สบปราบ,ลำปาง
2022-04-20,5.9,Ban Sop Tam,น้ำแม่ต่ำ,เกาะคา,เกาะคา,ลำปาง
2022-04-20,4.5,Ban Sop Win,น้ำแม่วาง,แม่วิน,แม่วาง,เชียงใหม่
2022-04-20,8.5,Ban Tha Duea,แม่น้ำวัง,พิชัย,เมือง,ลำปาง
2022-04-20,5.3,Ban Tha Lo,น้ำแม่ตุ๋ย,บ่อแฮ้ว,เมือง,ลำปาง
2022-04-20,4.1,Ban Tha Pong Daeng,น้ำปาย,ผาบ่อง,เมือง,แม่ฮ่องสอน
2022-04-20,12.5,Ban Thung Nong,แม่น้ำยม,สระ,เชียงม่วน,พะเยา
2022-04-20,4,Ban Ton Yang,น้ำแม่ลาว,บัวสลี,แม่ลาว,เชียงราย
2022-04-20,12.9,Ban Wang Chin,แม่น้ำยม,วังชิ้น,วังชิ้น,แพร่
2022-04-20,4.3,Chedingam,น้ำอิง,ท่าวังทอง,เมือง,พะเยา
2022-04-20,6.9,In front of the Forestry Office,แม่น้ำน่าน,ในเวียง,เมือง,น่าน
2022-04-20,5.5,Mae Kham Lak Chet,น้ำแม่คำ,ศรีค้ำ,แม่จัน,เชียงราย
2022-04-20,2.4,Nam Mae Chaem,น้ำแม่แจ่ม,บ้านท่าข้าม,จอมทอง,เชียงใหม่
2022-04-20,5.2,Nawarat Bridge,แม่น้ำปิง,วัดเกต,เมือง,เชียงใหม่
2022-04-20,5.2,Nawarat Bridge,แม่น้ำปิง,วัดเกต,เมือง,เชียงใหม่
2022-04-20,4.5,Pracha Uthit Bridge,น้ำแม่กลาง,บ้านหลวง,จอมทอง,เชียงใหม่
2022-04-20,5.6,Romklao Cooperative House,น้ำแม่งัด,แม่แวน,พร้าว,เชียงใหม่
2022-04-20,4.7,Saphan Ban Khay,น้ำฝาง,แม่นาวาง,แม่อาย,เชียงใหม่
2022-04-20,5.8,Setuwaree Bridge,แม้น้ำวัง,เวียงเหนือ,เมือง,ลำปาง
2022-04-20,12.3,Tha Li Bridge,น้ำว้า,ขึ่ง,เวียงสา,น่าน
2022-04-20,8.2,Tha Nang Bridge,น้ำแม่กวง,ในเมือง,เมือง,ลำพูน
2022-04-20,3.5,Wang Phrao,น้ำแม่จาง,วังพร้าว,เกาะคา,ลำปาง
2022-04-21,2.8,Ban Chiang Dao,แม่น้ำปิง,เชียงดาว,เชียงดาว,เชียงใหม่
2022-04-21,3.4,Ban Chor Lae,แม่น้ำปิง,ช่อแล,แม่แตง,เชียงใหม่
2022-04-21,4.3,Ban Don Chai,แม่น้ำวัง,ล้อมแรด,เถิน,ลำปาง
2022-04-21,5.8,Ban Don Mun,แม่น้ำวัง,บ้านแลง,เมือง,ลำปาง
2022-04-21,4.9,Ban Don Sali,น้ำแม่ลาว,ป่าแดด,แม่สรวย,เชียงราย
2022-04-21,6.3,Ban Hai,แม่น้ำวัง,ปงดอน,แจ้ห่ม,ลำปาง
2022-04-21,4,Ban Hong,น้ำแม่ออน,ร้องวัวแดง,สันกำแพง,เชียงใหม่
2022-04-21,2.9,Ban Hua Sapan,น้ำแม่จัน,ป่าซาง,แม่จัน,เชียงราย
2022-04-21,5.5,Ban Huai Pa Sang,น้ำแม่แตง,กึ๊ดช้าง,แม่แตง,เชียงใหม่
2022-04-21,9.5,Ban Huai Sak,แม่น้ำยม,เตาปูน,สอง,แพร่
2022-04-21,6.7,Ban Klang,น้ำแม่ขาน,บ้านกลาง,สันป่าตอง,เชียงใหม่
2022-04-21,3.4,Ban Ko Kha,แม่น้ำวัง,ศาลา,เกาะคา,ลำปาง
2022-04-21,4.5,Ban Krariang Tung Phrao,น้ำแม่สรวย,วาวี,แม่สรวย,เชียงราย
2022-04-21,3.1,Ban Lai Kaeo,น้ำแม่ลี้,ศรีเตี้ย,บ้านโฮ่ง,ลำพูน
2022-04-21,6.6,Ban Luang,น้ำแม่ตื่น,ยางเปียง,อมก๋อย,เชียงใหม่
2022-04-21,7.7,Ban Luang Nuea,น้ำงาว,หลวงใต้,งาว,ลำปาง
2022-04-21,6.6,Ban Mae E Hi,น้ำแม่ลี้,ศรีวิชัย,ลี้,ลำพูน
2022-04-21,6.5,Ban Mae Khom Mi Tamnak Tham,น้ำแม่คำมี,ตำหนักธรรม,หนองม่วงไข่,แพร่
2022-04-21,5.9,Ban Mae Lai,น้ำแม่หล่าย,แม่หล่าย,เมือง,แพร่
2022-04-21,1.8,Ban Mae Tae,แม่น้ำปิง,แม่แฝกเก่า,สันทราย,เชียงใหม่
2022-04-21,2.5,Ban Mae Taeng,แม่น้ำแตง,สันมหาพล,แม่แตง,เชียงใหม่
2022-04-21,3.7,Ban Mae Wan,น้ำแม่กวง,ป่าเมี่ยง,ดอยสะเก็ด,เชียงใหม่
2022-04-21,5.6,Ban Mai Rim Fang,น้ำฝาง,เวียงฝาง,ฝาง,เชียงใหม่
2022-04-21,7.2,Ban Mang,น้ำปี้,มาง,เชียงม่วน,พะเยา
2022-04-21,5.7,Ban Muang Pok,น้ำแม่แตง,เปียงหลวง,เวียงแหง,เชียงใหม่
2022-04-21,4.5,Ban Mueang Kuet,น้ำแม่แตง,กึ๊ดช้าง,แม่แตง,เชียงใหม่
2022-04-21,2.6,Ban Mueang Mai,ห้วยแม่ต๋า,เมืองมาย,แจ้ห่ม,ลำปาง
2022-04-21,4.5,Ban Mueang Pha,น้ำแม่ริม,ริมเหนือ,แม่ริม,เชียงใหม่
2022-04-21,9.5,Ban Nam Khong,แม่น้ำยม,ป่าแมต,เมือง,แพร่
2022-04-21,5.9,Ban Nam Yao,น้ำยาว,อวน,ปัว,น่าน
2022-04-21,1.8,Ban Nong Naw,น้ำแม่สอย,แจ้ห่ม,แจ้ห่ม,ลำปาง
2022-04-21,3.8,Ban Nong Pham,น้ำแม่ลาว,แม่สรวย,แม่สรวย,เชียงราย
2022-04-21,7,Ban Pa Kha,น้ำควร,ควร,ปง,พะเยา
2022-04-21,7.9,Ban Pa Khoi Tai,แม่น้ำปิง,สันผีเสื้อ,เมือง,เชียงใหม่
2022-04-21,4.7,Ban Pa Sang,น้ำแม่ทา,ป่าซาง,ป่าซาง,ลำพูน
2022-04-21,5.7,Ban Pang Sa,ห้วยน้ำยาว,ผาทอง,ท่าวังผา,น่าน
2022-04-21,10.3,Ban Pha Khwang,แม่น้ำน่าน,บ่อ,เมือง,น่าน
2022-04-21,6.5,Ban Phai Ngarm,แม่น้ำน่าน,ส้าน,เวียงสา,น่าน
2022-04-21,4.3,Ban Phan Ton,น้ำแม่วาง,ทุ่งปี้,แม่วาง,เชียงใหม่
2022-04-21,4.8,Ban Phi Tai,น้ำปี้,บ้านพี้,บ้านหลวง,น่าน
2022-04-21,7.5,Ban Pong,น้ำแม่กวง,บวกค้าง,สันกำแพง,เชียงใหม่
2022-04-21,8.9,Ban Pong,น้ำแม่กวง,บวกค้าง,สันกำแพง,เชียงใหม่
2022-04-21,4.9825,Ban Pong,ห้วยโป่ง,บ้านโป่ง,งาว,ลำปาง
2022-04-21,4.4,Ban Rong Kho,แม่น้ำวัง,ร่องเคาะ,วังเหนือ,ลำปาง
2022-04-21,3.2,Ban Saluang Nok,น้ำแม่ริม,สลวง,แม่ริม,เชียงใหม่
2022-04-21,6.1,Ban San Pu Loei,น้ำแม่ขอด,โหล่งขอด,พร้าว,เชียงใหม่
2022-04-21,7.2,Ban Singpotin,น้ำแม่ลาย,ป่าเมี่ยง,ดอยสะเก็ด,เชียงใหม่
2022-04-21,9.7,Ban Sob Soi,แม่น้ำปิง,แม่สอย,จอมทอง,เชียงใหม่
2022-04-21,5.2,Ban Sop Mae Sapoot,แม่น้ำแม่ทา,ทาสบเส้า,แม่ทา,ลำพูน
2022-04-21,8.2,Ban Sop Pae,แม่น้ำปิง,สบแปะ,จอมทอง,เชียงใหม่
2022-04-21,5.7,Ban Sop Prap,แม่น้ำวัง,สบปราบ,สบปราบ,ลำปาง
2022-04-21,6,Ban Sop Tam,น้ำแม่ต่ำ,เกาะคา,เกาะคา,ลำปาง
2022-04-21,4.4,Ban Sop Win,น้ำแม่วาง,แม่วิน,แม่วาง,เชียงใหม่
2022-04-21,8.6,Ban Tha Duea,แม่น้ำวัง,พิชัย,เมือง,ลำปาง
2022-04-21,5.6,Ban Tha Lo,น้ำแม่ตุ๋ย,บ่อแฮ้ว,เมือง,ลำปาง
2022-04-21,3.9,Ban Tha Pong Daeng,น้ำปาย,ผาบ่อง,เมือง,แม่ฮ่องสอน
2022-04-21,12.1,Ban Thung Nong,แม่น้ำยม,สระ,เชียงม่วน,พะเยา
2022-04-21,4.1,Ban Ton Yang,น้ำแม่ลาว,บัวสลี,แม่ลาว,เชียงราย
2022-04-21,13.3,Ban Wang Chin,แม่น้ำยม,วังชิ้น,วังชิ้น,แพร่
2022-04-21,4.3,Chedingam,น้ำอิง,ท่าวังทอง,เมือง,พะเยา
2022-04-21,6.9,In front of the Forestry Office,แม่น้ำน่าน,ในเวียง,เมือง,น่าน
2022-04-21,5.5,Mae Kham Lak Chet,น้ำแม่คำ,ศรีค้ำ,แม่จัน,เชียงราย
2022-04-21,2.9,Nam Mae Chaem,น้ำแม่แจ่ม,บ้านท่าข้าม,จอมทอง,เชียงใหม่
2022-04-21,5.2,Nawarat Bridge,แม่น้ำปิง,วัดเกต,เมือง,เชียงใหม่
2022-04-21,5.2,Nawarat Bridge,แม่น้ำปิง,วัดเกต,เมือง,เชียงใหม่
2022-04-21,4.4,Pracha Uthit Bridge,น้ำแม่กลาง,บ้านหลวง,จอมทอง,เชียงใหม่
2022-04-21,5.6,Romklao Cooperative House,น้ำแม่งัด,แม่แวน,พร้าว,เชียงใหม่
2022-04-21,4.7,Saphan Ban Khay,น้ำฝาง,แม่นาวาง,แม่อาย,เชียงใหม่
2022-04-21,5.8,Setuwaree Bridge,แม้น้ำวัง,เวียงเหนือ,เมือง,ลำปาง
2022-04-21,12.4,Tha Li Bridge,น้ำว้า,ขึ่ง,เวียงสา,น่าน
2022-04-21,7.8,Tha Nang Bridge,น้ำแม่กวง,ในเมือง,เมือง,ลำพูน
2022-04-21,3.5,Wang Phrao,น้ำแม่จาง,วังพร้าว,เกาะคา,ลำปาง
2022-04-22,2.8,Ban Chiang Dao,แม่น้ำปิง,เชียงดาว,เชียงดาว,เชียงใหม่
2022-04-22,3.4,Ban Chor Lae,แม่น้ำปิง,ช่อแล,แม่แตง,เชียงใหม่
2022-04-22,4.3,Ban Don Chai,แม่น้ำวัง,ล้อมแรด,เถิน,ลำปาง
2022-04-22,5.8,Ban Don Mun,แม่น้ำวัง,บ้านแลง,เมือง,ลำปาง
2022-04-22,4.9,Ban Don Sali,น้ำแม่ลาว,ป่าแดด,แม่สรวย,เชียงราย
2022-04-22,5.2,Ban Hai,แม่น้ำวัง,ปงดอน,แจ้ห่ม,ลำปาง
2022-04-22,4,Ban Hong,น้ำแม่ออน,ร้องวัวแดง,สันกำแพง,เชียงใหม่
2022-04-22,2.8,Ban Hua Sapan,น้ำแม่จัน,ป่าซาง,แม่จัน,เชียงราย
2022-04-22,5.4,Ban Huai Pa Sang,น้ำแม่แตง,กึ๊ดช้าง,แม่แตง,เชียงใหม่
2022-04-22,9.2,Ban Huai Sak,แม่น้ำยม,เตาปูน,สอง,แพร่
2022-04-22,6.5,Ban Klang,น้ำแม่ขาน,บ้านกลาง,สันป่าตอง,เชียงใหม่
2022-04-22,3.4,Ban Ko Kha,แม่น้ำวัง,ศาลา,เกาะคา,ลำปาง
2022-04-22,4.5,Ban Krariang Tung Phrao,น้ำแม่สรวย,วาวี,แม่สรวย,เชียงราย
2022-04-22,3.1,Ban Lai Kaeo,น้ำแม่ลี้,ศรีเตี้ย,บ้านโฮ่ง,ลำพูน
2022-04-22,6.6,Ban Luang,น้ำแม่ตื่น,ยางเปียง,อมก๋อย,เชียงใหม่
2022-04-22,7.7,Ban Luang Nuea,น้ำงาว,หลวงใต้,งาว,ลำปาง
2022-04-22,6.6,Ban Mae E Hi,น้ำแม่ลี้,ศรีวิชัย,ลี้,ลำพูน
2022-04-22,5.1,Ban Mae Kha Bridge,น้ำฝาง,แม่ข่า,ฝาง,เชียงใหม่
2022-04-22,6.5,Ban Mae Khom Mi Tamnak Tham,น้ำแม่คำมี,ตำหนักธรรม,หนองม่วงไข่,แพร่
2022-04-22,5.9,Ban Mae Lai,น้ำแม่หล่าย,แม่หล่าย,เมือง,แพร่
2022-04-22,2,Ban Mae Tae,แม่น้ำปิง,แม่แฝกเก่า,สันทราย,เชียงใหม่
2022-04-22,2.5,Ban Mae Taeng,แม่น้ำแตง,สันมหาพล,แม่แตง,เชียงใหม่
2022-04-22,3.7,Ban Mae Wan,น้ำแม่กวง,ป่าเมี่ยง,ดอยสะเก็ด,เชียงใหม่
2022-04-22,5.8,Ban Mai Rim Fang,น้ำฝาง,เวียงฝาง,ฝาง,เชียงใหม่
2022-04-22,7.2,Ban Mang,น้ำปี้,มาง,เชียงม่วน,พะเยา
2022-04-22,5.7,Ban Muang Pok,น้ำแม่แตง,เปียงหลวง,เวียงแหง,เชียงใหม่
2022-04-22,4.3,Ban Mueang Kuet,น้ำแม่แตง,กึ๊ดช้าง,แม่แตง,เชียงใหม่
2022-04-22,2.6,Ban Mueang Mai,ห้วยแม่ต๋า,เมืองมาย,แจ้ห่ม,ลำปาง
2022-04-22,4.5,Ban Mueang Pha,น้ำแม่ริม,ริมเหนือ,แม่ริม,เชียงใหม่
2022-04-22,9.4,Ban Nam Khong,แม่น้ำยม,ป่าแมต,เมือง,แพร่
2022-04-22,5.9,Ban Nam Yao,น้ำยาว,อวน,ปัว,น่าน
2022-04-22,1.7,Ban Nong Naw,น้ำแม่สอย,แจ้ห่ม,แจ้ห่ม,ลำปาง
2022-04-22,4,Ban Nong Pham,น้ำแม่ลาว,แม่สรวย,แม่สรวย,เชียงราย
2022-04-22,7,Ban Pa Kha,น้ำควร,ควร,ปง,พะเยา
2022-04-22,8,Ban Pa Khoi Tai,แม่น้ำปิง,สันผีเสื้อ,เมือง,เชียงใหม่
2022-04-22,4.7,Ban Pa Sang,น้ำแม่ทา,ป่าซาง,ป่าซาง,ลำพูน
2022-04-22,5.7,Ban Pang Sa,ห้วยน้ำยาว,ผาทอง,ท่าวังผา,น่าน
2022-04-22,10.4,Ban Pha Khwang,แม่น้ำน่าน,บ่อ,เมือง,น่าน
2022-04-22,6.6,Ban Phai Ngarm,แม่น้ำน่าน,ส้าน,เวียงสา,น่าน
2022-04-22,4.3,Ban Phan Ton,น้ำแม่วาง,ทุ่งปี้,แม่วาง,เชียงใหม่
2022-04-22,4.8,Ban Phi Tai,น้ำปี้,บ้านพี้,บ้านหลวง,น่าน
2022-04-22,7.4,Ban Pong,น้ำแม่กวง,บวกค้าง,สันกำแพง,เชียงใหม่
2022-04-22,8.9,Ban Pong,น้ำแม่กวง,บวกค้าง,สันกำแพง,เชียงใหม่
2022-04-22,4.986666667,Ban Pong,ห้วยโป่ง,บ้านโป่ง,งาว,ลำปาง
2022-04-22,4.3,Ban Rong Kho,แม่น้ำวัง,ร่องเคาะ,วังเหนือ,ลำปาง
2022-04-22,3.1,Ban Saluang Nok,น้ำแม่ริม,สลวง,แม่ริม,เชียงใหม่
2022-04-22,6.1,Ban San Pu Loei,น้ำแม่ขอด,โหล่งขอด,พร้าว,เชียงใหม่
2022-04-22,7.2,Ban Singpotin,น้ำแม่ลาย,ป่าเมี่ยง,ดอยสะเก็ด,เชียงใหม่
2022-04-22,9.7,Ban Sob Soi,แม่น้ำปิง,แม่สอย,จอมทอง,เชียงใหม่
2022-04-22,5.2,Ban Sop Mae Sapoot,แม่น้ำแม่ทา,ทาสบเส้า,แม่ทา,ลำพูน
2022-04-22,8.2,Ban Sop Pae,แม่น้ำปิง,สบแปะ,จอมทอง,เชียงใหม่
2022-04-22,5.8,Ban Sop Prap,แม่น้ำวัง,สบปราบ,สบปราบ,ลำปาง
2022-04-22,6,Ban Sop Tam,น้ำแม่ต่ำ,เกาะคา,เกาะคา,ลำปาง
2022-04-22,4.4,Ban Sop Win,น้ำแม่วาง,แม่วิน,แม่วาง,เชียงใหม่
2022-04-22,8.4,Ban Tha Duea,แม่น้ำวัง,พิชัย,เมือง,ลำปาง
2022-04-22,5.8,Ban Tha Lo,น้ำแม่ตุ๋ย,บ่อแฮ้ว,เมือง,ลำปาง
2022-04-22,3.8,Ban Tha Pong Daeng,น้ำปาย,ผาบ่อง,เมือง,แม่ฮ่องสอน
2022-04-22,12.2,Ban Thung Nong,แม่น้ำยม,สระ,เชียงม่วน,พะเยา
2022-04-22,4.1,Ban Ton Yang,น้ำแม่ลาว,บัวสลี,แม่ลาว,เชียงราย
2022-04-22,13.6,Ban Wang Chin,แม่น้ำยม,วังชิ้น,วังชิ้น,แพร่
2022-04-22,4.4,Chedingam,น้ำอิง,ท่าวังทอง,เมือง,พะเยา
2022-04-22,7,In front of the Forestry Office,แม่น้ำน่าน,ในเวียง,เมือง,น่าน
2022-04-22,5.4,Mae Kham Lak Chet,น้ำแม่คำ,ศรีค้ำ,แม่จัน,เชียงราย
2022-04-22,2.9,Nam Mae Chaem,น้ำแม่แจ่ม,บ้านท่าข้าม,จอมทอง,เชียงใหม่
2022-04-22,5.2,Nawarat Bridge,แม่น้ำปิง,วัดเกต,เมือง,เชียงใหม่
2022-04-22,5.2,Nawarat Bridge,แม่น้ำปิง,วัดเกต,เมือง,เชียงใหม่
2022-04-22,4.4,Pracha Uthit Bridge,น้ำแม่กลาง,บ้านหลวง,จอมทอง,เชียงใหม่
2022-04-22,6,Romklao Cooperative House,น้ำแม่งัด,แม่แวน,พร้าว,เชียงใหม่
2022-04-22,4.9,Saphan Ban Khay,น้ำฝาง,แม่นาวาง,แม่อาย,เชียงใหม่
2022-04-22,5.6,Setuwaree Bridge,แม้น้ำวัง,เวียงเหนือ,เมือง,ลำปาง
2022-04-22,12.5,Tha Li Bridge,น้ำว้า,ขึ่ง,เวียงสา,น่าน
2022-04-22,7.6,Tha Nang Bridge,น้ำแม่กวง,ในเมือง,เมือง,ลำพูน
2022-04-22,3.5,Wang Phrao,น้ำแม่จาง,วังพร้าว,เกาะคา,ลำปาง
2022-04-23,2.8,Ban Chiang Dao,แม่น้ำปิง,เชียงดาว,เชียงดาว,เชียงใหม่
2022-04-23,3.4,Ban Chor Lae,แม่น้ำปิง,ช่อแล,แม่แตง,เชียงใหม่
2022-04-23,4.5,Ban Don Chai,แม่น้ำวัง,ล้อมแรด,เถิน,ลำปาง
2022-04-23,5.8,Ban Don Mun,แม่น้ำวัง,บ้านแลง,เมือง,ลำปาง
2022-04-23,4.7,Ban Don Sali,น้ำแม่ลาว,ป่าแดด,แม่สรวย,เชียงราย
2022-04-23,5.1,Ban Hai,แม่น้ำวัง,ปงดอน,แจ้ห่ม,ลำปาง
2022-04-23,4,Ban Hong,น้ำแม่ออน,ร้องวัวแดง,สันกำแพง,เชียงใหม่
2022-04-23,2.7,Ban Hua Sapan,น้ำแม่จัน,ป่าซาง,แม่จัน,เชียงราย
2022-04-23,5.2,Ban Huai Pa Sang,น้ำแม่แตง,กึ๊ดช้าง,แม่แตง,เชียงใหม่
2022-04-23,9.3,Ban Huai Sak,แม่น้ำยม,เตาปูน,สอง,แพร่
2022-04-23,6.3,Ban Klang,น้ำแม่ขาน,บ้านกลาง,สันป่าตอง,เชียงใหม่
2022-04-23,3.3,Ban Ko Kha,แม่น้ำวัง,ศาลา,เกาะคา,ลำปาง
2022-04-23,4.5,Ban Krariang Tung Phrao,น้ำแม่สรวย,วาวี,แม่สรวย,เชียงราย
2022-04-23,3.1,Ban Lai Kaeo,น้ำแม่ลี้,ศรีเตี้ย,บ้านโฮ่ง,ลำพูน
2022-04-23,6.6,Ban Luang,น้ำแม่ตื่น,ยางเปียง,อมก๋อย,เชียงใหม่
2022-04-23,7.7,Ban Luang Nuea,น้ำงาว,หลวงใต้,งาว,ลำปาง
2022-04-23,6.6,Ban Mae E Hi,น้ำแม่ลี้,ศรีวิชัย,ลี้,ลำพูน
2022-04-23,5,Ban Mae Kha Bridge,น้ำฝาง,แม่ข่า,ฝาง,เชียงใหม่
2022-04-23,6.5,Ban Mae Khom Mi Tamnak Tham,น้ำแม่คำมี,ตำหนักธรรม,หนองม่วงไข่,แพร่
2022-04-23,5.9,Ban Mae Lai,น้ำแม่หล่าย,แม่หล่าย,เมือง,แพร่
2022-04-23,1.9,Ban Mae Tae,แม่น้ำปิง,แม่แฝกเก่า,สันทราย,เชียงใหม่
2022-04-23,2.5,Ban Mae Taeng,แม่น้ำแตง,สันมหาพล,แม่แตง,เชียงใหม่
2022-04-23,3.7,Ban Mae Wan,น้ำแม่กวง,ป่าเมี่ยง,ดอยสะเก็ด,เชียงใหม่
2022-04-23,5.4,Ban Mai Rim Fang,น้ำฝาง,เวียงฝาง,ฝาง,เชียงใหม่
2022-04-23,7.2,Ban Mang,น้ำปี้,มาง,เชียงม่วน,พะเยา
2022-04-23,5.7,Ban Muang Pok,น้ำแม่แตง,เปียงหลวง,เวียงแหง,เชียงใหม่
2022-04-23,4.3,Ban Mueang Kuet,น้ำแม่แตง,กึ๊ดช้าง,แม่แตง,เชียงใหม่
2022-04-23,2.5,Ban Mueang Mai,ห้วยแม่ต๋า,เมืองมาย,แจ้ห่ม,ลำปาง
2022-04-23,4.5,Ban Mueang Pha,น้ำแม่ริม,ริมเหนือ,แม่ริม,เชียงใหม่
2022-04-23,9.2,Ban Nam Khong,แม่น้ำยม,ป่าแมต,เมือง,แพร่
2022-04-23,5.8,Ban Nam Yao,น้ำยาว,อวน,ปัว,น่าน
2022-04-23,1.7,Ban Nong Naw,น้ำแม่สอย,แจ้ห่ม,แจ้ห่ม,ลำปาง
2022-04-23,3.8,Ban Nong Pham,น้ำแม่ลาว,แม่สรวย,แม่สรวย,เชียงราย
2022-04-23,7,Ban Pa Kha,น้ำควร,ควร,ปง,พะเยา
2022-04-23,8,Ban Pa Khoi Tai,แม่น้ำปิง,สันผีเสื้อ,เมือง,เชียงใหม่
2022-04-23,4.7,Ban Pa Sang,น้ำแม่ทา,ป่าซาง,ป่าซาง,ลำพูน
2022-04-23,5.6,Ban Pang Sa,ห้วยน้ำยาว,ผาทอง,ท่าวังผา,น่าน
2022-04-23,10.6,Ban Pha Khwang,แม่น้ำน่าน,บ่อ,เมือง,น่าน
2022-04-23,6.7,Ban Phai Ngarm,แม่น้ำน่าน,ส้าน,เวียงสา,น่าน
2022-04-23,4.3,Ban Phan Ton,น้ำแม่วาง,ทุ่งปี้,แม่วาง,เชียงใหม่
2022-04-23,4.8,Ban Phi Tai,น้ำปี้,บ้านพี้,บ้านหลวง,น่าน
2022-04-23,7.4,Ban Pong,น้ำแม่กวง,บวกค้าง,สันกำแพง,เชียงใหม่
2022-04-23,8.9,Ban Pong,น้ำแม่กวง,บวกค้าง,สันกำแพง,เชียงใหม่
2022-04-23,4.983333333,Ban Pong,ห้วยโป่ง,บ้านโป่ง,งาว,ลำปาง
2022-04-23,4.2,Ban Rong Kho,แม่น้ำวัง,ร่องเคาะ,วังเหนือ,ลำปาง
2022-04-23,3.1,Ban Saluang Nok,น้ำแม่ริม,สลวง,แม่ริม,เชียงใหม่
2022-04-23,6.1,Ban San Pu Loei,น้ำแม่ขอด,โหล่งขอด,พร้าว,เชียงใหม่
2022-04-23,7.2,Ban Singpotin,น้ำแม่ลาย,ป่าเมี่ยง,ดอยสะเก็ด,เชียงใหม่
2022-04-23,9.6,Ban Sob Soi,แม่น้ำปิง,แม่สอย,จอมทอง,เชียงใหม่
2022-04-23,5.2,Ban Sop Mae Sapoot,แม่น้ำแม่ทา,ทาสบเส้า,แม่ทา,ลำพูน
2022-04-23,8.2,Ban Sop Pae,แม่น้ำปิง,สบแปะ,จอมทอง,เชียงใหม่
2022-04-23,6,Ban Sop Prap,แม่น้ำวัง,สบปราบ,สบปราบ,ลำปาง
2022-04-23,6,Ban Sop Tam,น้ำแม่ต่ำ,เกาะคา,เกาะคา,ลำปาง
2022-04-23,4.3,Ban Sop Win,น้ำแม่วาง,แม่วิน,แม่วาง,เชียงใหม่
2022-04-23,8.3,Ban Tha Duea,แม่น้ำวัง,พิชัย,เมือง,ลำปาง
2022-04-23,5.8,Ban Tha Lo,น้ำแม่ตุ๋ย,บ่อแฮ้ว,เมือง,ลำปาง
2022-04-23,3.8,Ban Tha Pong Daeng,น้ำปาย,ผาบ่อง,เมือง,แม่ฮ่องสอน
2022-04-23,12,Ban Thung Nong,แม่น้ำยม,สระ,เชียงม่วน,พะเยา
2022-04-23,4.1,Ban Ton Yang,น้ำแม่ลาว,บัวสลี,แม่ลาว,เชียงราย
2022-04-23,13.5,Ban Wang Chin,แม่น้ำยม,วังชิ้น,วังชิ้น,แพร่
2022-04-23,4.4,Chedingam,น้ำอิง,ท่าวังทอง,เมือง,พะเยา
2022-04-23,7,In front of the Forestry Office,แม่น้ำน่าน,ในเวียง,เมือง,น่าน
2022-04-23,5.3,Mae Kham Lak Chet,น้ำแม่คำ,ศรีค้ำ,แม่จัน,เชียงราย
2022-04-23,2.9,Nam Mae Chaem,น้ำแม่แจ่ม,บ้านท่าข้าม,จอมทอง,เชียงใหม่
2022-04-23,5.2,Nawarat Bridge,แม่น้ำปิง,วัดเกต,เมือง,เชียงใหม่
2022-04-23,5.2,Nawarat Bridge,แม่น้ำปิง,วัดเกต,เมือง,เชียงใหม่
2022-04-23,4.4,Pracha Uthit Bridge,น้ำแม่กลาง,บ้านหลวง,จอมทอง,เชียงใหม่
2022-04-23,5.9,Romklao Cooperative House,น้ำแม่งัด,แม่แวน,พร้าว,เชียงใหม่
2022-04-23,4.8,Saphan Ban Khay,น้ำฝาง,แม่นาวาง,แม่อาย,เชียงใหม่
2022-04-23,5.8,Setuwaree Bridge,แม้น้ำวัง,เวียงเหนือ,เมือง,ลำปาง
2022-04-23,12.5,Tha Li Bridge,น้ำว้า,ขึ่ง,เวียงสา,น่าน
2022-04-23,7.8,Tha Nang Bridge,น้ำแม่กวง,ในเมือง,เมือง,ลำพูน
2022-04-23,3.5,Wang Phrao,น้ำแม่จาง,วังพร้าว,เกาะคา,ลำปาง
2022-04-24,2.8,Ban Chiang Dao,แม่น้ำปิง,เชียงดาว,เชียงดาว,เชียงใหม่
2022-04-24,3.3,Ban Chor Lae,แม่น้ำปิง,ช่อแล,แม่แตง,เชียงใหม่
2022-04-24,4.5,Ban Don Chai,แม่น้ำวัง,ล้อมแรด,เถิน,ลำปาง
2022-04-24,5.7,Ban Don Mun,แม่น้ำวัง,บ้านแลง,เมือง,ลำปาง
2022-04-24,4.5,Ban Don Sali,น้ำแม่ลาว,ป่าแดด,แม่สรวย,เชียงราย
2022-04-24,5.1,Ban Hai,แม่น้ำวัง,ปงดอน,แจ้ห่ม,ลำปาง
2022-04-24,4,Ban Hong,น้ำแม่ออน,ร้องวัวแดง,สันกำแพง,เชียงใหม่
2022-04-24,2.7,Ban Hua Sapan,น้ำแม่จัน,ป่าซาง,แม่จัน,เชียงราย
2022-04-24,5.2,Ban Huai Pa Sang,น้ำแม่แตง,กึ๊ดช้าง,แม่แตง,เชียงใหม่
2022-04-24,9.1,Ban Huai Sak,แม่น้ำยม,เตาปูน,สอง,แพร่
2022-04-24,6.2,Ban Klang,น้ำแม่ขาน,บ้านกลาง,สันป่าตอง,เชียงใหม่
2022-04-24,3.3,Ban Ko Kha,แม่น้ำวัง,ศาลา,เกาะคา,ลำปาง
2022-04-24,4.5,Ban Krariang Tung Phrao,น้ำแม่สรวย,วาวี,แม่สรวย,เชียงราย
2022-04-24,3.1,Ban Lai Kaeo,น้ำแม่ลี้,ศรีเตี้ย,บ้านโฮ่ง,ลำพูน
2022-04-24,6.5,Ban Luang,น้ำแม่ตื่น,ยางเปียง,อมก๋อย,เชียงใหม่
2022-04-24,7.7,Ban Luang Nuea,น้ำงาว,หลวงใต้,งาว,ลำปาง
2022-04-24,6.6,Ban Mae E Hi,น้ำแม่ลี้,ศรีวิชัย,ลี้,ลำพูน
2022-04-24,5,Ban Mae Kha Bridge,น้ำฝาง,แม่ข่า,ฝาง,เชียงใหม่
2022-04-24,6.5,Ban Mae Khom Mi Tamnak Tham,น้ำแม่คำมี,ตำหนักธรรม,หนองม่วงไข่,แพร่
2022-04-24,5.9,Ban Mae Lai,น้ำแม่หล่าย,แม่หล่าย,เมือง,แพร่
2022-04-24,1.8,Ban Mae Tae,แม่น้ำปิง,แม่แฝกเก่า,สันทราย,เชียงใหม่
2022-04-24,2.5,Ban Mae Taeng,แม่น้ำแตง,สันมหาพล,แม่แตง,เชียงใหม่
2022-04-24,3.7,Ban Mae Wan,น้ำแม่กวง,ป่าเมี่ยง,ดอยสะเก็ด,เชียงใหม่
2022-04-24,5.2,Ban Mai Rim Fang,น้ำฝาง,เวียงฝาง,ฝาง,เชียงใหม่
2022-04-24,7.2,Ban Mang,น้ำปี้,มาง,เชียงม่วน,พะเยา
2022-04-24,5.7,Ban Muang Pok,น้ำแม่แตง,เปียงหลวง,เวียงแหง,เชียงใหม่
2022-04-24,4.2,Ban Mueang Kuet,น้ำแม่แตง,กึ๊ดช้าง,แม่แตง,เชียงใหม่
2022-04-24,2.5,Ban Mueang Mai,ห้วยแม่ต๋า,เมืองมาย,แจ้ห่ม,ลำปาง
2022-04-24,4.5,Ban Mueang Pha,น้ำแม่ริม,ริมเหนือ,แม่ริม,เชียงใหม่
2022-04-24,9.1,Ban Nam Khong,แม่น้ำยม,ป่าแมต,เมือง,แพร่
2022-04-24,5.8,Ban Nam Yao,น้ำยาว,อวน,ปัว,น่าน
2022-04-24,1.7,Ban Nong Naw,น้ำแม่สอย,แจ้ห่ม,แจ้ห่ม,ลำปาง
2022-04-24,3.6,Ban Nong Pham,น้ำแม่ลาว,แม่สรวย,แม่สรวย,เชียงราย
2022-04-24,7,Ban Pa Kha,น้ำควร,ควร,ปง,พะเยา
2022-04-24,7.9,Ban Pa Khoi Tai,แม่น้ำปิง,สันผีเสื้อ,เมือง,เชียงใหม่
2022-04-24,4.7,Ban Pa Sang,น้ำแม่ทา,ป่าซาง,ป่าซาง,ลำพูน
2022-04-24,5.5,Ban Pang Sa,ห้วยน้ำยาว,ผาทอง,ท่าวังผา,น่าน
2022-04-24,10.6,Ban Pha Khwang,แม่น้ำน่าน,บ่อ,เมือง,น่าน
2022-04-24,6.6,Ban Phai Ngarm,แม่น้ำน่าน,ส้าน,เวียงสา,น่าน
2022-04-24,4.3,Ban Phan Ton,น้ำแม่วาง,ทุ่งปี้,แม่วาง,เชียงใหม่
2022-04-24,4.8,Ban Phi Tai,น้ำปี้,บ้านพี้,บ้านหลวง,น่าน
2022-04-24,7.3,Ban Pong,น้ำแม่กวง,บวกค้าง,สันกำแพง,เชียงใหม่
2022-04-24,8.9,Ban Pong,น้ำแม่กวง,บวกค้าง,สันกำแพง,เชียงใหม่
2022-04-24,4.97,Ban Pong,ห้วยโป่ง,บ้านโป่ง,งาว,ลำปาง
2022-04-24,4.1,Ban Rong Kho,แม่น้ำวัง,ร่องเคาะ,วังเหนือ,ลำปาง
2022-04-24,3.1,Ban Saluang Nok,น้ำแม่ริม,สลวง,แม่ริม,เชียงใหม่
2022-04-24,6.1,Ban San Pu Loei,น้ำแม่ขอด,โหล่งขอด,พร้าว,เชียงใหม่
2022-04-24,7.2,Ban Singpotin,น้ำแม่ลาย,ป่าเมี่ยง,ดอยสะเก็ด,เชียงใหม่
2022-04-24,9.7,Ban Sob Soi,แม่น้ำปิง,แม่สอย,จอมทอง,เชียงใหม่
2022-04-24,5.2,Ban Sop Mae Sapoot,แม่น้ำแม่ทา,ทาสบเส้า,แม่ทา,ลำพูน
2022-04-24,8.1,Ban Sop Pae,แม่น้ำปิง,สบแปะ,จอมทอง,เชียงใหม่
2022-04-24,5.9,Ban Sop Prap,แม่น้ำวัง,สบปราบ,สบปราบ,ลำปาง
2022-04-24,6,Ban Sop Tam,น้ำแม่ต่ำ,เกาะคา,เกาะคา,ลำปาง
2022-04-24,4.3,Ban Sop Win,น้ำแม่วาง,แม่วิน,แม่วาง,เชียงใหม่
2022-04-24,8.2,Ban Tha Duea,แม่น้ำวัง,พิชัย,เมือง,ลำปาง
2022-04-24,5.8,Ban Tha Lo,น้ำแม่ตุ๋ย,บ่อแฮ้ว,เมือง,ลำปาง
2022-04-24,3.8,Ban Tha Pong Daeng,น้ำปาย,ผาบ่อง,เมือง,แม่ฮ่องสอน
2022-04-24,11.9,Ban Thung Nong,แม่น้ำยม,สระ,เชียงม่วน,พะเยา
2022-04-24,4.1,Ban Ton Yang,น้ำแม่ลาว,บัวสลี,แม่ลาว,เชียงราย
2022-04-24,13.4,Ban Wang Chin,แม่น้ำยม,วังชิ้น,วังชิ้น,แพร่
2022-04-24,4.6,Chedingam,น้ำอิง,ท่าวังทอง,เมือง,พะเยา
2022-04-24,7,In front of the Forestry Office,แม่น้ำน่าน,ในเวียง,เมือง,น่าน
2022-04-24,5.2,Mae Kham Lak Chet,น้ำแม่คำ,ศรีค้ำ,แม่จัน,เชียงราย
2022-04-24,2.9,Nam Mae Chaem,น้ำแม่แจ่ม,บ้านท่าข้าม,จอมทอง,เชียงใหม่
2022-04-24,5.2,Nawarat Bridge,แม่น้ำปิง,วัดเกต,เมือง,เชียงใหม่
2022-04-24,5.2,Nawarat Bridge,แม่น้ำปิง,วัดเกต,เมือง,เชียงใหม่
2022-04-24,4.4,Pracha Uthit Bridge,น้ำแม่กลาง,บ้านหลวง,จอมทอง,เชียงใหม่
2022-04-24,5.8,Romklao Cooperative House,น้ำแม่งัด,แม่แวน,พร้าว,เชียงใหม่
2022-04-24,4.5,Saphan Ban Khay,น้ำฝาง,แม่นาวาง,แม่อาย,เชียงใหม่
2022-04-24,5.7,Setuwaree Bridge,แม้น้ำวัง,เวียงเหนือ,เมือง,ลำปาง
2022-04-24,12.4,Tha Li Bridge,น้ำว้า,ขึ่ง,เวียงสา,น่าน
2022-04-24,8.2,Tha Nang Bridge,น้ำแม่กวง,ในเมือง,เมือง,ลำพูน
2022-04-24,3.6,Wang Phrao,น้ำแม่จาง,วังพร้าว,เกาะคา,ลำปาง
2022-04-25,2.8,Ban Chiang Dao,แม่น้ำปิง,เชียงดาว,เชียงดาว,เชียงใหม่
2022-04-25,3.4,Ban Chor Lae,แม่น้ำปิง,ช่อแล,แม่แตง,เชียงใหม่
2022-04-25,4.5,Ban Don Chai,แม่น้ำวัง,ล้อมแรด,เถิน,ลำปาง
2022-04-25,5.7,Ban Don Mun,แม่น้ำวัง,บ้านแลง,เมือง,ลำปาง
2022-04-25,4.5,Ban Don Sali,น้ำแม่ลาว,ป่าแดด,แม่สรวย,เชียงราย
2022-04-25,5.1,Ban Hai,แม่น้ำวัง,ปงดอน,แจ้ห่ม,ลำปาง
2022-04-25,4,Ban Hong,น้ำแม่ออน,ร้องวัวแดง,สันกำแพง,เชียงใหม่
2022-04-25,2.7,Ban Hua Sapan,น้ำแม่จัน,ป่าซาง,แม่จัน,เชียงราย
2022-04-25,5.1,Ban Huai Pa Sang,น้ำแม่แตง,กึ๊ดช้าง,แม่แตง,เชียงใหม่
2022-04-25,9,Ban Huai Sak,แม่น้ำยม,เตาปูน,สอง,แพร่
2022-04-25,6.2,Ban Klang,น้ำแม่ขาน,บ้านกลาง,สันป่าตอง,เชียงใหม่
2022-04-25,3.3,Ban Ko Kha,แม่น้ำวัง,ศาลา,เกาะคา,ลำปาง
2022-04-25,4.5,Ban Krariang Tung Phrao,น้ำแม่สรวย,วาวี,แม่สรวย,เชียงราย
2022-04-25,3.1,Ban Lai Kaeo,น้ำแม่ลี้,ศรีเตี้ย,บ้านโฮ่ง,ลำพูน
2022-04-25,6.5,Ban Luang,น้ำแม่ตื่น,ยางเปียง,อมก๋อย,เชียงใหม่
2022-04-25,7.7,Ban Luang Nuea,น้ำงาว,หลวงใต้,งาว,ลำปาง
2022-04-25,6.6,Ban Mae E Hi,น้ำแม่ลี้,ศรีวิชัย,ลี้,ลำพูน
2022-04-25,5,Ban Mae Kha Bridge,น้ำฝาง,แม่ข่า,ฝาง,เชียงใหม่
2022-04-25,6.5,Ban Mae Khom Mi Tamnak Tham,น้ำแม่คำมี,ตำหนักธรรม,หนองม่วงไข่,แพร่
2022-04-25,5.9,Ban Mae Lai,น้ำแม่หล่าย,แม่หล่าย,เมือง,แพร่
2022-04-25,1.8,Ban Mae Tae,แม่น้ำปิง,แม่แฝกเก่า,สันทราย,เชียงใหม่
2022-04-25,2.4,Ban Mae Taeng,แม่น้ำแตง,สันมหาพล,แม่แตง,เชียงใหม่
2022-04-25,3.7,Ban Mae Wan,น้ำแม่กวง,ป่าเมี่ยง,ดอยสะเก็ด,เชียงใหม่
2022-04-25,5.2,Ban Mai Rim Fang,น้ำฝาง,เวียงฝาง,ฝาง,เชียงใหม่
2022-04-25,7.1,Ban Mang,น้ำปี้,มาง,เชียงม่วน,พะเยา
2022-04-25,5.7,Ban Muang Pok,น้ำแม่แตง,เปียงหลวง,เวียงแหง,เชียงใหม่
2022-04-25,4.3,Ban Mueang Kuet,น้ำแม่แตง,กึ๊ดช้าง,แม่แตง,เชียงใหม่
2022-04-25,2.5,Ban Mueang Mai,ห้วยแม่ต๋า,เมืองมาย,แจ้ห่ม,ลำปาง
2022-04-25,4.4,Ban Mueang Pha,น้ำแม่ริม,ริมเหนือ,แม่ริม,เชียงใหม่
2022-04-25,9.2,Ban Nam Khong,แม่น้ำยม,ป่าแมต,เมือง,แพร่
2022-04-25,5.8,Ban Nam Yao,น้ำยาว,อวน,ปัว,น่าน
2022-04-25,1.6,Ban Nong Naw,น้ำแม่สอย,แจ้ห่ม,แจ้ห่ม,ลำปาง
2022-04-25,3.5,Ban Nong Pham,น้ำแม่ลาว,แม่สรวย,แม่สรวย,เชียงราย
2022-04-25,7,Ban Pa Kha,น้ำควร,ควร,ปง,พะเยา
2022-04-25,7.9,Ban Pa Khoi Tai,แม่น้ำปิง,สันผีเสื้อ,เมือง,เชียงใหม่
2022-04-25,4.7,Ban Pa Sang,น้ำแม่ทา,ป่าซาง,ป่าซาง,ลำพูน
2022-04-25,5.5,Ban Pang Sa,ห้วยน้ำยาว,ผาทอง,ท่าวังผา,น่าน
2022-04-25,10.6,Ban Pha Khwang,แม่น้ำน่าน,บ่อ,เมือง,น่าน
2022-04-25,6.5,Ban Phai Ngarm,แม่น้ำน่าน,ส้าน,เวียงสา,น่าน
2022-04-25,4.2,Ban Phan Ton,น้ำแม่วาง,ทุ่งปี้,แม่วาง,เชียงใหม่
2022-04-25,4.8,Ban Phi Tai,น้ำปี้,บ้านพี้,บ้านหลวง,น่าน
2022-04-25,7.2,Ban Pong,น้ำแม่กวง,บวกค้าง,สันกำแพง,เชียงใหม่
2022-04-25,8.9,Ban Pong,น้ำแม่กวง,บวกค้าง,สันกำแพง,เชียงใหม่
2022-04-25,4.96,Ban Pong,ห้วยโป่ง,บ้านโป่ง,งาว,ลำปาง
2022-04-25,4.4,Ban Rong Kho,แม่น้ำวัง,ร่องเคาะ,วังเหนือ,ลำปาง
2022-04-25,3.1,Ban Saluang Nok,น้ำแม่ริม,สลวง,แม่ริม,เชียงใหม่
2022-04-25,6.1,Ban San Pu Loei,น้ำแม่ขอด,โหล่งขอด,พร้าว,เชียงใหม่
2022-04-25,7.2,Ban Singpotin,น้ำแม่ลาย,ป่าเมี่ยง,ดอยสะเก็ด,เชียงใหม่
2022-04-25,9.7,Ban Sob Soi,แม่น้ำปิง,แม่สอย,จอมทอง,เชียงใหม่
2022-04-25,5.2,Ban Sop Mae Sapoot,แม่น้ำแม่ทา,ทาสบเส้า,แม่ทา,ลำพูน
2022-04-25,8.1,Ban Sop Pae,แม่น้ำปิง,สบแปะ,จอมทอง,เชียงใหม่
2022-04-25,5.9,Ban Sop Prap,แม่น้ำวัง,สบปราบ,สบปราบ,ลำปาง
2022-04-25,6,Ban Sop Tam,น้ำแม่ต่ำ,เกาะคา,เกาะคา,ลำปาง
2022-04-25,4.3,Ban Sop Win,น้ำแม่วาง,แม่วิน,แม่วาง,เชียงใหม่
2022-04-25,8.1,Ban Tha Duea,แม่น้ำวัง,พิชัย,เมือง,ลำปาง
2022-04-25,5.8,Ban Tha Lo,น้ำแม่ตุ๋ย,บ่อแฮ้ว,เมือง,ลำปาง
2022-04-25,3.7,Ban Tha Pong Daeng,น้ำปาย,ผาบ่อง,เมือง,แม่ฮ่องสอน
2022-04-25,11.9,Ban Thung Nong,แม่น้ำยม,สระ,เชียงม่วน,พะเยา
2022-04-25,4,Ban Ton Yang,น้ำแม่ลาว,บัวสลี,แม่ลาว,เชียงราย
2022-04-25,13.2,Ban Wang Chin,แม่น้ำยม,วังชิ้น,วังชิ้น,แพร่
2022-04-25,4.7,Chedingam,น้ำอิง,ท่าวังทอง,เมือง,พะเยา
2022-04-25,6.9,In front of the Forestry Office,แม่น้ำน่าน,ในเวียง,เมือง,น่าน
2022-04-25,5.2,Mae Kham Lak Chet,น้ำแม่คำ,ศรีค้ำ,แม่จัน,เชียงราย
2022-04-25,3.2,Nam Mae Chaem,น้ำแม่แจ่ม,บ้านท่าข้าม,จอมทอง,เชียงใหม่
2022-04-25,5.2,Nawarat Bridge,แม่น้ำปิง,วัดเกต,เมือง,เชียงใหม่
2022-04-25,5.2,Nawarat Bridge,แม่น้ำปิง,วัดเกต,เมือง,เชียงใหม่
2022-04-25,4.4,Pracha Uthit Bridge,น้ำแม่กลาง,บ้านหลวง,จอมทอง,เชียงใหม่
2022-04-25,5.7,Romklao Cooperative House,น้ำแม่งัด,แม่แวน,พร้าว,เชียงใหม่
2022-04-25,5.4,Saphan Ban Khay,น้ำฝาง,แม่นาวาง,แม่อาย,เชียงใหม่
2022-04-25,5.6,Setuwaree Bridge,แม้น้ำวัง,เวียงเหนือ,เมือง,ลำปาง
2022-04-25,12.3,Tha Li Bridge,น้ำว้า,ขึ่ง,เวียงสา,น่าน
2022-04-25,8.1,Tha Nang Bridge,น้ำแม่กวง,ในเมือง,เมือง,ลำพูน
2022-04-25,3.6,Wang Phrao,น้ำแม่จาง,วังพร้าว,เกาะคา,ลำปาง
2022-04-26,2.8,Ban Chiang Dao,แม่น้ำปิง,เชียงดาว,เชียงดาว,เชียงใหม่
2022-04-26,3.3,Ban Chor Lae,แม่น้ำปิง,ช่อแล,แม่แตง,เชียงใหม่
2022-04-26,4.5,Ban Don Chai,แม่น้ำวัง,ล้อมแรด,เถิน,ลำปาง
2022-04-26,5.7,Ban Don Mun,แม่น้ำวัง,บ้านแลง,เมือง,ลำปาง
2022-04-26,4.5,Ban Don Sali,น้ำแม่ลาว,ป่าแดด,แม่สรวย,เชียงราย
2022-04-26,5.1,Ban Hai,แม่น้ำวัง,ปงดอน,แจ้ห่ม,ลำปาง
2022-04-26,4,Ban Hong,น้ำแม่ออน,ร้องวัวแดง,สันกำแพง,เชียงใหม่
2022-04-26,2.7,Ban Hua Sapan,น้ำแม่จัน,ป่าซาง,แม่จัน,เชียงราย
2022-04-26,5.2,Ban Huai Pa Sang,น้ำแม่แตง,กึ๊ดช้าง,แม่แตง,เชียงใหม่
2022-04-26,9,Ban Huai Sak,แม่น้ำยม,เตาปูน,สอง,แพร่
2022-04-26,6.1,Ban Klang,น้ำแม่ขาน,บ้านกลาง,สันป่าตอง,เชียงใหม่
2022-04-26,3.3,Ban Ko Kha,แม่น้ำวัง,ศาลา,เกาะคา,ลำปาง
2022-04-26,4.5,Ban Krariang Tung Phrao,น้ำแม่สรวย,วาวี,แม่สรวย,เชียงราย
2022-04-26,3.1,Ban Lai Kaeo,น้ำแม่ลี้,ศรีเตี้ย,บ้านโฮ่ง,ลำพูน
2022-04-26,6.5,Ban Luang,น้ำแม่ตื่น,ยางเปียง,อมก๋อย,เชียงใหม่
2022-04-26,7.7,Ban Luang Nuea,น้ำงาว,หลวงใต้,งาว,ลำปาง
2022-04-26,6.6,Ban Mae E Hi,น้ำแม่ลี้,ศรีวิชัย,ลี้,ลำพูน
2022-04-26,5,Ban Mae Kha Bridge,น้ำฝาง,แม่ข่า,ฝาง,เชียงใหม่
2022-04-26,6.5,Ban Mae Khom Mi Tamnak Tham,น้ำแม่คำมี,ตำหนักธรรม,หนองม่วงไข่,แพร่
2022-04-26,5.9,Ban Mae Lai,น้ำแม่หล่าย,แม่หล่าย,เมือง,แพร่
2022-04-26,1.7,Ban Mae Tae,แม่น้ำปิง,แม่แฝกเก่า,สันทราย,เชียงใหม่
2022-04-26,2.5,Ban Mae Taeng,แม่น้ำแตง,สันมหาพล,แม่แตง,เชียงใหม่
2022-04-26,3.7,Ban Mae Wan,น้ำแม่กวง,ป่าเมี่ยง,ดอยสะเก็ด,เชียงใหม่
2022-04-26,5.1,Ban Mai Rim Fang,น้ำฝาง,เวียงฝาง,ฝาง,เชียงใหม่
2022-04-26,7.1,Ban Mang,น้ำปี้,มาง,เชียงม่วน,พะเยา
2022-04-26,5.7,Ban Muang Pok,น้ำแม่แตง,เปียงหลวง,เวียงแหง,เชียงใหม่
2022-04-26,4.2,Ban Mueang Kuet,น้ำแม่แตง,กึ๊ดช้าง,แม่แตง,เชียงใหม่
2022-04-26,2.5,Ban Mueang Mai,ห้วยแม่ต๋า,เมืองมาย,แจ้ห่ม,ลำปาง
2022-04-26,4.2,Ban Mueang Pha,น้ำแม่ริม,ริมเหนือ,แม่ริม,เชียงใหม่
2022-04-26,9.1,Ban Nam Khong,แม่น้ำยม,ป่าแมต,เมือง,แพร่
2022-04-26,5.8,Ban Nam Yao,น้ำยาว,อวน,ปัว,น่าน
2022-04-26,1.6,Ban Nong Naw,น้ำแม่สอย,แจ้ห่ม,แจ้ห่ม,ลำปาง
2022-04-26,3.6,Ban Nong Pham,น้ำแม่ลาว,แม่สรวย,แม่สรวย,เชียงราย
2022-04-26,7.1,Ban Pa Kha,น้ำควร,ควร,ปง,พะเยา
2022-04-26,8,Ban Pa Khoi Tai,แม่น้ำปิง,สันผีเสื้อ,เมือง,เชียงใหม่
2022-04-26,4.7,Ban Pa Sang,น้ำแม่ทา,ป่าซาง,ป่าซาง,ลำพูน
2022-04-26,5.5,Ban Pang Sa,ห้วยน้ำยาว,ผาทอง,ท่าวังผา,น่าน
2022-04-26,10.6,Ban Pha Khwang,แม่น้ำน่าน,บ่อ,เมือง,น่าน
2022-04-26,6.5,Ban Phai Ngarm,แม่น้ำน่าน,ส้าน,เวียงสา,น่าน
2022-04-26,4.2,Ban Phan Ton,น้ำแม่วาง,ทุ่งปี้,แม่วาง,เชียงใหม่
2022-04-26,4.8,Ban Phi Tai,น้ำปี้,บ้านพี้,บ้านหลวง,น่าน
2022-04-26,7.2,Ban Pong,น้ำแม่กวง,บวกค้าง,สันกำแพง,เชียงใหม่
2022-04-26,8.9,Ban Pong,น้ำแม่กวง,บวกค้าง,สันกำแพง,เชียงใหม่
2022-04-26,4.953333333,Ban Pong,ห้วยโป่ง,บ้านโป่ง,งาว,ลำปาง
2022-04-26,4.3,Ban Rong Kho,แม่น้ำวัง,ร่องเคาะ,วังเหนือ,ลำปาง
2022-04-26,3.1,Ban Saluang Nok,น้ำแม่ริม,สลวง,แม่ริม,เชียงใหม่
2022-04-26,6.1,Ban San Pu Loei,น้ำแม่ขอด,โหล่งขอด,พร้าว,เชียงใหม่
2022-04-26,7.2,Ban Singpotin,น้ำแม่ลาย,ป่าเมี่ยง,ดอยสะเก็ด,เชียงใหม่
2022-04-26,9.7,Ban Sob Soi,แม่น้ำปิง,แม่สอย,จอมทอง,เชียงใหม่
2022-04-26,5.2,Ban Sop Mae Sapoot,แม่น้ำแม่ทา,ทาสบเส้า,แม่ทา,ลำพูน
2022-04-26,7.7,Ban Sop Pae,แม่น้ำปิง,สบแปะ,จอมทอง,เชียงใหม่
2022-04-26,5.9,Ban Sop Prap,แม่น้ำวัง,สบปราบ,สบปราบ,ลำปาง
2022-04-26,6,Ban Sop Tam,น้ำแม่ต่ำ,เกาะคา,เกาะคา,ลำปาง
2022-04-26,4.3,Ban Sop Win,น้ำแม่วาง,แม่วิน,แม่วาง,เชียงใหม่
2022-04-26,8.1,Ban Tha Duea,แม่น้ำวัง,พิชัย,เมือง,ลำปาง
2022-04-26,5.9,Ban Tha Lo,น้ำแม่ตุ๋ย,บ่อแฮ้ว,เมือง,ลำปาง
2022-04-26,3.7,Ban Tha Pong Daeng,น้ำปาย,ผาบ่อง,เมือง,แม่ฮ่องสอน
2022-04-26,11.9,Ban Thung Nong,แม่น้ำยม,สระ,เชียงม่วน,พะเยา
2022-04-26,3.9,Ban Ton Yang,น้ำแม่ลาว,บัวสลี,แม่ลาว,เชียงราย
2022-04-26,13.2,Ban Wang Chin,แม่น้ำยม,วังชิ้น,วังชิ้น,แพร่
2022-04-26,4.6,Chedingam,น้ำอิง,ท่าวังทอง,เมือง,พะเยา
2022-04-26,6.9,In front of the Forestry Office,แม่น้ำน่าน,ในเวียง,เมือง,น่าน
2022-04-26,5.2,Mae Kham Lak Chet,น้ำแม่คำ,ศรีค้ำ,แม่จัน,เชียงราย
2022-04-26,3,Nam Mae Chaem,น้ำแม่แจ่ม,บ้านท่าข้าม,จอมทอง,เชียงใหม่
2022-04-26,5.2,Nawarat Bridge,แม่น้ำปิง,วัดเกต,เมือง,เชียงใหม่
2022-04-26,5.2,Nawarat Bridge,แม่น้ำปิง,วัดเกต,เมือง,เชียงใหม่
2022-04-26,4.3,Pracha Uthit Bridge,น้ำแม่กลาง,บ้านหลวง,จอมทอง,เชียงใหม่
2022-04-26,5.6,Romklao Cooperative House,น้ำแม่งัด,แม่แวน,พร้าว,เชียงใหม่
2022-04-26,4.3,Saphan Ban Khay,น้ำฝาง,แม่นาวาง,แม่อาย,เชียงใหม่
2022-04-26,5.6,Setuwaree Bridge,แม้น้ำวัง,เวียงเหนือ,เมือง,ลำปาง
2022-04-26,12.3,Tha Li Bridge,น้ำว้า,ขึ่ง,เวียงสา,น่าน
2022-04-26,7.9,Tha Nang Bridge,น้ำแม่กวง,ในเมือง,เมือง,ลำพูน
2022-04-26,3.6,Wang Phrao,น้ำแม่จาง,วังพร้าว,เกาะคา,ลำปาง
2022-04-27,2.8,Ban Chiang Dao,แม่น้ำปิง,เชียงดาว,เชียงดาว,เชียงใหม่
2022-04-27,3.4,Ban Chor Lae,แม่น้ำปิง,ช่อแล,แม่แตง,เชียงใหม่
2022-04-27,4.4,Ban Don Chai,แม่น้ำวัง,ล้อมแรด,เถิน,ลำปาง
2022-04-27,5.7,Ban Don Mun,แม่น้ำวัง,บ้านแลง,เมือง,ลำปาง
2022-04-27,4.4,Ban Don Sali,น้ำแม่ลาว,ป่าแดด,แม่สรวย,เชียงราย
2022-04-27,5.1,Ban Hai,แม่น้ำวัง,ปงดอน,แจ้ห่ม,ลำปาง
2022-04-27,4,Ban Hong,น้ำแม่ออน,ร้องวัวแดง,สันกำแพง,เชียงใหม่
2022-04-27,2.6,Ban Hua Sapan,น้ำแม่จัน,ป่าซาง,แม่จัน,เชียงราย
2022-04-27,5.1,Ban Huai Pa Sang,น้ำแม่แตง,กึ๊ดช้าง,แม่แตง,เชียงใหม่
2022-04-27,9,Ban Huai Sak,แม่น้ำยม,เตาปูน,สอง,แพร่
2022-04-27,6.1,Ban Klang,น้ำแม่ขาน,บ้านกลาง,สันป่าตอง,เชียงใหม่
2022-04-27,3.3,Ban Ko Kha,แม่น้ำวัง,ศาลา,เกาะคา,ลำปาง
2022-04-27,4.5,Ban Krariang Tung Phrao,น้ำแม่สรวย,วาวี,แม่สรวย,เชียงราย
2022-04-27,3.1,Ban Lai Kaeo,น้ำแม่ลี้,ศรีเตี้ย,บ้านโฮ่ง,ลำพูน
2022-04-27,6.5,Ban Luang,น้ำแม่ตื่น,ยางเปียง,อมก๋อย,เชียงใหม่
2022-04-27,7.6,Ban Luang Nuea,น้ำงาว,หลวงใต้,งาว,ลำปาง
2022-04-27,6.6,Ban Mae E Hi,น้ำแม่ลี้,ศรีวิชัย,ลี้,ลำพูน
2022-04-27,5,Ban Mae Kha Bridge,น้ำฝาง,แม่ข่า,ฝาง,เชียงใหม่
2022-04-27,6.5,Ban Mae Khom Mi Tamnak Tham,น้ำแม่คำมี,ตำหนักธรรม,หนองม่วงไข่,แพร่
2022-04-27,5.9,Ban Mae Lai,น้ำแม่หล่าย,แม่หล่าย,เมือง,แพร่
2022-04-27,1.7,Ban Mae Tae,แม่น้ำปิง,แม่แฝกเก่า,สันทราย,เชียงใหม่
2022-04-27,2.5,Ban Mae Taeng,แม่น้ำแตง,สันมหาพล,แม่แตง,เชียงใหม่
2022-04-27,3.7,Ban Mae Wan,น้ำแม่กวง,ป่าเมี่ยง,ดอยสะเก็ด,เชียงใหม่
2022-04-27,5.1,Ban Mai Rim Fang,น้ำฝาง,เวียงฝาง,ฝาง,เชียงใหม่
2022-04-27,7.1,Ban Mang,น้ำปี้,มาง,เชียงม่วน,พะเยา
2022-04-27,4.3,Ban Mueang Kuet,น้ำแม่แตง,กึ๊ดช้าง,แม่แตง,เชียงใหม่
2022-04-27,2.4,Ban Mueang Mai,ห้วยแม่ต๋า,เมืองมาย,แจ้ห่ม,ลำปาง
2022-04-27,4.2,Ban Mueang Pha,น้ำแม่ริม,ริมเหนือ,แม่ริม,เชียงใหม่
2022-04-27,9,Ban Nam Khong,แม่น้ำยม,ป่าแมต,เมือง,แพร่
2022-04-27,5.8,Ban Nam Yao,น้ำยาว,อวน,ปัว,น่าน
2022-04-27,1.6,Ban Nong Naw,น้ำแม่สอย,แจ้ห่ม,แจ้ห่ม,ลำปาง
2022-04-27,3.6,Ban Nong Pham,น้ำแม่ลาว,แม่สรวย,แม่สรวย,เชียงราย
2022-04-27,7,Ban Pa Kha,น้ำควร,ควร,ปง,พะเยา
2022-04-27,7.9,Ban Pa Khoi Tai,แม่น้ำปิง,สันผีเสื้อ,เมือง,เชียงใหม่
2022-04-27,4.6,Ban Pa Sang,น้ำแม่ทา,ป่าซาง,ป่าซาง,ลำพูน
2022-04-27,5.6,Ban Pang Sa,ห้วยน้ำยาว,ผาทอง,ท่าวังผา,น่าน
2022-04-27,10.5,Ban Pha Khwang,แม่น้ำน่าน,บ่อ,เมือง,น่าน
2022-04-27,6.5,Ban Phai Ngarm,แม่น้ำน่าน,ส้าน,เวียงสา,น่าน
2022-04-27,4.2,Ban Phan Ton,น้ำแม่วาง,ทุ่งปี้,แม่วาง,เชียงใหม่
2022-04-27,4.7,Ban Phi Tai,น้ำปี้,บ้านพี้,บ้านหลวง,น่าน
2022-04-27,7,Ban Pong,น้ำแม่กวง,บวกค้าง,สันกำแพง,เชียงใหม่
2022-04-27,8.8,Ban Pong,น้ำแม่กวง,บวกค้าง,สันกำแพง,เชียงใหม่
2022-04-27,4.93,Ban Pong,ห้วยโป่ง,บ้านโป่ง,งาว,ลำปาง
2022-04-27,4.1,Ban Rong Kho,แม่น้ำวัง,ร่องเคาะ,วังเหนือ,ลำปาง
2022-04-27,3.1,Ban Saluang Nok,น้ำแม่ริม,สลวง,แม่ริม,เชียงใหม่
2022-04-27,6.1,Ban San Pu Loei,น้ำแม่ขอด,โหล่งขอด,พร้าว,เชียงใหม่
2022-04-27,7.2,Ban Singpotin,น้ำแม่ลาย,ป่าเมี่ยง,ดอยสะเก็ด,เชียงใหม่
2022-04-27,9.6,Ban Sob Soi,แม่น้ำปิง,แม่สอย,จอมทอง,เชียงใหม่
2022-04-27,5.2,Ban Sop Mae Sapoot,แม่น้ำแม่ทา,ทาสบเส้า,แม่ทา,ลำพูน
2022-04-27,7.8,Ban Sop Pae,แม่น้ำปิง,สบแปะ,จอมทอง,เชียงใหม่
2022-04-27,5.8,Ban Sop Prap,แม่น้ำวัง,สบปราบ,สบปราบ,ลำปาง
2022-04-27,6,Ban Sop Tam,น้ำแม่ต่ำ,เกาะคา,เกาะคา,ลำปาง
2022-04-27,4.3,Ban Sop Win,น้ำแม่วาง,แม่วิน,แม่วาง,เชียงใหม่
2022-04-27,8.1,Ban Tha Duea,แม่น้ำวัง,พิชัย,เมือง,ลำปาง
2022-04-27,5.9,Ban Tha Lo,น้ำแม่ตุ๋ย,บ่อแฮ้ว,เมือง,ลำปาง
2022-04-27,3.7,Ban Tha Pong Daeng,น้ำปาย,ผาบ่อง,เมือง,แม่ฮ่องสอน
2022-04-27,11.9,Ban Thung Nong,แม่น้ำยม,สระ,เชียงม่วน,พะเยา
2022-04-27,3.9,Ban Ton Yang,น้ำแม่ลาว,บัวสลี,แม่ลาว,เชียงราย
2022-04-27,13.2,Ban Wang Chin,แม่น้ำยม,วังชิ้น,วังชิ้น,แพร่
2022-04-27,4.6,Chedingam,น้ำอิง,ท่าวังทอง,เมือง,พะเยา
2022-04-27,6.9,In front of the Forestry Office,แม่น้ำน่าน,ในเวียง,เมือง,น่าน
2022-04-27,5.2,Mae Kham Lak Chet,น้ำแม่คำ,ศรีค้ำ,แม่จัน,เชียงราย
2022-04-27,2.5,Nam Mae Chaem,น้ำแม่แจ่ม,บ้านท่าข้าม,จอมทอง,เชียงใหม่
2022-04-27,5.2,Nawarat Bridge,แม่น้ำปิง,วัดเกต,เมือง,เชียงใหม่
2022-04-27,5.2,Nawarat Bridge,แม่น้ำปิง,วัดเกต,เมือง,เชียงใหม่
2022-04-27,4.3,Pracha Uthit Bridge,น้ำแม่กลาง,บ้านหลวง,จอมทอง,เชียงใหม่
2022-04-27,5.6,Romklao Cooperative House,น้ำแม่งัด,แม่แวน,พร้าว,เชียงใหม่
2022-04-27,4.2,Saphan Ban Khay,น้ำฝาง,แม่นาวาง,แม่อาย,เชียงใหม่
2022-04-27,5.6,Setuwaree Bridge,แม้น้ำวัง,เวียงเหนือ,เมือง,ลำปาง
2022-04-27,12.3,Tha Li Bridge,น้ำว้า,ขึ่ง,เวียงสา,น่าน
2022-04-27,7.9,Tha Nang Bridge,น้ำแม่กวง,ในเมือง,เมือง,ลำพูน
2022-04-27,3.6,Wang Phrao,น้ำแม่จาง,วังพร้าว,เกาะคา,ลำปาง
2022-04-28,2.8,Ban Chiang Dao,แม่น้ำปิง,เชียงดาว,เชียงดาว,เชียงใหม่
2022-04-28,3.4,Ban Chor Lae,แม่น้ำปิง,ช่อแล,แม่แตง,เชียงใหม่
2022-04-28,4.4,Ban Don Chai,แม่น้ำวัง,ล้อมแรด,เถิน,ลำปาง
2022-04-28,5.5,Ban Don Mun,แม่น้ำวัง,บ้านแลง,เมือง,ลำปาง
2022-04-28,4.3,Ban Don Sali,น้ำแม่ลาว,ป่าแดด,แม่สรวย,เชียงราย
2022-04-28,5.1,Ban Hai,แม่น้ำวัง,ปงดอน,แจ้ห่ม,ลำปาง
2022-04-28,4,Ban Hong,น้ำแม่ออน,ร้องวัวแดง,สันกำแพง,เชียงใหม่
2022-04-28,2.6,Ban Hua Sapan,น้ำแม่จัน,ป่าซาง,แม่จัน,เชียงราย
2022-04-28,5.2,Ban Huai Pa Sang,น้ำแม่แตง,กึ๊ดช้าง,แม่แตง,เชียงใหม่
2022-04-28,9,Ban Huai Sak,แม่น้ำยม,เตาปูน,สอง,แพร่
2022-04-28,6,Ban Klang,น้ำแม่ขาน,บ้านกลาง,สันป่าตอง,เชียงใหม่
2022-04-28,-6.6,Ban Ko Kha,แม่น้ำวัง,ศาลา,เกาะคา,ลำปาง
2022-04-28,4.5,Ban Krariang Tung Phrao,น้ำแม่สรวย,วาวี,แม่สรวย,เชียงราย
2022-04-28,3.1,Ban Lai Kaeo,น้ำแม่ลี้,ศรีเตี้ย,บ้านโฮ่ง,ลำพูน
2022-04-28,6.5,Ban Luang,น้ำแม่ตื่น,ยางเปียง,อมก๋อย,เชียงใหม่
2022-04-28,7.6,Ban Luang Nuea,น้ำงาว,หลวงใต้,งาว,ลำปาง
2022-04-28,6.6,Ban Mae E Hi,น้ำแม่ลี้,ศรีวิชัย,ลี้,ลำพูน
2022-04-28,5,Ban Mae Kha Bridge,น้ำฝาง,แม่ข่า,ฝาง,เชียงใหม่
2022-04-28,6.5,Ban Mae Khom Mi Tamnak Tham,น้ำแม่คำมี,ตำหนักธรรม,หนองม่วงไข่,แพร่
2022-04-28,5.9,Ban Mae Lai,น้ำแม่หล่าย,แม่หล่าย,เมือง,แพร่
2022-04-28,1.8,Ban Mae Tae,แม่น้ำปิง,แม่แฝกเก่า,สันทราย,เชียงใหม่
2022-04-28,2.4,Ban Mae Taeng,แม่น้ำแตง,สันมหาพล,แม่แตง,เชียงใหม่
2022-04-28,3.7,Ban Mae Wan,น้ำแม่กวง,ป่าเมี่ยง,ดอยสะเก็ด,เชียงใหม่
2022-04-28,5,Ban Mai Rim Fang,น้ำฝาง,เวียงฝาง,ฝาง,เชียงใหม่
2022-04-28,7.1,Ban Mang,น้ำปี้,มาง,เชียงม่วน,พะเยา
2022-04-28,5.6,Ban Muang Pok,น้ำแม่แตง,เปียงหลวง,เวียงแหง,เชียงใหม่
2022-04-28,4.3,Ban Mueang Kuet,น้ำแม่แตง,กึ๊ดช้าง,แม่แตง,เชียงใหม่
2022-04-28,2.4,Ban Mueang Mai,ห้วยแม่ต๋า,เมืองมาย,แจ้ห่ม,ลำปาง
2022-04-28,4.3,Ban Mueang Pha,น้ำแม่ริม,ริมเหนือ,แม่ริม,เชียงใหม่
2022-04-28,8.9,Ban Nam Khong,แม่น้ำยม,ป่าแมต,เมือง,แพร่
2022-04-28,5.8,Ban Nam Yao,น้ำยาว,อวน,ปัว,น่าน
2022-04-28,1.6,Ban Nong Naw,น้ำแม่สอย,แจ้ห่ม,แจ้ห่ม,ลำปาง
2022-04-28,3.5,Ban Nong Pham,น้ำแม่ลาว,แม่สรวย,แม่สรวย,เชียงราย
2022-04-28,7,Ban Pa Kha,น้ำควร,ควร,ปง,พะเยา
2022-04-28,7.9,Ban Pa Khoi Tai,แม่น้ำปิง,สันผีเสื้อ,เมือง,เชียงใหม่
2022-04-28,4.6,Ban Pa Sang,น้ำแม่ทา,ป่าซาง,ป่าซาง,ลำพูน
2022-04-28,5.5,Ban Pang Sa,ห้วยน้ำยาว,ผาทอง,ท่าวังผา,น่าน
2022-04-28,10.5,Ban Pha Khwang,แม่น้ำน่าน,บ่อ,เมือง,น่าน
2022-04-28,6.5,Ban Phai Ngarm,แม่น้ำน่าน,ส้าน,เวียงสา,น่าน
2022-04-28,4.2,Ban Phan Ton,น้ำแม่วาง,ทุ่งปี้,แม่วาง,เชียงใหม่
2022-04-28,4.7,Ban Phi Tai,น้ำปี้,บ้านพี้,บ้านหลวง,น่าน
2022-04-28,6.9,Ban Pong,น้ำแม่กวง,บวกค้าง,สันกำแพง,เชียงใหม่
2022-04-28,8.8,Ban Pong,น้ำแม่กวง,บวกค้าง,สันกำแพง,เชียงใหม่
2022-04-28,4.93,Ban Pong,ห้วยโป่ง,บ้านโป่ง,งาว,ลำปาง
2022-04-28,4.1,Ban Rong Kho,แม่น้ำวัง,ร่องเคาะ,วังเหนือ,ลำปาง
2022-04-28,3.1,Ban Saluang Nok,น้ำแม่ริม,สลวง,แม่ริม,เชียงใหม่
2022-04-28,6.1,Ban San Pu Loei,น้ำแม่ขอด,โหล่งขอด,พร้าว,เชียงใหม่
2022-04-28,7.2,Ban Singpotin,น้ำแม่ลาย,ป่าเมี่ยง,ดอยสะเก็ด,เชียงใหม่
2022-04-28,9.6,Ban Sob Soi,แม่น้ำปิง,แม่สอย,จอมทอง,เชียงใหม่
2022-04-28,5.2,Ban Sop Mae Sapoot,แม่น้ำแม่ทา,ทาสบเส้า,แม่ทา,ลำพูน
2022-04-28,7.7,Ban Sop Pae,แม่น้ำปิง,สบแปะ,จอมทอง,เชียงใหม่
2022-04-28,5.8,Ban Sop Prap,แม่น้ำวัง,สบปราบ,สบปราบ,ลำปาง
2022-04-28,5.9,Ban Sop Tam,น้ำแม่ต่ำ,เกาะคา,เกาะคา,ลำปาง
2022-04-28,4.3,Ban Sop Win,น้ำแม่วาง,แม่วิน,แม่วาง,เชียงใหม่
2022-04-28,8.2,Ban Tha Duea,แม่น้ำวัง,พิชัย,เมือง,ลำปาง
2022-04-28,5.9,Ban Tha Lo,น้ำแม่ตุ๋ย,บ่อแฮ้ว,เมือง,ลำปาง
2022-04-28,3.7,Ban Tha Pong Daeng,น้ำปาย,ผาบ่อง,เมือง,แม่ฮ่องสอน
2022-04-28,11.9,Ban Thung Nong,แม่น้ำยม,สระ,เชียงม่วน,พะเยา
2022-04-28,3.8,Ban Ton Yang,น้ำแม่ลาว,บัวสลี,แม่ลาว,เชียงราย
2022-04-28,13.1,Ban Wang Chin,แม่น้ำยม,วังชิ้น,วังชิ้น,แพร่
2022-04-28,4.4,Chedingam,น้ำอิง,ท่าวังทอง,เมือง,พะเยา
2022-04-28,6.9,In front of the Forestry Office,แม่น้ำน่าน,ในเวียง,เมือง,น่าน
2022-04-28,5.2,Mae Kham Lak Chet,น้ำแม่คำ,ศรีค้ำ,แม่จัน,เชียงราย
2022-04-28,2.4,Nam Mae Chaem,น้ำแม่แจ่ม,บ้านท่าข้าม,จอมทอง,เชียงใหม่
2022-04-28,5.2,Nawarat Bridge,แม่น้ำปิง,วัดเกต,เมือง,เชียงใหม่
2022-04-28,5.2,Nawarat Bridge,แม่น้ำปิง,วัดเกต,เมือง,เชียงใหม่
2022-04-28,4.3,Pracha Uthit Bridge,น้ำแม่กลาง,บ้านหลวง,จอมทอง,เชียงใหม่
2022-04-28,5.6,Romklao Cooperative House,น้ำแม่งัด,แม่แวน,พร้าว,เชียงใหม่
2022-04-28,4.2,Saphan Ban Khay,น้ำฝาง,แม่นาวาง,แม่อาย,เชียงใหม่
2022-04-28,5.6,Setuwaree Bridge,แม้น้ำวัง,เวียงเหนือ,เมือง,ลำปาง
2022-04-28,12.3,Tha Li Bridge,น้ำว้า,ขึ่ง,เวียงสา,น่าน
2022-04-28,7.9,Tha Nang Bridge,น้ำแม่กวง,ในเมือง,เมือง,ลำพูน
2022-04-28,3.6,Wang Phrao,น้ำแม่จาง,วังพร้าว,เกาะคา,ลำปาง
2022-04-29,2.8,Ban Chiang Dao,แม่น้ำปิง,เชียงดาว,เชียงดาว,เชียงใหม่
2022-04-29,3.5,Ban Chor Lae,แม่น้ำปิง,ช่อแล,แม่แตง,เชียงใหม่
2022-04-29,4.4,Ban Don Chai,แม่น้ำวัง,ล้อมแรด,เถิน,ลำปาง
2022-04-29,5.6,Ban Don Mun,แม่น้ำวัง,บ้านแลง,เมือง,ลำปาง
2022-04-29,4.3,Ban Don Sali,น้ำแม่ลาว,ป่าแดด,แม่สรวย,เชียงราย
2022-04-29,5.1,Ban Hai,แม่น้ำวัง,ปงดอน,แจ้ห่ม,ลำปาง
2022-04-29,4,Ban Hong,น้ำแม่ออน,ร้องวัวแดง,สันกำแพง,เชียงใหม่
2022-04-29,2.6,Ban Hua Sapan,น้ำแม่จัน,ป่าซาง,แม่จัน,เชียงราย
2022-04-29,5.1,Ban Huai Pa Sang,น้ำแม่แตง,กึ๊ดช้าง,แม่แตง,เชียงใหม่
2022-04-29,8.9,Ban Huai Sak,แม่น้ำยม,เตาปูน,สอง,แพร่
2022-04-29,6,Ban Klang,น้ำแม่ขาน,บ้านกลาง,สันป่าตอง,เชียงใหม่
2022-04-29,3.3,Ban Ko Kha,แม่น้ำวัง,ศาลา,เกาะคา,ลำปาง
2022-04-29,4.5,Ban Krariang Tung Phrao,น้ำแม่สรวย,วาวี,แม่สรวย,เชียงราย
2022-04-29,3.1,Ban Lai Kaeo,น้ำแม่ลี้,ศรีเตี้ย,บ้านโฮ่ง,ลำพูน
2022-04-29,6.5,Ban Luang,น้ำแม่ตื่น,ยางเปียง,อมก๋อย,เชียงใหม่
2022-04-29,7.6,Ban Luang Nuea,น้ำงาว,หลวงใต้,งาว,ลำปาง
2022-04-29,6.6,Ban Mae E Hi,น้ำแม่ลี้,ศรีวิชัย,ลี้,ลำพูน
2022-04-29,4.4,Ban Mae Kha Bridge,น้ำฝาง,แม่ข่า,ฝาง,เชียงใหม่
2022-04-29,6.5,Ban Mae Khom Mi Tamnak Tham,น้ำแม่คำมี,ตำหนักธรรม,หนองม่วงไข่,แพร่
2022-04-29,5.9,Ban Mae Lai,น้ำแม่หล่าย,แม่หล่าย,เมือง,แพร่
2022-04-29,1.8,Ban Mae Tae,แม่น้ำปิง,แม่แฝกเก่า,สันทราย,เชียงใหม่
2022-04-29,2.4,Ban Mae Taeng,แม่น้ำแตง,สันมหาพล,แม่แตง,เชียงใหม่
2022-04-29,3.7,Ban Mae Wan,น้ำแม่กวง,ป่าเมี่ยง,ดอยสะเก็ด,เชียงใหม่
2022-04-29,5.1,Ban Mai Rim Fang,น้ำฝาง,เวียงฝาง,ฝาง,เชียงใหม่
2022-04-29,7.1,Ban Mang,น้ำปี้,มาง,เชียงม่วน,พะเยา
2022-04-29,4.3,Ban Mueang Kuet,น้ำแม่แตง,กึ๊ดช้าง,แม่แตง,เชียงใหม่
2022-04-29,2.4,Ban Mueang Mai,ห้วยแม่ต๋า,เมืองมาย,แจ้ห่ม,ลำปาง
2022-04-29,4.3,Ban Mueang Pha,น้ำแม่ริม,ริมเหนือ,แม่ริม,เชียงใหม่
2022-04-29,8.8,Ban Nam Khong,แม่น้ำยม,ป่าแมต,เมือง,แพร่
2022-04-29,5.8,Ban Nam Yao,น้ำยาว,อวน,ปัว,น่าน
2022-04-29,1.6,Ban Nong Naw,น้ำแม่สอย,แจ้ห่ม,แจ้ห่ม,ลำปาง
2022-04-29,3.5,Ban Nong Pham,น้ำแม่ลาว,แม่สรวย,แม่สรวย,เชียงราย
2022-04-29,7,Ban Pa Kha,น้ำควร,ควร,ปง,พะเยา
2022-04-29,7.9,Ban Pa Khoi Tai,แม่น้ำปิง,สันผีเสื้อ,เมือง,เชียงใหม่
2022-04-29,4.6,Ban Pa Sang,น้ำแม่ทา,ป่าซาง,ป่าซาง,ลำพูน
2022-04-29,5.5,Ban Pang Sa,ห้วยน้ำยาว,ผาทอง,ท่าวังผา,น่าน
2022-04-29,10.3,Ban Pha Khwang,แม่น้ำน่าน,บ่อ,เมือง,น่าน
2022-04-29,6.5,Ban Phai Ngarm,แม่น้ำน่าน,ส้าน,เวียงสา,น่าน
2022-04-29,4.2,Ban Phan Ton,น้ำแม่วาง,ทุ่งปี้,แม่วาง,เชียงใหม่
2022-04-29,4.7,Ban Phi Tai,น้ำปี้,บ้านพี้,บ้านหลวง,น่าน
2022-04-29,6.8,Ban Pong,น้ำแม่กวง,บวกค้าง,สันกำแพง,เชียงใหม่
2022-04-29,8.8,Ban Pong,น้ำแม่กวง,บวกค้าง,สันกำแพง,เชียงใหม่
2022-04-29,4.916666667,Ban Pong,ห้วยโป่ง,บ้านโป่ง,งาว,ลำปาง
2022-04-29,4.1,Ban Rong Kho,แม่น้ำวัง,ร่องเคาะ,วังเหนือ,ลำปาง
2022-04-29,3.1,Ban Saluang Nok,น้ำแม่ริม,สลวง,แม่ริม,เชียงใหม่
2022-04-29,6.1,Ban San Pu Loei,น้ำแม่ขอด,โหล่งขอด,พร้าว,เชียงใหม่
2022-04-29,7.2,Ban Singpotin,น้ำแม่ลาย,ป่าเมี่ยง,ดอยสะเก็ด,เชียงใหม่
2022-04-29,9.6,Ban Sob Soi,แม่น้ำปิง,แม่สอย,จอมทอง,เชียงใหม่
2022-04-29,5.2,Ban Sop Mae Sapoot,แม่น้ำแม่ทา,ทาสบเส้า,แม่ทา,ลำพูน
2022-04-29,7.7,Ban Sop Pae,แม่น้ำปิง,สบแปะ,จอมทอง,เชียงใหม่
2022-04-29,5.8,Ban Sop Prap,แม่น้ำวัง,สบปราบ,สบปราบ,ลำปาง
2022-04-29,5.9,Ban Sop Tam,น้ำแม่ต่ำ,เกาะคา,เกาะคา,ลำปาง
2022-04-29,4.3,Ban Sop Win,น้ำแม่วาง,แม่วิน,แม่วาง,เชียงใหม่
2022-04-29,8.2,Ban Tha Duea,แม่น้ำวัง,พิชัย,เมือง,ลำปาง
2022-04-29,5.9,Ban Tha Lo,น้ำแม่ตุ๋ย,บ่อแฮ้ว,เมือง,ลำปาง
2022-04-29,3.7,Ban Tha Pong Daeng,น้ำปาย,ผาบ่อง,เมือง,แม่ฮ่องสอน
2022-04-29,11.8,Ban Thung Nong,แม่น้ำยม,สระ,เชียงม่วน,พะเยา
2022-04-29,3.8,Ban Ton Yang,น้ำแม่ลาว,บัวสลี,แม่ลาว,เชียงราย
2022-04-29,13.1,Ban Wang Chin,แม่น้ำยม,วังชิ้น,วังชิ้น,แพร่
2022-04-29,4,Chedingam,น้ำอิง,ท่าวังทอง,เมือง,พะเยา
2022-04-29,6.8,In front of the Forestry Office,แม่น้ำน่าน,ในเวียง,เมือง,น่าน
2022-04-29,5.2,Mae Kham Lak Chet,น้ำแม่คำ,ศรีค้ำ,แม่จัน,เชียงราย
2022-04-29,2.4,Nam Mae Chaem,น้ำแม่แจ่ม,บ้านท่าข้าม,จอมทอง,เชียงใหม่
2022-04-29,5.2,Nawarat Bridge,แม่น้ำปิง,วัดเกต,เมือง,เชียงใหม่
2022-04-29,5.2,Nawarat Bridge,แม่น้ำปิง,วัดเกต,เมือง,เชียงใหม่
2022-04-29,4.3,Pracha Uthit Bridge,น้ำแม่กลาง,บ้านหลวง,จอมทอง,เชียงใหม่
2022-04-29,5.6,Romklao Cooperative House,น้ำแม่งัด,แม่แวน,พร้าว,เชียงใหม่
2022-04-29,4.1,Saphan Ban Khay,น้ำฝาง,แม่นาวาง,แม่อาย,เชียงใหม่
2022-04-29,5.5,Setuwaree Bridge,แม้น้ำวัง,เวียงเหนือ,เมือง,ลำปาง
2022-04-29,12.3,Tha Li Bridge,น้ำว้า,ขึ่ง,เวียงสา,น่าน
2022-04-29,7.6,Tha Nang Bridge,น้ำแม่กวง,ในเมือง,เมือง,ลำพูน
2022-04-29,3.6,Wang Phrao,น้ำแม่จาง,วังพร้าว,เกาะคา,ลำปาง
2022-04-30,2.8,Ban Chiang Dao,แม่น้ำปิง,เชียงดาว,เชียงดาว,เชียงใหม่
2022-04-30,3.4,Ban Chor Lae,แม่น้ำปิง,ช่อแล,แม่แตง,เชียงใหม่
2022-04-30,4.4,Ban Don Chai,แม่น้ำวัง,ล้อมแรด,เถิน,ลำปาง
2022-04-30,5.6,Ban Don Mun,แม่น้ำวัง,บ้านแลง,เมือง,ลำปาง
2022-04-30,4.3,Ban Don Sali,น้ำแม่ลาว,ป่าแดด,แม่สรวย,เชียงราย
2022-04-30,5.1,Ban Hai,แม่น้ำวัง,ปงดอน,แจ้ห่ม,ลำปาง
2022-04-30,4,Ban Hong,น้ำแม่ออน,ร้องวัวแดง,สันกำแพง,เชียงใหม่
2022-04-30,2.6,Ban Hua Sapan,น้ำแม่จัน,ป่าซาง,แม่จัน,เชียงราย
2022-04-30,5.1,Ban Huai Pa Sang,น้ำแม่แตง,กึ๊ดช้าง,แม่แตง,เชียงใหม่
2022-04-30,8.9,Ban Huai Sak,แม่น้ำยม,เตาปูน,สอง,แพร่
2022-04-30,6,Ban Klang,น้ำแม่ขาน,บ้านกลาง,สันป่าตอง,เชียงใหม่
2022-04-30,3.3,Ban Ko Kha,แม่น้ำวัง,ศาลา,เกาะคา,ลำปาง
2022-04-30,4.5,Ban Krariang Tung Phrao,น้ำแม่สรวย,วาวี,แม่สรวย,เชียงราย
2022-04-30,3.1,Ban Lai Kaeo,น้ำแม่ลี้,ศรีเตี้ย,บ้านโฮ่ง,ลำพูน
2022-04-30,6.6,Ban Luang,น้ำแม่ตื่น,ยางเปียง,อมก๋อย,เชียงใหม่
2022-04-30,7.6,Ban Luang Nuea,น้ำงาว,หลวงใต้,งาว,ลำปาง
2022-04-30,6.6,Ban Mae E Hi,น้ำแม่ลี้,ศรีวิชัย,ลี้,ลำพูน
2022-04-30,4.5,Ban Mae Kha Bridge,น้ำฝาง,แม่ข่า,ฝาง,เชียงใหม่
2022-04-30,6.5,Ban Mae Khom Mi Tamnak Tham,น้ำแม่คำมี,ตำหนักธรรม,หนองม่วงไข่,แพร่
2022-04-30,5.9,Ban Mae Lai,น้ำแม่หล่าย,แม่หล่าย,เมือง,แพร่
2022-04-30,2,Ban Mae Tae,แม่น้ำปิง,แม่แฝกเก่า,สันทราย,เชียงใหม่
2022-04-30,2.5,Ban Mae Taeng,แม่น้ำแตง,สันมหาพล,แม่แตง,เชียงใหม่
2022-04-30,3.7,Ban Mae Wan,น้ำแม่กวง,ป่าเมี่ยง,ดอยสะเก็ด,เชียงใหม่
2022-04-30,5.1,Ban Mai Rim Fang,น้ำฝาง,เวียงฝาง,ฝาง,เชียงใหม่
2022-04-30,7.1,Ban Mang,น้ำปี้,มาง,เชียงม่วน,พะเยา
2022-04-30,4.2,Ban Mueang Kuet,น้ำแม่แตง,กึ๊ดช้าง,แม่แตง,เชียงใหม่
2022-04-30,2.4,Ban Mueang Mai,ห้วยแม่ต๋า,เมืองมาย,แจ้ห่ม,ลำปาง
2022-04-30,4.2,Ban Mueang Pha,น้ำแม่ริม,ริมเหนือ,แม่ริม,เชียงใหม่
2022-04-30,8.9,Ban Nam Khong,แม่น้ำยม,ป่าแมต,เมือง,แพร่
2022-04-30,5.8,Ban Nam Yao,น้ำยาว,อวน,ปัว,น่าน
2022-04-30,1.6,Ban Nong Naw,น้ำแม่สอย,แจ้ห่ม,แจ้ห่ม,ลำปาง
2022-04-30,3.5,Ban Nong Pham,น้ำแม่ลาว,แม่สรวย,แม่สรวย,เชียงราย
2022-04-30,7,Ban Pa Kha,น้ำควร,ควร,ปง,พะเยา
2022-04-30,7.9,Ban Pa Khoi Tai,แม่น้ำปิง,สันผีเสื้อ,เมือง,เชียงใหม่
2022-04-30,4.6,Ban Pa Sang,น้ำแม่ทา,ป่าซาง,ป่าซาง,ลำพูน
2022-04-30,5.5,Ban Pang Sa,ห้วยน้ำยาว,ผาทอง,ท่าวังผา,น่าน
2022-04-30,10.3,Ban Pha Khwang,แม่น้ำน่าน,บ่อ,เมือง,น่าน
2022-04-30,6.5,Ban Phai Ngarm,แม่น้ำน่าน,ส้าน,เวียงสา,น่าน
2022-04-30,4.2,Ban Phan Ton,น้ำแม่วาง,ทุ่งปี้,แม่วาง,เชียงใหม่
2022-04-30,4.7,Ban Phi Tai,น้ำปี้,บ้านพี้,บ้านหลวง,น่าน
2022-04-30,7,Ban Pong,น้ำแม่กวง,บวกค้าง,สันกำแพง,เชียงใหม่
2022-04-30,8.8,Ban Pong,น้ำแม่กวง,บวกค้าง,สันกำแพง,เชียงใหม่
2022-04-30,4.9,Ban Pong,ห้วยโป่ง,บ้านโป่ง,งาว,ลำปาง
2022-04-30,4,Ban Rong Kho,แม่น้ำวัง,ร่องเคาะ,วังเหนือ,ลำปาง
2022-04-30,3.1,Ban Saluang Nok,น้ำแม่ริม,สลวง,แม่ริม,เชียงใหม่
2022-04-30,6,Ban San Pu Loei,น้ำแม่ขอด,โหล่งขอด,พร้าว,เชียงใหม่
2022-04-30,7.2,Ban Singpotin,น้ำแม่ลาย,ป่าเมี่ยง,ดอยสะเก็ด,เชียงใหม่
2022-04-30,9.4,Ban Sob Soi,แม่น้ำปิง,แม่สอย,จอมทอง,เชียงใหม่
2022-04-30,5.2,Ban Sop Mae Sapoot,แม่น้ำแม่ทา,ทาสบเส้า,แม่ทา,ลำพูน
2022-04-30,7.7,Ban Sop Pae,แม่น้ำปิง,สบแปะ,จอมทอง,เชียงใหม่
2022-04-30,5.7,Ban Sop Prap,แม่น้ำวัง,สบปราบ,สบปราบ,ลำปาง
2022-04-30,6.1,Ban Sop Tam,น้ำแม่ต่ำ,เกาะคา,เกาะคา,ลำปาง
2022-04-30,4.5,Ban Sop Win,น้ำแม่วาง,แม่วิน,แม่วาง,เชียงใหม่
2022-04-30,8.1,Ban Tha Duea,แม่น้ำวัง,พิชัย,เมือง,ลำปาง
2022-04-30,5.9,Ban Tha Lo,น้ำแม่ตุ๋ย,บ่อแฮ้ว,เมือง,ลำปาง
2022-04-30,3.7,Ban Tha Pong Daeng,น้ำปาย,ผาบ่อง,เมือง,แม่ฮ่องสอน
2022-04-30,11.8,Ban Thung Nong,แม่น้ำยม,สระ,เชียงม่วน,พะเยา
2022-04-30,4,Ban Ton Yang,น้ำแม่ลาว,บัวสลี,แม่ลาว,เชียงราย
2022-04-30,13.1,Ban Wang Chin,แม่น้ำยม,วังชิ้น,วังชิ้น,แพร่
2022-04-30,4.5,Chedingam,น้ำอิง,ท่าวังทอง,เมือง,พะเยา
2022-04-30,6.8,In front of the Forestry Office,แม่น้ำน่าน,ในเวียง,เมือง,น่าน
2022-04-30,5.2,Mae Kham Lak Chet,น้ำแม่คำ,ศรีค้ำ,แม่จัน,เชียงราย
2022-04-30,2.4,Nam Mae Chaem,น้ำแม่แจ่ม,บ้านท่าข้าม,จอมทอง,เชียงใหม่
2022-04-30,5.2,Nawarat Bridge,แม่น้ำปิง,วัดเกต,เมือง,เชียงใหม่
2022-04-30,5.2,Nawarat Bridge,แม่น้ำปิง,วัดเกต,เมือง,เชียงใหม่
2022-04-30,4.3,Pracha Uthit Bridge,น้ำแม่กลาง,บ้านหลวง,จอมทอง,เชียงใหม่
2022-04-30,5.6,Romklao Cooperative House,น้ำแม่งัด,แม่แวน,พร้าว,เชียงใหม่
2022-04-30,4.1,Saphan Ban Khay,น้ำฝาง,แม่นาวาง,แม่อาย,เชียงใหม่
2022-04-30,5.5,Setuwaree Bridge,แม้น้ำวัง,เวียงเหนือ,เมือง,ลำปาง
2022-04-30,12.2,Tha Li Bridge,น้ำว้า,ขึ่ง,เวียงสา,น่าน
2022-04-30,8.1,Tha Nang Bridge,น้ำแม่กวง,ในเมือง,เมือง,ลำพูน
2022-04-30,3.6,Wang Phrao,น้ำแม่จาง,วังพร้าว,เกาะคา,ลำปาง
2022-05-01,4.986666667,Ban Pong,ห้วยโป่ง,บ้านโป่ง,งาว,ลำปาง
2022-05-02,4.956666667,Ban Pong,ห้วยโป่ง,บ้านโป่ง,งาว,ลำปาง
2022-05-03,4.92,Ban Pong,ห้วยโป่ง,บ้านโป่ง,งาว,ลำปาง
2022-05-04,4.893333333,Ban Pong,ห้วยโป่ง,บ้านโป่ง,งาว,ลำปาง
2022-05-05,4.89,Ban Pong,ห้วยโป่ง,บ้านโป่ง,งาว,ลำปาง
2022-05-06,4.893333333,Ban Pong,ห้วยโป่ง,บ้านโป่ง,งาว,ลำปาง
2022-05-07,4.903333333,Ban Pong,ห้วยโป่ง,บ้านโป่ง,งาว,ลำปาง
2022-05-08,4.926666667,Ban Pong,ห้วยโป่ง,บ้านโป่ง,งาว,ลำปาง
2022-05-09,4.993333333,Ban Pong,ห้วยโป่ง,บ้านโป่ง,งาว,ลำปาง
2022-05-10,4.95,Ban Pong,ห้วยโป่ง,บ้านโป่ง,งาว,ลำปาง
2022-05-11,4.9475,Ban Pong,ห้วยโป่ง,บ้านโป่ง,งาว,ลำปาง
2022-05-12,4.946666667,Ban Pong,ห้วยโป่ง,บ้านโป่ง,งาว,ลำปาง
2022-05-13,4.953333333,Ban Pong,ห้วยโป่ง,บ้านโป่ง,งาว,ลำปาง
2022-05-14,4.913333333,Ban Pong,ห้วยโป่ง,บ้านโป่ง,งาว,ลำปาง
2022-05-15,4.863333333,Ban Pong,ห้วยโป่ง,บ้านโป่ง,งาว,ลำปาง
2022-05-16,4.86,Ban Pong,ห้วยโป่ง,บ้านโป่ง,งาว,ลำปาง
2022-05-17,5.94,Ban Pong,ห้วยโป่ง,บ้านโป่ง,งาว,ลำปาง
2022-05-18,5.14,Ban Pong,ห้วยโป่ง,บ้านโป่ง,งาว,ลำปาง
2022-05-19,4.976666667,Ban Pong,ห้วยโป่ง,บ้านโป่ง,งาว,ลำปาง
2022-05-20,4.973333333,Ban Pong,ห้วยโป่ง,บ้านโป่ง,งาว,ลำปาง
2022-05-21,5.286666667,Ban Pong,ห้วยโป่ง,บ้านโป่ง,งาว,ลำปาง
2022-05-22,5.323333333,Ban Pong,ห้วยโป่ง,บ้านโป่ง,งาว,ลำปาง
2022-05-23,5.243333333,Ban Pong,ห้วยโป่ง,บ้านโป่ง,งาว,ลำปาง
2022-05-24,5.113333333,Ban Pong,ห้วยโป่ง,บ้านโป่ง,งาว,ลำปาง
2022-05-25,5.043333333,Ban Pong,ห้วยโป่ง,บ้านโป่ง,งาว,ลำปาง
2022-05-26,4.993333333,Ban Pong,ห้วยโป่ง,บ้านโป่ง,งาว,ลำปาง
2022-05-27,4.953333333,Ban Pong,ห้วยโป่ง,บ้านโป่ง,งาว,ลำปาง
2022-05-28,4.823333333,Ban Pong,ห้วยโป่ง,บ้านโป่ง,งาว,ลำปาง
2022-05-29,4.756666667,Ban Pong,ห้วยโป่ง,บ้านโป่ง,งาว,ลำปาง
2022-05-30,4.776666667,Ban Pong,ห้วยโป่ง,บ้านโป่ง,งาว,ลำปาง
2022-05-31,4.78,Ban Pong,ห้วยโป่ง,บ้านโป่ง,งาว,ลำปาง
2022-06-01,4.786666667,Ban Pong,ห้วยโป่ง,บ้านโป่ง,งาว,ลำปาง
2022-06-02,4.753333333,Ban Pong,ห้วยโป่ง,บ้านโป่ง,งาว,ลำปาง
2022-06-03,4.863333333,Ban Pong,ห้วยโป่ง,บ้านโป่ง,งาว,ลำปาง
2022-06-04,4.816666667,Ban Pong,ห้วยโป่ง,บ้านโป่ง,งาว,ลำปาง
2022-06-05,4.786666667,Ban Pong,ห้วยโป่ง,บ้านโป่ง,งาว,ลำปาง
2022-06-06,4.776666667,Ban Pong,ห้วยโป่ง,บ้านโป่ง,งาว,ลำปาง
2022-06-07,4.77,Ban Pong,ห้วยโป่ง,บ้านโป่ง,งาว,ลำปาง
2022-06-08,4.773333333,Ban Pong,ห้วยโป่ง,บ้านโป่ง,งาว,ลำปาง
2022-06-09,4.756,Ban Pong,ห้วยโป่ง,บ้านโป่ง,งาว,ลำปาง
2022-06-10,4.73,Ban Pong,ห้วยโป่ง,บ้านโป่ง,งาว,ลำปาง
2022-06-11,4.79,Ban Pong,ห้วยโป่ง,บ้านโป่ง,งาว,ลำปาง
2022-06-12,4.756666667,Ban Pong,ห้วยโป่ง,บ้านโป่ง,งาว,ลำปาง
2022-06-13,4.74,Ban Pong,ห้วยโป่ง,บ้านโป่ง,งาว,ลำปาง
2022-06-14,4.715,Ban Pong,ห้วยโป่ง,บ้านโป่ง,งาว,ลำปาง
2022-06-15,4.703333333,Ban Pong,ห้วยโป่ง,บ้านโป่ง,งาว,ลำปาง
2022-06-16,4.7,Ban Pong,ห้วยโป่ง,บ้านโป่ง,งาว,ลำปาง
2022-06-17,4.696666667,Ban Pong,ห้วยโป่ง,บ้านโป่ง,งาว,ลำปาง
2022-06-18,4.696666667,Ban Pong,ห้วยโป่ง,บ้านโป่ง,งาว,ลำปาง
2022-06-19,4.75,Ban Pong,ห้วยโป่ง,บ้านโป่ง,งาว,ลำปาง
2022-06-20,4.796666667,Ban Pong,ห้วยโป่ง,บ้านโป่ง,งาว,ลำปาง
2022-06-21,4.79,Ban Pong,ห้วยโป่ง,บ้านโป่ง,งาว,ลำปาง
2022-06-22,4.786666667,Ban Pong,ห้วยโป่ง,บ้านโป่ง,งาว,ลำปาง
2022-06-23,4.78,Ban Pong,ห้วยโป่ง,บ้านโป่ง,งาว,ลำปาง
2022-06-24,4.785,Ban Pong,ห้วยโป่ง,บ้านโป่ง,งาว,ลำปาง
2022-06-25,4.813333333,Ban Pong,ห้วยโป่ง,บ้านโป่ง,งาว,ลำปาง
2022-06-26,4.833333333,Ban Pong,ห้วยโป่ง,บ้านโป่ง,งาว,ลำปาง
2022-06-27,4.833333333,Ban Pong,ห้วยโป่ง,บ้านโป่ง,งาว,ลำปาง
2022-06-28,4.813333333,Ban Pong,ห้วยโป่ง,บ้านโป่ง,งาว,ลำปาง
2022-06-29,4.763333333,Ban Pong,ห้วยโป่ง,บ้านโป่ง,งาว,ลำปาง
2022-06-30,4.843333333,Ban Pong,ห้วยโป่ง,บ้านโป่ง,งาว,ลำปาง
2022-07-01,4.836666667,Ban Pong,ห้วยโป่ง,บ้านโป่ง,งาว,ลำปาง
2022-07-02,4.86,Ban Pong,ห้วยโป่ง,บ้านโป่ง,งาว,ลำปาง
2022-07-03,4.87,Ban Pong,ห้วยโป่ง,บ้านโป่ง,งาว,ลำปาง
2022-07-04,4.826666667,Ban Pong,ห้วยโป่ง,บ้านโป่ง,งาว,ลำปาง
2022-07-05,4.846666667,Ban Pong,ห้วยโป่ง,บ้านโป่ง,งาว,ลำปาง
2022-07-06,4.816666667,Ban Pong,ห้วยโป่ง,บ้านโป่ง,งาว,ลำปาง
2022-07-07,4.876666667,Ban Pong,ห้วยโป่ง,บ้านโป่ง,งาว,ลำปาง
2022-07-08,5.016666667,Ban Pong,ห้วยโป่ง,บ้านโป่ง,งาว,ลำปาง
2022-07-09,4.94,Ban Pong,ห้วยโป่ง,บ้านโป่ง,งาว,ลำปาง
2022-07-10,5.123333333,Ban Pong,ห้วยโป่ง,บ้านโป่ง,งาว,ลำปาง
2022-07-11,4.903333333,Ban Pong,ห้วยโป่ง,บ้านโป่ง,งาว,ลำปาง
2022-07-12,4.79,Ban Pong,ห้วยโป่ง,บ้านโป่ง,งาว,ลำปาง
2022-07-13,4.81,Ban Pong,ห้วยโป่ง,บ้านโป่ง,งาว,ลำปาง
2022-07-14,5.14,Ban Pong,ห้วยโป่ง,บ้านโป่ง,งาว,ลำปาง
2022-07-15,5.45,Ban Pong,ห้วยโป่ง,บ้านโป่ง,งาว,ลำปาง
2022-07-16,5.133333333,Ban Pong,ห้วยโป่ง,บ้านโป่ง,งาว,ลำปาง
2022-07-17,5.01,Ban Pong,ห้วยโป่ง,บ้านโป่ง,งาว,ลำปาง
2022-07-18,4.88,Ban Pong,ห้วยโป่ง,บ้านโป่ง,งาว,ลำปาง
2022-07-19,4.796666667,Ban Pong,ห้วยโป่ง,บ้านโป่ง,งาว,ลำปาง
2022-07-20,5.646666667,Ban Pong,ห้วยโป่ง,บ้านโป่ง,งาว,ลำปาง
2022-07-21,5.173333333,Ban Pong,ห้วยโป่ง,บ้านโป่ง,งาว,ลำปาง
2022-07-22,5.136666667,Ban Pong,ห้วยโป่ง,บ้านโป่ง,งาว,ลำปาง
2022-07-23,5.506666667,Ban Pong,ห้วยโป่ง,บ้านโป่ง,งาว,ลำปาง
2022-07-24,5.463333333,Ban Pong,ห้วยโป่ง,บ้านโป่ง,งาว,ลำปาง
2022-07-25,5.126666667,Ban Pong,ห้วยโป่ง,บ้านโป่ง,งาว,ลำปาง
2022-07-26,5.006666667,Ban Pong,ห้วยโป่ง,บ้านโป่ง,งาว,ลำปาง
2022-07-27,4.893333333,Ban Pong,ห้วยโป่ง,บ้านโป่ง,งาว,ลำปาง
2022-07-28,4.876666667,Ban Pong,ห้วยโป่ง,บ้านโป่ง,งาว,ลำปาง
2022-07-29,4.873333333,Ban Pong,ห้วยโป่ง,บ้านโป่ง,งาว,ลำปาง
2022-07-30,4.916666667,Ban Pong,ห้วยโป่ง,บ้านโป่ง,งาว,ลำปาง
2022-07-31,5.08,Ban Pong,ห้วยโป่ง,บ้านโป่ง,งาว,ลำปาง
2022-08-01,5.046666667,Ban Pong,ห้วยโป่ง,บ้านโป่ง,งาว,ลำปาง
2022-08-02,4.946666667,Ban Pong,ห้วยโป่ง,บ้านโป่ง,งาว,ลำปาง
2022-08-03,4.943333333,Ban Pong,ห้วยโป่ง,บ้านโป่ง,งาว,ลำปาง
2022-08-04,4.963333333,Ban Pong,ห้วยโป่ง,บ้านโป่ง,งาว,ลำปาง
2022-08-05,5.18,Ban Pong,ห้วยโป่ง,บ้านโป่ง,งาว,ลำปาง
2022-08-06,5.036666667,Ban Pong,ห้วยโป่ง,บ้านโป่ง,งาว,ลำปาง
2022-08-07,5.036666667,Ban Pong,ห้วยโป่ง,บ้านโป่ง,งาว,ลำปาง
2022-08-08,5.5325,Ban Pong,ห้วยโป่ง,บ้านโป่ง,งาว,ลำปาง
2022-08-09,5.63,Ban Pong,ห้วยโป่ง,บ้านโป่ง,งาว,ลำปาง
2022-08-10,5.47,Ban Pong,ห้วยโป่ง,บ้านโป่ง,งาว,ลำปาง
2022-08-11,5.29,Ban Pong,ห้วยโป่ง,บ้านโป่ง,งาว,ลำปาง
2022-08-12,5.926666667,Ban Pong,ห้วยโป่ง,บ้านโป่ง,งาว,ลำปาง
2022-08-13,5.346666667,Ban Pong,ห้วยโป่ง,บ้านโป่ง,งาว,ลำปาง
2022-08-14,5.213333333,Ban Pong,ห้วยโป่ง,บ้านโป่ง,งาว,ลำปาง
2022-08-15,5.186666667,Ban Pong,ห้วยโป่ง,บ้านโป่ง,งาว,ลำปาง
2022-08-16,5.293333333,Ban Pong,ห้วยโป่ง,บ้านโป่ง,งาว,ลำปาง
2022-08-17,5.196666667,Ban Pong,ห้วยโป่ง,บ้านโป่ง,งาว,ลำปาง
2022-08-18,5.183333333,Ban Pong,ห้วยโป่ง,บ้านโป่ง,งาว,ลำปาง
2022-08-19,5.0825,Ban Pong,ห้วยโป่ง,บ้านโป่ง,งาว,ลำปาง
2022-08-20,5.03,Ban Pong,ห้วยโป่ง,บ้านโป่ง,งาว,ลำปาง
2022-08-21,5.235,Ban Pong,ห้วยโป่ง,บ้านโป่ง,งาว,ลำปาง
2022-08-22,5.55,Ban Pong,ห้วยโป่ง,บ้านโป่ง,งาว,ลำปาง
2022-08-23,5.2,Ban Pong,ห้วยโป่ง,บ้านโป่ง,งาว,ลำปาง
2022-08-24,5.0225,Ban Pong,ห้วยโป่ง,บ้านโป่ง,งาว,ลำปาง
2022-08-25,5.976666667,Ban Pong,ห้วยโป่ง,บ้านโป่ง,งาว,ลำปาง
2022-08-26,5.326666667,Ban Pong,ห้วยโป่ง,บ้านโป่ง,งาว,ลำปาง
2022-08-27,5.15,Ban Pong,ห้วยโป่ง,บ้านโป่ง,งาว,ลำปาง
2022-08-28,5.076666667,Ban Pong,ห้วยโป่ง,บ้านโป่ง,งาว,ลำปาง
2022-08-29,5.043333333,Ban Pong,ห้วยโป่ง,บ้านโป่ง,งาว,ลำปาง
2022-08-30,4.97,Ban Pong,ห้วยโป่ง,บ้านโป่ง,งาว,ลำปาง
2022-08-31,4.906666667,Ban Pong,ห้วยโป่ง,บ้านโป่ง,งาว,ลำปาง
2022-09-01,3,Ban Chiang Dao,แม่น้ำปิง,เชียงดาว,เชียงดาว,เชียงใหม่
2022-09-01,5,Ban Chor Lae,แม่น้ำปิง,ช่อแล,แม่แตง,เชียงใหม่
2022-09-01,5.6,Ban Don Chai,แม่น้ำวัง,ล้อมแรด,เถิน,ลำปาง
2022-09-01,6.2,Ban Don Mun,แม่น้ำวัง,บ้านแลง,เมือง,ลำปาง
2022-09-01,5.3,Ban Don Sali,น้ำแม่ลาว,ป่าแดด,แม่สรวย,เชียงราย
2022-09-01,6.2,Ban Hai,แม่น้ำวัง,ปงดอน,แจ้ห่ม,ลำปาง
2022-09-01,4.1,Ban Hong,น้ำแม่ออน,ร้องวัวแดง,สันกำแพง,เชียงใหม่
2022-09-01,3,Ban Hua Sapan,น้ำแม่จัน,ป่าซาง,แม่จัน,เชียงราย
2022-09-01,6.2,Ban Huai Pa Sang,น้ำแม่แตง,กึ๊ดช้าง,แม่แตง,เชียงใหม่
2022-09-01,10.9,Ban Huai Sak,แม่น้ำยม,เตาปูน,สอง,แพร่
2022-09-01,2.6,Ban Klang,น้ำแม่ขาน,บ้านกลาง,สันป่าตอง,เชียงใหม่
2022-09-01,6.8,Ban Klang,น้ำแม่ขาน,บ้านกลาง,สันป่าตอง,เชียงใหม่
2022-09-01,3.7,Ban Ko Kha,แม่น้ำวัง,ศาลา,เกาะคา,ลำปาง
2022-09-01,6.2,Ban Kok Tong,แม่น้ำกก,รอบเวียง,เมือง,เชียงราย
2022-09-01,5,Ban Krariang Tung Phrao,น้ำแม่สรวย,วาวี,แม่สรวย,เชียงราย
2022-09-01,3.5,Ban Lai Kaeo,น้ำแม่ลี้,ศรีเตี้ย,บ้านโฮ่ง,ลำพูน
2022-09-01,6.8,Ban Luang,น้ำแม่ตื่น,ยางเปียง,อมก๋อย,เชียงใหม่
2022-09-01,7.8,Ban Luang Nuea,น้ำงาว,หลวงใต้,งาว,ลำปาง
2022-09-01,7,Ban Mae E Hi,น้ำแม่ลี้,ศรีวิชัย,ลี้,ลำพูน
2022-09-01,5.4,Ban Mae Kha Bridge,น้ำฝาง,แม่ข่า,ฝาง,เชียงใหม่
2022-09-01,7.4,Ban Mae Khom Mi Tamnak Tham,น้ำแม่คำมี,ตำหนักธรรม,หนองม่วงไข่,แพร่
2022-09-01,6.4,Ban Mae Lai,น้ำแม่หล่าย,แม่หล่าย,เมือง,แพร่
2022-09-01,3.8,Ban Mae Tae,แม่น้ำปิง,แม่แฝกเก่า,สันทราย,เชียงใหม่
2022-09-01,3.3,Ban Mae Taeng,แม่น้ำแตง,สันมหาพล,แม่แตง,เชียงใหม่
2022-09-01,3.9,Ban Mae Wan,น้ำแม่กวง,ป่าเมี่ยง,ดอยสะเก็ด,เชียงใหม่
2022-09-01,7.4,Ban Mai Rim Fang,น้ำฝาง,เวียงฝาง,ฝาง,เชียงใหม่
2022-09-01,7.8,Ban Mang,น้ำปี้,มาง,เชียงม่วน,พะเยา
2022-09-01,6.7,Ban Muang Pok,น้ำแม่แตง,เปียงหลวง,เวียงแหง,เชียงใหม่
2022-09-01,5.1,Ban Mueang Kuet,น้ำแม่แตง,กึ๊ดช้าง,แม่แตง,เชียงใหม่
2022-09-01,2.9,Ban Mueang Mai,ห้วยแม่ต๋า,เมืองมาย,แจ้ห่ม,ลำปาง
2022-09-01,4.9,Ban Mueang Pha,น้ำแม่ริม,ริมเหนือ,แม่ริม,เชียงใหม่
2022-09-01,6.1,Ban Nam Ing,น้ำอิง,ต้า,ขุนตาล,เชียงราย
2022-09-01,10.8,Ban Nam Khong,แม่น้ำยม,ป่าแมต,เมือง,แพร่
2022-09-01,5.9,Ban Nam Yao,น้ำยาว,อวน,ปัว,น่าน
2022-09-01,1.1,Ban Nong Daeng,แม่น้ำน่าน,เปือ,เชียงกลาง,น่าน
2022-09-01,1.9,Ban Nong Naw,น้ำแม่สอย,แจ้ห่ม,แจ้ห่ม,ลำปาง
2022-09-01,4.9,Ban Nong Pham,น้ำแม่ลาว,แม่สรวย,แม่สรวย,เชียงราย
2022-09-01,7.4,Ban Pa Kha,น้ำควร,ควร,ปง,พะเยา
2022-09-01,9.6,Ban Pa Khoi Tai,แม่น้ำปิง,สันผีเสื้อ,เมือง,เชียงใหม่
2022-09-01,6.3,Ban Pa Sang,น้ำแม่ทา,ป่าซาง,ป่าซาง,ลำพูน
2022-09-01,1.5,Ban Pang Rimkorn,น้ำแม่กรณ์,แม่กรณ์,เมือง,เชียงราย
2022-09-01,6.2,Ban Pang Sa,ห้วยน้ำยาว,ผาทอง,ท่าวังผา,น่าน
2022-09-01,11.7,Ban Pha Khwang,แม่น้ำน่าน,บ่อ,เมือง,น่าน
2022-09-01,8.2,Ban Phai Ngarm,แม่น้ำน่าน,ส้าน,เวียงสา,น่าน
2022-09-01,4.6,Ban Phan Ton,น้ำแม่วาง,ทุ่งปี้,แม่วาง,เชียงใหม่
2022-09-01,5,Ban Phi Tai,น้ำปี้,บ้านพี้,บ้านหลวง,น่าน
2022-09-01,3.1,Ban Phu Yaeng,น้ำมวบ,ดู่พงษ์,สันติสุข,น่าน
2022-09-01,7.7,Ban Pong,น้ำแม่กวง,บวกค้าง,สันกำแพง,เชียงใหม่
2022-09-01,8.8,Ban Pong,น้ำแม่กวง,บวกค้าง,สันกำแพง,เชียงใหม่
2022-09-01,4.906666667,Ban Pong,ห้วยโป่ง,บ้านโป่ง,งาว,ลำปาง
2022-09-01,5.2,Ban Rong Kho,แม่น้ำวัง,ร่องเคาะ,วังเหนือ,ลำปาง
2022-09-01,3.5,Ban Saluang Nok,น้ำแม่ริม,สลวง,แม่ริม,เชียงใหม่
2022-09-01,6.5,Ban San Pu Loei,น้ำแม่ขอด,โหล่งขอด,พร้าว,เชียงใหม่
2022-09-01,7.3,Ban Singpotin,น้ำแม่ลาย,ป่าเมี่ยง,ดอยสะเก็ด,เชียงใหม่
2022-09-01,8.9,Ban Sob Soi,แม่น้ำปิง,แม่สอย,จอมทอง,เชียงใหม่
2022-09-01,5.9,Ban Sop Mae Sapoot,แม่น้ำแม่ทา,ทาสบเส้า,แม่ทา,ลำพูน
2022-09-01,9.9,Ban Sop Pae,แม่น้ำปิง,สบแปะ,จอมทอง,เชียงใหม่
2022-09-01,7.1,Ban Sop Prap,แม่น้ำวัง,สบปราบ,สบปราบ,ลำปาง
2022-09-01,6.4,Ban Sop Tam,น้ำแม่ต่ำ,เกาะคา,เกาะคา,ลำปาง
2022-09-01,4.6,Ban Sop Win,น้ำแม่วาง,แม่วิน,แม่วาง,เชียงใหม่
2022-09-01,8.2,Ban Tha Duea,แม่น้ำวัง,พิชัย,เมือง,ลำปาง
2022-09-01,5.5,Ban Tha Lo,น้ำแม่ตุ๋ย,บ่อแฮ้ว,เมือง,ลำปาง
2022-09-01,5,Ban Tha Pong Daeng,น้ำปาย,ผาบ่อง,เมือง,แม่ฮ่องสอน
2022-09-01,13.2,Ban Thung Nong,แม่น้ำยม,สระ,เชียงม่วน,พะเยา
2022-09-01,5.6,Ban Ton Yang,น้ำแม่ลาว,บัวสลี,แม่ลาว,เชียงราย
2022-09-01,15.1,Ban Wang Chin,แม่น้ำยม,วังชิ้น,วังชิ้น,แพร่
2022-09-01,5.8,Chedingam,น้ำอิง,ท่าวังทอง,เมือง,พะเยา
2022-09-01,8.5,In front of the Forestry Office,แม่น้ำน่าน,ในเวียง,เมือง,น่าน
2022-09-01,6.5,Mae Kham Lak Chet,น้ำแม่คำ,ศรีค้ำ,แม่จัน,เชียงราย
2022-09-01,3.4,Nam Mae Chaem,น้ำแม่แจ่ม,บ้านท่าข้าม,จอมทอง,เชียงใหม่
2022-09-01,5.5,Nawarat Bridge,แม่น้ำปิง,วัดเกต,เมือง,เชียงใหม่
2022-09-01,5.5,Nawarat Bridge,แม่น้ำปิง,วัดเกต,เมือง,เชียงใหม่
2022-09-01,4.8,Pracha Uthit Bridge,น้ำแม่กลาง,บ้านหลวง,จอมทอง,เชียงใหม่
2022-09-01,6,Romklao Cooperative House,น้ำแม่งัด,แม่แวน,พร้าว,เชียงใหม่
2022-09-01,6.1,Saphan Ban Khay,น้ำฝาง,แม่นาวาง,แม่อาย,เชียงใหม่
2022-09-01,5.2,Setuwaree Bridge,แม้น้ำวัง,เวียงเหนือ,เมือง,ลำปาง
2022-09-01,13.6,Tha Li Bridge,น้ำว้า,ขึ่ง,เวียงสา,น่าน
2022-09-01,7.7,Tha Nang Bridge,น้ำแม่กวง,ในเมือง,เมือง,ลำพูน
2022-09-01,4,Wang Phrao,น้ำแม่จาง,วังพร้าว,เกาะคา,ลำปาง
2022-09-02,2.9,Ban Chiang Dao,แม่น้ำปิง,เชียงดาว,เชียงดาว,เชียงใหม่
2022-09-02,4.8,Ban Chor Lae,แม่น้ำปิง,ช่อแล,แม่แตง,เชียงใหม่
2022-09-02,5.4,Ban Don Chai,แม่น้ำวัง,ล้อมแรด,เถิน,ลำปาง
2022-09-02,6.2,Ban Don Mun,แม่น้ำวัง,บ้านแลง,เมือง,ลำปาง
2022-09-02,5.2,Ban Don Sali,น้ำแม่ลาว,ป่าแดด,แม่สรวย,เชียงราย
2022-09-02,6.2,Ban Hai,แม่น้ำวัง,ปงดอน,แจ้ห่ม,ลำปาง
2022-09-02,4.1,Ban Hong,น้ำแม่ออน,ร้องวัวแดง,สันกำแพง,เชียงใหม่
2022-09-02,3,Ban Hua Sapan,น้ำแม่จัน,ป่าซาง,แม่จัน,เชียงราย
2022-09-02,6.4,Ban Huai Pa Sang,น้ำแม่แตง,กึ๊ดช้าง,แม่แตง,เชียงใหม่
2022-09-02,10.5,Ban Huai Sak,แม่น้ำยม,เตาปูน,สอง,แพร่
2022-09-02,2.5,Ban Klang,น้ำแม่ขาน,บ้านกลาง,สันป่าตอง,เชียงใหม่
2022-09-02,6.7,Ban Klang,น้ำแม่ขาน,บ้านกลาง,สันป่าตอง,เชียงใหม่
2022-09-02,3.6,Ban Ko Kha,แม่น้ำวัง,ศาลา,เกาะคา,ลำปาง
2022-09-02,6.2,Ban Kok Tong,แม่น้ำกก,รอบเวียง,เมือง,เชียงราย
2022-09-02,4.8,Ban Krariang Tung Phrao,น้ำแม่สรวย,วาวี,แม่สรวย,เชียงราย
2022-09-02,3.4,Ban Lai Kaeo,น้ำแม่ลี้,ศรีเตี้ย,บ้านโฮ่ง,ลำพูน
2022-09-02,6.9,Ban Luang,น้ำแม่ตื่น,ยางเปียง,อมก๋อย,เชียงใหม่
2022-09-02,7.7,Ban Luang Nuea,น้ำงาว,หลวงใต้,งาว,ลำปาง
2022-09-02,7,Ban Mae E Hi,น้ำแม่ลี้,ศรีวิชัย,ลี้,ลำพูน
2022-09-02,5.4,Ban Mae Kha Bridge,น้ำฝาง,แม่ข่า,ฝาง,เชียงใหม่
2022-09-02,7.4,Ban Mae Khom Mi Tamnak Tham,น้ำแม่คำมี,ตำหนักธรรม,หนองม่วงไข่,แพร่
2022-09-02,6.3,Ban Mae Lai,น้ำแม่หล่าย,แม่หล่าย,เมือง,แพร่
2022-09-02,3.7,Ban Mae Tae,แม่น้ำปิง,แม่แฝกเก่า,สันทราย,เชียงใหม่
2022-09-02,3.4,Ban Mae Taeng,แม่น้ำแตง,สันมหาพล,แม่แตง,เชียงใหม่
2022-09-02,3.9,Ban Mae Wan,น้ำแม่กวง,ป่าเมี่ยง,ดอยสะเก็ด,เชียงใหม่
2022-09-02,7.4,Ban Mai Rim Fang,น้ำฝาง,เวียงฝาง,ฝาง,เชียงใหม่
2022-09-02,7.6,Ban Mang,น้ำปี้,มาง,เชียงม่วน,พะเยา
2022-09-02,6.7,Ban Muang Pok,น้ำแม่แตง,เปียงหลวง,เวียงแหง,เชียงใหม่
2022-09-02,5.1,Ban Mueang Kuet,น้ำแม่แตง,กึ๊ดช้าง,แม่แตง,เชียงใหม่
2022-09-02,2.9,Ban Mueang Mai,ห้วยแม่ต๋า,เมืองมาย,แจ้ห่ม,ลำปาง
2022-09-02,4.9,Ban Mueang Pha,น้ำแม่ริม,ริมเหนือ,แม่ริม,เชียงใหม่
2022-09-02,6,Ban Nam Ing,น้ำอิง,ต้า,ขุนตาล,เชียงราย
2022-09-02,11.6,Ban Nam Khong,แม่น้ำยม,ป่าแมต,เมือง,แพร่
2022-09-02,5.9,Ban Nam Yao,น้ำยาว,อวน,ปัว,น่าน
2022-09-02,0.9,Ban Nong Daeng,แม่น้ำน่าน,เปือ,เชียงกลาง,น่าน
2022-09-02,1.8,Ban Nong Naw,น้ำแม่สอย,แจ้ห่ม,แจ้ห่ม,ลำปาง
2022-09-02,4.8,Ban Nong Pham,น้ำแม่ลาว,แม่สรวย,แม่สรวย,เชียงราย
2022-09-02,7.4,Ban Pa Kha,น้ำควร,ควร,ปง,พะเยา
2022-09-02,9.5,Ban Pa Khoi Tai,แม่น้ำปิง,สันผีเสื้อ,เมือง,เชียงใหม่
2022-09-02,5.8,Ban Pa Sang,น้ำแม่ทา,ป่าซาง,ป่าซาง,ลำพูน
2022-09-02,1.4,Ban Pang Rimkorn,น้ำแม่กรณ์,แม่กรณ์,เมือง,เชียงราย
2022-09-02,6.1,Ban Pang Sa,ห้วยน้ำยาว,ผาทอง,ท่าวังผา,น่าน
2022-09-02,11.5,Ban Pha Khwang,แม่น้ำน่าน,บ่อ,เมือง,น่าน
2022-09-02,8.2,Ban Phai Ngarm,แม่น้ำน่าน,ส้าน,เวียงสา,น่าน
2022-09-02,4.5,Ban Phan Ton,น้ำแม่วาง,ทุ่งปี้,แม่วาง,เชียงใหม่
2022-09-02,5,Ban Phi Tai,น้ำปี้,บ้านพี้,บ้านหลวง,น่าน
2022-09-02,3.1,Ban Phu Yaeng,น้ำมวบ,ดู่พงษ์,สันติสุข,น่าน
2022-09-02,7.6,Ban Pong,น้ำแม่กวง,บวกค้าง,สันกำแพง,เชียงใหม่
2022-09-02,8.8,Ban Pong,น้ำแม่กวง,บวกค้าง,สันกำแพง,เชียงใหม่
2022-09-02,4.883333333,Ban Pong,ห้วยโป่ง,บ้านโป่ง,งาว,ลำปาง
2022-09-02,5.2,Ban Rong Kho,แม่น้ำวัง,ร่องเคาะ,วังเหนือ,ลำปาง
2022-09-02,6.5,Ban Rong Khun,น้ำแม่ลาว,ป่าอ้อดอนชัย,เมือง,เชียงราย
2022-09-02,3.5,Ban Saluang Nok,น้ำแม่ริม,สลวง,แม่ริม,เชียงใหม่
2022-09-02,6.4,Ban San Pu Loei,น้ำแม่ขอด,โหล่งขอด,พร้าว,เชียงใหม่
2022-09-02,7.3,Ban Singpotin,น้ำแม่ลาย,ป่าเมี่ยง,ดอยสะเก็ด,เชียงใหม่
2022-09-02,9,Ban Sob Soi,แม่น้ำปิง,แม่สอย,จอมทอง,เชียงใหม่
2022-09-02,5.7,Ban Sop Mae Sapoot,แม่น้ำแม่ทา,ทาสบเส้า,แม่ทา,ลำพูน
2022-09-02,9.9,Ban Sop Pae,แม่น้ำปิง,สบแปะ,จอมทอง,เชียงใหม่
2022-09-02,6.9,Ban Sop Prap,แม่น้ำวัง,สบปราบ,สบปราบ,ลำปาง
2022-09-02,6.3,Ban Sop Tam,น้ำแม่ต่ำ,เกาะคา,เกาะคา,ลำปาง
2022-09-02,4.6,Ban Sop Win,น้ำแม่วาง,แม่วิน,แม่วาง,เชียงใหม่
2022-09-02,8.3,Ban Tha Duea,แม่น้ำวัง,พิชัย,เมือง,ลำปาง
2022-09-02,5.5,Ban Tha Lo,น้ำแม่ตุ๋ย,บ่อแฮ้ว,เมือง,ลำปาง
2022-09-02,5.2,Ban Tha Pong Daeng,น้ำปาย,ผาบ่อง,เมือง,แม่ฮ่องสอน
2022-09-02,13.1,Ban Thung Nong,แม่น้ำยม,สระ,เชียงม่วน,พะเยา
2022-09-02,5.5,Ban Ton Yang,น้ำแม่ลาว,บัวสลี,แม่ลาว,เชียงราย
2022-09-02,16.5,Ban Wang Chin,แม่น้ำยม,วังชิ้น,วังชิ้น,แพร่
2022-09-02,5.7,Chedingam,น้ำอิง,ท่าวังทอง,เมือง,พะเยา
2022-09-02,8.4,In front of the Forestry Office,แม่น้ำน่าน,ในเวียง,เมือง,น่าน
2022-09-02,6.4,Mae Kham Lak Chet,น้ำแม่คำ,ศรีค้ำ,แม่จัน,เชียงราย
2022-09-02,3.4,Nam Mae Chaem,น้ำแม่แจ่ม,บ้านท่าข้าม,จอมทอง,เชียงใหม่
2022-09-02,5.5,Nawarat Bridge,แม่น้ำปิง,วัดเกต,เมือง,เชียงใหม่
2022-09-02,5.5,Nawarat Bridge,แม่น้ำปิง,วัดเกต,เมือง,เชียงใหม่
2022-09-02,4.7,Pracha Uthit Bridge,น้ำแม่กลาง,บ้านหลวง,จอมทอง,เชียงใหม่
2022-09-02,6,Romklao Cooperative House,น้ำแม่งัด,แม่แวน,พร้าว,เชียงใหม่
2022-09-02,6.1,Saphan Ban Khay,น้ำฝาง,แม่นาวาง,แม่อาย,เชียงใหม่
2022-09-02,5.2,Setuwaree Bridge,แม้น้ำวัง,เวียงเหนือ,เมือง,ลำปาง
2022-09-02,13.5,Tha Li Bridge,น้ำว้า,ขึ่ง,เวียงสา,น่าน
2022-09-02,7.6,Tha Nang Bridge,น้ำแม่กวง,ในเมือง,เมือง,ลำพูน
2022-09-02,4,Wang Phrao,น้ำแม่จาง,วังพร้าว,เกาะคา,ลำปาง
2022-09-03,2.9,Ban Chiang Dao,แม่น้ำปิง,เชียงดาว,เชียงดาว,เชียงใหม่
2022-09-03,4.6,Ban Chor Lae,แม่น้ำปิง,ช่อแล,แม่แตง,เชียงใหม่
2022-09-03,5.3,Ban Don Chai,แม่น้ำวัง,ล้อมแรด,เถิน,ลำปาง
2022-09-03,6.1,Ban Don Mun,แม่น้ำวัง,บ้านแลง,เมือง,ลำปาง
2022-09-03,5.2,Ban Don Sali,น้ำแม่ลาว,ป่าแดด,แม่สรวย,เชียงราย
2022-09-03,6.2,Ban Hai,แม่น้ำวัง,ปงดอน,แจ้ห่ม,ลำปาง
2022-09-03,4.1,Ban Hong,น้ำแม่ออน,ร้องวัวแดง,สันกำแพง,เชียงใหม่
2022-09-03,2.9,Ban Hua Sapan,น้ำแม่จัน,ป่าซาง,แม่จัน,เชียงราย
2022-09-03,6.3,Ban Huai Pa Sang,น้ำแม่แตง,กึ๊ดช้าง,แม่แตง,เชียงใหม่
2022-09-03,10.3,Ban Huai Sak,แม่น้ำยม,เตาปูน,สอง,แพร่
2022-09-03,1.8,Ban Klang,น้ำแม่ขาน,บ้านกลาง,สันป่าตอง,เชียงใหม่
2022-09-03,6.6,Ban Klang,น้ำแม่ขาน,บ้านกลาง,สันป่าตอง,เชียงใหม่
2022-09-03,3.8,Ban Ko Kha,แม่น้ำวัง,ศาลา,เกาะคา,ลำปาง
2022-09-03,6.1,Ban Kok Tong,แม่น้ำกก,รอบเวียง,เมือง,เชียงราย
2022-09-03,4.8,Ban Krariang Tung Phrao,น้ำแม่สรวย,วาวี,แม่สรวย,เชียงราย
2022-09-03,3.4,Ban Lai Kaeo,น้ำแม่ลี้,ศรีเตี้ย,บ้านโฮ่ง,ลำพูน
2022-09-03,7,Ban Luang,น้ำแม่ตื่น,ยางเปียง,อมก๋อย,เชียงใหม่
2022-09-03,7.7,Ban Luang Nuea,น้ำงาว,หลวงใต้,งาว,ลำปาง
2022-09-03,7,Ban Mae E Hi,น้ำแม่ลี้,ศรีวิชัย,ลี้,ลำพูน
2022-09-03,5.3,Ban Mae Kha Bridge,น้ำฝาง,แม่ข่า,ฝาง,เชียงใหม่
2022-09-03,7.3,Ban Mae Khom Mi Tamnak Tham,น้ำแม่คำมี,ตำหนักธรรม,หนองม่วงไข่,แพร่
2022-09-03,6.3,Ban Mae Lai,น้ำแม่หล่าย,แม่หล่าย,เมือง,แพร่
2022-09-03,3.5,Ban Mae Tae,แม่น้ำปิง,แม่แฝกเก่า,สันทราย,เชียงใหม่
2022-09-03,3.3,Ban Mae Taeng,แม่น้ำแตง,สันมหาพล,แม่แตง,เชียงใหม่
2022-09-03,3.9,Ban Mae Wan,น้ำแม่กวง,ป่าเมี่ยง,ดอยสะเก็ด,เชียงใหม่
2022-09-03,7.3,Ban Mai Rim Fang,น้ำฝาง,เวียงฝาง,ฝาง,เชียงใหม่
2022-09-03,7.6,Ban Mang,น้ำปี้,มาง,เชียงม่วน,พะเยา
2022-09-03,6.7,Ban Muang Pok,น้ำแม่แตง,เปียงหลวง,เวียงแหง,เชียงใหม่
2022-09-03,4.8,Ban Mueang Kuet,น้ำแม่แตง,กึ๊ดช้าง,แม่แตง,เชียงใหม่
2022-09-03,2.8,Ban Mueang Mai,ห้วยแม่ต๋า,เมืองมาย,แจ้ห่ม,ลำปาง
2022-09-03,4.8,Ban Mueang Pha,น้ำแม่ริม,ริมเหนือ,แม่ริม,เชียงใหม่
2022-09-03,5.8,Ban Nam Ing,น้ำอิง,ต้า,ขุนตาล,เชียงราย
2022-09-03,10.3,Ban Nam Khong,แม่น้ำยม,ป่าแมต,เมือง,แพร่
2022-09-03,5.9,Ban Nam Yao,น้ำยาว,อวน,ปัว,น่าน
2022-09-03,0.9,Ban Nong Daeng,แม่น้ำน่าน,เปือ,เชียงกลาง,น่าน
2022-09-03,1.8,Ban Nong Naw,น้ำแม่สอย,แจ้ห่ม,แจ้ห่ม,ลำปาง
2022-09-03,4.8,Ban Nong Pham,น้ำแม่ลาว,แม่สรวย,แม่สรวย,เชียงราย
2022-09-03,7.4,Ban Pa Kha,น้ำควร,ควร,ปง,พะเยา
2022-09-03,9.3,Ban Pa Khoi Tai,แม่น้ำปิง,สันผีเสื้อ,เมือง,เชียงใหม่
2022-09-03,5.5,Ban Pa Sang,น้ำแม่ทา,ป่าซาง,ป่าซาง,ลำพูน
2022-09-03,1.3,Ban Pang Rimkorn,น้ำแม่กรณ์,แม่กรณ์,เมือง,เชียงราย
2022-09-03,6.1,Ban Pang Sa,ห้วยน้ำยาว,ผาทอง,ท่าวังผา,น่าน
2022-09-03,11.6,Ban Pha Khwang,แม่น้ำน่าน,บ่อ,เมือง,น่าน
2022-09-03,8,Ban Phai Ngarm,แม่น้ำน่าน,ส้าน,เวียงสา,น่าน
2022-09-03,4.6,Ban Phan Ton,น้ำแม่วาง,ทุ่งปี้,แม่วาง,เชียงใหม่
2022-09-03,5,Ban Phi Tai,น้ำปี้,บ้านพี้,บ้านหลวง,น่าน
2022-09-03,3.1,Ban Phu Yaeng,น้ำมวบ,ดู่พงษ์,สันติสุข,น่าน
2022-09-03,7.3,Ban Pong,น้ำแม่กวง,บวกค้าง,สันกำแพง,เชียงใหม่
2022-09-03,8.8,Ban Pong,น้ำแม่กวง,บวกค้าง,สันกำแพง,เชียงใหม่
2022-09-03,4.863333333,Ban Pong,ห้วยโป่ง,บ้านโป่ง,งาว,ลำปาง
2022-09-03,4.9,Ban Rong Kho,แม่น้ำวัง,ร่องเคาะ,วังเหนือ,ลำปาง
2022-09-03,3.5,Ban Saluang Nok,น้ำแม่ริม,สลวง,แม่ริม,เชียงใหม่
2022-09-03,6.5,Ban San Pu Loei,น้ำแม่ขอด,โหล่งขอด,พร้าว,เชียงใหม่
2022-09-03,7.3,Ban Singpotin,น้ำแม่ลาย,ป่าเมี่ยง,ดอยสะเก็ด,เชียงใหม่
2022-09-03,9,Ban Sob Soi,แม่น้ำปิง,แม่สอย,จอมทอง,เชียงใหม่
2022-09-03,5.6,Ban Sop Mae Sapoot,แม่น้ำแม่ทา,ทาสบเส้า,แม่ทา,ลำพูน
2022-09-03,9.8,Ban Sop Pae,แม่น้ำปิง,สบแปะ,จอมทอง,เชียงใหม่
2022-09-03,7,Ban Sop Prap,แม่น้ำวัง,สบปราบ,สบปราบ,ลำปาง
2022-09-03,6.5,Ban Sop Tam,น้ำแม่ต่ำ,เกาะคา,เกาะคา,ลำปาง
2022-09-03,4.7,Ban Sop Win,น้ำแม่วาง,แม่วิน,แม่วาง,เชียงใหม่
2022-09-03,9.1,Ban Tha Duea,แม่น้ำวัง,พิชัย,เมือง,ลำปาง
2022-09-03,5.5,Ban Tha Lo,น้ำแม่ตุ๋ย,บ่อแฮ้ว,เมือง,ลำปาง
2022-09-03,4.9,Ban Tha Pong Daeng,น้ำปาย,ผาบ่อง,เมือง,แม่ฮ่องสอน
2022-09-03,13,Ban Thung Nong,แม่น้ำยม,สระ,เชียงม่วน,พะเยา
2022-09-03,5.5,Ban Ton Yang,น้ำแม่ลาว,บัวสลี,แม่ลาว,เชียงราย
2022-09-03,16.3,Ban Wang Chin,แม่น้ำยม,วังชิ้น,วังชิ้น,แพร่
2022-09-03,5.7,Chedingam,น้ำอิง,ท่าวังทอง,เมือง,พะเยา
2022-09-03,8.4,In front of the Forestry Office,แม่น้ำน่าน,ในเวียง,เมือง,น่าน
2022-09-03,6.4,Mae Kham Lak Chet,น้ำแม่คำ,ศรีค้ำ,แม่จัน,เชียงราย
2022-09-03,3.4,Nam Mae Chaem,น้ำแม่แจ่ม,บ้านท่าข้าม,จอมทอง,เชียงใหม่
2022-09-03,5.4,Nawarat Bridge,แม่น้ำปิง,วัดเกต,เมือง,เชียงใหม่
2022-09-03,5.4,Nawarat Bridge,แม่น้ำปิง,วัดเกต,เมือง,เชียงใหม่
2022-09-03,4.7,Pracha Uthit Bridge,น้ำแม่กลาง,บ้านหลวง,จอมทอง,เชียงใหม่
2022-09-03,6,Romklao Cooperative House,น้ำแม่งัด,แม่แวน,พร้าว,เชียงใหม่
2022-09-03,6,Saphan Ban Khay,น้ำฝาง,แม่นาวาง,แม่อาย,เชียงใหม่
2022-09-03,5.9,Setuwaree Bridge,แม้น้ำวัง,เวียงเหนือ,เมือง,ลำปาง
2022-09-03,13.7,Tha Li Bridge,น้ำว้า,ขึ่ง,เวียงสา,น่าน
2022-09-03,7.5,Tha Nang Bridge,น้ำแม่กวง,ในเมือง,เมือง,ลำพูน
2022-09-03,4,Wang Phrao,น้ำแม่จาง,วังพร้าว,เกาะคา,ลำปาง
2022-09-04,2.9,Ban Chiang Dao,แม่น้ำปิง,เชียงดาว,เชียงดาว,เชียงใหม่
2022-09-04,4.6,Ban Chor Lae,แม่น้ำปิง,ช่อแล,แม่แตง,เชียงใหม่
2022-09-04,5.6,Ban Don Chai,แม่น้ำวัง,ล้อมแรด,เถิน,ลำปาง
2022-09-04,6.1,Ban Don Mun,แม่น้ำวัง,บ้านแลง,เมือง,ลำปาง
2022-09-04,5.1,Ban Don Sali,น้ำแม่ลาว,ป่าแดด,แม่สรวย,เชียงราย
2022-09-04,6.3,Ban Hai,แม่น้ำวัง,ปงดอน,แจ้ห่ม,ลำปาง
2022-09-04,4.1,Ban Hong,น้ำแม่ออน,ร้องวัวแดง,สันกำแพง,เชียงใหม่
2022-09-04,2.9,Ban Hua Sapan,น้ำแม่จัน,ป่าซาง,แม่จัน,เชียงราย
2022-09-04,6.2,Ban Huai Pa Sang,น้ำแม่แตง,กึ๊ดช้าง,แม่แตง,เชียงใหม่
2022-09-04,10.2,Ban Huai Sak,แม่น้ำยม,เตาปูน,สอง,แพร่
2022-09-04,1.7,Ban Klang,น้ำแม่ขาน,บ้านกลาง,สันป่าตอง,เชียงใหม่
2022-09-04,6.7,Ban Klang,น้ำแม่ขาน,บ้านกลาง,สันป่าตอง,เชียงใหม่
2022-09-04,3.9,Ban Ko Kha,แม่น้ำวัง,ศาลา,เกาะคา,ลำปาง
2022-09-04,6.1,Ban Kok Tong,แม่น้ำกก,รอบเวียง,เมือง,เชียงราย
2022-09-04,4.8,Ban Krariang Tung Phrao,น้ำแม่สรวย,วาวี,แม่สรวย,เชียงราย
2022-09-04,3.3,Ban Lai Kaeo,น้ำแม่ลี้,ศรีเตี้ย,บ้านโฮ่ง,ลำพูน
2022-09-04,6.9,Ban Luang,น้ำแม่ตื่น,ยางเปียง,อมก๋อย,เชียงใหม่
2022-09-04,7.7,Ban Luang Nuea,น้ำงาว,หลวงใต้,งาว,ลำปาง
2022-09-04,6.9,Ban Mae E Hi,น้ำแม่ลี้,ศรีวิชัย,ลี้,ลำพูน
2022-09-04,5.3,Ban Mae Kha Bridge,น้ำฝาง,แม่ข่า,ฝาง,เชียงใหม่
2022-09-04,7.3,Ban Mae Khom Mi Tamnak Tham,น้ำแม่คำมี,ตำหนักธรรม,หนองม่วงไข่,แพร่
2022-09-04,6.2,Ban Mae Lai,น้ำแม่หล่าย,แม่หล่าย,เมือง,แพร่
2022-09-04,3.3,Ban Mae Tae,แม่น้ำปิง,แม่แฝกเก่า,สันทราย,เชียงใหม่
2022-09-04,3.3,Ban Mae Taeng,แม่น้ำแตง,สันมหาพล,แม่แตง,เชียงใหม่
2022-09-04,3.9,Ban Mae Wan,น้ำแม่กวง,ป่าเมี่ยง,ดอยสะเก็ด,เชียงใหม่
2022-09-04,7.2,Ban Mai Rim Fang,น้ำฝาง,เวียงฝาง,ฝาง,เชียงใหม่
2022-09-04,7.5,Ban Mang,น้ำปี้,มาง,เชียงม่วน,พะเยา
2022-09-04,6.6,Ban Muang Pok,น้ำแม่แตง,เปียงหลวง,เวียงแหง,เชียงใหม่
2022-09-04,4.8,Ban Mueang Kuet,น้ำแม่แตง,กึ๊ดช้าง,แม่แตง,เชียงใหม่
2022-09-04,2.9,Ban Mueang Mai,ห้วยแม่ต๋า,เมืองมาย,แจ้ห่ม,ลำปาง
2022-09-04,4.9,Ban Mueang Pha,น้ำแม่ริม,ริมเหนือ,แม่ริม,เชียงใหม่
2022-09-04,10.1,Ban Nam Khong,แม่น้ำยม,ป่าแมต,เมือง,แพร่
2022-09-04,5.8,Ban Nam Yao,น้ำยาว,อวน,ปัว,น่าน
2022-09-04,0.9,Ban Nong Daeng,แม่น้ำน่าน,เปือ,เชียงกลาง,น่าน
2022-09-04,1.9,Ban Nong Naw,น้ำแม่สอย,แจ้ห่ม,แจ้ห่ม,ลำปาง
2022-09-04,4.7,Ban Nong Pham,น้ำแม่ลาว,แม่สรวย,แม่สรวย,เชียงราย
2022-09-04,7.4,Ban Pa Kha,น้ำควร,ควร,ปง,พะเยา
2022-09-04,9.1,Ban Pa Khoi Tai,แม่น้ำปิง,สันผีเสื้อ,เมือง,เชียงใหม่
2022-09-04,5.3,Ban Pa Sang,น้ำแม่ทา,ป่าซาง,ป่าซาง,ลำพูน
2022-09-04,1.2,Ban Pang Rimkorn,น้ำแม่กรณ์,แม่กรณ์,เมือง,เชียงราย
2022-09-04,6.1,Ban Pang Sa,ห้วยน้ำยาว,ผาทอง,ท่าวังผา,น่าน
2022-09-04,11.4,Ban Pha Khwang,แม่น้ำน่าน,บ่อ,เมือง,น่าน
2022-09-04,7.9,Ban Phai Ngarm,แม่น้ำน่าน,ส้าน,เวียงสา,น่าน
2022-09-04,4.7,Ban Phan Ton,น้ำแม่วาง,ทุ่งปี้,แม่วาง,เชียงใหม่
2022-09-04,5,Ban Phi Tai,น้ำปี้,บ้านพี้,บ้านหลวง,น่าน
2022-09-04,3,Ban Phu Yaeng,น้ำมวบ,ดู่พงษ์,สันติสุข,น่าน
2022-09-04,7.3,Ban Pong,น้ำแม่กวง,บวกค้าง,สันกำแพง,เชียงใหม่
2022-09-04,8.7,Ban Pong,น้ำแม่กวง,บวกค้าง,สันกำแพง,เชียงใหม่
2022-09-04,4.84,Ban Pong,ห้วยโป่ง,บ้านโป่ง,งาว,ลำปาง
2022-09-04,4.9,Ban Rong Kho,แม่น้ำวัง,ร่องเคาะ,วังเหนือ,ลำปาง
2022-09-04,6.3,Ban Rong Khun,น้ำแม่ลาว,ป่าอ้อดอนชัย,เมือง,เชียงราย
2022-09-04,3.8,Ban Saluang Nok,น้ำแม่ริม,สลวง,แม่ริม,เชียงใหม่
2022-09-04,6.4,Ban San Pu Loei,น้ำแม่ขอด,โหล่งขอด,พร้าว,เชียงใหม่
2022-09-04,7.3,Ban Singpotin,น้ำแม่ลาย,ป่าเมี่ยง,ดอยสะเก็ด,เชียงใหม่
2022-09-04,8.9,Ban Sob Soi,แม่น้ำปิง,แม่สอย,จอมทอง,เชียงใหม่
2022-09-04,5.5,Ban Sop Mae Sapoot,แม่น้ำแม่ทา,ทาสบเส้า,แม่ทา,ลำพูน
2022-09-04,9.4,Ban Sop Pae,แม่น้ำปิง,สบแปะ,จอมทอง,เชียงใหม่
2022-09-04,7.3,Ban Sop Prap,แม่น้ำวัง,สบปราบ,สบปราบ,ลำปาง
2022-09-04,6.7,Ban Sop Tam,น้ำแม่ต่ำ,เกาะคา,เกาะคา,ลำปาง
2022-09-04,4.8,Ban Sop Win,น้ำแม่วาง,แม่วิน,แม่วาง,เชียงใหม่
2022-09-04,9.2,Ban Tha Duea,แม่น้ำวัง,พิชัย,เมือง,ลำปาง
2022-09-04,5.4,Ban Tha Lo,น้ำแม่ตุ๋ย,บ่อแฮ้ว,เมือง,ลำปาง
2022-09-04,4.8,Ban Tha Pong Daeng,น้ำปาย,ผาบ่อง,เมือง,แม่ฮ่องสอน
2022-09-04,13,Ban Thung Nong,แม่น้ำยม,สระ,เชียงม่วน,พะเยา
2022-09-04,5.4,Ban Ton Yang,น้ำแม่ลาว,บัวสลี,แม่ลาว,เชียงราย
2022-09-04,15.2,Ban Wang Chin,แม่น้ำยม,วังชิ้น,วังชิ้น,แพร่
2022-09-04,5.6,Chedingam,น้ำอิง,ท่าวังทอง,เมือง,พะเยา
2022-09-04,8.3,In front of the Forestry Office,แม่น้ำน่าน,ในเวียง,เมือง,น่าน
2022-09-04,6.6,Mae Kham Lak Chet,น้ำแม่คำ,ศรีค้ำ,แม่จัน,เชียงราย
2022-09-04,3.4,Nam Mae Chaem,น้ำแม่แจ่ม,บ้านท่าข้าม,จอมทอง,เชียงใหม่
2022-09-04,5.4,Nawarat Bridge,แม่น้ำปิง,วัดเกต,เมือง,เชียงใหม่
2022-09-04,5.4,Nawarat Bridge,แม่น้ำปิง,วัดเกต,เมือง,เชียงใหม่
2022-09-04,4.7,Pracha Uthit Bridge,น้ำแม่กลาง,บ้านหลวง,จอมทอง,เชียงใหม่
2022-09-04,5.9,Romklao Cooperative House,น้ำแม่งัด,แม่แวน,พร้าว,เชียงใหม่
2022-09-04,5.9,Saphan Ban Khay,น้ำฝาง,แม่นาวาง,แม่อาย,เชียงใหม่
2022-09-04,6.1,Setuwaree Bridge,แม้น้ำวัง,เวียงเหนือ,เมือง,ลำปาง
2022-09-04,13.5,Tha Li Bridge,น้ำว้า,ขึ่ง,เวียงสา,น่าน
2022-09-04,7.5,Tha Nang Bridge,น้ำแม่กวง,ในเมือง,เมือง,ลำพูน
2022-09-04,3.9,Wang Phrao,น้ำแม่จาง,วังพร้าว,เกาะคา,ลำปาง
2022-09-05,2.9,Ban Chiang Dao,แม่น้ำปิง,เชียงดาว,เชียงดาว,เชียงใหม่
2022-09-05,4.6,Ban Chor Lae,แม่น้ำปิง,ช่อแล,แม่แตง,เชียงใหม่
2022-09-05,5.6,Ban Don Chai,แม่น้ำวัง,ล้อมแรด,เถิน,ลำปาง
2022-09-05,6.1,Ban Don Mun,แม่น้ำวัง,บ้านแลง,เมือง,ลำปาง
2022-09-05,5.3,Ban Don Sali,น้ำแม่ลาว,ป่าแดด,แม่สรวย,เชียงราย
2022-09-05,6.2,Ban Hai,แม่น้ำวัง,ปงดอน,แจ้ห่ม,ลำปาง
2022-09-05,4.1,Ban Hong,น้ำแม่ออน,ร้องวัวแดง,สันกำแพง,เชียงใหม่
2022-09-05,3.5,Ban Hua Sapan,น้ำแม่จัน,ป่าซาง,แม่จัน,เชียงราย
2022-09-05,6.1,Ban Huai Pa Sang,น้ำแม่แตง,กึ๊ดช้าง,แม่แตง,เชียงใหม่
2022-09-05,10.3,Ban Huai Sak,แม่น้ำยม,เตาปูน,สอง,แพร่
2022-09-05,1.9,Ban Klang,น้ำแม่ขาน,บ้านกลาง,สันป่าตอง,เชียงใหม่
2022-09-05,6.7,Ban Klang,น้ำแม่ขาน,บ้านกลาง,สันป่าตอง,เชียงใหม่
2022-09-05,3.8,Ban Ko Kha,แม่น้ำวัง,ศาลา,เกาะคา,ลำปาง
2022-09-05,6.2,Ban Kok Tong,แม่น้ำกก,รอบเวียง,เมือง,เชียงราย
2022-09-05,4.8,Ban Krariang Tung Phrao,น้ำแม่สรวย,วาวี,แม่สรวย,เชียงราย
2022-09-05,3.3,Ban Lai Kaeo,น้ำแม่ลี้,ศรีเตี้ย,บ้านโฮ่ง,ลำพูน
2022-09-05,6.8,Ban Luang,น้ำแม่ตื่น,ยางเปียง,อมก๋อย,เชียงใหม่
2022-09-05,7.8,Ban Luang Nuea,น้ำงาว,หลวงใต้,งาว,ลำปาง
2022-09-05,7.1,Ban Mae E Hi,น้ำแม่ลี้,ศรีวิชัย,ลี้,ลำพูน
2022-09-05,5.3,Ban Mae Kha Bridge,น้ำฝาง,แม่ข่า,ฝาง,เชียงใหม่
2022-09-05,7.2,Ban Mae Khom Mi Tamnak Tham,น้ำแม่คำมี,ตำหนักธรรม,หนองม่วงไข่,แพร่
2022-09-05,6.1,Ban Mae Lai,น้ำแม่หล่าย,แม่หล่าย,เมือง,แพร่
2022-09-05,3.3,Ban Mae Tae,แม่น้ำปิง,แม่แฝกเก่า,สันทราย,เชียงใหม่
2022-09-05,3.3,Ban Mae Taeng,แม่น้ำแตง,สันมหาพล,แม่แตง,เชียงใหม่
2022-09-05,3.9,Ban Mae Wan,น้ำแม่กวง,ป่าเมี่ยง,ดอยสะเก็ด,เชียงใหม่
2022-09-05,7.2,Ban Mai Rim Fang,น้ำฝาง,เวียงฝาง,ฝาง,เชียงใหม่
2022-09-05,7.5,Ban Mang,น้ำปี้,มาง,เชียงม่วน,พะเยา
2022-09-05,6.6,Ban Muang Pok,น้ำแม่แตง,เปียงหลวง,เวียงแหง,เชียงใหม่
2022-09-05,4.7,Ban Mueang Kuet,น้ำแม่แตง,กึ๊ดช้าง,แม่แตง,เชียงใหม่
2022-09-05,2.8,Ban Mueang Mai,ห้วยแม่ต๋า,เมืองมาย,แจ้ห่ม,ลำปาง
2022-09-05,4.8,Ban Mueang Pha,น้ำแม่ริม,ริมเหนือ,แม่ริม,เชียงใหม่
2022-09-05,5.5,Ban Nam Ing,น้ำอิง,ต้า,ขุนตาล,เชียงราย
2022-09-05,10,Ban Nam Khong,แม่น้ำยม,ป่าแมต,เมือง,แพร่
2022-09-05,6.1,Ban Nam Yao,น้ำยาว,อวน,ปัว,น่าน
2022-09-05,1,Ban Nong Daeng,แม่น้ำน่าน,เปือ,เชียงกลาง,น่าน
2022-09-05,1.9,Ban Nong Naw,น้ำแม่สอย,แจ้ห่ม,แจ้ห่ม,ลำปาง
2022-09-05,5.1,Ban Nong Pham,น้ำแม่ลาว,แม่สรวย,แม่สรวย,เชียงราย
2022-09-05,7.4,Ban Pa Kha,น้ำควร,ควร,ปง,พะเยา
2022-09-05,9,Ban Pa Khoi Tai,แม่น้ำปิง,สันผีเสื้อ,เมือง,เชียงใหม่
2022-09-05,5.2,Ban Pa Sang,น้ำแม่ทา,ป่าซาง,ป่าซาง,ลำพูน
2022-09-05,1.7,Ban Pang Rimkorn,น้ำแม่กรณ์,แม่กรณ์,เมือง,เชียงราย
2022-09-05,6.4,Ban Pang Sa,ห้วยน้ำยาว,ผาทอง,ท่าวังผา,น่าน
2022-09-05,11.7,Ban Pha Khwang,แม่น้ำน่าน,บ่อ,เมือง,น่าน
2022-09-05,7.9,Ban Phai Ngarm,แม่น้ำน่าน,ส้าน,เวียงสา,น่าน
2022-09-05,4.6,Ban Phan Ton,น้ำแม่วาง,ทุ่งปี้,แม่วาง,เชียงใหม่
2022-09-05,5,Ban Phi Tai,น้ำปี้,บ้านพี้,บ้านหลวง,น่าน
2022-09-05,3.4,Ban Phu Yaeng,น้ำมวบ,ดู่พงษ์,สันติสุข,น่าน
2022-09-05,7.4,Ban Pong,น้ำแม่กวง,บวกค้าง,สันกำแพง,เชียงใหม่
2022-09-05,8.7,Ban Pong,น้ำแม่กวง,บวกค้าง,สันกำแพง,เชียงใหม่
2022-09-05,4.843333333,Ban Pong,ห้วยโป่ง,บ้านโป่ง,งาว,ลำปาง
2022-09-05,5.9,Ban Rong Kho,แม่น้ำวัง,ร่องเคาะ,วังเหนือ,ลำปาง
2022-09-05,6.8,Ban Rong Khun,น้ำแม่ลาว,ป่าอ้อดอนชัย,เมือง,เชียงราย
2022-09-05,3.6,Ban Saluang Nok,น้ำแม่ริม,สลวง,แม่ริม,เชียงใหม่
2022-09-05,7.1,Ban San Pu Loei,น้ำแม่ขอด,โหล่งขอด,พร้าว,เชียงใหม่
2022-09-05,7.3,Ban Singpotin,น้ำแม่ลาย,ป่าเมี่ยง,ดอยสะเก็ด,เชียงใหม่
2022-09-05,8.9,Ban Sob Soi,แม่น้ำปิง,แม่สอย,จอมทอง,เชียงใหม่
2022-09-05,5.6,Ban Sop Mae Sapoot,แม่น้ำแม่ทา,ทาสบเส้า,แม่ทา,ลำพูน
2022-09-05,9.4,Ban Sop Pae,แม่น้ำปิง,สบแปะ,จอมทอง,เชียงใหม่
2022-09-05,7.3,Ban Sop Prap,แม่น้ำวัง,สบปราบ,สบปราบ,ลำปาง
2022-09-05,6.5,Ban Sop Tam,น้ำแม่ต่ำ,เกาะคา,เกาะคา,ลำปาง
2022-09-05,4.7,Ban Sop Win,น้ำแม่วาง,แม่วิน,แม่วาง,เชียงใหม่
2022-09-05,8.8,Ban Tha Duea,แม่น้ำวัง,พิชัย,เมือง,ลำปาง
2022-09-05,5.4,Ban Tha Lo,น้ำแม่ตุ๋ย,บ่อแฮ้ว,เมือง,ลำปาง
2022-09-05,4.7,Ban Tha Pong Daeng,น้ำปาย,ผาบ่อง,เมือง,แม่ฮ่องสอน
2022-09-05,13.3,Ban Thung Nong,แม่น้ำยม,สระ,เชียงม่วน,พะเยา
2022-09-05,5.9,Ban Ton Yang,น้ำแม่ลาว,บัวสลี,แม่ลาว,เชียงราย
2022-09-05,14.7,Ban Wang Chin,แม่น้ำยม,วังชิ้น,วังชิ้น,แพร่
2022-09-05,5.5,Chedingam,น้ำอิง,ท่าวังทอง,เมือง,พะเยา
2022-09-05,8.5,In front of the Forestry Office,แม่น้ำน่าน,ในเวียง,เมือง,น่าน
2022-09-05,7.5,Mae Kham Lak Chet,น้ำแม่คำ,ศรีค้ำ,แม่จัน,เชียงราย
2022-09-05,3.4,Nam Mae Chaem,น้ำแม่แจ่ม,บ้านท่าข้าม,จอมทอง,เชียงใหม่
2022-09-05,5.3,Nawarat Bridge,แม่น้ำปิง,วัดเกต,เมือง,เชียงใหม่
2022-09-05,5.3,Nawarat Bridge,แม่น้ำปิง,วัดเกต,เมือง,เชียงใหม่
2022-09-05,4.7,Pracha Uthit Bridge,น้ำแม่กลาง,บ้านหลวง,จอมทอง,เชียงใหม่
2022-09-05,5.9,Romklao Cooperative House,น้ำแม่งัด,แม่แวน,พร้าว,เชียงใหม่
2022-09-05,5.9,Saphan Ban Khay,น้ำฝาง,แม่นาวาง,แม่อาย,เชียงใหม่
2022-09-05,5.8,Setuwaree Bridge,แม้น้ำวัง,เวียงเหนือ,เมือง,ลำปาง
2022-09-05,13.5,Tha Li Bridge,น้ำว้า,ขึ่ง,เวียงสา,น่าน
2022-09-05,7.6,Tha Nang Bridge,น้ำแม่กวง,ในเมือง,เมือง,ลำพูน
2022-09-05,3.9,Wang Phrao,น้ำแม่จาง,วังพร้าว,เกาะคา,ลำปาง
2022-09-06,2.9,Ban Chiang Dao,แม่น้ำปิง,เชียงดาว,เชียงดาว,เชียงใหม่
2022-09-06,4.6,Ban Chor Lae,แม่น้ำปิง,ช่อแล,แม่แตง,เชียงใหม่
2022-09-06,5.5,Ban Don Chai,แม่น้ำวัง,ล้อมแรด,เถิน,ลำปาง
2022-09-06,6.2,Ban Don Mun,แม่น้ำวัง,บ้านแลง,เมือง,ลำปาง
2022-09-06,5.6,Ban Don Sali,น้ำแม่ลาว,ป่าแดด,แม่สรวย,เชียงราย
2022-09-06,6,Ban Hai,แม่น้ำวัง,ปงดอน,แจ้ห่ม,ลำปาง
2022-09-06,4.1,Ban Hong,น้ำแม่ออน,ร้องวัวแดง,สันกำแพง,เชียงใหม่
2022-09-06,3.2,Ban Hua Sapan,น้ำแม่จัน,ป่าซาง,แม่จัน,เชียงราย
2022-09-06,6,Ban Huai Pa Sang,น้ำแม่แตง,กึ๊ดช้าง,แม่แตง,เชียงใหม่
2022-09-06,10.4,Ban Huai Sak,แม่น้ำยม,เตาปูน,สอง,แพร่
2022-09-06,1.8,Ban Klang,น้ำแม่ขาน,บ้านกลาง,สันป่าตอง,เชียงใหม่
2022-09-06,6.7,Ban Klang,น้ำแม่ขาน,บ้านกลาง,สันป่าตอง,เชียงใหม่
2022-09-06,3.7,Ban Ko Kha,แม่น้ำวัง,ศาลา,เกาะคา,ลำปาง
2022-09-06,4.9,Ban Krariang Tung Phrao,น้ำแม่สรวย,วาวี,แม่สรวย,เชียงราย
2022-09-06,3.4,Ban Lai Kaeo,น้ำแม่ลี้,ศรีเตี้ย,บ้านโฮ่ง,ลำพูน
2022-09-06,6.9,Ban Luang,น้ำแม่ตื่น,ยางเปียง,อมก๋อย,เชียงใหม่
2022-09-06,7.8,Ban Luang Nuea,น้ำงาว,หลวงใต้,งาว,ลำปาง
2022-09-06,7.1,Ban Mae E Hi,น้ำแม่ลี้,ศรีวิชัย,ลี้,ลำพูน
2022-09-06,5.4,Ban Mae Kha Bridge,น้ำฝาง,แม่ข่า,ฝาง,เชียงใหม่
2022-09-06,7.3,Ban Mae Khom Mi Tamnak Tham,น้ำแม่คำมี,ตำหนักธรรม,หนองม่วงไข่,แพร่
2022-09-06,6.1,Ban Mae Lai,น้ำแม่หล่าย,แม่หล่าย,เมือง,แพร่
2022-09-06,3.3,Ban Mae Tae,แม่น้ำปิง,แม่แฝกเก่า,สันทราย,เชียงใหม่
2022-09-06,3.3,Ban Mae Taeng,แม่น้ำแตง,สันมหาพล,แม่แตง,เชียงใหม่
2022-09-06,3.9,Ban Mae Wan,น้ำแม่กวง,ป่าเมี่ยง,ดอยสะเก็ด,เชียงใหม่
2022-09-06,7.6,Ban Mai Rim Fang,น้ำฝาง,เวียงฝาง,ฝาง,เชียงใหม่
2022-09-06,7.6,Ban Mang,น้ำปี้,มาง,เชียงม่วน,พะเยา
2022-09-06,6.6,Ban Muang Pok,น้ำแม่แตง,เปียงหลวง,เวียงแหง,เชียงใหม่
2022-09-06,4.7,Ban Mueang Kuet,น้ำแม่แตง,กึ๊ดช้าง,แม่แตง,เชียงใหม่
2022-09-06,2.8,Ban Mueang Mai,ห้วยแม่ต๋า,เมืองมาย,แจ้ห่ม,ลำปาง
2022-09-06,4.9,Ban Mueang Pha,น้ำแม่ริม,ริมเหนือ,แม่ริม,เชียงใหม่
2022-09-06,6,Ban Nam Ing,น้ำอิง,ต้า,ขุนตาล,เชียงราย
2022-09-06,10,Ban Nam Khong,แม่น้ำยม,ป่าแมต,เมือง,แพร่
2022-09-06,5.9,Ban Nam Yao,น้ำยาว,อวน,ปัว,น่าน
2022-09-06,1.2,Ban Nong Daeng,แม่น้ำน่าน,เปือ,เชียงกลาง,น่าน
2022-09-06,1.9,Ban Nong Naw,น้ำแม่สอย,แจ้ห่ม,แจ้ห่ม,ลำปาง
2022-09-06,5.3,Ban Nong Pham,น้ำแม่ลาว,แม่สรวย,แม่สรวย,เชียงราย
2022-09-06,7.4,Ban Pa Kha,น้ำควร,ควร,ปง,พะเยา
2022-09-06,9,Ban Pa Khoi Tai,แม่น้ำปิง,สันผีเสื้อ,เมือง,เชียงใหม่
2022-09-06,5.4,Ban Pa Sang,น้ำแม่ทา,ป่าซาง,ป่าซาง,ลำพูน
2022-09-06,1.7,Ban Pang Rimkorn,น้ำแม่กรณ์,แม่กรณ์,เมือง,เชียงราย
2022-09-06,6.4,Ban Pang Sa,ห้วยน้ำยาว,ผาทอง,ท่าวังผา,น่าน
2022-09-06,12.4,Ban Pha Khwang,แม่น้ำน่าน,บ่อ,เมือง,น่าน
2022-09-06,8.8,Ban Phai Ngarm,แม่น้ำน่าน,ส้าน,เวียงสา,น่าน
2022-09-06,4.5,Ban Phan Ton,น้ำแม่วาง,ทุ่งปี้,แม่วาง,เชียงใหม่
2022-09-06,5.1,Ban Phi Tai,น้ำปี้,บ้านพี้,บ้านหลวง,น่าน
2022-09-06,3.7,Ban Phu Yaeng,น้ำมวบ,ดู่พงษ์,สันติสุข,น่าน
2022-09-06,7.8,Ban Pong,น้ำแม่กวง,บวกค้าง,สันกำแพง,เชียงใหม่
2022-09-06,8.8,Ban Pong,น้ำแม่กวง,บวกค้าง,สันกำแพง,เชียงใหม่
2022-09-06,4.846666667,Ban Pong,ห้วยโป่ง,บ้านโป่ง,งาว,ลำปาง
2022-09-06,5.9,Ban Rong Kho,แม่น้ำวัง,ร่องเคาะ,วังเหนือ,ลำปาง
2022-09-06,3.6,Ban Saluang Nok,น้ำแม่ริม,สลวง,แม่ริม,เชียงใหม่
2022-09-06,6.7,Ban San Pu Loei,น้ำแม่ขอด,โหล่งขอด,พร้าว,เชียงใหม่
2022-09-06,7.4,Ban Singpotin,น้ำแม่ลาย,ป่าเมี่ยง,ดอยสะเก็ด,เชียงใหม่
2022-09-06,9,Ban Sob Soi,แม่น้ำปิง,แม่สอย,จอมทอง,เชียงใหม่
2022-09-06,6,Ban Sop Mae Sapoot,แม่น้ำแม่ทา,ทาสบเส้า,แม่ทา,ลำพูน
2022-09-06,9.6,Ban Sop Pae,แม่น้ำปิง,สบแปะ,จอมทอง,เชียงใหม่
2022-09-06,7,Ban Sop Prap,แม่น้ำวัง,สบปราบ,สบปราบ,ลำปาง
2022-09-06,6.3,Ban Sop Tam,น้ำแม่ต่ำ,เกาะคา,เกาะคา,ลำปาง
2022-09-06,4.6,Ban Sop Win,น้ำแม่วาง,แม่วิน,แม่วาง,เชียงใหม่
2022-09-06,8.5,Ban Tha Duea,แม่น้ำวัง,พิชัย,เมือง,ลำปาง
2022-09-06,5.5,Ban Tha Lo,น้ำแม่ตุ๋ย,บ่อแฮ้ว,เมือง,ลำปาง
2022-09-06,4.5,Ban Tha Pong Daeng,น้ำปาย,ผาบ่อง,เมือง,แม่ฮ่องสอน
2022-09-06,13.6,Ban Thung Nong,แม่น้ำยม,สระ,เชียงม่วน,พะเยา
2022-09-06,6.7,Ban Ton Yang,น้ำแม่ลาว,บัวสลี,แม่ลาว,เชียงราย
2022-09-06,14.5,Ban Wang Chin,แม่น้ำยม,วังชิ้น,วังชิ้น,แพร่
2022-09-06,5.4,Chedingam,น้ำอิง,ท่าวังทอง,เมือง,พะเยา
2022-09-06,9.3,In front of the Forestry Office,แม่น้ำน่าน,ในเวียง,เมือง,น่าน
2022-09-06,7.3,Mae Kham Lak Chet,น้ำแม่คำ,ศรีค้ำ,แม่จัน,เชียงราย
2022-09-06,3.3,Nam Mae Chaem,น้ำแม่แจ่ม,บ้านท่าข้าม,จอมทอง,เชียงใหม่
2022-09-06,5.3,Nawarat Bridge,แม่น้ำปิง,วัดเกต,เมือง,เชียงใหม่
2022-09-06,5.3,Nawarat Bridge,แม่น้ำปิง,วัดเกต,เมือง,เชียงใหม่
2022-09-06,4.7,Pracha Uthit Bridge,น้ำแม่กลาง,บ้านหลวง,จอมทอง,เชียงใหม่
2022-09-06,6,Romklao Cooperative House,น้ำแม่งัด,แม่แวน,พร้าว,เชียงใหม่
2022-09-06,6.5,Saphan Ban Khay,น้ำฝาง,แม่นาวาง,แม่อาย,เชียงใหม่
2022-09-06,5.5,Setuwaree Bridge,แม้น้ำวัง,เวียงเหนือ,เมือง,ลำปาง
2022-09-06,14,Tha Li Bridge,น้ำว้า,ขึ่ง,เวียงสา,น่าน
2022-09-06,7.8,Tha Nang Bridge,น้ำแม่กวง,ในเมือง,เมือง,ลำพูน
2022-09-06,3.9,Wang Phrao,น้ำแม่จาง,วังพร้าว,เกาะคา,ลำปาง
2022-09-07,2.9,Ban Chiang Dao,แม่น้ำปิง,เชียงดาว,เชียงดาว,เชียงใหม่
2022-09-07,4.4,Ban Chor Lae,แม่น้ำปิง,ช่อแล,แม่แตง,เชียงใหม่
2022-09-07,5.7,Ban Don Chai,แม่น้ำวัง,ล้อมแรด,เถิน,ลำปาง
2022-09-07,6.2,Ban Don Mun,แม่น้ำวัง,บ้านแลง,เมือง,ลำปาง
2022-09-07,5.5,Ban Don Sali,น้ำแม่ลาว,ป่าแดด,แม่สรวย,เชียงราย
2022-09-07,5.8,Ban Hai,แม่น้ำวัง,ปงดอน,แจ้ห่ม,ลำปาง
2022-09-07,4.1,Ban Hong,น้ำแม่ออน,ร้องวัวแดง,สันกำแพง,เชียงใหม่
2022-09-07,3,Ban Hua Sapan,น้ำแม่จัน,ป่าซาง,แม่จัน,เชียงราย
2022-09-07,6,Ban Huai Pa Sang,น้ำแม่แตง,กึ๊ดช้าง,แม่แตง,เชียงใหม่
2022-09-07,11,Ban Huai Sak,แม่น้ำยม,เตาปูน,สอง,แพร่
2022-09-07,6.8,Ban Klang,น้ำแม่ขาน,บ้านกลาง,สันป่าตอง,เชียงใหม่
2022-09-07,3.6,Ban Ko Kha,แม่น้ำวัง,ศาลา,เกาะคา,ลำปาง
2022-09-07,6.4,Ban Kok Tong,แม่น้ำกก,รอบเวียง,เมือง,เชียงราย
2022-09-07,4.8,Ban Krariang Tung Phrao,น้ำแม่สรวย,วาวี,แม่สรวย,เชียงราย
2022-09-07,3.4,Ban Lai Kaeo,น้ำแม่ลี้,ศรีเตี้ย,บ้านโฮ่ง,ลำพูน
2022-09-07,7.1,Ban Luang,น้ำแม่ตื่น,ยางเปียง,อมก๋อย,เชียงใหม่
2022-09-07,7.8,Ban Luang Nuea,น้ำงาว,หลวงใต้,งาว,ลำปาง
2022-09-07,7.1,Ban Mae E Hi,น้ำแม่ลี้,ศรีวิชัย,ลี้,ลำพูน
2022-09-07,5.3,Ban Mae Kha Bridge,น้ำฝาง,แม่ข่า,ฝาง,เชียงใหม่
2022-09-07,7.2,Ban Mae Khom Mi Tamnak Tham,น้ำแม่คำมี,ตำหนักธรรม,หนองม่วงไข่,แพร่
2022-09-07,6.1,Ban Mae Lai,น้ำแม่หล่าย,แม่หล่าย,เมือง,แพร่
2022-09-07,3.2,Ban Mae Tae,แม่น้ำปิง,แม่แฝกเก่า,สันทราย,เชียงใหม่
2022-09-07,2.9,Ban Mae Taeng,แม่น้ำแตง,สันมหาพล,แม่แตง,เชียงใหม่
2022-09-07,3.9,Ban Mae Wan,น้ำแม่กวง,ป่าเมี่ยง,ดอยสะเก็ด,เชียงใหม่
2022-09-07,7.5,Ban Mai Rim Fang,น้ำฝาง,เวียงฝาง,ฝาง,เชียงใหม่
2022-09-07,8.3,Ban Mang,น้ำปี้,มาง,เชียงม่วน,พะเยา
2022-09-07,6.6,Ban Muang Pok,น้ำแม่แตง,เปียงหลวง,เวียงแหง,เชียงใหม่
2022-09-07,4.7,Ban Mueang Kuet,น้ำแม่แตง,กึ๊ดช้าง,แม่แตง,เชียงใหม่
2022-09-07,2.9,Ban Mueang Mai,ห้วยแม่ต๋า,เมืองมาย,แจ้ห่ม,ลำปาง
2022-09-07,5.3,Ban Mueang Pha,น้ำแม่ริม,ริมเหนือ,แม่ริม,เชียงใหม่
2022-09-07,6.3,Ban Nam Ing,น้ำอิง,ต้า,ขุนตาล,เชียงราย
2022-09-07,10.1,Ban Nam Khong,แม่น้ำยม,ป่าแมต,เมือง,แพร่
2022-09-07,5.9,Ban Nam Yao,น้ำยาว,อวน,ปัว,น่าน
2022-09-07,0.9,Ban Nong Daeng,แม่น้ำน่าน,เปือ,เชียงกลาง,น่าน
2022-09-07,1.9,Ban Nong Naw,น้ำแม่สอย,แจ้ห่ม,แจ้ห่ม,ลำปาง
2022-09-07,5.2,Ban Nong Pham,น้ำแม่ลาว,แม่สรวย,แม่สรวย,เชียงราย
2022-09-07,7.4,Ban Pa Kha,น้ำควร,ควร,ปง,พะเยา
2022-09-07,9.1,Ban Pa Khoi Tai,แม่น้ำปิง,สันผีเสื้อ,เมือง,เชียงใหม่
2022-09-07,5.6,Ban Pa Sang,น้ำแม่ทา,ป่าซาง,ป่าซาง,ลำพูน
2022-09-07,1.6,Ban Pang Rimkorn,น้ำแม่กรณ์,แม่กรณ์,เมือง,เชียงราย
2022-09-07,6.2,Ban Pang Sa,ห้วยน้ำยาว,ผาทอง,ท่าวังผา,น่าน
2022-09-07,11.8,Ban Pha Khwang,แม่น้ำน่าน,บ่อ,เมือง,น่าน
2022-09-07,8.7,Ban Phai Ngarm,แม่น้ำน่าน,ส้าน,เวียงสา,น่าน
2022-09-07,4.7,Ban Phan Ton,น้ำแม่วาง,ทุ่งปี้,แม่วาง,เชียงใหม่
2022-09-07,5.4,Ban Phi Tai,น้ำปี้,บ้านพี้,บ้านหลวง,น่าน
2022-09-07,3.7,Ban Phu Yaeng,น้ำมวบ,ดู่พงษ์,สันติสุข,น่าน
2022-09-07,7.9,Ban Pong,น้ำแม่กวง,บวกค้าง,สันกำแพง,เชียงใหม่
2022-09-07,8.7,Ban Pong,น้ำแม่กวง,บวกค้าง,สันกำแพง,เชียงใหม่
2022-09-07,4.826666667,Ban Pong,ห้วยโป่ง,บ้านโป่ง,งาว,ลำปาง
2022-09-07,5.5,Ban Rong Kho,แม่น้ำวัง,ร่องเคาะ,วังเหนือ,ลำปาง
2022-09-07,4.1,Ban Saluang Nok,น้ำแม่ริม,สลวง,แม่ริม,เชียงใหม่
2022-09-07,6.7,Ban San Pu Loei,น้ำแม่ขอด,โหล่งขอด,พร้าว,เชียงใหม่
2022-09-07,7.4,Ban Singpotin,น้ำแม่ลาย,ป่าเมี่ยง,ดอยสะเก็ด,เชียงใหม่
2022-09-07,8.9,Ban Sob Soi,แม่น้ำปิง,แม่สอย,จอมทอง,เชียงใหม่
2022-09-07,5.7,Ban Sop Mae Sapoot,แม่น้ำแม่ทา,ทาสบเส้า,แม่ทา,ลำพูน
2022-09-07,9.5,Ban Sop Pae,แม่น้ำปิง,สบแปะ,จอมทอง,เชียงใหม่
2022-09-07,6.8,Ban Sop Prap,แม่น้ำวัง,สบปราบ,สบปราบ,ลำปาง
2022-09-07,6.4,Ban Sop Tam,น้ำแม่ต่ำ,เกาะคา,เกาะคา,ลำปาง
2022-09-07,4.7,Ban Sop Win,น้ำแม่วาง,แม่วิน,แม่วาง,เชียงใหม่
2022-09-07,8.1,Ban Tha Duea,แม่น้ำวัง,พิชัย,เมือง,ลำปาง
2022-09-07,5.5,Ban Tha Lo,น้ำแม่ตุ๋ย,บ่อแฮ้ว,เมือง,ลำปาง
2022-09-07,4.5,Ban Tha Pong Daeng,น้ำปาย,ผาบ่อง,เมือง,แม่ฮ่องสอน
2022-09-07,14.4,Ban Thung Nong,แม่น้ำยม,สระ,เชียงม่วน,พะเยา
2022-09-07,6.2,Ban Ton Yang,น้ำแม่ลาว,บัวสลี,แม่ลาว,เชียงราย
2022-09-07,14.4,Ban Wang Chin,แม่น้ำยม,วังชิ้น,วังชิ้น,แพร่
2022-09-07,5.2,Chedingam,น้ำอิง,ท่าวังทอง,เมือง,พะเยา
2022-09-07,8.8,In front of the Forestry Office,แม่น้ำน่าน,ในเวียง,เมือง,น่าน
2022-09-07,6.7,Mae Kham Lak Chet,น้ำแม่คำ,ศรีค้ำ,แม่จัน,เชียงราย
2022-09-07,3.4,Nam Mae Chaem,น้ำแม่แจ่ม,บ้านท่าข้าม,จอมทอง,เชียงใหม่
2022-09-07,5.4,Nawarat Bridge,แม่น้ำปิง,วัดเกต,เมือง,เชียงใหม่
2022-09-07,5.4,Nawarat Bridge,แม่น้ำปิง,วัดเกต,เมือง,เชียงใหม่
2022-09-07,4.8,Pracha Uthit Bridge,น้ำแม่กลาง,บ้านหลวง,จอมทอง,เชียงใหม่
2022-09-07,6,Romklao Cooperative House,น้ำแม่งัด,แม่แวน,พร้าว,เชียงใหม่
2022-09-07,6.3,Saphan Ban Khay,น้ำฝาง,แม่นาวาง,แม่อาย,เชียงใหม่
2022-09-07,5.1,Setuwaree Bridge,แม้น้ำวัง,เวียงเหนือ,เมือง,ลำปาง
2022-09-07,13.7,Tha Li Bridge,น้ำว้า,ขึ่ง,เวียงสา,น่าน
2022-09-07,7.8,Tha Nang Bridge,น้ำแม่กวง,ในเมือง,เมือง,ลำพูน
2022-09-07,3.8,Wang Phrao,น้ำแม่จาง,วังพร้าว,เกาะคา,ลำปาง
2022-09-08,2.9,Ban Chiang Dao,แม่น้ำปิง,เชียงดาว,เชียงดาว,เชียงใหม่
2022-09-08,4.3,Ban Chor Lae,แม่น้ำปิง,ช่อแล,แม่แตง,เชียงใหม่
2022-09-08,5.6,Ban Don Chai,แม่น้ำวัง,ล้อมแรด,เถิน,ลำปาง
2022-09-08,6.3,Ban Don Mun,แม่น้ำวัง,บ้านแลง,เมือง,ลำปาง
2022-09-08,5.4,Ban Don Sali,น้ำแม่ลาว,ป่าแดด,แม่สรวย,เชียงราย
2022-09-08,5.4,Ban Hai,แม่น้ำวัง,ปงดอน,แจ้ห่ม,ลำปาง
2022-09-08,4.1,Ban Hong,น้ำแม่ออน,ร้องวัวแดง,สันกำแพง,เชียงใหม่
2022-09-08,3,Ban Hua Sapan,น้ำแม่จัน,ป่าซาง,แม่จัน,เชียงราย
2022-09-08,6.1,Ban Huai Pa Sang,น้ำแม่แตง,กึ๊ดช้าง,แม่แตง,เชียงใหม่
2022-09-08,11.6,Ban Huai Sak,แม่น้ำยม,เตาปูน,สอง,แพร่
2022-09-08,6.7,Ban Klang,น้ำแม่ขาน,บ้านกลาง,สันป่าตอง,เชียงใหม่
2022-09-08,3.6,Ban Ko Kha,แม่น้ำวัง,ศาลา,เกาะคา,ลำปาง
2022-09-08,6.1,Ban Kok Tong,แม่น้ำกก,รอบเวียง,เมือง,เชียงราย
2022-09-08,4.9,Ban Krariang Tung Phrao,น้ำแม่สรวย,วาวี,แม่สรวย,เชียงราย
2022-09-08,3.8,Ban Lai Kaeo,น้ำแม่ลี้,ศรีเตี้ย,บ้านโฮ่ง,ลำพูน
2022-09-08,7.1,Ban Luang,น้ำแม่ตื่น,ยางเปียง,อมก๋อย,เชียงใหม่
2022-09-08,7.8,Ban Luang Nuea,น้ำงาว,หลวงใต้,งาว,ลำปาง
2022-09-08,8,Ban Mae E Hi,น้ำแม่ลี้,ศรีวิชัย,ลี้,ลำพูน
2022-09-08,5.4,Ban Mae Kha Bridge,น้ำฝาง,แม่ข่า,ฝาง,เชียงใหม่
2022-09-08,7.2,Ban Mae Khom Mi Tamnak Tham,น้ำแม่คำมี,ตำหนักธรรม,หนองม่วงไข่,แพร่
2022-09-08,6.1,Ban Mae Lai,น้ำแม่หล่าย,แม่หล่าย,เมือง,แพร่
2022-09-08,3.1,Ban Mae Tae,แม่น้ำปิง,แม่แฝกเก่า,สันทราย,เชียงใหม่
2022-09-08,2.9,Ban Mae Taeng,แม่น้ำแตง,สันมหาพล,แม่แตง,เชียงใหม่
2022-09-08,3.9,Ban Mae Wan,น้ำแม่กวง,ป่าเมี่ยง,ดอยสะเก็ด,เชียงใหม่
2022-09-08,7.4,Ban Mai Rim Fang,น้ำฝาง,เวียงฝาง,ฝาง,เชียงใหม่
2022-09-08,8.2,Ban Mang,น้ำปี้,มาง,เชียงม่วน,พะเยา
2022-09-08,6.6,Ban Muang Pok,น้ำแม่แตง,เปียงหลวง,เวียงแหง,เชียงใหม่
2022-09-08,4.6,Ban Mueang Kuet,น้ำแม่แตง,กึ๊ดช้าง,แม่แตง,เชียงใหม่
2022-09-08,2.9,Ban Mueang Mai,ห้วยแม่ต๋า,เมืองมาย,แจ้ห่ม,ลำปาง
2022-09-08,5,Ban Mueang Pha,น้ำแม่ริม,ริมเหนือ,แม่ริม,เชียงใหม่
2022-09-08,6.2,Ban Nam Ing,น้ำอิง,ต้า,ขุนตาล,เชียงราย
2022-09-08,10.7,Ban Nam Khong,แม่น้ำยม,ป่าแมต,เมือง,แพร่
2022-09-08,5.9,Ban Nam Yao,น้ำยาว,อวน,ปัว,น่าน
2022-09-08,2.1,Ban Nong Naw,น้ำแม่สอย,แจ้ห่ม,แจ้ห่ม,ลำปาง
2022-09-08,5.1,Ban Nong Pham,น้ำแม่ลาว,แม่สรวย,แม่สรวย,เชียงราย
2022-09-08,7.4,Ban Pa Kha,น้ำควร,ควร,ปง,พะเยา
2022-09-08,8.9,Ban Pa Khoi Tai,แม่น้ำปิง,สันผีเสื้อ,เมือง,เชียงใหม่
2022-09-08,5.3,Ban Pa Sang,น้ำแม่ทา,ป่าซาง,ป่าซาง,ลำพูน
2022-09-08,1.5,Ban Pang Rimkorn,น้ำแม่กรณ์,แม่กรณ์,เมือง,เชียงราย
2022-09-08,6.1,Ban Pang Sa,ห้วยน้ำยาว,ผาทอง,ท่าวังผา,น่าน
2022-09-08,11.5,Ban Pha Khwang,แม่น้ำน่าน,บ่อ,เมือง,น่าน
2022-09-08,8.6,Ban Phai Ngarm,แม่น้ำน่าน,ส้าน,เวียงสา,น่าน
2022-09-08,4.6,Ban Phan Ton,น้ำแม่วาง,ทุ่งปี้,แม่วาง,เชียงใหม่
2022-09-08,5.2,Ban Phi Tai,น้ำปี้,บ้านพี้,บ้านหลวง,น่าน
2022-09-08,8,Ban Pong,น้ำแม่กวง,บวกค้าง,สันกำแพง,เชียงใหม่
2022-09-08,8.8,Ban Pong,น้ำแม่กวง,บวกค้าง,สันกำแพง,เชียงใหม่
2022-09-08,4.93,Ban Pong,ห้วยโป่ง,บ้านโป่ง,งาว,ลำปาง
2022-09-08,5.1,Ban Rong Kho,แม่น้ำวัง,ร่องเคาะ,วังเหนือ,ลำปาง
2022-09-08,6.9,Ban Rong Khun,น้ำแม่ลาว,ป่าอ้อดอนชัย,เมือง,เชียงราย
2022-09-08,3.9,Ban Saluang Nok,น้ำแม่ริม,สลวง,แม่ริม,เชียงใหม่
2022-09-08,6.6,Ban San Pu Loei,น้ำแม่ขอด,โหล่งขอด,พร้าว,เชียงใหม่
2022-09-08,7.4,Ban Singpotin,น้ำแม่ลาย,ป่าเมี่ยง,ดอยสะเก็ด,เชียงใหม่
2022-09-08,8.9,Ban Sob Soi,แม่น้ำปิง,แม่สอย,จอมทอง,เชียงใหม่
2022-09-08,5.8,Ban Sop Mae Sapoot,แม่น้ำแม่ทา,ทาสบเส้า,แม่ทา,ลำพูน
2022-09-08,9.7,Ban Sop Pae,แม่น้ำปิง,สบแปะ,จอมทอง,เชียงใหม่
2022-09-08,6.7,Ban Sop Prap,แม่น้ำวัง,สบปราบ,สบปราบ,ลำปาง
2022-09-08,6.3,Ban Sop Tam,น้ำแม่ต่ำ,เกาะคา,เกาะคา,ลำปาง
2022-09-08,4.7,Ban Sop Win,น้ำแม่วาง,แม่วิน,แม่วาง,เชียงใหม่
2022-09-08,8.1,Ban Tha Duea,แม่น้ำวัง,พิชัย,เมือง,ลำปาง
2022-09-08,5.4,Ban Tha Lo,น้ำแม่ตุ๋ย,บ่อแฮ้ว,เมือง,ลำปาง
2022-09-08,4.5,Ban Tha Pong Daeng,น้ำปาย,ผาบ่อง,เมือง,แม่ฮ่องสอน
2022-09-08,13.8,Ban Thung Nong,แม่น้ำยม,สระ,เชียงม่วน,พะเยา
2022-09-08,5.9,Ban Ton Yang,น้ำแม่ลาว,บัวสลี,แม่ลาว,เชียงราย
2022-09-08,14.5,Ban Wang Chin,แม่น้ำยม,วังชิ้น,วังชิ้น,แพร่
2022-09-08,5.2,Chedingam,น้ำอิง,ท่าวังทอง,เมือง,พะเยา
2022-09-08,8.5,In front of the Forestry Office,แม่น้ำน่าน,ในเวียง,เมือง,น่าน
2022-09-08,6.6,Mae Kham Lak Chet,น้ำแม่คำ,ศรีค้ำ,แม่จัน,เชียงราย
2022-09-08,3.6,Nam Mae Chaem,น้ำแม่แจ่ม,บ้านท่าข้าม,จอมทอง,เชียงใหม่
2022-09-08,5.3,Nawarat Bridge,แม่น้ำปิง,วัดเกต,เมือง,เชียงใหม่
2022-09-08,5.3,Nawarat Bridge,แม่น้ำปิง,วัดเกต,เมือง,เชียงใหม่
2022-09-08,4.7,Pracha Uthit Bridge,น้ำแม่กลาง,บ้านหลวง,จอมทอง,เชียงใหม่
2022-09-08,6,Romklao Cooperative House,น้ำแม่งัด,แม่แวน,พร้าว,เชียงใหม่
2022-09-08,6.1,Saphan Ban Khay,น้ำฝาง,แม่นาวาง,แม่อาย,เชียงใหม่
2022-09-08,5.1,Setuwaree Bridge,แม้น้ำวัง,เวียงเหนือ,เมือง,ลำปาง
2022-09-08,14,Tha Li Bridge,น้ำว้า,ขึ่ง,เวียงสา,น่าน
2022-09-08,7.8,Tha Nang Bridge,น้ำแม่กวง,ในเมือง,เมือง,ลำพูน
2022-09-08,3.8,Wang Phrao,น้ำแม่จาง,วังพร้าว,เกาะคา,ลำปาง
2022-09-09,3,Ban Chiang Dao,แม่น้ำปิง,เชียงดาว,เชียงดาว,เชียงใหม่
2022-09-09,4.6,Ban Chor Lae,แม่น้ำปิง,ช่อแล,แม่แตง,เชียงใหม่
2022-09-09,5.7,Ban Don Chai,แม่น้ำวัง,ล้อมแรด,เถิน,ลำปาง
2022-09-09,6.4,Ban Don Mun,แม่น้ำวัง,บ้านแลง,เมือง,ลำปาง
2022-09-09,5.7,Ban Don Sali,น้ำแม่ลาว,ป่าแดด,แม่สรวย,เชียงราย
2022-09-09,5.4,Ban Hai,แม่น้ำวัง,ปงดอน,แจ้ห่ม,ลำปาง
2022-09-09,4.1,Ban Hong,น้ำแม่ออน,ร้องวัวแดง,สันกำแพง,เชียงใหม่
2022-09-09,3.1,Ban Hua Sapan,น้ำแม่จัน,ป่าซาง,แม่จัน,เชียงราย
2022-09-09,6.2,Ban Huai Pa Sang,น้ำแม่แตง,กึ๊ดช้าง,แม่แตง,เชียงใหม่
2022-09-09,11.9,Ban Huai Sak,แม่น้ำยม,เตาปูน,สอง,แพร่
2022-09-09,2.2,Ban Klang,น้ำแม่ขาน,บ้านกลาง,สันป่าตอง,เชียงใหม่
2022-09-09,7.8,Ban Klang,น้ำแม่ขาน,บ้านกลาง,สันป่าตอง,เชียงใหม่
2022-09-09,3.7,Ban Ko Kha,แม่น้ำวัง,ศาลา,เกาะคา,ลำปาง
2022-09-09,6.2,Ban Kok Tong,แม่น้ำกก,รอบเวียง,เมือง,เชียงราย
2022-09-09,5,Ban Krariang Tung Phrao,น้ำแม่สรวย,วาวี,แม่สรวย,เชียงราย
2022-09-09,4.5,Ban Lai Kaeo,น้ำแม่ลี้,ศรีเตี้ย,บ้านโฮ่ง,ลำพูน
2022-09-09,7.2,Ban Luang,น้ำแม่ตื่น,ยางเปียง,อมก๋อย,เชียงใหม่
2022-09-09,8,Ban Luang Nuea,น้ำงาว,หลวงใต้,งาว,ลำปาง
2022-09-09,8.5,Ban Mae E Hi,น้ำแม่ลี้,ศรีวิชัย,ลี้,ลำพูน
2022-09-09,5.5,Ban Mae Kha Bridge,น้ำฝาง,แม่ข่า,ฝาง,เชียงใหม่
2022-09-09,7.3,Ban Mae Khom Mi Tamnak Tham,น้ำแม่คำมี,ตำหนักธรรม,หนองม่วงไข่,แพร่
2022-09-09,6.2,Ban Mae Lai,น้ำแม่หล่าย,แม่หล่าย,เมือง,แพร่
2022-09-09,3.4,Ban Mae Tae,แม่น้ำปิง,แม่แฝกเก่า,สันทราย,เชียงใหม่
2022-09-09,3.2,Ban Mae Taeng,แม่น้ำแตง,สันมหาพล,แม่แตง,เชียงใหม่
2022-09-09,4.2,Ban Mae Wan,น้ำแม่กวง,ป่าเมี่ยง,ดอยสะเก็ด,เชียงใหม่
2022-09-09,7.6,Ban Mai Rim Fang,น้ำฝาง,เวียงฝาง,ฝาง,เชียงใหม่
2022-09-09,8.1,Ban Mang,น้ำปี้,มาง,เชียงม่วน,พะเยา
2022-09-09,6.6,Ban Muang Pok,น้ำแม่แตง,เปียงหลวง,เวียงแหง,เชียงใหม่
2022-09-09,4.9,Ban Mueang Kuet,น้ำแม่แตง,กึ๊ดช้าง,แม่แตง,เชียงใหม่
2022-09-09,3,Ban Mueang Mai,ห้วยแม่ต๋า,เมืองมาย,แจ้ห่ม,ลำปาง
2022-09-09,5.7,Ban Mueang Pha,น้ำแม่ริม,ริมเหนือ,แม่ริม,เชียงใหม่
2022-09-09,6.5,Ban Nam Ing,น้ำอิง,ต้า,ขุนตาล,เชียงราย
2022-09-09,10.8,Ban Nam Khong,แม่น้ำยม,ป่าแมต,เมือง,แพร่
2022-09-09,5.8,Ban Nam Yao,น้ำยาว,อวน,ปัว,น่าน
2022-09-09,0.9,Ban Nong Daeng,แม่น้ำน่าน,เปือ,เชียงกลาง,น่าน
2022-09-09,2.3,Ban Nong Naw,น้ำแม่สอย,แจ้ห่ม,แจ้ห่ม,ลำปาง
2022-09-09,5.3,Ban Nong Pham,น้ำแม่ลาว,แม่สรวย,แม่สรวย,เชียงราย
2022-09-09,7.6,Ban Pa Kha,น้ำควร,ควร,ปง,พะเยา
2022-09-09,9.1,Ban Pa Khoi Tai,แม่น้ำปิง,สันผีเสื้อ,เมือง,เชียงใหม่
2022-09-09,6.2,Ban Pa Sang,น้ำแม่ทา,ป่าซาง,ป่าซาง,ลำพูน
2022-09-09,1.6,Ban Pang Rimkorn,น้ำแม่กรณ์,แม่กรณ์,เมือง,เชียงราย
2022-09-09,6.2,Ban Pang Sa,ห้วยน้ำยาว,ผาทอง,ท่าวังผา,น่าน
2022-09-09,11.4,Ban Pha Khwang,แม่น้ำน่าน,บ่อ,เมือง,น่าน
2022-09-09,8.4,Ban Phai Ngarm,แม่น้ำน่าน,ส้าน,เวียงสา,น่าน
2022-09-09,5.3,Ban Phan Ton,น้ำแม่วาง,ทุ่งปี้,แม่วาง,เชียงใหม่
2022-09-09,5.1,Ban Phi Tai,น้ำปี้,บ้านพี้,บ้านหลวง,น่าน
2022-09-09,3.5,Ban Phu Yaeng,น้ำมวบ,ดู่พงษ์,สันติสุข,น่าน
2022-09-09,8.6,Ban Pong,น้ำแม่กวง,บวกค้าง,สันกำแพง,เชียงใหม่
2022-09-09,9,Ban Pong,น้ำแม่กวง,บวกค้าง,สันกำแพง,เชียงใหม่
2022-09-09,5.1225,Ban Pong,ห้วยโป่ง,บ้านโป่ง,งาว,ลำปาง
2022-09-09,6.2,Ban Rong Kho,แม่น้ำวัง,ร่องเคาะ,วังเหนือ,ลำปาง
2022-09-09,7.2,Ban Rong Khun,น้ำแม่ลาว,ป่าอ้อดอนชัย,เมือง,เชียงราย
2022-09-09,4.7,Ban Saluang Nok,น้ำแม่ริม,สลวง,แม่ริม,เชียงใหม่
2022-09-09,7.2,Ban San Pu Loei,น้ำแม่ขอด,โหล่งขอด,พร้าว,เชียงใหม่
2022-09-09,7.6,Ban Singpotin,น้ำแม่ลาย,ป่าเมี่ยง,ดอยสะเก็ด,เชียงใหม่
2022-09-09,9.3,Ban Sob Soi,แม่น้ำปิง,แม่สอย,จอมทอง,เชียงใหม่
2022-09-09,6.1,Ban Sop Mae Sapoot,แม่น้ำแม่ทา,ทาสบเส้า,แม่ทา,ลำพูน
2022-09-09,10.3,Ban Sop Pae,แม่น้ำปิง,สบแปะ,จอมทอง,เชียงใหม่
2022-09-09,6.9,Ban Sop Prap,แม่น้ำวัง,สบปราบ,สบปราบ,ลำปาง
2022-09-09,6.4,Ban Sop Tam,น้ำแม่ต่ำ,เกาะคา,เกาะคา,ลำปาง
2022-09-09,5.1,Ban Sop Win,น้ำแม่วาง,แม่วิน,แม่วาง,เชียงใหม่
2022-09-09,8.2,Ban Tha Duea,แม่น้ำวัง,พิชัย,เมือง,ลำปาง
2022-09-09,5.9,Ban Tha Lo,น้ำแม่ตุ๋ย,บ่อแฮ้ว,เมือง,ลำปาง
2022-09-09,4.6,Ban Tha Pong Daeng,น้ำปาย,ผาบ่อง,เมือง,แม่ฮ่องสอน
2022-09-09,14.8,Ban Thung Nong,แม่น้ำยม,สระ,เชียงม่วน,พะเยา
2022-09-09,6.3,Ban Ton Yang,น้ำแม่ลาว,บัวสลี,แม่ลาว,เชียงราย
2022-09-09,15.6,Ban Wang Chin,แม่น้ำยม,วังชิ้น,วังชิ้น,แพร่
2022-09-09,5.2,Chedingam,น้ำอิง,ท่าวังทอง,เมือง,พะเยา
2022-09-09,8.4,In front of the Forestry Office,แม่น้ำน่าน,ในเวียง,เมือง,น่าน
2022-09-09,6.7,Mae Kham Lak Chet,น้ำแม่คำ,ศรีค้ำ,แม่จัน,เชียงราย
2022-09-09,3.8,Nam Mae Chaem,น้ำแม่แจ่ม,บ้านท่าข้าม,จอมทอง,เชียงใหม่
2022-09-09,5.4,Nawarat Bridge,แม่น้ำปิง,วัดเกต,เมือง,เชียงใหม่
2022-09-09,5.4,Nawarat Bridge,แม่น้ำปิง,วัดเกต,เมือง,เชียงใหม่
2022-09-09,5.6,Pracha Uthit Bridge,น้ำแม่กลาง,บ้านหลวง,จอมทอง,เชียงใหม่
2022-09-09,6.3,Romklao Cooperative House,น้ำแม่งัด,แม่แวน,พร้าว,เชียงใหม่
2022-09-09,6.3,Saphan Ban Khay,น้ำฝาง,แม่นาวาง,แม่อาย,เชียงใหม่
2022-09-09,5.2,Setuwaree Bridge,แม้น้ำวัง,เวียงเหนือ,เมือง,ลำปาง
2022-09-09,13.8,Tha Li Bridge,น้ำว้า,ขึ่ง,เวียงสา,น่าน
2022-09-09,8.2,Tha Nang Bridge,น้ำแม่กวง,ในเมือง,เมือง,ลำพูน
2022-09-09,4,Wang Phrao,น้ำแม่จาง,วังพร้าว,เกาะคา,ลำปาง
2022-09-10,3,Ban Chiang Dao,แม่น้ำปิง,เชียงดาว,เชียงดาว,เชียงใหม่
2022-09-10,5.1,Ban Chor Lae,แม่น้ำปิง,ช่อแล,แม่แตง,เชียงใหม่
2022-09-10,6.8,Ban Don Chai,แม่น้ำวัง,ล้อมแรด,เถิน,ลำปาง
2022-09-10,7,Ban Don Mun,แม่น้ำวัง,บ้านแลง,เมือง,ลำปาง
2022-09-10,6.1,Ban Don Sali,น้ำแม่ลาว,ป่าแดด,แม่สรวย,เชียงราย
2022-09-10,5.8,Ban Hai,แม่น้ำวัง,ปงดอน,แจ้ห่ม,ลำปาง
2022-09-10,4.2,Ban Hong,น้ำแม่ออน,ร้องวัวแดง,สันกำแพง,เชียงใหม่
2022-09-10,3.2,Ban Hua Sapan,น้ำแม่จัน,ป่าซาง,แม่จัน,เชียงราย
2022-09-10,6.5,Ban Huai Pa Sang,น้ำแม่แตง,กึ๊ดช้าง,แม่แตง,เชียงใหม่
2022-09-10,12.5,Ban Huai Sak,แม่น้ำยม,เตาปูน,สอง,แพร่
2022-09-10,8.9,Ban Klang,น้ำแม่ขาน,บ้านกลาง,สันป่าตอง,เชียงใหม่
2022-09-10,4,Ban Ko Kha,แม่น้ำวัง,ศาลา,เกาะคา,ลำปาง
2022-09-10,6.5,Ban Kok Tong,แม่น้ำกก,รอบเวียง,เมือง,เชียงราย
2022-09-10,4.8,Ban Krariang Tung Phrao,น้ำแม่สรวย,วาวี,แม่สรวย,เชียงราย
2022-09-10,5.6,Ban Lai Kaeo,น้ำแม่ลี้,ศรีเตี้ย,บ้านโฮ่ง,ลำพูน
2022-09-10,7.3,Ban Luang,น้ำแม่ตื่น,ยางเปียง,อมก๋อย,เชียงใหม่
2022-09-10,8.1,Ban Luang Nuea,น้ำงาว,หลวงใต้,งาว,ลำปาง
2022-09-10,9.4,Ban Mae E Hi,น้ำแม่ลี้,ศรีวิชัย,ลี้,ลำพูน
2022-09-10,5.7,Ban Mae Kha Bridge,น้ำฝาง,แม่ข่า,ฝาง,เชียงใหม่
2022-09-10,7.2,Ban Mae Khom Mi Tamnak Tham,น้ำแม่คำมี,ตำหนักธรรม,หนองม่วงไข่,แพร่
2022-09-10,6.2,Ban Mae Lai,น้ำแม่หล่าย,แม่หล่าย,เมือง,แพร่
2022-09-10,3.9,Ban Mae Tae,แม่น้ำปิง,แม่แฝกเก่า,สันทราย,เชียงใหม่
2022-09-10,3.5,Ban Mae Taeng,แม่น้ำแตง,สันมหาพล,แม่แตง,เชียงใหม่
2022-09-10,4.2,Ban Mae Wan,น้ำแม่กวง,ป่าเมี่ยง,ดอยสะเก็ด,เชียงใหม่
2022-09-10,7.8,Ban Mai Rim Fang,น้ำฝาง,เวียงฝาง,ฝาง,เชียงใหม่
2022-09-10,7.9,Ban Mang,น้ำปี้,มาง,เชียงม่วน,พะเยา
2022-09-10,6.6,Ban Muang Pok,น้ำแม่แตง,เปียงหลวง,เวียงแหง,เชียงใหม่
2022-09-10,5,Ban Mueang Kuet,น้ำแม่แตง,กึ๊ดช้าง,แม่แตง,เชียงใหม่
2022-09-10,3.2,Ban Mueang Mai,ห้วยแม่ต๋า,เมืองมาย,แจ้ห่ม,ลำปาง
2022-09-10,6,Ban Mueang Pha,น้ำแม่ริม,ริมเหนือ,แม่ริม,เชียงใหม่
2022-09-10,6.1,Ban Nam Ing,น้ำอิง,ต้า,ขุนตาล,เชียงราย
2022-09-10,11.4,Ban Nam Khong,แม่น้ำยม,ป่าแมต,เมือง,แพร่
2022-09-10,6,Ban Nam Yao,น้ำยาว,อวน,ปัว,น่าน
2022-09-10,3.2,Ban Nong Naw,น้ำแม่สอย,แจ้ห่ม,แจ้ห่ม,ลำปาง
2022-09-10,5.8,Ban Nong Pham,น้ำแม่ลาว,แม่สรวย,แม่สรวย,เชียงราย
2022-09-10,7.4,Ban Pa Kha,น้ำควร,ควร,ปง,พะเยา
2022-09-10,10,Ban Pa Khoi Tai,แม่น้ำปิง,สันผีเสื้อ,เมือง,เชียงใหม่
2022-09-10,7.6,Ban Pa Sang,น้ำแม่ทา,ป่าซาง,ป่าซาง,ลำพูน
2022-09-10,1.7,Ban Pang Rimkorn,น้ำแม่กรณ์,แม่กรณ์,เมือง,เชียงราย
2022-09-10,6.4,Ban Pang Sa,ห้วยน้ำยาว,ผาทอง,ท่าวังผา,น่าน
2022-09-10,11.8,Ban Pha Khwang,แม่น้ำน่าน,บ่อ,เมือง,น่าน
2022-09-10,8.6,Ban Phai Ngarm,แม่น้ำน่าน,ส้าน,เวียงสา,น่าน
2022-09-10,6.6,Ban Phan Ton,น้ำแม่วาง,ทุ่งปี้,แม่วาง,เชียงใหม่
2022-09-10,5,Ban Phi Tai,น้ำปี้,บ้านพี้,บ้านหลวง,น่าน
2022-09-10,9.4,Ban Pong,น้ำแม่กวง,บวกค้าง,สันกำแพง,เชียงใหม่
2022-09-10,9.4,Ban Pong,น้ำแม่กวง,บวกค้าง,สันกำแพง,เชียงใหม่
2022-09-10,5.446666667,Ban Pong,ห้วยโป่ง,บ้านโป่ง,งาว,ลำปาง
2022-09-10,5.5,Ban Rong Kho,แม่น้ำวัง,ร่องเคาะ,วังเหนือ,ลำปาง
2022-09-10,7.9,Ban Rong Khun,น้ำแม่ลาว,ป่าอ้อดอนชัย,เมือง,เชียงราย
2022-09-10,4.5,Ban Saluang Nok,น้ำแม่ริม,สลวง,แม่ริม,เชียงใหม่
2022-09-10,7,Ban San Pu Loei,น้ำแม่ขอด,โหล่งขอด,พร้าว,เชียงใหม่
2022-09-10,7.9,Ban Singpotin,น้ำแม่ลาย,ป่าเมี่ยง,ดอยสะเก็ด,เชียงใหม่
2022-09-10,9.2,Ban Sob Soi,แม่น้ำปิง,แม่สอย,จอมทอง,เชียงใหม่
2022-09-10,6.4,Ban Sop Mae Sapoot,แม่น้ำแม่ทา,ทาสบเส้า,แม่ทา,ลำพูน
2022-09-10,11.9,Ban Sop Pae,แม่น้ำปิง,สบแปะ,จอมทอง,เชียงใหม่
2022-09-10,8.3,Ban Sop Prap,แม่น้ำวัง,สบปราบ,สบปราบ,ลำปาง
2022-09-10,8.7,Ban Sop Tam,น้ำแม่ต่ำ,เกาะคา,เกาะคา,ลำปาง
2022-09-10,6.1,Ban Sop Win,น้ำแม่วาง,แม่วิน,แม่วาง,เชียงใหม่
2022-09-10,8.3,Ban Tha Duea,แม่น้ำวัง,พิชัย,เมือง,ลำปาง
2022-09-10,6.6,Ban Tha Lo,น้ำแม่ตุ๋ย,บ่อแฮ้ว,เมือง,ลำปาง
2022-09-10,4.7,Ban Tha Pong Daeng,น้ำปาย,ผาบ่อง,เมือง,แม่ฮ่องสอน
2022-09-10,14.1,Ban Thung Nong,แม่น้ำยม,สระ,เชียงม่วน,พะเยา
2022-09-10,6.7,Ban Ton Yang,น้ำแม่ลาว,บัวสลี,แม่ลาว,เชียงราย
2022-09-10,16.6,Ban Wang Chin,แม่น้ำยม,วังชิ้น,วังชิ้น,แพร่
2022-09-10,5.3,Chedingam,น้ำอิง,ท่าวังทอง,เมือง,พะเยา
2022-09-10,8.6,In front of the Forestry Office,แม่น้ำน่าน,ในเวียง,เมือง,น่าน
2022-09-10,6.8,Mae Kham Lak Chet,น้ำแม่คำ,ศรีค้ำ,แม่จัน,เชียงราย
2022-09-10,4.3,Nam Mae Chaem,น้ำแม่แจ่ม,บ้านท่าข้าม,จอมทอง,เชียงใหม่
2022-09-10,5.7,Nawarat Bridge,แม่น้ำปิง,วัดเกต,เมือง,เชียงใหม่
2022-09-10,5.7,Nawarat Bridge,แม่น้ำปิง,วัดเกต,เมือง,เชียงใหม่
2022-09-10,6.5,Pracha Uthit Bridge,น้ำแม่กลาง,บ้านหลวง,จอมทอง,เชียงใหม่
2022-09-10,6.3,Romklao Cooperative House,น้ำแม่งัด,แม่แวน,พร้าว,เชียงใหม่
2022-09-10,6.9,Saphan Ban Khay,น้ำฝาง,แม่นาวาง,แม่อาย,เชียงใหม่
2022-09-10,5.5,Setuwaree Bridge,แม้น้ำวัง,เวียงเหนือ,เมือง,ลำปาง
2022-09-10,14.1,Tha Li Bridge,น้ำว้า,ขึ่ง,เวียงสา,น่าน
2022-09-10,8.6,Tha Nang Bridge,น้ำแม่กวง,ในเมือง,เมือง,ลำพูน
2022-09-10,4.7,Wang Phrao,น้ำแม่จาง,วังพร้าว,เกาะคา,ลำปาง
2022-09-11,3.4,Ban Chiang Dao,แม่น้ำปิง,เชียงดาว,เชียงดาว,เชียงใหม่
2022-09-11,5.5,Ban Chor Lae,แม่น้ำปิง,ช่อแล,แม่แตง,เชียงใหม่
2022-09-11,7.9,Ban Don Chai,แม่น้ำวัง,ล้อมแรด,เถิน,ลำปาง
2022-09-11,7.2,Ban Don Mun,แม่น้ำวัง,บ้านแลง,เมือง,ลำปาง
2022-09-11,6.3,Ban Don Sali,น้ำแม่ลาว,ป่าแดด,แม่สรวย,เชียงราย
2022-09-11,6.6,Ban Hai,แม่น้ำวัง,ปงดอน,แจ้ห่ม,ลำปาง
2022-09-11,4.2,Ban Hong,น้ำแม่ออน,ร้องวัวแดง,สันกำแพง,เชียงใหม่
2022-09-11,3.6,Ban Hua Sapan,น้ำแม่จัน,ป่าซาง,แม่จัน,เชียงราย
2022-09-11,6.6,Ban Huai Pa Sang,น้ำแม่แตง,กึ๊ดช้าง,แม่แตง,เชียงใหม่
2022-09-11,13.7,Ban Huai Sak,แม่น้ำยม,เตาปูน,สอง,แพร่
2022-09-11,2.7,Ban Klang,น้ำแม่ขาน,บ้านกลาง,สันป่าตอง,เชียงใหม่
2022-09-11,10.2,Ban Klang,น้ำแม่ขาน,บ้านกลาง,สันป่าตอง,เชียงใหม่
2022-09-11,4.5,Ban Ko Kha,แม่น้ำวัง,ศาลา,เกาะคา,ลำปาง
2022-09-11,6.7,Ban Kok Tong,แม่น้ำกก,รอบเวียง,เมือง,เชียงราย
2022-09-11,5,Ban Krariang Tung Phrao,น้ำแม่สรวย,วาวี,แม่สรวย,เชียงราย
2022-09-11,6.1,Ban Lai Kaeo,น้ำแม่ลี้,ศรีเตี้ย,บ้านโฮ่ง,ลำพูน
2022-09-11,7.5,Ban Luang,น้ำแม่ตื่น,ยางเปียง,อมก๋อย,เชียงใหม่
2022-09-11,8.4,Ban Luang Nuea,น้ำงาว,หลวงใต้,งาว,ลำปาง
2022-09-11,9.8,Ban Mae E Hi,น้ำแม่ลี้,ศรีวิชัย,ลี้,ลำพูน
2022-09-11,5.8,Ban Mae Kha Bridge,น้ำฝาง,แม่ข่า,ฝาง,เชียงใหม่
2022-09-11,7.5,Ban Mae Khom Mi Tamnak Tham,น้ำแม่คำมี,ตำหนักธรรม,หนองม่วงไข่,แพร่
2022-09-11,6.2,Ban Mae Lai,น้ำแม่หล่าย,แม่หล่าย,เมือง,แพร่
2022-09-11,4.4,Ban Mae Tae,แม่น้ำปิง,แม่แฝกเก่า,สันทราย,เชียงใหม่
2022-09-11,3.9,Ban Mae Taeng,แม่น้ำแตง,สันมหาพล,แม่แตง,เชียงใหม่
2022-09-11,4.2,Ban Mae Wan,น้ำแม่กวง,ป่าเมี่ยง,ดอยสะเก็ด,เชียงใหม่
2022-09-11,8.1,Ban Mai Rim Fang,น้ำฝาง,เวียงฝาง,ฝาง,เชียงใหม่
2022-09-11,8.2,Ban Mang,น้ำปี้,มาง,เชียงม่วน,พะเยา
2022-09-11,6.8,Ban Muang Pok,น้ำแม่แตง,เปียงหลวง,เวียงแหง,เชียงใหม่
2022-09-11,5.3,Ban Mueang Kuet,น้ำแม่แตง,กึ๊ดช้าง,แม่แตง,เชียงใหม่
2022-09-11,3.3,Ban Mueang Mai,ห้วยแม่ต๋า,เมืองมาย,แจ้ห่ม,ลำปาง
2022-09-11,6.4,Ban Mueang Pha,น้ำแม่ริม,ริมเหนือ,แม่ริม,เชียงใหม่
2022-09-11,6.4,Ban Nam Ing,น้ำอิง,ต้า,ขุนตาล,เชียงราย
2022-09-11,12.4,Ban Nam Khong,แม่น้ำยม,ป่าแมต,เมือง,แพร่
2022-09-11,6,Ban Nam Yao,น้ำยาว,อวน,ปัว,น่าน
2022-09-11,1.2,Ban Nong Daeng,แม่น้ำน่าน,เปือ,เชียงกลาง,น่าน
2022-09-11,3.1,Ban Nong Naw,น้ำแม่สอย,แจ้ห่ม,แจ้ห่ม,ลำปาง
2022-09-11,6.4,Ban Nong Pham,น้ำแม่ลาว,แม่สรวย,แม่สรวย,เชียงราย
2022-09-11,7.4,Ban Pa Kha,น้ำควร,ควร,ปง,พะเยา
2022-09-11,10.6,Ban Pa Khoi Tai,แม่น้ำปิง,สันผีเสื้อ,เมือง,เชียงใหม่
2022-09-11,7.8,Ban Pa Sang,น้ำแม่ทา,ป่าซาง,ป่าซาง,ลำพูน
2022-09-11,1.7,Ban Pang Rimkorn,น้ำแม่กรณ์,แม่กรณ์,เมือง,เชียงราย
2022-09-11,6.8,Ban Pang Sa,ห้วยน้ำยาว,ผาทอง,ท่าวังผา,น่าน
2022-09-11,12.5,Ban Pha Khwang,แม่น้ำน่าน,บ่อ,เมือง,น่าน
2022-09-11,9.1,Ban Phai Ngarm,แม่น้ำน่าน,ส้าน,เวียงสา,น่าน
2022-09-11,6.1,Ban Phan Ton,น้ำแม่วาง,ทุ่งปี้,แม่วาง,เชียงใหม่
2022-09-11,5.1,Ban Phi Tai,น้ำปี้,บ้านพี้,บ้านหลวง,น่าน
2022-09-11,3.8,Ban Phu Yaeng,น้ำมวบ,ดู่พงษ์,สันติสุข,น่าน
2022-09-11,10.3,Ban Pong,น้ำแม่กวง,บวกค้าง,สันกำแพง,เชียงใหม่
2022-09-11,10.4,Ban Pong,น้ำแม่กวง,บวกค้าง,สันกำแพง,เชียงใหม่
2022-09-11,6.466666667,Ban Pong,ห้วยโป่ง,บ้านโป่ง,งาว,ลำปาง
2022-09-11,6,Ban Rong Kho,แม่น้ำวัง,ร่องเคาะ,วังเหนือ,ลำปาง
2022-09-11,8.7,Ban Rong Khun,น้ำแม่ลาว,ป่าอ้อดอนชัย,เมือง,เชียงราย
2022-09-11,4.8,Ban Saluang Nok,น้ำแม่ริม,สลวง,แม่ริม,เชียงใหม่
2022-09-11,6.9,Ban San Pu Loei,น้ำแม่ขอด,โหล่งขอด,พร้าว,เชียงใหม่
2022-09-11,7.8,Ban Singpotin,น้ำแม่ลาย,ป่าเมี่ยง,ดอยสะเก็ด,เชียงใหม่
2022-09-11,9.8,Ban Sob Soi,แม่น้ำปิง,แม่สอย,จอมทอง,เชียงใหม่
2022-09-11,6.6,Ban Sop Mae Sapoot,แม่น้ำแม่ทา,ทาสบเส้า,แม่ทา,ลำพูน
2022-09-11,13.8,Ban Sop Pae,แม่น้ำปิง,สบแปะ,จอมทอง,เชียงใหม่
2022-09-11,9.7,Ban Sop Prap,แม่น้ำวัง,สบปราบ,สบปราบ,ลำปาง
2022-09-11,9.7,Ban Sop Tam,น้ำแม่ต่ำ,เกาะคา,เกาะคา,ลำปาง
2022-09-11,5.7,Ban Sop Win,น้ำแม่วาง,แม่วิน,แม่วาง,เชียงใหม่
2022-09-11,9,Ban Tha Duea,แม่น้ำวัง,พิชัย,เมือง,ลำปาง
2022-09-11,8.2,Ban Tha Lo,น้ำแม่ตุ๋ย,บ่อแฮ้ว,เมือง,ลำปาง
2022-09-11,5.4,Ban Tha Pong Daeng,น้ำปาย,ผาบ่อง,เมือง,แม่ฮ่องสอน
2022-09-11,14.3,Ban Thung Nong,แม่น้ำยม,สระ,เชียงม่วน,พะเยา
2022-09-11,7.7,Ban Ton Yang,น้ำแม่ลาว,บัวสลี,แม่ลาว,เชียงราย
2022-09-11,18,Ban Wang Chin,แม่น้ำยม,วังชิ้น,วังชิ้น,แพร่
2022-09-11,5.5,Chedingam,น้ำอิง,ท่าวังทอง,เมือง,พะเยา
2022-09-11,9.2,In front of the Forestry Office,แม่น้ำน่าน,ในเวียง,เมือง,น่าน
2022-09-11,8.3,Mae Kham Lak Chet,น้ำแม่คำ,ศรีค้ำ,แม่จัน,เชียงราย
2022-09-11,4.8,Nam Mae Chaem,น้ำแม่แจ่ม,บ้านท่าข้าม,จอมทอง,เชียงใหม่
2022-09-11,5.9,Nawarat Bridge,แม่น้ำปิง,วัดเกต,เมือง,เชียงใหม่
2022-09-11,5.9,Nawarat Bridge,แม่น้ำปิง,วัดเกต,เมือง,เชียงใหม่
2022-09-11,6.6,Pracha Uthit Bridge,น้ำแม่กลาง,บ้านหลวง,จอมทอง,เชียงใหม่
2022-09-11,6.4,Romklao Cooperative House,น้ำแม่งัด,แม่แวน,พร้าว,เชียงใหม่
2022-09-11,7.1,Saphan Ban Khay,น้ำฝาง,แม่นาวาง,แม่อาย,เชียงใหม่
2022-09-11,6.1,Setuwaree Bridge,แม้น้ำวัง,เวียงเหนือ,เมือง,ลำปาง
2022-09-11,14.2,Tha Li Bridge,น้ำว้า,ขึ่ง,เวียงสา,น่าน
2022-09-11,9.3,Tha Nang Bridge,น้ำแม่กวง,ในเมือง,เมือง,ลำพูน
2022-09-11,5.2,Wang Phrao,น้ำแม่จาง,วังพร้าว,เกาะคา,ลำปาง
2022-09-12,3.8,Ban Chiang Dao,แม่น้ำปิง,เชียงดาว,เชียงดาว,เชียงใหม่
2022-09-12,6.2,Ban Chor Lae,แม่น้ำปิง,ช่อแล,แม่แตง,เชียงใหม่
2022-09-12,8.2,Ban Don Chai,แม่น้ำวัง,ล้อมแรด,เถิน,ลำปาง
2022-09-12,7.7,Ban Don Mun,แม่น้ำวัง,บ้านแลง,เมือง,ลำปาง
2022-09-12,6.3,Ban Don Sali,น้ำแม่ลาว,ป่าแดด,แม่สรวย,เชียงราย
2022-09-12,6.7,Ban Hai,แม่น้ำวัง,ปงดอน,แจ้ห่ม,ลำปาง
2022-09-12,5.3,Ban Hong,น้ำแม่ออน,ร้องวัวแดง,สันกำแพง,เชียงใหม่
2022-09-12,3.5,Ban Hua Sapan,น้ำแม่จัน,ป่าซาง,แม่จัน,เชียงราย
2022-09-12,7.4,Ban Huai Pa Sang,น้ำแม่แตง,กึ๊ดช้าง,แม่แตง,เชียงใหม่
2022-09-12,13.5,Ban Huai Sak,แม่น้ำยม,เตาปูน,สอง,แพร่
2022-09-12,9.7,Ban Klang,น้ำแม่ขาน,บ้านกลาง,สันป่าตอง,เชียงใหม่
2022-09-12,5.1,Ban Ko Kha,แม่น้ำวัง,ศาลา,เกาะคา,ลำปาง
2022-09-12,6.8,Ban Kok Tong,แม่น้ำกก,รอบเวียง,เมือง,เชียงราย
2022-09-12,5.1,Ban Krariang Tung Phrao,น้ำแม่สรวย,วาวี,แม่สรวย,เชียงราย
2022-09-12,6.5,Ban Lai Kaeo,น้ำแม่ลี้,ศรีเตี้ย,บ้านโฮ่ง,ลำพูน
2022-09-12,7.1,Ban Luang,น้ำแม่ตื่น,ยางเปียง,อมก๋อย,เชียงใหม่
2022-09-12,8.2,Ban Luang Nuea,น้ำงาว,หลวงใต้,งาว,ลำปาง
2022-09-12,10.6,Ban Mae E Hi,น้ำแม่ลี้,ศรีวิชัย,ลี้,ลำพูน
2022-09-12,5.9,Ban Mae Kha Bridge,น้ำฝาง,แม่ข่า,ฝาง,เชียงใหม่
2022-09-12,7.8,Ban Mae Khom Mi Tamnak Tham,น้ำแม่คำมี,ตำหนักธรรม,หนองม่วงไข่,แพร่
2022-09-12,6.3,Ban Mae Lai,น้ำแม่หล่าย,แม่หล่าย,เมือง,แพร่
2022-09-12,5.1,Ban Mae Tae,แม่น้ำปิง,แม่แฝกเก่า,สันทราย,เชียงใหม่
2022-09-12,4.5,Ban Mae Taeng,แม่น้ำแตง,สันมหาพล,แม่แตง,เชียงใหม่
2022-09-12,4.8,Ban Mae Wan,น้ำแม่กวง,ป่าเมี่ยง,ดอยสะเก็ด,เชียงใหม่
2022-09-12,8.9,Ban Mai Rim Fang,น้ำฝาง,เวียงฝาง,ฝาง,เชียงใหม่
2022-09-12,8.2,Ban Mang,น้ำปี้,มาง,เชียงม่วน,พะเยา
2022-09-12,7.3,Ban Muang Pok,น้ำแม่แตง,เปียงหลวง,เวียงแหง,เชียงใหม่
2022-09-12,5.7,Ban Mueang Kuet,น้ำแม่แตง,กึ๊ดช้าง,แม่แตง,เชียงใหม่
2022-09-12,3.4,Ban Mueang Mai,ห้วยแม่ต๋า,เมืองมาย,แจ้ห่ม,ลำปาง
2022-09-12,6.7,Ban Mueang Pha,น้ำแม่ริม,ริมเหนือ,แม่ริม,เชียงใหม่
2022-09-12,6.9,Ban Nam Ing,น้ำอิง,ต้า,ขุนตาล,เชียงราย
2022-09-12,13.8,Ban Nam Khong,แม่น้ำยม,ป่าแมต,เมือง,แพร่
2022-09-12,6.1,Ban Nam Yao,น้ำยาว,อวน,ปัว,น่าน
2022-09-12,2.8,Ban Nong Naw,น้ำแม่สอย,แจ้ห่ม,แจ้ห่ม,ลำปาง
2022-09-12,6.4,Ban Nong Pham,น้ำแม่ลาว,แม่สรวย,แม่สรวย,เชียงราย
2022-09-12,7.5,Ban Pa Kha,น้ำควร,ควร,ปง,พะเยา
2022-09-12,11.7,Ban Pa Khoi Tai,แม่น้ำปิง,สันผีเสื้อ,เมือง,เชียงใหม่
2022-09-12,8,Ban Pa Sang,น้ำแม่ทา,ป่าซาง,ป่าซาง,ลำพูน
2022-09-12,1.7,Ban Pang Rimkorn,น้ำแม่กรณ์,แม่กรณ์,เมือง,เชียงราย
2022-09-12,6.7,Ban Pang Sa,ห้วยน้ำยาว,ผาทอง,ท่าวังผา,น่าน
2022-09-12,12.2,Ban Pha Khwang,แม่น้ำน่าน,บ่อ,เมือง,น่าน
2022-09-12,9.5,Ban Phai Ngarm,แม่น้ำน่าน,ส้าน,เวียงสา,น่าน
2022-09-12,5.7,Ban Phan Ton,น้ำแม่วาง,ทุ่งปี้,แม่วาง,เชียงใหม่
2022-09-12,5.3,Ban Phi Tai,น้ำปี้,บ้านพี้,บ้านหลวง,น่าน
2022-09-12,10.8,Ban Pong,น้ำแม่กวง,บวกค้าง,สันกำแพง,เชียงใหม่
2022-09-12,9.6,Ban Pong,น้ำแม่กวง,บวกค้าง,สันกำแพง,เชียงใหม่
2022-09-12,5.736666667,Ban Pong,ห้วยโป่ง,บ้านโป่ง,งาว,ลำปาง
2022-09-12,5.8,Ban Rong Kho,แม่น้ำวัง,ร่องเคาะ,วังเหนือ,ลำปาง
2022-09-12,9.1,Ban Rong Khun,น้ำแม่ลาว,ป่าอ้อดอนชัย,เมือง,เชียงราย
2022-09-12,4.8,Ban Saluang Nok,น้ำแม่ริม,สลวง,แม่ริม,เชียงใหม่
2022-09-12,6.9,Ban San Pu Loei,น้ำแม่ขอด,โหล่งขอด,พร้าว,เชียงใหม่
2022-09-12,8,Ban Singpotin,น้ำแม่ลาย,ป่าเมี่ยง,ดอยสะเก็ด,เชียงใหม่
2022-09-12,9.8,Ban Sob Soi,แม่น้ำปิง,แม่สอย,จอมทอง,เชียงใหม่
2022-09-12,6.9,Ban Sop Mae Sapoot,แม่น้ำแม่ทา,ทาสบเส้า,แม่ทา,ลำพูน
2022-09-12,14.4,Ban Sop Pae,แม่น้ำปิง,สบแปะ,จอมทอง,เชียงใหม่
2022-09-12,10.3,Ban Sop Prap,แม่น้ำวัง,สบปราบ,สบปราบ,ลำปาง
2022-09-12,11.2,Ban Sop Tam,น้ำแม่ต่ำ,เกาะคา,เกาะคา,ลำปาง
2022-09-12,5.4,Ban Sop Win,น้ำแม่วาง,แม่วิน,แม่วาง,เชียงใหม่
2022-09-12,10.2,Ban Tha Duea,แม่น้ำวัง,พิชัย,เมือง,ลำปาง
2022-09-12,9.1,Ban Tha Lo,น้ำแม่ตุ๋ย,บ่อแฮ้ว,เมือง,ลำปาง
2022-09-12,6.3,Ban Tha Pong Daeng,น้ำปาย,ผาบ่อง,เมือง,แม่ฮ่องสอน
2022-09-12,14.3,Ban Thung Nong,แม่น้ำยม,สระ,เชียงม่วน,พะเยา
2022-09-12,8.1,Ban Ton Yang,น้ำแม่ลาว,บัวสลี,แม่ลาว,เชียงราย
2022-09-12,19,Ban Wang Chin,แม่น้ำยม,วังชิ้น,วังชิ้น,แพร่
2022-09-12,5.1,Chedingam,น้ำอิง,ท่าวังทอง,เมือง,พะเยา
2022-09-12,9.3,In front of the Forestry Office,แม่น้ำน่าน,ในเวียง,เมือง,น่าน
2022-09-12,8.3,Mae Kham Lak Chet,น้ำแม่คำ,ศรีค้ำ,แม่จัน,เชียงราย
2022-09-12,5.2,Nam Mae Chaem,น้ำแม่แจ่ม,บ้านท่าข้าม,จอมทอง,เชียงใหม่
2022-09-12,6.5,Nawarat Bridge,แม่น้ำปิง,วัดเกต,เมือง,เชียงใหม่
2022-09-12,6.5,Nawarat Bridge,แม่น้ำปิง,วัดเกต,เมือง,เชียงใหม่
2022-09-12,6,Pracha Uthit Bridge,น้ำแม่กลาง,บ้านหลวง,จอมทอง,เชียงใหม่
2022-09-12,7.2,Romklao Cooperative House,น้ำแม่งัด,แม่แวน,พร้าว,เชียงใหม่
2022-09-12,7.5,Saphan Ban Khay,น้ำฝาง,แม่นาวาง,แม่อาย,เชียงใหม่
2022-09-12,7.2,Setuwaree Bridge,แม้น้ำวัง,เวียงเหนือ,เมือง,ลำปาง
2022-09-12,13.9,Tha Li Bridge,น้ำว้า,ขึ่ง,เวียงสา,น่าน
2022-09-12,9.8,Tha Nang Bridge,น้ำแม่กวง,ในเมือง,เมือง,ลำพูน
2022-09-12,5.8,Wang Phrao,น้ำแม่จาง,วังพร้าว,เกาะคา,ลำปาง
2022-09-13,3.7,Ban Chiang Dao,แม่น้ำปิง,เชียงดาว,เชียงดาว,เชียงใหม่
2022-09-13,6.6,Ban Chor Lae,แม่น้ำปิง,ช่อแล,แม่แตง,เชียงใหม่
2022-09-13,9,Ban Don Chai,แม่น้ำวัง,ล้อมแรด,เถิน,ลำปาง
2022-09-13,7.6,Ban Don Mun,แม่น้ำวัง,บ้านแลง,เมือง,ลำปาง
2022-09-13,6.2,Ban Don Sali,น้ำแม่ลาว,ป่าแดด,แม่สรวย,เชียงราย
2022-09-13,7.3,Ban Hai,แม่น้ำวัง,ปงดอน,แจ้ห่ม,ลำปาง
2022-09-13,4.7,Ban Hong,น้ำแม่ออน,ร้องวัวแดง,สันกำแพง,เชียงใหม่
2022-09-13,3.2,Ban Hua Sapan,น้ำแม่จัน,ป่าซาง,แม่จัน,เชียงราย
2022-09-13,7.4,Ban Huai Pa Sang,น้ำแม่แตง,กึ๊ดช้าง,แม่แตง,เชียงใหม่
2022-09-13,13.1,Ban Huai Sak,แม่น้ำยม,เตาปูน,สอง,แพร่
2022-09-13,3.7,Ban Klang,น้ำแม่ขาน,บ้านกลาง,สันป่าตอง,เชียงใหม่
2022-09-13,8.6,Ban Klang,น้ำแม่ขาน,บ้านกลาง,สันป่าตอง,เชียงใหม่
2022-09-13,5.1,Ban Ko Kha,แม่น้ำวัง,ศาลา,เกาะคา,ลำปาง
2022-09-13,7.7,Ban Kok Tong,แม่น้ำกก,รอบเวียง,เมือง,เชียงราย
2022-09-13,5.2,Ban Krariang Tung Phrao,น้ำแม่สรวย,วาวี,แม่สรวย,เชียงราย
2022-09-13,6,Ban Lai Kaeo,น้ำแม่ลี้,ศรีเตี้ย,บ้านโฮ่ง,ลำพูน
2022-09-13,7,Ban Luang,น้ำแม่ตื่น,ยางเปียง,อมก๋อย,เชียงใหม่
2022-09-13,8.3,Ban Luang Nuea,น้ำงาว,หลวงใต้,งาว,ลำปาง
2022-09-13,9.3,Ban Mae E Hi,น้ำแม่ลี้,ศรีวิชัย,ลี้,ลำพูน
2022-09-13,5.9,Ban Mae Kha Bridge,น้ำฝาง,แม่ข่า,ฝาง,เชียงใหม่
2022-09-13,7.8,Ban Mae Khom Mi Tamnak Tham,น้ำแม่คำมี,ตำหนักธรรม,หนองม่วงไข่,แพร่
2022-09-13,6.3,Ban Mae Lai,น้ำแม่หล่าย,แม่หล่าย,เมือง,แพร่
2022-09-13,5.5,Ban Mae Tae,แม่น้ำปิง,แม่แฝกเก่า,สันทราย,เชียงใหม่
2022-09-13,4.8,Ban Mae Taeng,แม่น้ำแตง,สันมหาพล,แม่แตง,เชียงใหม่
2022-09-13,4.5,Ban Mae Wan,น้ำแม่กวง,ป่าเมี่ยง,ดอยสะเก็ด,เชียงใหม่
2022-09-13,9.4,Ban Mai Rim Fang,น้ำฝาง,เวียงฝาง,ฝาง,เชียงใหม่
2022-09-13,8.9,Ban Mang,น้ำปี้,มาง,เชียงม่วน,พะเยา
2022-09-13,7.4,Ban Muang Pok,น้ำแม่แตง,เปียงหลวง,เวียงแหง,เชียงใหม่
2022-09-13,5.8,Ban Mueang Kuet,น้ำแม่แตง,กึ๊ดช้าง,แม่แตง,เชียงใหม่
2022-09-13,3.5,Ban Mueang Mai,ห้วยแม่ต๋า,เมืองมาย,แจ้ห่ม,ลำปาง
2022-09-13,5.9,Ban Mueang Pha,น้ำแม่ริม,ริมเหนือ,แม่ริม,เชียงใหม่
2022-09-13,7.2,Ban Nam Ing,น้ำอิง,ต้า,ขุนตาล,เชียงราย
2022-09-13,13.1,Ban Nam Khong,แม่น้ำยม,ป่าแมต,เมือง,แพร่
2022-09-13,6,Ban Nam Yao,น้ำยาว,อวน,ปัว,น่าน
2022-09-13,1.8,Ban Nong Daeng,แม่น้ำน่าน,เปือ,เชียงกลาง,น่าน
2022-09-13,3.6,Ban Nong Naw,น้ำแม่สอย,แจ้ห่ม,แจ้ห่ม,ลำปาง
2022-09-13,6.2,Ban Nong Pham,น้ำแม่ลาว,แม่สรวย,แม่สรวย,เชียงราย
2022-09-13,7.9,Ban Pa Kha,น้ำควร,ควร,ปง,พะเยา
2022-09-13,12,Ban Pa Khoi Tai,แม่น้ำปิง,สันผีเสื้อ,เมือง,เชียงใหม่
2022-09-13,7.5,Ban Pa Sang,น้ำแม่ทา,ป่าซาง,ป่าซาง,ลำพูน
2022-09-13,1.6,Ban Pang Rimkorn,น้ำแม่กรณ์,แม่กรณ์,เมือง,เชียงราย
2022-09-13,6.9,Ban Pang Sa,ห้วยน้ำยาว,ผาทอง,ท่าวังผา,น่าน
2022-09-13,13.3,Ban Pha Khwang,แม่น้ำน่าน,บ่อ,เมือง,น่าน
2022-09-13,9.8,Ban Phai Ngarm,แม่น้ำน่าน,ส้าน,เวียงสา,น่าน
2022-09-13,5.4,Ban Phan Ton,น้ำแม่วาง,ทุ่งปี้,แม่วาง,เชียงใหม่
2022-09-13,5.8,Ban Phi Tai,น้ำปี้,บ้านพี้,บ้านหลวง,น่าน
2022-09-13,4,Ban Phu Yaeng,น้ำมวบ,ดู่พงษ์,สันติสุข,น่าน
2022-09-13,11.2,Ban Pong,น้ำแม่กวง,บวกค้าง,สันกำแพง,เชียงใหม่
2022-09-13,9.2,Ban Pong,น้ำแม่กวง,บวกค้าง,สันกำแพง,เชียงใหม่
2022-09-13,5.286666667,Ban Pong,ห้วยโป่ง,บ้านโป่ง,งาว,ลำปาง
2022-09-13,6.2,Ban Rong Kho,แม่น้ำวัง,ร่องเคาะ,วังเหนือ,ลำปาง
2022-09-13,9,Ban Rong Khun,น้ำแม่ลาว,ป่าอ้อดอนชัย,เมือง,เชียงราย
2022-09-13,3.8,Ban Saluang Nok,น้ำแม่ริม,สลวง,แม่ริม,เชียงใหม่
2022-09-13,7,Ban San Pu Loei,น้ำแม่ขอด,โหล่งขอด,พร้าว,เชียงใหม่
2022-09-13,7.7,Ban Singpotin,น้ำแม่ลาย,ป่าเมี่ยง,ดอยสะเก็ด,เชียงใหม่
2022-09-13,9.7,Ban Sob Soi,แม่น้ำปิง,แม่สอย,จอมทอง,เชียงใหม่
2022-09-13,6.7,Ban Sop Mae Sapoot,แม่น้ำแม่ทา,ทาสบเส้า,แม่ทา,ลำพูน
2022-09-13,14.3,Ban Sop Pae,แม่น้ำปิง,สบแปะ,จอมทอง,เชียงใหม่
2022-09-13,11.2,Ban Sop Prap,แม่น้ำวัง,สบปราบ,สบปราบ,ลำปาง
2022-09-13,11.4,Ban Sop Tam,น้ำแม่ต่ำ,เกาะคา,เกาะคา,ลำปาง
2022-09-13,5.4,Ban Sop Win,น้ำแม่วาง,แม่วิน,แม่วาง,เชียงใหม่
2022-09-13,11.2,Ban Tha Duea,แม่น้ำวัง,พิชัย,เมือง,ลำปาง
2022-09-13,7.9,Ban Tha Lo,น้ำแม่ตุ๋ย,บ่อแฮ้ว,เมือง,ลำปาง
2022-09-13,6.6,Ban Tha Pong Daeng,น้ำปาย,ผาบ่อง,เมือง,แม่ฮ่องสอน
2022-09-13,15.1,Ban Thung Nong,แม่น้ำยม,สระ,เชียงม่วน,พะเยา
2022-09-13,7.8,Ban Ton Yang,น้ำแม่ลาว,บัวสลี,แม่ลาว,เชียงราย
2022-09-13,19.1,Ban Wang Chin,แม่น้ำยม,วังชิ้น,วังชิ้น,แพร่
2022-09-13,5.1,Chedingam,น้ำอิง,ท่าวังทอง,เมือง,พะเยา
2022-09-13,10,In front of the Forestry Office,แม่น้ำน่าน,ในเวียง,เมือง,น่าน
2022-09-13,7.8,Mae Kham Lak Chet,น้ำแม่คำ,ศรีค้ำ,แม่จัน,เชียงราย
2022-09-13,4.9,Nam Mae Chaem,น้ำแม่แจ่ม,บ้านท่าข้าม,จอมทอง,เชียงใหม่
2022-09-13,6.7,Nawarat Bridge,แม่น้ำปิง,วัดเกต,เมือง,เชียงใหม่
2022-09-13,6.7,Nawarat Bridge,แม่น้ำปิง,วัดเกต,เมือง,เชียงใหม่
2022-09-13,5.4,Pracha Uthit Bridge,น้ำแม่กลาง,บ้านหลวง,จอมทอง,เชียงใหม่
2022-09-13,7.4,Romklao Cooperative House,น้ำแม่งัด,แม่แวน,พร้าว,เชียงใหม่
2022-09-13,8.1,Saphan Ban Khay,น้ำฝาง,แม่นาวาง,แม่อาย,เชียงใหม่
2022-09-13,8.2,Setuwaree Bridge,แม้น้ำวัง,เวียงเหนือ,เมือง,ลำปาง
2022-09-13,14.3,Tha Li Bridge,น้ำว้า,ขึ่ง,เวียงสา,น่าน
2022-09-13,10,Tha Nang Bridge,น้ำแม่กวง,ในเมือง,เมือง,ลำพูน
2022-09-13,5.3,Wang Phrao,น้ำแม่จาง,วังพร้าว,เกาะคา,ลำปาง
2022-09-14,3.5,Ban Chiang Dao,แม่น้ำปิง,เชียงดาว,เชียงดาว,เชียงใหม่
2022-09-14,6.5,Ban Chor Lae,แม่น้ำปิง,ช่อแล,แม่แตง,เชียงใหม่
2022-09-14,9,Ban Don Chai,แม่น้ำวัง,ล้อมแรด,เถิน,ลำปาง
2022-09-14,7.5,Ban Don Mun,แม่น้ำวัง,บ้านแลง,เมือง,ลำปาง
2022-09-14,6.4,Ban Don Sali,น้ำแม่ลาว,ป่าแดด,แม่สรวย,เชียงราย
2022-09-14,7.7,Ban Hai,แม่น้ำวัง,ปงดอน,แจ้ห่ม,ลำปาง
2022-09-14,4.3,Ban Hong,น้ำแม่ออน,ร้องวัวแดง,สันกำแพง,เชียงใหม่
2022-09-14,3.2,Ban Hua Sapan,น้ำแม่จัน,ป่าซาง,แม่จัน,เชียงราย
2022-09-14,7.5,Ban Huai Pa Sang,น้ำแม่แตง,กึ๊ดช้าง,แม่แตง,เชียงใหม่
2022-09-14,13.4,Ban Huai Sak,แม่น้ำยม,เตาปูน,สอง,แพร่
2022-09-14,2.7,Ban Klang,น้ำแม่ขาน,บ้านกลาง,สันป่าตอง,เชียงใหม่
2022-09-14,9.4,Ban Klang,น้ำแม่ขาน,บ้านกลาง,สันป่าตอง,เชียงใหม่
2022-09-14,5.2,Ban Ko Kha,แม่น้ำวัง,ศาลา,เกาะคา,ลำปาง
2022-09-14,7.6,Ban Kok Tong,แม่น้ำกก,รอบเวียง,เมือง,เชียงราย
2022-09-14,5.2,Ban Krariang Tung Phrao,น้ำแม่สรวย,วาวี,แม่สรวย,เชียงราย
2022-09-14,5.5,Ban Lai Kaeo,น้ำแม่ลี้,ศรีเตี้ย,บ้านโฮ่ง,ลำพูน
2022-09-14,7,Ban Luang,น้ำแม่ตื่น,ยางเปียง,อมก๋อย,เชียงใหม่
2022-09-14,8.2,Ban Luang Nuea,น้ำงาว,หลวงใต้,งาว,ลำปาง
2022-09-14,9.4,Ban Mae E Hi,น้ำแม่ลี้,ศรีวิชัย,ลี้,ลำพูน
2022-09-14,5.9,Ban Mae Kha Bridge,น้ำฝาง,แม่ข่า,ฝาง,เชียงใหม่
2022-09-14,7.7,Ban Mae Khom Mi Tamnak Tham,น้ำแม่คำมี,ตำหนักธรรม,หนองม่วงไข่,แพร่
2022-09-14,6.2,Ban Mae Lai,น้ำแม่หล่าย,แม่หล่าย,เมือง,แพร่
2022-09-14,5.5,Ban Mae Tae,แม่น้ำปิง,แม่แฝกเก่า,สันทราย,เชียงใหม่
2022-09-14,4.7,Ban Mae Taeng,แม่น้ำแตง,สันมหาพล,แม่แตง,เชียงใหม่
2022-09-14,4.3,Ban Mae Wan,น้ำแม่กวง,ป่าเมี่ยง,ดอยสะเก็ด,เชียงใหม่
2022-09-14,9.4,Ban Mai Rim Fang,น้ำฝาง,เวียงฝาง,ฝาง,เชียงใหม่
2022-09-14,8.6,Ban Mang,น้ำปี้,มาง,เชียงม่วน,พะเยา
2022-09-14,7.5,Ban Muang Pok,น้ำแม่แตง,เปียงหลวง,เวียงแหง,เชียงใหม่
2022-09-14,5.9,Ban Mueang Kuet,น้ำแม่แตง,กึ๊ดช้าง,แม่แตง,เชียงใหม่
2022-09-14,3.3,Ban Mueang Mai,ห้วยแม่ต๋า,เมืองมาย,แจ้ห่ม,ลำปาง
2022-09-14,5.8,Ban Mueang Pha,น้ำแม่ริม,ริมเหนือ,แม่ริม,เชียงใหม่
2022-09-14,6.6,Ban Nam Ing,น้ำอิง,ต้า,ขุนตาล,เชียงราย
2022-09-14,12.4,Ban Nam Khong,แม่น้ำยม,ป่าแมต,เมือง,แพร่
2022-09-14,6,Ban Nam Yao,น้ำยาว,อวน,ปัว,น่าน
2022-09-14,1.3,Ban Nong Daeng,แม่น้ำน่าน,เปือ,เชียงกลาง,น่าน
2022-09-14,3.1,Ban Nong Naw,น้ำแม่สอย,แจ้ห่ม,แจ้ห่ม,ลำปาง
2022-09-14,6.2,Ban Nong Pham,น้ำแม่ลาว,แม่สรวย,แม่สรวย,เชียงราย
2022-09-14,7.7,Ban Pa Kha,น้ำควร,ควร,ปง,พะเยา
2022-09-14,12,Ban Pa Khoi Tai,แม่น้ำปิง,สันผีเสื้อ,เมือง,เชียงใหม่
2022-09-14,7,Ban Pa Sang,น้ำแม่ทา,ป่าซาง,ป่าซาง,ลำพูน
2022-09-14,1.5,Ban Pang Rimkorn,น้ำแม่กรณ์,แม่กรณ์,เมือง,เชียงราย
2022-09-14,6.5,Ban Pang Sa,ห้วยน้ำยาว,ผาทอง,ท่าวังผา,น่าน
2022-09-14,12.5,Ban Pha Khwang,แม่น้ำน่าน,บ่อ,เมือง,น่าน
2022-09-14,9.6,Ban Phai Ngarm,แม่น้ำน่าน,ส้าน,เวียงสา,น่าน
2022-09-14,6.2,Ban Phan Ton,น้ำแม่วาง,ทุ่งปี้,แม่วาง,เชียงใหม่
2022-09-14,5.5,Ban Phi Tai,น้ำปี้,บ้านพี้,บ้านหลวง,น่าน
2022-09-14,3.7,Ban Phu Yaeng,น้ำมวบ,ดู่พงษ์,สันติสุข,น่าน
2022-09-14,10.5,Ban Pong,น้ำแม่กวง,บวกค้าง,สันกำแพง,เชียงใหม่
2022-09-14,9.4,Ban Pong,น้ำแม่กวง,บวกค้าง,สันกำแพง,เชียงใหม่
2022-09-14,5.466666667,Ban Pong,ห้วยโป่ง,บ้านโป่ง,งาว,ลำปาง
2022-09-14,6,Ban Rong Kho,แม่น้ำวัง,ร่องเคาะ,วังเหนือ,ลำปาง
2022-09-14,8.5,Ban Rong Khun,น้ำแม่ลาว,ป่าอ้อดอนชัย,เมือง,เชียงราย
2022-09-14,4.5,Ban Saluang Nok,น้ำแม่ริม,สลวง,แม่ริม,เชียงใหม่
2022-09-14,7,Ban San Pu Loei,น้ำแม่ขอด,โหล่งขอด,พร้าว,เชียงใหม่
2022-09-14,7.7,Ban Singpotin,น้ำแม่ลาย,ป่าเมี่ยง,ดอยสะเก็ด,เชียงใหม่
2022-09-14,9.5,Ban Sob Soi,แม่น้ำปิง,แม่สอย,จอมทอง,เชียงใหม่
2022-09-14,6.5,Ban Sop Mae Sapoot,แม่น้ำแม่ทา,ทาสบเส้า,แม่ทา,ลำพูน
2022-09-14,13.7,Ban Sop Pae,แม่น้ำปิง,สบแปะ,จอมทอง,เชียงใหม่
2022-09-14,10.8,Ban Sop Prap,แม่น้ำวัง,สบปราบ,สบปราบ,ลำปาง
2022-09-14,11.3,Ban Sop Tam,น้ำแม่ต่ำ,เกาะคา,เกาะคา,ลำปาง
2022-09-14,5.9,Ban Sop Win,น้ำแม่วาง,แม่วิน,แม่วาง,เชียงใหม่
2022-09-14,11.9,Ban Tha Duea,แม่น้ำวัง,พิชัย,เมือง,ลำปาง
2022-09-14,7.9,Ban Tha Lo,น้ำแม่ตุ๋ย,บ่อแฮ้ว,เมือง,ลำปาง
2022-09-14,7.9,Ban Tha Pong Daeng,น้ำปาย,ผาบ่อง,เมือง,แม่ฮ่องสอน
2022-09-14,15,Ban Thung Nong,แม่น้ำยม,สระ,เชียงม่วน,พะเยา
2022-09-14,7.6,Ban Ton Yang,น้ำแม่ลาว,บัวสลี,แม่ลาว,เชียงราย
2022-09-14,18,Ban Wang Chin,แม่น้ำยม,วังชิ้น,วังชิ้น,แพร่
2022-09-14,5.1,Chedingam,น้ำอิง,ท่าวังทอง,เมือง,พะเยา
2022-09-14,9.6,In front of the Forestry Office,แม่น้ำน่าน,ในเวียง,เมือง,น่าน
2022-09-14,7.4,Mae Kham Lak Chet,น้ำแม่คำ,ศรีค้ำ,แม่จัน,เชียงราย
2022-09-14,4.7,Nam Mae Chaem,น้ำแม่แจ่ม,บ้านท่าข้าม,จอมทอง,เชียงใหม่
2022-09-14,6.7,Nawarat Bridge,แม่น้ำปิง,วัดเกต,เมือง,เชียงใหม่
2022-09-14,6.7,Nawarat Bridge,แม่น้ำปิง,วัดเกต,เมือง,เชียงใหม่
2022-09-14,6.4,Pracha Uthit Bridge,น้ำแม่กลาง,บ้านหลวง,จอมทอง,เชียงใหม่
2022-09-14,7.7,Romklao Cooperative House,น้ำแม่งัด,แม่แวน,พร้าว,เชียงใหม่
2022-09-14,8.1,Saphan Ban Khay,น้ำฝาง,แม่นาวาง,แม่อาย,เชียงใหม่
2022-09-14,8.7,Setuwaree Bridge,แม้น้ำวัง,เวียงเหนือ,เมือง,ลำปาง
2022-09-14,13.9,Tha Li Bridge,น้ำว้า,ขึ่ง,เวียงสา,น่าน
2022-09-14,9.8,Tha Nang Bridge,น้ำแม่กวง,ในเมือง,เมือง,ลำพูน
2022-09-14,5.3,Wang Phrao,น้ำแม่จาง,วังพร้าว,เกาะคา,ลำปาง
2022-09-15,3.4,Ban Chiang Dao,แม่น้ำปิง,เชียงดาว,เชียงดาว,เชียงใหม่
2022-09-15,6.1,Ban Chor Lae,แม่น้ำปิง,ช่อแล,แม่แตง,เชียงใหม่
2022-09-15,8.7,Ban Don Chai,แม่น้ำวัง,ล้อมแรด,เถิน,ลำปาง
2022-09-15,7.5,Ban Don Mun,แม่น้ำวัง,บ้านแลง,เมือง,ลำปาง
2022-09-15,6.3,Ban Don Sali,น้ำแม่ลาว,ป่าแดด,แม่สรวย,เชียงราย
2022-09-15,7.6,Ban Hai,แม่น้ำวัง,ปงดอน,แจ้ห่ม,ลำปาง
2022-09-15,4.2,Ban Hong,น้ำแม่ออน,ร้องวัวแดง,สันกำแพง,เชียงใหม่
2022-09-15,3.1,Ban Hua Sapan,น้ำแม่จัน,ป่าซาง,แม่จัน,เชียงราย
2022-09-15,7.8,Ban Huai Pa Sang,น้ำแม่แตง,กึ๊ดช้าง,แม่แตง,เชียงใหม่
2022-09-15,12.6,Ban Huai Sak,แม่น้ำยม,เตาปูน,สอง,แพร่
2022-09-15,9.6,Ban Klang,น้ำแม่ขาน,บ้านกลาง,สันป่าตอง,เชียงใหม่
2022-09-15,5,Ban Ko Kha,แม่น้ำวัง,ศาลา,เกาะคา,ลำปาง
2022-09-15,7.4,Ban Kok Tong,แม่น้ำกก,รอบเวียง,เมือง,เชียงราย
2022-09-15,5.2,Ban Krariang Tung Phrao,น้ำแม่สรวย,วาวี,แม่สรวย,เชียงราย
2022-09-15,5.5,Ban Lai Kaeo,น้ำแม่ลี้,ศรีเตี้ย,บ้านโฮ่ง,ลำพูน
2022-09-15,7,Ban Luang,น้ำแม่ตื่น,ยางเปียง,อมก๋อย,เชียงใหม่
2022-09-15,8.1,Ban Luang Nuea,น้ำงาว,หลวงใต้,งาว,ลำปาง
2022-09-15,9.1,Ban Mae E Hi,น้ำแม่ลี้,ศรีวิชัย,ลี้,ลำพูน
2022-09-15,5.9,Ban Mae Kha Bridge,น้ำฝาง,แม่ข่า,ฝาง,เชียงใหม่
2022-09-15,7.5,Ban Mae Khom Mi Tamnak Tham,น้ำแม่คำมี,ตำหนักธรรม,หนองม่วงไข่,แพร่
2022-09-15,6.2,Ban Mae Lai,น้ำแม่หล่าย,แม่หล่าย,เมือง,แพร่
2022-09-15,5.4,Ban Mae Tae,แม่น้ำปิง,แม่แฝกเก่า,สันทราย,เชียงใหม่
2022-09-15,4.8,Ban Mae Taeng,แม่น้ำแตง,สันมหาพล,แม่แตง,เชียงใหม่
2022-09-15,4.2,Ban Mae Wan,น้ำแม่กวง,ป่าเมี่ยง,ดอยสะเก็ด,เชียงใหม่
2022-09-15,9.2,Ban Mai Rim Fang,น้ำฝาง,เวียงฝาง,ฝาง,เชียงใหม่
2022-09-15,8.4,Ban Mang,น้ำปี้,มาง,เชียงม่วน,พะเยา
2022-09-15,7.6,Ban Muang Pok,น้ำแม่แตง,เปียงหลวง,เวียงแหง,เชียงใหม่
2022-09-15,5.9,Ban Mueang Kuet,น้ำแม่แตง,กึ๊ดช้าง,แม่แตง,เชียงใหม่
2022-09-15,3.2,Ban Mueang Mai,ห้วยแม่ต๋า,เมืองมาย,แจ้ห่ม,ลำปาง
2022-09-15,5.4,Ban Mueang Pha,น้ำแม่ริม,ริมเหนือ,แม่ริม,เชียงใหม่
2022-09-15,6.9,Ban Nam Ing,น้ำอิง,ต้า,ขุนตาล,เชียงราย
2022-09-15,12.4,Ban Nam Khong,แม่น้ำยม,ป่าแมต,เมือง,แพร่
2022-09-15,5.9,Ban Nam Yao,น้ำยาว,อวน,ปัว,น่าน
2022-09-15,1.1,Ban Nong Daeng,แม่น้ำน่าน,เปือ,เชียงกลาง,น่าน
2022-09-15,2.7,Ban Nong Naw,น้ำแม่สอย,แจ้ห่ม,แจ้ห่ม,ลำปาง
2022-09-15,6.2,Ban Nong Pham,น้ำแม่ลาว,แม่สรวย,แม่สรวย,เชียงราย
2022-09-15,7.7,Ban Pa Kha,น้ำควร,ควร,ปง,พะเยา
2022-09-15,12,Ban Pa Khoi Tai,แม่น้ำปิง,สันผีเสื้อ,เมือง,เชียงใหม่
2022-09-15,6.6,Ban Pa Sang,น้ำแม่ทา,ป่าซาง,ป่าซาง,ลำพูน
2022-09-15,1.5,Ban Pang Rimkorn,น้ำแม่กรณ์,แม่กรณ์,เมือง,เชียงราย
2022-09-15,6.7,Ban Pang Sa,ห้วยน้ำยาว,ผาทอง,ท่าวังผา,น่าน
2022-09-15,12.3,Ban Pha Khwang,แม่น้ำน่าน,บ่อ,เมือง,น่าน
2022-09-15,9,Ban Phai Ngarm,แม่น้ำน่าน,ส้าน,เวียงสา,น่าน
2022-09-15,5.4,Ban Phan Ton,น้ำแม่วาง,ทุ่งปี้,แม่วาง,เชียงใหม่
2022-09-15,5.5,Ban Phi Tai,น้ำปี้,บ้านพี้,บ้านหลวง,น่าน
2022-09-15,9.7,Ban Pong,น้ำแม่กวง,บวกค้าง,สันกำแพง,เชียงใหม่
2022-09-15,9.2,Ban Pong,น้ำแม่กวง,บวกค้าง,สันกำแพง,เชียงใหม่
2022-09-15,5.28,Ban Pong,ห้วยโป่ง,บ้านโป่ง,งาว,ลำปาง
2022-09-15,5.5,Ban Rong Kho,แม่น้ำวัง,ร่องเคาะ,วังเหนือ,ลำปาง
2022-09-15,8.4,Ban Rong Khun,น้ำแม่ลาว,ป่าอ้อดอนชัย,เมือง,เชียงราย
2022-09-15,4.4,Ban Saluang Nok,น้ำแม่ริม,สลวง,แม่ริม,เชียงใหม่
2022-09-15,6.9,Ban San Pu Loei,น้ำแม่ขอด,โหล่งขอด,พร้าว,เชียงใหม่
2022-09-15,7.7,Ban Singpotin,น้ำแม่ลาย,ป่าเมี่ยง,ดอยสะเก็ด,เชียงใหม่
2022-09-15,9.7,Ban Sob Soi,แม่น้ำปิง,แม่สอย,จอมทอง,เชียงใหม่
2022-09-15,6.2,Ban Sop Mae Sapoot,แม่น้ำแม่ทา,ทาสบเส้า,แม่ทา,ลำพูน
2022-09-15,13.9,Ban Sop Pae,แม่น้ำปิง,สบแปะ,จอมทอง,เชียงใหม่
2022-09-15,10.5,Ban Sop Prap,แม่น้ำวัง,สบปราบ,สบปราบ,ลำปาง
2022-09-15,10.7,Ban Sop Tam,น้ำแม่ต่ำ,เกาะคา,เกาะคา,ลำปาง
2022-09-15,5.2,Ban Sop Win,น้ำแม่วาง,แม่วิน,แม่วาง,เชียงใหม่
2022-09-15,12.2,Ban Tha Duea,แม่น้ำวัง,พิชัย,เมือง,ลำปาง
2022-09-15,6.6,Ban Tha Lo,น้ำแม่ตุ๋ย,บ่อแฮ้ว,เมือง,ลำปาง
2022-09-15,7.1,Ban Tha Pong Daeng,น้ำปาย,ผาบ่อง,เมือง,แม่ฮ่องสอน
2022-09-15,14.5,Ban Thung Nong,แม่น้ำยม,สระ,เชียงม่วน,พะเยา
2022-09-15,7.5,Ban Ton Yang,น้ำแม่ลาว,บัวสลี,แม่ลาว,เชียงราย
2022-09-15,17.5,Ban Wang Chin,แม่น้ำยม,วังชิ้น,วังชิ้น,แพร่
2022-09-15,5.1,Chedingam,น้ำอิง,ท่าวังทอง,เมือง,พะเยา
2022-09-15,9.1,In front of the Forestry Office,แม่น้ำน่าน,ในเวียง,เมือง,น่าน
2022-09-15,7.1,Mae Kham Lak Chet,น้ำแม่คำ,ศรีค้ำ,แม่จัน,เชียงราย
2022-09-15,4.9,Nam Mae Chaem,น้ำแม่แจ่ม,บ้านท่าข้าม,จอมทอง,เชียงใหม่
2022-09-15,6.7,Nawarat Bridge,แม่น้ำปิง,วัดเกต,เมือง,เชียงใหม่
2022-09-15,6.7,Nawarat Bridge,แม่น้ำปิง,วัดเกต,เมือง,เชียงใหม่
2022-09-15,5.2,Pracha Uthit Bridge,น้ำแม่กลาง,บ้านหลวง,จอมทอง,เชียงใหม่
2022-09-15,7.3,Romklao Cooperative House,น้ำแม่งัด,แม่แวน,พร้าว,เชียงใหม่
2022-09-15,7.9,Saphan Ban Khay,น้ำฝาง,แม่นาวาง,แม่อาย,เชียงใหม่
2022-09-15,8.9,Setuwaree Bridge,แม้น้ำวัง,เวียงเหนือ,เมือง,ลำปาง
2022-09-15,13.8,Tha Li Bridge,น้ำว้า,ขึ่ง,เวียงสา,น่าน
2022-09-15,9.2,Tha Nang Bridge,น้ำแม่กวง,ในเมือง,เมือง,ลำพูน
2022-09-15,5,Wang Phrao,น้ำแม่จาง,วังพร้าว,เกาะคา,ลำปาง
2022-09-16,3.2,Ban Chiang Dao,แม่น้ำปิง,เชียงดาว,เชียงดาว,เชียงใหม่
2022-09-16,5.8,Ban Chor Lae,แม่น้ำปิง,ช่อแล,แม่แตง,เชียงใหม่
2022-09-16,8.2,Ban Don Chai,แม่น้ำวัง,ล้อมแรด,เถิน,ลำปาง
2022-09-16,7.3,Ban Don Mun,แม่น้ำวัง,บ้านแลง,เมือง,ลำปาง
2022-09-16,5.9,Ban Don Sali,น้ำแม่ลาว,ป่าแดด,แม่สรวย,เชียงราย
2022-09-16,7.7,Ban Hai,แม่น้ำวัง,ปงดอน,แจ้ห่ม,ลำปาง
2022-09-16,4.3,Ban Hong,น้ำแม่ออน,ร้องวัวแดง,สันกำแพง,เชียงใหม่
2022-09-16,3.3,Ban Hua Sapan,น้ำแม่จัน,ป่าซาง,แม่จัน,เชียงราย
2022-09-16,7.7,Ban Huai Pa Sang,น้ำแม่แตง,กึ๊ดช้าง,แม่แตง,เชียงใหม่
2022-09-16,12.1,Ban Huai Sak,แม่น้ำยม,เตาปูน,สอง,แพร่
2022-09-16,8.4,Ban Klang,น้ำแม่ขาน,บ้านกลาง,สันป่าตอง,เชียงใหม่
2022-09-16,4.9,Ban Ko Kha,แม่น้ำวัง,ศาลา,เกาะคา,ลำปาง
2022-09-16,7.3,Ban Kok Tong,แม่น้ำกก,รอบเวียง,เมือง,เชียงราย
2022-09-16,5.3,Ban Krariang Tung Phrao,น้ำแม่สรวย,วาวี,แม่สรวย,เชียงราย
2022-09-16,4.6,Ban Lai Kaeo,น้ำแม่ลี้,ศรีเตี้ย,บ้านโฮ่ง,ลำพูน
2022-09-16,6.9,Ban Luang,น้ำแม่ตื่น,ยางเปียง,อมก๋อย,เชียงใหม่
2022-09-16,8,Ban Luang Nuea,น้ำงาว,หลวงใต้,งาว,ลำปาง
2022-09-16,8.3,Ban Mae E Hi,น้ำแม่ลี้,ศรีวิชัย,ลี้,ลำพูน
2022-09-16,5.9,Ban Mae Kha Bridge,น้ำฝาง,แม่ข่า,ฝาง,เชียงใหม่
2022-09-16,7.5,Ban Mae Khom Mi Tamnak Tham,น้ำแม่คำมี,ตำหนักธรรม,หนองม่วงไข่,แพร่
2022-09-16,6.2,Ban Mae Lai,น้ำแม่หล่าย,แม่หล่าย,เมือง,แพร่
2022-09-16,5,Ban Mae Tae,แม่น้ำปิง,แม่แฝกเก่า,สันทราย,เชียงใหม่
2022-09-16,4.5,Ban Mae Taeng,แม่น้ำแตง,สันมหาพล,แม่แตง,เชียงใหม่
2022-09-16,4.1,Ban Mae Wan,น้ำแม่กวง,ป่าเมี่ยง,ดอยสะเก็ด,เชียงใหม่
2022-09-16,9.2,Ban Mai Rim Fang,น้ำฝาง,เวียงฝาง,ฝาง,เชียงใหม่
2022-09-16,8.1,Ban Mang,น้ำปี้,มาง,เชียงม่วน,พะเยา
2022-09-16,7.3,Ban Muang Pok,น้ำแม่แตง,เปียงหลวง,เวียงแหง,เชียงใหม่
2022-09-16,5.8,Ban Mueang Kuet,น้ำแม่แตง,กึ๊ดช้าง,แม่แตง,เชียงใหม่
2022-09-16,3.1,Ban Mueang Mai,ห้วยแม่ต๋า,เมืองมาย,แจ้ห่ม,ลำปาง
2022-09-16,5.3,Ban Mueang Pha,น้ำแม่ริม,ริมเหนือ,แม่ริม,เชียงใหม่
2022-09-16,7.1,Ban Nam Ing,น้ำอิง,ต้า,ขุนตาล,เชียงราย
2022-09-16,11.4,Ban Nam Khong,แม่น้ำยม,ป่าแมต,เมือง,แพร่
2022-09-16,6,Ban Nam Yao,น้ำยาว,อวน,ปัว,น่าน
2022-09-16,2.5,Ban Nong Naw,น้ำแม่สอย,แจ้ห่ม,แจ้ห่ม,ลำปาง
2022-09-16,5.8,Ban Nong Pham,น้ำแม่ลาว,แม่สรวย,แม่สรวย,เชียงราย
2022-09-16,7.7,Ban Pa Kha,น้ำควร,ควร,ปง,พะเยา
2022-09-16,11.4,Ban Pa Khoi Tai,แม่น้ำปิง,สันผีเสื้อ,เมือง,เชียงใหม่
2022-09-16,6.2,Ban Pa Sang,น้ำแม่ทา,ป่าซาง,ป่าซาง,ลำพูน
2022-09-16,1.6,Ban Pang Rimkorn,น้ำแม่กรณ์,แม่กรณ์,เมือง,เชียงราย
2022-09-16,6.7,Ban Pang Sa,ห้วยน้ำยาว,ผาทอง,ท่าวังผา,น่าน
2022-09-16,12.3,Ban Pha Khwang,แม่น้ำน่าน,บ่อ,เมือง,น่าน
2022-09-16,8.8,Ban Phai Ngarm,แม่น้ำน่าน,ส้าน,เวียงสา,น่าน
2022-09-16,5.2,Ban Phan Ton,น้ำแม่วาง,ทุ่งปี้,แม่วาง,เชียงใหม่
2022-09-16,5.3,Ban Phi Tai,น้ำปี้,บ้านพี้,บ้านหลวง,น่าน
2022-09-16,9.2,Ban Pong,น้ำแม่กวง,บวกค้าง,สันกำแพง,เชียงใหม่
2022-09-16,9.1,Ban Pong,น้ำแม่กวง,บวกค้าง,สันกำแพง,เชียงใหม่
2022-09-16,5.16,Ban Pong,ห้วยโป่ง,บ้านโป่ง,งาว,ลำปาง
2022-09-16,5.4,Ban Rong Kho,แม่น้ำวัง,ร่องเคาะ,วังเหนือ,ลำปาง
2022-09-16,8.2,Ban Rong Khun,น้ำแม่ลาว,ป่าอ้อดอนชัย,เมือง,เชียงราย
2022-09-16,4.2,Ban Saluang Nok,น้ำแม่ริม,สลวง,แม่ริม,เชียงใหม่
2022-09-16,6.8,Ban San Pu Loei,น้ำแม่ขอด,โหล่งขอด,พร้าว,เชียงใหม่
2022-09-16,7.7,Ban Singpotin,น้ำแม่ลาย,ป่าเมี่ยง,ดอยสะเก็ด,เชียงใหม่
2022-09-16,9.3,Ban Sob Soi,แม่น้ำปิง,แม่สอย,จอมทอง,เชียงใหม่
2022-09-16,6.1,Ban Sop Mae Sapoot,แม่น้ำแม่ทา,ทาสบเส้า,แม่ทา,ลำพูน
2022-09-16,13,Ban Sop Pae,แม่น้ำปิง,สบแปะ,จอมทอง,เชียงใหม่
2022-09-16,10,Ban Sop Prap,แม่น้ำวัง,สบปราบ,สบปราบ,ลำปาง
2022-09-16,10.1,Ban Sop Tam,น้ำแม่ต่ำ,เกาะคา,เกาะคา,ลำปาง
2022-09-16,5,Ban Sop Win,น้ำแม่วาง,แม่วิน,แม่วาง,เชียงใหม่
2022-09-16,11.9,Ban Tha Duea,แม่น้ำวัง,พิชัย,เมือง,ลำปาง
2022-09-16,6.2,Ban Tha Lo,น้ำแม่ตุ๋ย,บ่อแฮ้ว,เมือง,ลำปาง
2022-09-16,6,Ban Tha Pong Daeng,น้ำปาย,ผาบ่อง,เมือง,แม่ฮ่องสอน
2022-09-16,14.4,Ban Thung Nong,แม่น้ำยม,สระ,เชียงม่วน,พะเยา
2022-09-16,7.3,Ban Ton Yang,น้ำแม่ลาว,บัวสลี,แม่ลาว,เชียงราย
2022-09-16,17.1,Ban Wang Chin,แม่น้ำยม,วังชิ้น,วังชิ้น,แพร่
2022-09-16,5.1,Chedingam,น้ำอิง,ท่าวังทอง,เมือง,พะเยา
2022-09-16,9.1,In front of the Forestry Office,แม่น้ำน่าน,ในเวียง,เมือง,น่าน
2022-09-16,7.1,Mae Kham Lak Chet,น้ำแม่คำ,ศรีค้ำ,แม่จัน,เชียงราย
2022-09-16,4.5,Nam Mae Chaem,น้ำแม่แจ่ม,บ้านท่าข้าม,จอมทอง,เชียงใหม่
2022-09-16,6.3,Nawarat Bridge,แม่น้ำปิง,วัดเกต,เมือง,เชียงใหม่
2022-09-16,6.3,Nawarat Bridge,แม่น้ำปิง,วัดเกต,เมือง,เชียงใหม่
2022-09-16,5.1,Pracha Uthit Bridge,น้ำแม่กลาง,บ้านหลวง,จอมทอง,เชียงใหม่
2022-09-16,7.2,Romklao Cooperative House,น้ำแม่งัด,แม่แวน,พร้าว,เชียงใหม่
2022-09-16,7.6,Saphan Ban Khay,น้ำฝาง,แม่นาวาง,แม่อาย,เชียงใหม่
2022-09-16,8.7,Setuwaree Bridge,แม้น้ำวัง,เวียงเหนือ,เมือง,ลำปาง
2022-09-16,13.8,Tha Li Bridge,น้ำว้า,ขึ่ง,เวียงสา,น่าน
2022-09-16,8.7,Tha Nang Bridge,น้ำแม่กวง,ในเมือง,เมือง,ลำพูน
2022-09-16,4.8,Wang Phrao,น้ำแม่จาง,วังพร้าว,เกาะคา,ลำปาง
2022-09-17,3.3,Ban Chiang Dao,แม่น้ำปิง,เชียงดาว,เชียงดาว,เชียงใหม่
2022-09-17,5.8,Ban Chor Lae,แม่น้ำปิง,ช่อแล,แม่แตง,เชียงใหม่
2022-09-17,7.8,Ban Don Chai,แม่น้ำวัง,ล้อมแรด,เถิน,ลำปาง
2022-09-17,6.9,Ban Don Mun,แม่น้ำวัง,บ้านแลง,เมือง,ลำปาง
2022-09-17,5.9,Ban Don Sali,น้ำแม่ลาว,ป่าแดด,แม่สรวย,เชียงราย
2022-09-17,7.8,Ban Hai,แม่น้ำวัง,ปงดอน,แจ้ห่ม,ลำปาง
2022-09-17,4.3,Ban Hong,น้ำแม่ออน,ร้องวัวแดง,สันกำแพง,เชียงใหม่
2022-09-17,3.4,Ban Hua Sapan,น้ำแม่จัน,ป่าซาง,แม่จัน,เชียงราย
2022-09-17,7.4,Ban Huai Pa Sang,น้ำแม่แตง,กึ๊ดช้าง,แม่แตง,เชียงใหม่
2022-09-17,11.6,Ban Huai Sak,แม่น้ำยม,เตาปูน,สอง,แพร่
2022-09-17,2.1,Ban Klang,น้ำแม่ขาน,บ้านกลาง,สันป่าตอง,เชียงใหม่
2022-09-17,7.9,Ban Klang,น้ำแม่ขาน,บ้านกลาง,สันป่าตอง,เชียงใหม่
2022-09-17,4.6,Ban Ko Kha,แม่น้ำวัง,ศาลา,เกาะคา,ลำปาง
2022-09-17,7.2,Ban Kok Tong,แม่น้ำกก,รอบเวียง,เมือง,เชียงราย
2022-09-17,5.3,Ban Krariang Tung Phrao,น้ำแม่สรวย,วาวี,แม่สรวย,เชียงราย
2022-09-17,4.2,Ban Lai Kaeo,น้ำแม่ลี้,ศรีเตี้ย,บ้านโฮ่ง,ลำพูน
2022-09-17,6.9,Ban Luang,น้ำแม่ตื่น,ยางเปียง,อมก๋อย,เชียงใหม่
2022-09-17,7.9,Ban Luang Nuea,น้ำงาว,หลวงใต้,งาว,ลำปาง
2022-09-17,7.9,Ban Mae E Hi,น้ำแม่ลี้,ศรีวิชัย,ลี้,ลำพูน
2022-09-17,5.8,Ban Mae Kha Bridge,น้ำฝาง,แม่ข่า,ฝาง,เชียงใหม่
2022-09-17,7.4,Ban Mae Khom Mi Tamnak Tham,น้ำแม่คำมี,ตำหนักธรรม,หนองม่วงไข่,แพร่
2022-09-17,6.2,Ban Mae Lai,น้ำแม่หล่าย,แม่หล่าย,เมือง,แพร่
2022-09-17,4.8,Ban Mae Tae,แม่น้ำปิง,แม่แฝกเก่า,สันทราย,เชียงใหม่
2022-09-17,4.3,Ban Mae Taeng,แม่น้ำแตง,สันมหาพล,แม่แตง,เชียงใหม่
2022-09-17,4,Ban Mae Wan,น้ำแม่กวง,ป่าเมี่ยง,ดอยสะเก็ด,เชียงใหม่
2022-09-17,8.8,Ban Mai Rim Fang,น้ำฝาง,เวียงฝาง,ฝาง,เชียงใหม่
2022-09-17,7.9,Ban Mang,น้ำปี้,มาง,เชียงม่วน,พะเยา
2022-09-17,5.6,Ban Mueang Kuet,น้ำแม่แตง,กึ๊ดช้าง,แม่แตง,เชียงใหม่
2022-09-17,3.1,Ban Mueang Mai,ห้วยแม่ต๋า,เมืองมาย,แจ้ห่ม,ลำปาง
2022-09-17,5.1,Ban Mueang Pha,น้ำแม่ริม,ริมเหนือ,แม่ริม,เชียงใหม่
2022-09-17,7.2,Ban Nam Ing,น้ำอิง,ต้า,ขุนตาล,เชียงราย
2022-09-17,11,Ban Nam Khong,แม่น้ำยม,ป่าแมต,เมือง,แพร่
2022-09-17,5.9,Ban Nam Yao,น้ำยาว,อวน,ปัว,น่าน
2022-09-17,1.1,Ban Nong Daeng,แม่น้ำน่าน,เปือ,เชียงกลาง,น่าน
2022-09-17,2.4,Ban Nong Naw,น้ำแม่สอย,แจ้ห่ม,แจ้ห่ม,ลำปาง
2022-09-17,5.7,Ban Nong Pham,น้ำแม่ลาว,แม่สรวย,แม่สรวย,เชียงราย
2022-09-17,7.6,Ban Pa Kha,น้ำควร,ควร,ปง,พะเยา
2022-09-17,11,Ban Pa Khoi Tai,แม่น้ำปิง,สันผีเสื้อ,เมือง,เชียงใหม่
2022-09-17,6.1,Ban Pa Sang,น้ำแม่ทา,ป่าซาง,ป่าซาง,ลำพูน
2022-09-17,1.7,Ban Pang Rimkorn,น้ำแม่กรณ์,แม่กรณ์,เมือง,เชียงราย
2022-09-17,6.6,Ban Pang Sa,ห้วยน้ำยาว,ผาทอง,ท่าวังผา,น่าน
2022-09-17,12.1,Ban Pha Khwang,แม่น้ำน่าน,บ่อ,เมือง,น่าน
2022-09-17,9.2,Ban Phai Ngarm,แม่น้ำน่าน,ส้าน,เวียงสา,น่าน
2022-09-17,5.2,Ban Phan Ton,น้ำแม่วาง,ทุ่งปี้,แม่วาง,เชียงใหม่
2022-09-17,5.2,Ban Phi Tai,น้ำปี้,บ้านพี้,บ้านหลวง,น่าน
2022-09-17,3.3,Ban Phu Yaeng,น้ำมวบ,ดู่พงษ์,สันติสุข,น่าน
2022-09-17,8.7,Ban Pong,น้ำแม่กวง,บวกค้าง,สันกำแพง,เชียงใหม่
2022-09-17,9,Ban Pong,น้ำแม่กวง,บวกค้าง,สันกำแพง,เชียงใหม่
2022-09-17,5.116666667,Ban Pong,ห้วยโป่ง,บ้านโป่ง,งาว,ลำปาง
2022-09-17,5.3,Ban Rong Kho,แม่น้ำวัง,ร่องเคาะ,วังเหนือ,ลำปาง
2022-09-17,7.8,Ban Rong Khun,น้ำแม่ลาว,ป่าอ้อดอนชัย,เมือง,เชียงราย
2022-09-17,4.1,Ban Saluang Nok,น้ำแม่ริม,สลวง,แม่ริม,เชียงใหม่
2022-09-17,6.7,Ban San Pu Loei,น้ำแม่ขอด,โหล่งขอด,พร้าว,เชียงใหม่
2022-09-17,7.6,Ban Singpotin,น้ำแม่ลาย,ป่าเมี่ยง,ดอยสะเก็ด,เชียงใหม่
2022-09-17,9.2,Ban Sob Soi,แม่น้ำปิง,แม่สอย,จอมทอง,เชียงใหม่
2022-09-17,5.9,Ban Sop Mae Sapoot,แม่น้ำแม่ทา,ทาสบเส้า,แม่ทา,ลำพูน
2022-09-17,12.1,Ban Sop Pae,แม่น้ำปิง,สบแปะ,จอมทอง,เชียงใหม่
2022-09-17,9.5,Ban Sop Prap,แม่น้ำวัง,สบปราบ,สบปราบ,ลำปาง
2022-09-17,9.4,Ban Sop Tam,น้ำแม่ต่ำ,เกาะคา,เกาะคา,ลำปาง
2022-09-17,5.1,Ban Sop Win,น้ำแม่วาง,แม่วิน,แม่วาง,เชียงใหม่
2022-09-17,11.3,Ban Tha Duea,แม่น้ำวัง,พิชัย,เมือง,ลำปาง
2022-09-17,6,Ban Tha Lo,น้ำแม่ตุ๋ย,บ่อแฮ้ว,เมือง,ลำปาง
2022-09-17,5.6,Ban Tha Pong Daeng,น้ำปาย,ผาบ่อง,เมือง,แม่ฮ่องสอน
2022-09-17,13.8,Ban Thung Nong,แม่น้ำยม,สระ,เชียงม่วน,พะเยา
2022-09-17,6.9,Ban Ton Yang,น้ำแม่ลาว,บัวสลี,แม่ลาว,เชียงราย
2022-09-17,16.2,Ban Wang Chin,แม่น้ำยม,วังชิ้น,วังชิ้น,แพร่
2022-09-17,5.1,Chedingam,น้ำอิง,ท่าวังทอง,เมือง,พะเยา
2022-09-17,9,In front of the Forestry Office,แม่น้ำน่าน,ในเวียง,เมือง,น่าน
2022-09-17,7.2,Mae Kham Lak Chet,น้ำแม่คำ,ศรีค้ำ,แม่จัน,เชียงราย
2022-09-17,4.4,Nam Mae Chaem,น้ำแม่แจ่ม,บ้านท่าข้าม,จอมทอง,เชียงใหม่
2022-09-17,6.1,Nawarat Bridge,แม่น้ำปิง,วัดเกต,เมือง,เชียงใหม่
2022-09-17,6.1,Nawarat Bridge,แม่น้ำปิง,วัดเกต,เมือง,เชียงใหม่
2022-09-17,5.3,Pracha Uthit Bridge,น้ำแม่กลาง,บ้านหลวง,จอมทอง,เชียงใหม่
2022-09-17,7.1,Romklao Cooperative House,น้ำแม่งัด,แม่แวน,พร้าว,เชียงใหม่
2022-09-17,7.4,Saphan Ban Khay,น้ำฝาง,แม่นาวาง,แม่อาย,เชียงใหม่
2022-09-17,8.2,Setuwaree Bridge,แม้น้ำวัง,เวียงเหนือ,เมือง,ลำปาง
2022-09-17,14.7,Tha Li Bridge,น้ำว้า,ขึ่ง,เวียงสา,น่าน
2022-09-17,8.4,Tha Nang Bridge,น้ำแม่กวง,ในเมือง,เมือง,ลำพูน
2022-09-17,4.5,Wang Phrao,น้ำแม่จาง,วังพร้าว,เกาะคา,ลำปาง
2022-09-18,3.2,Ban Chiang Dao,แม่น้ำปิง,เชียงดาว,เชียงดาว,เชียงใหม่
2022-09-18,5.8,Ban Chor Lae,แม่น้ำปิง,ช่อแล,แม่แตง,เชียงใหม่
2022-09-18,7.3,Ban Don Chai,แม่น้ำวัง,ล้อมแรด,เถิน,ลำปาง
2022-09-18,6.8,Ban Don Mun,แม่น้ำวัง,บ้านแลง,เมือง,ลำปาง
2022-09-18,6,Ban Don Sali,น้ำแม่ลาว,ป่าแดด,แม่สรวย,เชียงราย
2022-09-18,7.5,Ban Hai,แม่น้ำวัง,ปงดอน,แจ้ห่ม,ลำปาง
2022-09-18,4.3,Ban Hong,น้ำแม่ออน,ร้องวัวแดง,สันกำแพง,เชียงใหม่
2022-09-18,3.3,Ban Hua Sapan,น้ำแม่จัน,ป่าซาง,แม่จัน,เชียงราย
2022-09-18,7.1,Ban Huai Pa Sang,น้ำแม่แตง,กึ๊ดช้าง,แม่แตง,เชียงใหม่
2022-09-18,11.3,Ban Huai Sak,แม่น้ำยม,เตาปูน,สอง,แพร่
2022-09-18,1.9,Ban Klang,น้ำแม่ขาน,บ้านกลาง,สันป่าตอง,เชียงใหม่
2022-09-18,8,Ban Klang,น้ำแม่ขาน,บ้านกลาง,สันป่าตอง,เชียงใหม่
2022-09-18,4.5,Ban Ko Kha,แม่น้ำวัง,ศาลา,เกาะคา,ลำปาง
2022-09-18,7,Ban Kok Tong,แม่น้ำกก,รอบเวียง,เมือง,เชียงราย
2022-09-18,5.3,Ban Krariang Tung Phrao,น้ำแม่สรวย,วาวี,แม่สรวย,เชียงราย
2022-09-18,4,Ban Lai Kaeo,น้ำแม่ลี้,ศรีเตี้ย,บ้านโฮ่ง,ลำพูน
2022-09-18,7.2,Ban Luang,น้ำแม่ตื่น,ยางเปียง,อมก๋อย,เชียงใหม่
2022-09-18,7.9,Ban Luang Nuea,น้ำงาว,หลวงใต้,งาว,ลำปาง
2022-09-18,7.6,Ban Mae E Hi,น้ำแม่ลี้,ศรีวิชัย,ลี้,ลำพูน
2022-09-18,5.8,Ban Mae Kha Bridge,น้ำฝาง,แม่ข่า,ฝาง,เชียงใหม่
2022-09-18,7.3,Ban Mae Khom Mi Tamnak Tham,น้ำแม่คำมี,ตำหนักธรรม,หนองม่วงไข่,แพร่
2022-09-18,6.1,Ban Mae Lai,น้ำแม่หล่าย,แม่หล่าย,เมือง,แพร่
2022-09-18,4.7,Ban Mae Tae,แม่น้ำปิง,แม่แฝกเก่า,สันทราย,เชียงใหม่
2022-09-18,4.1,Ban Mae Taeng,แม่น้ำแตง,สันมหาพล,แม่แตง,เชียงใหม่
2022-09-18,4,Ban Mae Wan,น้ำแม่กวง,ป่าเมี่ยง,ดอยสะเก็ด,เชียงใหม่
2022-09-18,8.2,Ban Mai Rim Fang,น้ำฝาง,เวียงฝาง,ฝาง,เชียงใหม่
2022-09-18,7.8,Ban Mang,น้ำปี้,มาง,เชียงม่วน,พะเยา
2022-09-18,5.4,Ban Mueang Kuet,น้ำแม่แตง,กึ๊ดช้าง,แม่แตง,เชียงใหม่
2022-09-18,3.1,Ban Mueang Mai,ห้วยแม่ต๋า,เมืองมาย,แจ้ห่ม,ลำปาง
2022-09-18,5.2,Ban Mueang Pha,น้ำแม่ริม,ริมเหนือ,แม่ริม,เชียงใหม่
2022-09-18,7.3,Ban Nam Ing,น้ำอิง,ต้า,ขุนตาล,เชียงราย
2022-09-18,10.5,Ban Nam Khong,แม่น้ำยม,ป่าแมต,เมือง,แพร่
2022-09-18,5.9,Ban Nam Yao,น้ำยาว,อวน,ปัว,น่าน
2022-09-18,1.1,Ban Nong Daeng,แม่น้ำน่าน,เปือ,เชียงกลาง,น่าน
2022-09-18,2.3,Ban Nong Naw,น้ำแม่สอย,แจ้ห่ม,แจ้ห่ม,ลำปาง
2022-09-18,5.7,Ban Nong Pham,น้ำแม่ลาว,แม่สรวย,แม่สรวย,เชียงราย
2022-09-18,7.6,Ban Pa Kha,น้ำควร,ควร,ปง,พะเยา
2022-09-18,10.9,Ban Pa Khoi Tai,แม่น้ำปิง,สันผีเสื้อ,เมือง,เชียงใหม่
2022-09-18,6.1,Ban Pa Sang,น้ำแม่ทา,ป่าซาง,ป่าซาง,ลำพูน
2022-09-18,1.7,Ban Pang Rimkorn,น้ำแม่กรณ์,แม่กรณ์,เมือง,เชียงราย
2022-09-18,6.6,Ban Pang Sa,ห้วยน้ำยาว,ผาทอง,ท่าวังผา,น่าน
2022-09-18,12.1,Ban Pha Khwang,แม่น้ำน่าน,บ่อ,เมือง,น่าน
2022-09-18,8.7,Ban Phai Ngarm,แม่น้ำน่าน,ส้าน,เวียงสา,น่าน
2022-09-18,5.2,Ban Phan Ton,น้ำแม่วาง,ทุ่งปี้,แม่วาง,เชียงใหม่
2022-09-18,5.2,Ban Phi Tai,น้ำปี้,บ้านพี้,บ้านหลวง,น่าน
2022-09-18,3.3,Ban Phu Yaeng,น้ำมวบ,ดู่พงษ์,สันติสุข,น่าน
2022-09-18,8.6,Ban Pong,น้ำแม่กวง,บวกค้าง,สันกำแพง,เชียงใหม่
2022-09-18,9.2,Ban Pong,น้ำแม่กวง,บวกค้าง,สันกำแพง,เชียงใหม่
2022-09-18,5.323333333,Ban Pong,ห้วยโป่ง,บ้านโป่ง,งาว,ลำปาง
2022-09-18,5.5,Ban Rong Kho,แม่น้ำวัง,ร่องเคาะ,วังเหนือ,ลำปาง
2022-09-18,7.9,Ban Rong Khun,น้ำแม่ลาว,ป่าอ้อดอนชัย,เมือง,เชียงราย
2022-09-18,4,Ban Saluang Nok,น้ำแม่ริม,สลวง,แม่ริม,เชียงใหม่
2022-09-18,6.6,Ban San Pu Loei,น้ำแม่ขอด,โหล่งขอด,พร้าว,เชียงใหม่
2022-09-18,7.6,Ban Singpotin,น้ำแม่ลาย,ป่าเมี่ยง,ดอยสะเก็ด,เชียงใหม่
2022-09-18,9.1,Ban Sob Soi,แม่น้ำปิง,แม่สอย,จอมทอง,เชียงใหม่
2022-09-18,6,Ban Sop Mae Sapoot,แม่น้ำแม่ทา,ทาสบเส้า,แม่ทา,ลำพูน
2022-09-18,11.8,Ban Sop Pae,แม่น้ำปิง,สบแปะ,จอมทอง,เชียงใหม่
2022-09-18,9.1,Ban Sop Prap,แม่น้ำวัง,สบปราบ,สบปราบ,ลำปาง
2022-09-18,9,Ban Sop Tam,น้ำแม่ต่ำ,เกาะคา,เกาะคา,ลำปาง
2022-09-18,5,Ban Sop Win,น้ำแม่วาง,แม่วิน,แม่วาง,เชียงใหม่
2022-09-18,11,Ban Tha Duea,แม่น้ำวัง,พิชัย,เมือง,ลำปาง
2022-09-18,6,Ban Tha Lo,น้ำแม่ตุ๋ย,บ่อแฮ้ว,เมือง,ลำปาง
2022-09-18,5.5,Ban Tha Pong Daeng,น้ำปาย,ผาบ่อง,เมือง,แม่ฮ่องสอน
2022-09-18,14,Ban Thung Nong,แม่น้ำยม,สระ,เชียงม่วน,พะเยา
2022-09-18,7.1,Ban Ton Yang,น้ำแม่ลาว,บัวสลี,แม่ลาว,เชียงราย
2022-09-18,15.7,Ban Wang Chin,แม่น้ำยม,วังชิ้น,วังชิ้น,แพร่
2022-09-18,5.3,Chedingam,น้ำอิง,ท่าวังทอง,เมือง,พะเยา
2022-09-18,8.8,In front of the Forestry Office,แม่น้ำน่าน,ในเวียง,เมือง,น่าน
2022-09-18,7,Mae Kham Lak Chet,น้ำแม่คำ,ศรีค้ำ,แม่จัน,เชียงราย
2022-09-18,4.5,Nam Mae Chaem,น้ำแม่แจ่ม,บ้านท่าข้าม,จอมทอง,เชียงใหม่
2022-09-18,6.1,Nawarat Bridge,แม่น้ำปิง,วัดเกต,เมือง,เชียงใหม่
2022-09-18,6.1,Nawarat Bridge,แม่น้ำปิง,วัดเกต,เมือง,เชียงใหม่
2022-09-18,5.3,Pracha Uthit Bridge,น้ำแม่กลาง,บ้านหลวง,จอมทอง,เชียงใหม่
2022-09-18,7.1,Romklao Cooperative House,น้ำแม่งัด,แม่แวน,พร้าว,เชียงใหม่
2022-09-18,7.5,Saphan Ban Khay,น้ำฝาง,แม่นาวาง,แม่อาย,เชียงใหม่
2022-09-18,7.9,Setuwaree Bridge,แม้น้ำวัง,เวียงเหนือ,เมือง,ลำปาง
2022-09-18,14.3,Tha Li Bridge,น้ำว้า,ขึ่ง,เวียงสา,น่าน
2022-09-18,8.3,Tha Nang Bridge,น้ำแม่กวง,ในเมือง,เมือง,ลำพูน
2022-09-18,4.4,Wang Phrao,น้ำแม่จาง,วังพร้าว,เกาะคา,ลำปาง
2022-09-19,3.1,Ban Chiang Dao,แม่น้ำปิง,เชียงดาว,เชียงดาว,เชียงใหม่
2022-09-19,5.7,Ban Chor Lae,แม่น้ำปิง,ช่อแล,แม่แตง,เชียงใหม่
2022-09-19,7,Ban Don Chai,แม่น้ำวัง,ล้อมแรด,เถิน,ลำปาง
2022-09-19,6.8,Ban Don Mun,แม่น้ำวัง,บ้านแลง,เมือง,ลำปาง
2022-09-19,5.9,Ban Don Sali,น้ำแม่ลาว,ป่าแดด,แม่สรวย,เชียงราย
2022-09-19,6.6,Ban Hai,แม่น้ำวัง,ปงดอน,แจ้ห่ม,ลำปาง
2022-09-19,4.3,Ban Hong,น้ำแม่ออน,ร้องวัวแดง,สันกำแพง,เชียงใหม่
2022-09-19,3.2,Ban Hua Sapan,น้ำแม่จัน,ป่าซาง,แม่จัน,เชียงราย
2022-09-19,7,Ban Huai Pa Sang,น้ำแม่แตง,กึ๊ดช้าง,แม่แตง,เชียงใหม่
2022-09-19,11.8,Ban Huai Sak,แม่น้ำยม,เตาปูน,สอง,แพร่
2022-09-19,1.9,Ban Klang,น้ำแม่ขาน,บ้านกลาง,สันป่าตอง,เชียงใหม่
2022-09-19,7.8,Ban Klang,น้ำแม่ขาน,บ้านกลาง,สันป่าตอง,เชียงใหม่
2022-09-19,4.2,Ban Ko Kha,แม่น้ำวัง,ศาลา,เกาะคา,ลำปาง
2022-09-19,6.8,Ban Kok Tong,แม่น้ำกก,รอบเวียง,เมือง,เชียงราย
2022-09-19,5.2,Ban Krariang Tung Phrao,น้ำแม่สรวย,วาวี,แม่สรวย,เชียงราย
2022-09-19,3.7,Ban Lai Kaeo,น้ำแม่ลี้,ศรีเตี้ย,บ้านโฮ่ง,ลำพูน
2022-09-19,7.1,Ban Luang,น้ำแม่ตื่น,ยางเปียง,อมก๋อย,เชียงใหม่
2022-09-19,7.9,Ban Luang Nuea,น้ำงาว,หลวงใต้,งาว,ลำปาง
2022-09-19,7.5,Ban Mae E Hi,น้ำแม่ลี้,ศรีวิชัย,ลี้,ลำพูน
2022-09-19,5.7,Ban Mae Kha Bridge,น้ำฝาง,แม่ข่า,ฝาง,เชียงใหม่
2022-09-19,7.3,Ban Mae Khom Mi Tamnak Tham,น้ำแม่คำมี,ตำหนักธรรม,หนองม่วงไข่,แพร่
2022-09-19,6.1,Ban Mae Lai,น้ำแม่หล่าย,แม่หล่าย,เมือง,แพร่
2022-09-19,4.6,Ban Mae Tae,แม่น้ำปิง,แม่แฝกเก่า,สันทราย,เชียงใหม่
2022-09-19,4,Ban Mae Taeng,แม่น้ำแตง,สันมหาพล,แม่แตง,เชียงใหม่
2022-09-19,4.1,Ban Mae Wan,น้ำแม่กวง,ป่าเมี่ยง,ดอยสะเก็ด,เชียงใหม่
2022-09-19,7.9,Ban Mai Rim Fang,น้ำฝาง,เวียงฝาง,ฝาง,เชียงใหม่
2022-09-19,7.8,Ban Mang,น้ำปี้,มาง,เชียงม่วน,พะเยา
2022-09-19,5.3,Ban Mueang Kuet,น้ำแม่แตง,กึ๊ดช้าง,แม่แตง,เชียงใหม่
2022-09-19,3.1,Ban Mueang Mai,ห้วยแม่ต๋า,เมืองมาย,แจ้ห่ม,ลำปาง
2022-09-19,5.2,Ban Mueang Pha,น้ำแม่ริม,ริมเหนือ,แม่ริม,เชียงใหม่
2022-09-19,7.6,Ban Nam Ing,น้ำอิง,ต้า,ขุนตาล,เชียงราย
2022-09-19,10.5,Ban Nam Khong,แม่น้ำยม,ป่าแมต,เมือง,แพร่
2022-09-19,5.9,Ban Nam Yao,น้ำยาว,อวน,ปัว,น่าน
2022-09-19,1.1,Ban Nong Daeng,แม่น้ำน่าน,เปือ,เชียงกลาง,น่าน
2022-09-19,2.4,Ban Nong Naw,น้ำแม่สอย,แจ้ห่ม,แจ้ห่ม,ลำปาง
2022-09-19,5.7,Ban Nong Pham,น้ำแม่ลาว,แม่สรวย,แม่สรวย,เชียงราย
2022-09-19,7.7,Ban Pa Kha,น้ำควร,ควร,ปง,พะเยา
2022-09-19,10.8,Ban Pa Khoi Tai,แม่น้ำปิง,สันผีเสื้อ,เมือง,เชียงใหม่
2022-09-19,6.1,Ban Pa Sang,น้ำแม่ทา,ป่าซาง,ป่าซาง,ลำพูน
2022-09-19,1.6,Ban Pang Rimkorn,น้ำแม่กรณ์,แม่กรณ์,เมือง,เชียงราย
2022-09-19,6.4,Ban Pang Sa,ห้วยน้ำยาว,ผาทอง,ท่าวังผา,น่าน
2022-09-19,12,Ban Pha Khwang,แม่น้ำน่าน,บ่อ,เมือง,น่าน
2022-09-19,8.8,Ban Phai Ngarm,แม่น้ำน่าน,ส้าน,เวียงสา,น่าน
2022-09-19,5.1,Ban Phan Ton,น้ำแม่วาง,ทุ่งปี้,แม่วาง,เชียงใหม่
2022-09-19,5.1,Ban Phi Tai,น้ำปี้,บ้านพี้,บ้านหลวง,น่าน
2022-09-19,8.6,Ban Pong,น้ำแม่กวง,บวกค้าง,สันกำแพง,เชียงใหม่
2022-09-19,9.1,Ban Pong,น้ำแม่กวง,บวกค้าง,สันกำแพง,เชียงใหม่
2022-09-19,5.216666667,Ban Pong,ห้วยโป่ง,บ้านโป่ง,งาว,ลำปาง
2022-09-19,5.6,Ban Rong Kho,แม่น้ำวัง,ร่องเคาะ,วังเหนือ,ลำปาง
2022-09-19,7.7,Ban Rong Khun,น้ำแม่ลาว,ป่าอ้อดอนชัย,เมือง,เชียงราย
2022-09-19,4,Ban Saluang Nok,น้ำแม่ริม,สลวง,แม่ริม,เชียงใหม่
2022-09-19,6.7,Ban San Pu Loei,น้ำแม่ขอด,โหล่งขอด,พร้าว,เชียงใหม่
2022-09-19,7.5,Ban Singpotin,น้ำแม่ลาย,ป่าเมี่ยง,ดอยสะเก็ด,เชียงใหม่
2022-09-19,9,Ban Sob Soi,แม่น้ำปิง,แม่สอย,จอมทอง,เชียงใหม่
2022-09-19,6.1,Ban Sop Mae Sapoot,แม่น้ำแม่ทา,ทาสบเส้า,แม่ทา,ลำพูน
2022-09-19,11.5,Ban Sop Pae,แม่น้ำปิง,สบแปะ,จอมทอง,เชียงใหม่
2022-09-19,8.7,Ban Sop Prap,แม่น้ำวัง,สบปราบ,สบปราบ,ลำปาง
2022-09-19,8.1,Ban Sop Tam,น้ำแม่ต่ำ,เกาะคา,เกาะคา,ลำปาง
2022-09-19,4.9,Ban Sop Win,น้ำแม่วาง,แม่วิน,แม่วาง,เชียงใหม่
2022-09-19,9.6,Ban Tha Duea,แม่น้ำวัง,พิชัย,เมือง,ลำปาง
2022-09-19,5.9,Ban Tha Lo,น้ำแม่ตุ๋ย,บ่อแฮ้ว,เมือง,ลำปาง
2022-09-19,5.9,Ban Tha Pong Daeng,น้ำปาย,ผาบ่อง,เมือง,แม่ฮ่องสอน
2022-09-19,14.3,Ban Thung Nong,แม่น้ำยม,สระ,เชียงม่วน,พะเยา
2022-09-19,7,Ban Ton Yang,น้ำแม่ลาว,บัวสลี,แม่ลาว,เชียงราย
2022-09-19,15.4,Ban Wang Chin,แม่น้ำยม,วังชิ้น,วังชิ้น,แพร่
2022-09-19,5.1,Chedingam,น้ำอิง,ท่าวังทอง,เมือง,พะเยา
2022-09-19,9,In front of the Forestry Office,แม่น้ำน่าน,ในเวียง,เมือง,น่าน
2022-09-19,6.9,Mae Kham Lak Chet,น้ำแม่คำ,ศรีค้ำ,แม่จัน,เชียงราย
2022-09-19,4.5,Nam Mae Chaem,น้ำแม่แจ่ม,บ้านท่าข้าม,จอมทอง,เชียงใหม่
2022-09-19,6,Nawarat Bridge,แม่น้ำปิง,วัดเกต,เมือง,เชียงใหม่
2022-09-19,6,Nawarat Bridge,แม่น้ำปิง,วัดเกต,เมือง,เชียงใหม่
2022-09-19,5,Pracha Uthit Bridge,น้ำแม่กลาง,บ้านหลวง,จอมทอง,เชียงใหม่
2022-09-19,7,Romklao Cooperative House,น้ำแม่งัด,แม่แวน,พร้าว,เชียงใหม่
2022-09-19,7.3,Saphan Ban Khay,น้ำฝาง,แม่นาวาง,แม่อาย,เชียงใหม่
2022-09-19,6.7,Setuwaree Bridge,แม้น้ำวัง,เวียงเหนือ,เมือง,ลำปาง
2022-09-19,14.1,Tha Li Bridge,น้ำว้า,ขึ่ง,เวียงสา,น่าน
2022-09-19,8.2,Tha Nang Bridge,น้ำแม่กวง,ในเมือง,เมือง,ลำพูน
2022-09-19,4.3,Wang Phrao,น้ำแม่จาง,วังพร้าว,เกาะคา,ลำปาง
2022-09-20,3.1,Ban Chiang Dao,แม่น้ำปิง,เชียงดาว,เชียงดาว,เชียงใหม่
2022-09-20,5.5,Ban Chor Lae,แม่น้ำปิง,ช่อแล,แม่แตง,เชียงใหม่
2022-09-20,6.3,Ban Don Chai,แม่น้ำวัง,ล้อมแรด,เถิน,ลำปาง
2022-09-20,6.5,Ban Don Mun,แม่น้ำวัง,บ้านแลง,เมือง,ลำปาง
2022-09-20,5.7,Ban Don Sali,น้ำแม่ลาว,ป่าแดด,แม่สรวย,เชียงราย
2022-09-20,6.1,Ban Hai,แม่น้ำวัง,ปงดอน,แจ้ห่ม,ลำปาง
2022-09-20,4.3,Ban Hong,น้ำแม่ออน,ร้องวัวแดง,สันกำแพง,เชียงใหม่
2022-09-20,3.2,Ban Hua Sapan,น้ำแม่จัน,ป่าซาง,แม่จัน,เชียงราย
2022-09-20,6.8,Ban Huai Pa Sang,น้ำแม่แตง,กึ๊ดช้าง,แม่แตง,เชียงใหม่
2022-09-20,11.4,Ban Huai Sak,แม่น้ำยม,เตาปูน,สอง,แพร่
2022-09-20,1.6,Ban Klang,น้ำแม่ขาน,บ้านกลาง,สันป่าตอง,เชียงใหม่
2022-09-20,7.5,Ban Klang,น้ำแม่ขาน,บ้านกลาง,สันป่าตอง,เชียงใหม่
2022-09-20,3.8,Ban Ko Kha,แม่น้ำวัง,ศาลา,เกาะคา,ลำปาง
2022-09-20,6.7,Ban Kok Tong,แม่น้ำกก,รอบเวียง,เมือง,เชียงราย
2022-09-20,5.2,Ban Krariang Tung Phrao,น้ำแม่สรวย,วาวี,แม่สรวย,เชียงราย
2022-09-20,3.6,Ban Lai Kaeo,น้ำแม่ลี้,ศรีเตี้ย,บ้านโฮ่ง,ลำพูน
2022-09-20,7,Ban Luang,น้ำแม่ตื่น,ยางเปียง,อมก๋อย,เชียงใหม่
2022-09-20,7.9,Ban Luang Nuea,น้ำงาว,หลวงใต้,งาว,ลำปาง
2022-09-20,7.4,Ban Mae E Hi,น้ำแม่ลี้,ศรีวิชัย,ลี้,ลำพูน
2022-09-20,5.7,Ban Mae Kha Bridge,น้ำฝาง,แม่ข่า,ฝาง,เชียงใหม่
2022-09-20,7.3,Ban Mae Khom Mi Tamnak Tham,น้ำแม่คำมี,ตำหนักธรรม,หนองม่วงไข่,แพร่
2022-09-20,6.1,Ban Mae Lai,น้ำแม่หล่าย,แม่หล่าย,เมือง,แพร่
2022-09-20,4.4,Ban Mae Tae,แม่น้ำปิง,แม่แฝกเก่า,สันทราย,เชียงใหม่
2022-09-20,4,Ban Mae Taeng,แม่น้ำแตง,สันมหาพล,แม่แตง,เชียงใหม่
2022-09-20,4.1,Ban Mae Wan,น้ำแม่กวง,ป่าเมี่ยง,ดอยสะเก็ด,เชียงใหม่
2022-09-20,7.8,Ban Mai Rim Fang,น้ำฝาง,เวียงฝาง,ฝาง,เชียงใหม่
2022-09-20,7.7,Ban Mang,น้ำปี้,มาง,เชียงม่วน,พะเยา
2022-09-20,5.3,Ban Mueang Kuet,น้ำแม่แตง,กึ๊ดช้าง,แม่แตง,เชียงใหม่
2022-09-20,3.1,Ban Mueang Mai,ห้วยแม่ต๋า,เมืองมาย,แจ้ห่ม,ลำปาง
2022-09-20,5.1,Ban Mueang Pha,น้ำแม่ริม,ริมเหนือ,แม่ริม,เชียงใหม่
2022-09-20,7.4,Ban Nam Ing,น้ำอิง,ต้า,ขุนตาล,เชียงราย
2022-09-20,10.8,Ban Nam Khong,แม่น้ำยม,ป่าแมต,เมือง,แพร่
2022-09-20,6,Ban Nam Yao,น้ำยาว,อวน,ปัว,น่าน
2022-09-20,1.1,Ban Nong Daeng,แม่น้ำน่าน,เปือ,เชียงกลาง,น่าน
2022-09-20,2.4,Ban Nong Naw,น้ำแม่สอย,แจ้ห่ม,แจ้ห่ม,ลำปาง
2022-09-20,5.6,Ban Nong Pham,น้ำแม่ลาว,แม่สรวย,แม่สรวย,เชียงราย
2022-09-20,7.6,Ban Pa Kha,น้ำควร,ควร,ปง,พะเยา
2022-09-20,10.5,Ban Pa Khoi Tai,แม่น้ำปิง,สันผีเสื้อ,เมือง,เชียงใหม่
2022-09-20,5.9,Ban Pa Sang,น้ำแม่ทา,ป่าซาง,ป่าซาง,ลำพูน
2022-09-20,1.6,Ban Pang Rimkorn,น้ำแม่กรณ์,แม่กรณ์,เมือง,เชียงราย
2022-09-20,6.3,Ban Pang Sa,ห้วยน้ำยาว,ผาทอง,ท่าวังผา,น่าน
2022-09-20,11.9,Ban Pha Khwang,แม่น้ำน่าน,บ่อ,เมือง,น่าน
2022-09-20,8.4,Ban Phai Ngarm,แม่น้ำน่าน,ส้าน,เวียงสา,น่าน
2022-09-20,5,Ban Phan Ton,น้ำแม่วาง,ทุ่งปี้,แม่วาง,เชียงใหม่
2022-09-20,5.1,Ban Phi Tai,น้ำปี้,บ้านพี้,บ้านหลวง,น่าน
2022-09-20,3.3,Ban Phu Yaeng,น้ำมวบ,ดู่พงษ์,สันติสุข,น่าน
2022-09-20,8.3,Ban Pong,น้ำแม่กวง,บวกค้าง,สันกำแพง,เชียงใหม่
2022-09-20,9.1,Ban Pong,น้ำแม่กวง,บวกค้าง,สันกำแพง,เชียงใหม่
2022-09-20,5.183333333,Ban Pong,ห้วยโป่ง,บ้านโป่ง,งาว,ลำปาง
2022-09-20,5.5,Ban Rong Kho,แม่น้ำวัง,ร่องเคาะ,วังเหนือ,ลำปาง
2022-09-20,7.5,Ban Rong Khun,น้ำแม่ลาว,ป่าอ้อดอนชัย,เมือง,เชียงราย
2022-09-20,4.1,Ban Saluang Nok,น้ำแม่ริม,สลวง,แม่ริม,เชียงใหม่
2022-09-20,6.7,Ban San Pu Loei,น้ำแม่ขอด,โหล่งขอด,พร้าว,เชียงใหม่
2022-09-20,7.5,Ban Singpotin,น้ำแม่ลาย,ป่าเมี่ยง,ดอยสะเก็ด,เชียงใหม่
2022-09-20,9.1,Ban Sob Soi,แม่น้ำปิง,แม่สอย,จอมทอง,เชียงใหม่
2022-09-20,5.9,Ban Sop Mae Sapoot,แม่น้ำแม่ทา,ทาสบเส้า,แม่ทา,ลำพูน
2022-09-20,11.3,Ban Sop Pae,แม่น้ำปิง,สบแปะ,จอมทอง,เชียงใหม่
2022-09-20,7.9,Ban Sop Prap,แม่น้ำวัง,สบปราบ,สบปราบ,ลำปาง
2022-09-20,7,Ban Sop Tam,น้ำแม่ต่ำ,เกาะคา,เกาะคา,ลำปาง
2022-09-20,4.8,Ban Sop Win,น้ำแม่วาง,แม่วิน,แม่วาง,เชียงใหม่
2022-09-20,8.5,Ban Tha Duea,แม่น้ำวัง,พิชัย,เมือง,ลำปาง
2022-09-20,5.8,Ban Tha Lo,น้ำแม่ตุ๋ย,บ่อแฮ้ว,เมือง,ลำปาง
2022-09-20,5.4,Ban Tha Pong Daeng,น้ำปาย,ผาบ่อง,เมือง,แม่ฮ่องสอน
2022-09-20,13.8,Ban Thung Nong,แม่น้ำยม,สระ,เชียงม่วน,พะเยา
2022-09-20,6.6,Ban Ton Yang,น้ำแม่ลาว,บัวสลี,แม่ลาว,เชียงราย
2022-09-20,15.4,Ban Wang Chin,แม่น้ำยม,วังชิ้น,วังชิ้น,แพร่
2022-09-20,5.9,Chedingam,น้ำอิง,ท่าวังทอง,เมือง,พะเยา
2022-09-20,8.7,In front of the Forestry Office,แม่น้ำน่าน,ในเวียง,เมือง,น่าน
2022-09-20,7,Mae Kham Lak Chet,น้ำแม่คำ,ศรีค้ำ,แม่จัน,เชียงราย
2022-09-20,4.4,Nam Mae Chaem,น้ำแม่แจ่ม,บ้านท่าข้าม,จอมทอง,เชียงใหม่
2022-09-20,5.9,Nawarat Bridge,แม่น้ำปิง,วัดเกต,เมือง,เชียงใหม่
2022-09-20,5.9,Nawarat Bridge,แม่น้ำปิง,วัดเกต,เมือง,เชียงใหม่
2022-09-20,5,Pracha Uthit Bridge,น้ำแม่กลาง,บ้านหลวง,จอมทอง,เชียงใหม่
2022-09-20,6.9,Romklao Cooperative House,น้ำแม่งัด,แม่แวน,พร้าว,เชียงใหม่
2022-09-20,7.1,Saphan Ban Khay,น้ำฝาง,แม่นาวาง,แม่อาย,เชียงใหม่
2022-09-20,5.5,Setuwaree Bridge,แม้น้ำวัง,เวียงเหนือ,เมือง,ลำปาง
2022-09-20,13.9,Tha Li Bridge,น้ำว้า,ขึ่ง,เวียงสา,น่าน
2022-09-20,8.1,Tha Nang Bridge,น้ำแม่กวง,ในเมือง,เมือง,ลำพูน
2022-09-20,4.2,Wang Phrao,น้ำแม่จาง,วังพร้าว,เกาะคา,ลำปาง
2022-09-21,3.3,Ban Chiang Dao,แม่น้ำปิง,เชียงดาว,เชียงดาว,เชียงใหม่
2022-09-21,5.5,Ban Chor Lae,แม่น้ำปิง,ช่อแล,แม่แตง,เชียงใหม่
2022-09-21,5.7,Ban Don Chai,แม่น้ำวัง,ล้อมแรด,เถิน,ลำปาง
2022-09-21,6.6,Ban Don Mun,แม่น้ำวัง,บ้านแลง,เมือง,ลำปาง
2022-09-21,5.9,Ban Don Sali,น้ำแม่ลาว,ป่าแดด,แม่สรวย,เชียงราย
2022-09-21,6.3,Ban Hai,แม่น้ำวัง,ปงดอน,แจ้ห่ม,ลำปาง
2022-09-21,4.3,Ban Hong,น้ำแม่ออน,ร้องวัวแดง,สันกำแพง,เชียงใหม่
2022-09-21,3.2,Ban Hua Sapan,น้ำแม่จัน,ป่าซาง,แม่จัน,เชียงราย
2022-09-21,7.1,Ban Huai Pa Sang,น้ำแม่แตง,กึ๊ดช้าง,แม่แตง,เชียงใหม่
2022-09-21,11.5,Ban Huai Sak,แม่น้ำยม,เตาปูน,สอง,แพร่
2022-09-21,2.4,Ban Klang,น้ำแม่ขาน,บ้านกลาง,สันป่าตอง,เชียงใหม่
2022-09-21,7.5,Ban Klang,น้ำแม่ขาน,บ้านกลาง,สันป่าตอง,เชียงใหม่
2022-09-21,3.7,Ban Ko Kha,แม่น้ำวัง,ศาลา,เกาะคา,ลำปาง
2022-09-21,6.7,Ban Kok Tong,แม่น้ำกก,รอบเวียง,เมือง,เชียงราย
2022-09-21,5.1,Ban Krariang Tung Phrao,น้ำแม่สรวย,วาวี,แม่สรวย,เชียงราย
2022-09-21,3.8,Ban Lai Kaeo,น้ำแม่ลี้,ศรีเตี้ย,บ้านโฮ่ง,ลำพูน
2022-09-21,7,Ban Luang,น้ำแม่ตื่น,ยางเปียง,อมก๋อย,เชียงใหม่
2022-09-21,7.9,Ban Luang Nuea,น้ำงาว,หลวงใต้,งาว,ลำปาง
2022-09-21,7.4,Ban Mae E Hi,น้ำแม่ลี้,ศรีวิชัย,ลี้,ลำพูน
2022-09-21,5.6,Ban Mae Kha Bridge,น้ำฝาง,แม่ข่า,ฝาง,เชียงใหม่
2022-09-21,7.4,Ban Mae Khom Mi Tamnak Tham,น้ำแม่คำมี,ตำหนักธรรม,หนองม่วงไข่,แพร่
2022-09-21,6.1,Ban Mae Lai,น้ำแม่หล่าย,แม่หล่าย,เมือง,แพร่
2022-09-21,4.4,Ban Mae Tae,แม่น้ำปิง,แม่แฝกเก่า,สันทราย,เชียงใหม่
2022-09-21,4,Ban Mae Taeng,แม่น้ำแตง,สันมหาพล,แม่แตง,เชียงใหม่
2022-09-21,4.2,Ban Mae Wan,น้ำแม่กวง,ป่าเมี่ยง,ดอยสะเก็ด,เชียงใหม่
2022-09-21,7.8,Ban Mai Rim Fang,น้ำฝาง,เวียงฝาง,ฝาง,เชียงใหม่
2022-09-21,7.9,Ban Mang,น้ำปี้,มาง,เชียงม่วน,พะเยา
2022-09-21,7.2,Ban Muang Pok,น้ำแม่แตง,เปียงหลวง,เวียงแหง,เชียงใหม่
2022-09-21,5.5,Ban Mueang Kuet,น้ำแม่แตง,กึ๊ดช้าง,แม่แตง,เชียงใหม่
2022-09-21,3.1,Ban Mueang Mai,ห้วยแม่ต๋า,เมืองมาย,แจ้ห่ม,ลำปาง
2022-09-21,5.4,Ban Mueang Pha,น้ำแม่ริม,ริมเหนือ,แม่ริม,เชียงใหม่
2022-09-21,7.4,Ban Nam Ing,น้ำอิง,ต้า,ขุนตาล,เชียงราย
2022-09-21,10.7,Ban Nam Khong,แม่น้ำยม,ป่าแมต,เมือง,แพร่
2022-09-21,6,Ban Nam Yao,น้ำยาว,อวน,ปัว,น่าน
2022-09-21,1.1,Ban Nong Daeng,แม่น้ำน่าน,เปือ,เชียงกลาง,น่าน
2022-09-21,2.4,Ban Nong Naw,น้ำแม่สอย,แจ้ห่ม,แจ้ห่ม,ลำปาง
2022-09-21,5.7,Ban Nong Pham,น้ำแม่ลาว,แม่สรวย,แม่สรวย,เชียงราย
2022-09-21,7.6,Ban Pa Kha,น้ำควร,ควร,ปง,พะเยา
2022-09-21,10.5,Ban Pa Khoi Tai,แม่น้ำปิง,สันผีเสื้อ,เมือง,เชียงใหม่
2022-09-21,7,Ban Pa Sang,น้ำแม่ทา,ป่าซาง,ป่าซาง,ลำพูน
2022-09-21,1.5,Ban Pang Rimkorn,น้ำแม่กรณ์,แม่กรณ์,เมือง,เชียงราย
2022-09-21,6.4,Ban Pang Sa,ห้วยน้ำยาว,ผาทอง,ท่าวังผา,น่าน
2022-09-21,12.2,Ban Pha Khwang,แม่น้ำน่าน,บ่อ,เมือง,น่าน
2022-09-21,8.9,Ban Phai Ngarm,แม่น้ำน่าน,ส้าน,เวียงสา,น่าน
2022-09-21,4.9,Ban Phan Ton,น้ำแม่วาง,ทุ่งปี้,แม่วาง,เชียงใหม่
2022-09-21,5.3,Ban Phi Tai,น้ำปี้,บ้านพี้,บ้านหลวง,น่าน
2022-09-21,3.3,Ban Phu Yaeng,น้ำมวบ,ดู่พงษ์,สันติสุข,น่าน
2022-09-21,8.2,Ban Pong,น้ำแม่กวง,บวกค้าง,สันกำแพง,เชียงใหม่
2022-09-21,9.1,Ban Pong,น้ำแม่กวง,บวกค้าง,สันกำแพง,เชียงใหม่
2022-09-21,5.193333333,Ban Pong,ห้วยโป่ง,บ้านโป่ง,งาว,ลำปาง
2022-09-21,5.6,Ban Rong Kho,แม่น้ำวัง,ร่องเคาะ,วังเหนือ,ลำปาง
2022-09-21,7.5,Ban Rong Khun,น้ำแม่ลาว,ป่าอ้อดอนชัย,เมือง,เชียงราย
2022-09-21,4.4,Ban Saluang Nok,น้ำแม่ริม,สลวง,แม่ริม,เชียงใหม่
2022-09-21,6.7,Ban San Pu Loei,น้ำแม่ขอด,โหล่งขอด,พร้าว,เชียงใหม่
2022-09-21,7.5,Ban Singpotin,น้ำแม่ลาย,ป่าเมี่ยง,ดอยสะเก็ด,เชียงใหม่
2022-09-21,9.2,Ban Sob Soi,แม่น้ำปิง,แม่สอย,จอมทอง,เชียงใหม่
2022-09-21,6.3,Ban Sop Mae Sapoot,แม่น้ำแม่ทา,ทาสบเส้า,แม่ทา,ลำพูน
2022-09-21,11.2,Ban Sop Pae,แม่น้ำปิง,สบแปะ,จอมทอง,เชียงใหม่
2022-09-21,7.3,Ban Sop Prap,แม่น้ำวัง,สบปราบ,สบปราบ,ลำปาง
2022-09-21,6.6,Ban Sop Tam,น้ำแม่ต่ำ,เกาะคา,เกาะคา,ลำปาง
2022-09-21,4.8,Ban Sop Win,น้ำแม่วาง,แม่วิน,แม่วาง,เชียงใหม่
2022-09-21,8.4,Ban Tha Duea,แม่น้ำวัง,พิชัย,เมือง,ลำปาง
2022-09-21,5.8,Ban Tha Lo,น้ำแม่ตุ๋ย,บ่อแฮ้ว,เมือง,ลำปาง
2022-09-21,5.8,Ban Tha Pong Daeng,น้ำปาย,ผาบ่อง,เมือง,แม่ฮ่องสอน
2022-09-21,14.7,Ban Thung Nong,แม่น้ำยม,สระ,เชียงม่วน,พะเยา
2022-09-21,6.7,Ban Ton Yang,น้ำแม่ลาว,บัวสลี,แม่ลาว,เชียงราย
2022-09-21,15.7,Ban Wang Chin,แม่น้ำยม,วังชิ้น,วังชิ้น,แพร่
2022-09-21,6,Chedingam,น้ำอิง,ท่าวังทอง,เมือง,พะเยา
2022-09-21,9,In front of the Forestry Office,แม่น้ำน่าน,ในเวียง,เมือง,น่าน
2022-09-21,7,Mae Kham Lak Chet,น้ำแม่คำ,ศรีค้ำ,แม่จัน,เชียงราย
2022-09-21,4.2,Nam Mae Chaem,น้ำแม่แจ่ม,บ้านท่าข้าม,จอมทอง,เชียงใหม่
2022-09-21,5.9,Nawarat Bridge,แม่น้ำปิง,วัดเกต,เมือง,เชียงใหม่
2022-09-21,5.9,Nawarat Bridge,แม่น้ำปิง,วัดเกต,เมือง,เชียงใหม่
2022-09-21,5.2,Pracha Uthit Bridge,น้ำแม่กลาง,บ้านหลวง,จอมทอง,เชียงใหม่
2022-09-21,6.9,Romklao Cooperative House,น้ำแม่งัด,แม่แวน,พร้าว,เชียงใหม่
2022-09-21,6.9,Saphan Ban Khay,น้ำฝาง,แม่นาวาง,แม่อาย,เชียงใหม่
2022-09-21,5.4,Setuwaree Bridge,แม้น้ำวัง,เวียงเหนือ,เมือง,ลำปาง
2022-09-21,14.4,Tha Li Bridge,น้ำว้า,ขึ่ง,เวียงสา,น่าน
2022-09-21,8,Tha Nang Bridge,น้ำแม่กวง,ในเมือง,เมือง,ลำพูน
2022-09-21,4.1,Wang Phrao,น้ำแม่จาง,วังพร้าว,เกาะคา,ลำปาง
2022-09-22,3.1,Ban Chiang Dao,แม่น้ำปิง,เชียงดาว,เชียงดาว,เชียงใหม่
2022-09-22,5.6,Ban Chor Lae,แม่น้ำปิง,ช่อแล,แม่แตง,เชียงใหม่
2022-09-22,5.6,Ban Don Chai,แม่น้ำวัง,ล้อมแรด,เถิน,ลำปาง
2022-09-22,6.5,Ban Don Mun,แม่น้ำวัง,บ้านแลง,เมือง,ลำปาง
2022-09-22,5.7,Ban Don Sali,น้ำแม่ลาว,ป่าแดด,แม่สรวย,เชียงราย
2022-09-22,6.3,Ban Hai,แม่น้ำวัง,ปงดอน,แจ้ห่ม,ลำปาง
2022-09-22,4.3,Ban Hong,น้ำแม่ออน,ร้องวัวแดง,สันกำแพง,เชียงใหม่
2022-09-22,3.2,Ban Hua Sapan,น้ำแม่จัน,ป่าซาง,แม่จัน,เชียงราย
2022-09-22,7,Ban Huai Pa Sang,น้ำแม่แตง,กึ๊ดช้าง,แม่แตง,เชียงใหม่
2022-09-22,11.6,Ban Huai Sak,แม่น้ำยม,เตาปูน,สอง,แพร่
2022-09-22,1.8,Ban Klang,น้ำแม่ขาน,บ้านกลาง,สันป่าตอง,เชียงใหม่
2022-09-22,7.4,Ban Klang,น้ำแม่ขาน,บ้านกลาง,สันป่าตอง,เชียงใหม่
2022-09-22,3.7,Ban Ko Kha,แม่น้ำวัง,ศาลา,เกาะคา,ลำปาง
2022-09-22,5.1,Ban Krariang Tung Phrao,น้ำแม่สรวย,วาวี,แม่สรวย,เชียงราย
2022-09-22,3.6,Ban Lai Kaeo,น้ำแม่ลี้,ศรีเตี้ย,บ้านโฮ่ง,ลำพูน
2022-09-22,7.1,Ban Luang,น้ำแม่ตื่น,ยางเปียง,อมก๋อย,เชียงใหม่
2022-09-22,7.9,Ban Luang Nuea,น้ำงาว,หลวงใต้,งาว,ลำปาง
2022-09-22,7.2,Ban Mae E Hi,น้ำแม่ลี้,ศรีวิชัย,ลี้,ลำพูน
2022-09-22,5.6,Ban Mae Kha Bridge,น้ำฝาง,แม่ข่า,ฝาง,เชียงใหม่
2022-09-22,7.3,Ban Mae Khom Mi Tamnak Tham,น้ำแม่คำมี,ตำหนักธรรม,หนองม่วงไข่,แพร่
2022-09-22,6.1,Ban Mae Lai,น้ำแม่หล่าย,แม่หล่าย,เมือง,แพร่
2022-09-22,4.5,Ban Mae Tae,แม่น้ำปิง,แม่แฝกเก่า,สันทราย,เชียงใหม่
2022-09-22,4,Ban Mae Taeng,แม่น้ำแตง,สันมหาพล,แม่แตง,เชียงใหม่
2022-09-22,4.1,Ban Mae Wan,น้ำแม่กวง,ป่าเมี่ยง,ดอยสะเก็ด,เชียงใหม่
2022-09-22,7.7,Ban Mai Rim Fang,น้ำฝาง,เวียงฝาง,ฝาง,เชียงใหม่
2022-09-22,7.7,Ban Mang,น้ำปี้,มาง,เชียงม่วน,พะเยา
2022-09-22,5.4,Ban Mueang Kuet,น้ำแม่แตง,กึ๊ดช้าง,แม่แตง,เชียงใหม่
2022-09-22,3.2,Ban Mueang Mai,ห้วยแม่ต๋า,เมืองมาย,แจ้ห่ม,ลำปาง
2022-09-22,5.3,Ban Mueang Pha,น้ำแม่ริม,ริมเหนือ,แม่ริม,เชียงใหม่
2022-09-22,7.4,Ban Nam Ing,น้ำอิง,ต้า,ขุนตาล,เชียงราย
2022-09-22,10.9,Ban Nam Khong,แม่น้ำยม,ป่าแมต,เมือง,แพร่
2022-09-22,5.9,Ban Nam Yao,น้ำยาว,อวน,ปัว,น่าน
2022-09-22,1.2,Ban Nong Daeng,แม่น้ำน่าน,เปือ,เชียงกลาง,น่าน
2022-09-22,2.4,Ban Nong Naw,น้ำแม่สอย,แจ้ห่ม,แจ้ห่ม,ลำปาง
2022-09-22,5.5,Ban Nong Pham,น้ำแม่ลาว,แม่สรวย,แม่สรวย,เชียงราย
2022-09-22,7.5,Ban Pa Kha,น้ำควร,ควร,ปง,พะเยา
2022-09-22,10.7,Ban Pa Khoi Tai,แม่น้ำปิง,สันผีเสื้อ,เมือง,เชียงใหม่
2022-09-22,6.3,Ban Pa Sang,น้ำแม่ทา,ป่าซาง,ป่าซาง,ลำพูน
2022-09-22,1.5,Ban Pang Rimkorn,น้ำแม่กรณ์,แม่กรณ์,เมือง,เชียงราย
2022-09-22,6.3,Ban Pang Sa,ห้วยน้ำยาว,ผาทอง,ท่าวังผา,น่าน
2022-09-22,12.1,Ban Pha Khwang,แม่น้ำน่าน,บ่อ,เมือง,น่าน
2022-09-22,8.6,Ban Phai Ngarm,แม่น้ำน่าน,ส้าน,เวียงสา,น่าน
2022-09-22,4.9,Ban Phan Ton,น้ำแม่วาง,ทุ่งปี้,แม่วาง,เชียงใหม่
2022-09-22,5.1,Ban Phi Tai,น้ำปี้,บ้านพี้,บ้านหลวง,น่าน
2022-09-22,3.3,Ban Phu Yaeng,น้ำมวบ,ดู่พงษ์,สันติสุข,น่าน
2022-09-22,8,Ban Pong,น้ำแม่กวง,บวกค้าง,สันกำแพง,เชียงใหม่
2022-09-22,9,Ban Pong,น้ำแม่กวง,บวกค้าง,สันกำแพง,เชียงใหม่
2022-09-22,5.096666667,Ban Pong,ห้วยโป่ง,บ้านโป่ง,งาว,ลำปาง
2022-09-22,5.4,Ban Rong Kho,แม่น้ำวัง,ร่องเคาะ,วังเหนือ,ลำปาง
2022-09-22,7.5,Ban Rong Khun,น้ำแม่ลาว,ป่าอ้อดอนชัย,เมือง,เชียงราย
2022-09-22,3.9,Ban Saluang Nok,น้ำแม่ริม,สลวง,แม่ริม,เชียงใหม่
2022-09-22,6.6,Ban San Pu Loei,น้ำแม่ขอด,โหล่งขอด,พร้าว,เชียงใหม่
2022-09-22,7.4,Ban Singpotin,น้ำแม่ลาย,ป่าเมี่ยง,ดอยสะเก็ด,เชียงใหม่
2022-09-22,9,Ban Sob Soi,แม่น้ำปิง,แม่สอย,จอมทอง,เชียงใหม่
2022-09-22,5.9,Ban Sop Mae Sapoot,แม่น้ำแม่ทา,ทาสบเส้า,แม่ทา,ลำพูน
2022-09-22,11.1,Ban Sop Pae,แม่น้ำปิง,สบแปะ,จอมทอง,เชียงใหม่
2022-09-22,6.5,Ban Sop Tam,น้ำแม่ต่ำ,เกาะคา,เกาะคา,ลำปาง
2022-09-22,4.8,Ban Sop Win,น้ำแม่วาง,แม่วิน,แม่วาง,เชียงใหม่
2022-09-22,8.4,Ban Tha Duea,แม่น้ำวัง,พิชัย,เมือง,ลำปาง
2022-09-22,5.7,Ban Tha Lo,น้ำแม่ตุ๋ย,บ่อแฮ้ว,เมือง,ลำปาง
2022-09-22,5.5,Ban Tha Pong Daeng,น้ำปาย,ผาบ่อง,เมือง,แม่ฮ่องสอน
2022-09-22,14,Ban Thung Nong,แม่น้ำยม,สระ,เชียงม่วน,พะเยา
2022-09-22,6.6,Ban Ton Yang,น้ำแม่ลาว,บัวสลี,แม่ลาว,เชียงราย
2022-09-22,15.8,Ban Wang Chin,แม่น้ำยม,วังชิ้น,วังชิ้น,แพร่
2022-09-22,6.1,Chedingam,น้ำอิง,ท่าวังทอง,เมือง,พะเยา
2022-09-22,8.8,In front of the Forestry Office,แม่น้ำน่าน,ในเวียง,เมือง,น่าน
2022-09-22,7,Mae Kham Lak Chet,น้ำแม่คำ,ศรีค้ำ,แม่จัน,เชียงราย
2022-09-22,4.3,Nam Mae Chaem,น้ำแม่แจ่ม,บ้านท่าข้าม,จอมทอง,เชียงใหม่
2022-09-22,6,Nawarat Bridge,แม่น้ำปิง,วัดเกต,เมือง,เชียงใหม่
2022-09-22,6,Nawarat Bridge,แม่น้ำปิง,วัดเกต,เมือง,เชียงใหม่
2022-09-22,4.9,Pracha Uthit Bridge,น้ำแม่กลาง,บ้านหลวง,จอมทอง,เชียงใหม่
2022-09-22,7,Romklao Cooperative House,น้ำแม่งัด,แม่แวน,พร้าว,เชียงใหม่
2022-09-22,7.1,Saphan Ban Khay,น้ำฝาง,แม่นาวาง,แม่อาย,เชียงใหม่
2022-09-22,5.4,Setuwaree Bridge,แม้น้ำวัง,เวียงเหนือ,เมือง,ลำปาง
2022-09-22,14,Tha Li Bridge,น้ำว้า,ขึ่ง,เวียงสา,น่าน
2022-09-22,7.9,Tha Nang Bridge,น้ำแม่กวง,ในเมือง,เมือง,ลำพูน
2022-09-22,4.2,Wang Phrao,น้ำแม่จาง,วังพร้าว,เกาะคา,ลำปาง
2022-09-23,3.2,Ban Chiang Dao,แม่น้ำปิง,เชียงดาว,เชียงดาว,เชียงใหม่
2022-09-23,5.5,Ban Chor Lae,แม่น้ำปิง,ช่อแล,แม่แตง,เชียงใหม่
2022-09-23,5.6,Ban Don Chai,แม่น้ำวัง,ล้อมแรด,เถิน,ลำปาง
2022-09-23,6.7,Ban Don Mun,แม่น้ำวัง,บ้านแลง,เมือง,ลำปาง
2022-09-23,6.4,Ban Don Sali,น้ำแม่ลาว,ป่าแดด,แม่สรวย,เชียงราย
2022-09-23,6.5,Ban Hai,แม่น้ำวัง,ปงดอน,แจ้ห่ม,ลำปาง
2022-09-23,4.3,Ban Hong,น้ำแม่ออน,ร้องวัวแดง,สันกำแพง,เชียงใหม่
2022-09-23,3.3,Ban Hua Sapan,น้ำแม่จัน,ป่าซาง,แม่จัน,เชียงราย
2022-09-23,6.7,Ban Huai Pa Sang,น้ำแม่แตง,กึ๊ดช้าง,แม่แตง,เชียงใหม่
2022-09-23,11.8,Ban Huai Sak,แม่น้ำยม,เตาปูน,สอง,แพร่
2022-09-23,2,Ban Klang,น้ำแม่ขาน,บ้านกลาง,สันป่าตอง,เชียงใหม่
2022-09-23,7.7,Ban Klang,น้ำแม่ขาน,บ้านกลาง,สันป่าตอง,เชียงใหม่
2022-09-23,4,Ban Ko Kha,แม่น้ำวัง,ศาลา,เกาะคา,ลำปาง
2022-09-23,6.8,Ban Kok Tong,แม่น้ำกก,รอบเวียง,เมือง,เชียงราย
2022-09-23,5.5,Ban Krariang Tung Phrao,น้ำแม่สรวย,วาวี,แม่สรวย,เชียงราย
2022-09-23,3.5,Ban Lai Kaeo,น้ำแม่ลี้,ศรีเตี้ย,บ้านโฮ่ง,ลำพูน
2022-09-23,6.9,Ban Luang,น้ำแม่ตื่น,ยางเปียง,อมก๋อย,เชียงใหม่
2022-09-23,8.2,Ban Luang Nuea,น้ำงาว,หลวงใต้,งาว,ลำปาง
2022-09-23,7.2,Ban Mae E Hi,น้ำแม่ลี้,ศรีวิชัย,ลี้,ลำพูน
2022-09-23,5.6,Ban Mae Kha Bridge,น้ำฝาง,แม่ข่า,ฝาง,เชียงใหม่
2022-09-23,7.4,Ban Mae Khom Mi Tamnak Tham,น้ำแม่คำมี,ตำหนักธรรม,หนองม่วงไข่,แพร่
2022-09-23,6.1,Ban Mae Lai,น้ำแม่หล่าย,แม่หล่าย,เมือง,แพร่
2022-09-23,4.4,Ban Mae Tae,แม่น้ำปิง,แม่แฝกเก่า,สันทราย,เชียงใหม่
2022-09-23,3.8,Ban Mae Taeng,แม่น้ำแตง,สันมหาพล,แม่แตง,เชียงใหม่
2022-09-23,4.1,Ban Mae Wan,น้ำแม่กวง,ป่าเมี่ยง,ดอยสะเก็ด,เชียงใหม่
2022-09-23,8.2,Ban Mai Rim Fang,น้ำฝาง,เวียงฝาง,ฝาง,เชียงใหม่
2022-09-23,7.8,Ban Mang,น้ำปี้,มาง,เชียงม่วน,พะเยา
2022-09-23,5.3,Ban Mueang Kuet,น้ำแม่แตง,กึ๊ดช้าง,แม่แตง,เชียงใหม่
2022-09-23,3.7,Ban Mueang Mai,ห้วยแม่ต๋า,เมืองมาย,แจ้ห่ม,ลำปาง
2022-09-23,5.3,Ban Mueang Pha,น้ำแม่ริม,ริมเหนือ,แม่ริม,เชียงใหม่
2022-09-23,7.4,Ban Nam Ing,น้ำอิง,ต้า,ขุนตาล,เชียงราย
2022-09-23,10.6,Ban Nam Khong,แม่น้ำยม,ป่าแมต,เมือง,แพร่
2022-09-23,5.9,Ban Nam Yao,น้ำยาว,อวน,ปัว,น่าน
2022-09-23,1.3,Ban Nong Daeng,แม่น้ำน่าน,เปือ,เชียงกลาง,น่าน
2022-09-23,2.9,Ban Nong Naw,น้ำแม่สอย,แจ้ห่ม,แจ้ห่ม,ลำปาง
2022-09-23,6.1,Ban Nong Pham,น้ำแม่ลาว,แม่สรวย,แม่สรวย,เชียงราย
2022-09-23,7.6,Ban Pa Kha,น้ำควร,ควร,ปง,พะเยา
2022-09-23,10.6,Ban Pa Khoi Tai,แม่น้ำปิง,สันผีเสื้อ,เมือง,เชียงใหม่
2022-09-23,6.9,Ban Pa Sang,น้ำแม่ทา,ป่าซาง,ป่าซาง,ลำพูน
2022-09-23,1.7,Ban Pang Rimkorn,น้ำแม่กรณ์,แม่กรณ์,เมือง,เชียงราย
2022-09-23,6.6,Ban Pang Sa,ห้วยน้ำยาว,ผาทอง,ท่าวังผา,น่าน
2022-09-23,12.3,Ban Pha Khwang,แม่น้ำน่าน,บ่อ,เมือง,น่าน
2022-09-23,8.5,Ban Phai Ngarm,แม่น้ำน่าน,ส้าน,เวียงสา,น่าน
2022-09-23,5.2,Ban Phan Ton,น้ำแม่วาง,ทุ่งปี้,แม่วาง,เชียงใหม่
2022-09-23,5.1,Ban Phi Tai,น้ำปี้,บ้านพี้,บ้านหลวง,น่าน
2022-09-23,3.2,Ban Phu Yaeng,น้ำมวบ,ดู่พงษ์,สันติสุข,น่าน
2022-09-23,8.4,Ban Pong,น้ำแม่กวง,บวกค้าง,สันกำแพง,เชียงใหม่
2022-09-23,9,Ban Pong,น้ำแม่กวง,บวกค้าง,สันกำแพง,เชียงใหม่
2022-09-23,5.0775,Ban Pong,ห้วยโป่ง,บ้านโป่ง,งาว,ลำปาง
2022-09-23,6.1,Ban Rong Kho,แม่น้ำวัง,ร่องเคาะ,วังเหนือ,ลำปาง
2022-09-23,8.2,Ban Rong Khun,น้ำแม่ลาว,ป่าอ้อดอนชัย,เมือง,เชียงราย
2022-09-23,4,Ban Saluang Nok,น้ำแม่ริม,สลวง,แม่ริม,เชียงใหม่
2022-09-23,6.7,Ban San Pu Loei,น้ำแม่ขอด,โหล่งขอด,พร้าว,เชียงใหม่
2022-09-23,7.6,Ban Singpotin,น้ำแม่ลาย,ป่าเมี่ยง,ดอยสะเก็ด,เชียงใหม่
2022-09-23,9.1,Ban Sob Soi,แม่น้ำปิง,แม่สอย,จอมทอง,เชียงใหม่
2022-09-23,6,Ban Sop Mae Sapoot,แม่น้ำแม่ทา,ทาสบเส้า,แม่ทา,ลำพูน
2022-09-23,11.1,Ban Sop Pae,แม่น้ำปิง,สบแปะ,จอมทอง,เชียงใหม่
2022-09-23,7.6,Ban Sop Prap,แม่น้ำวัง,สบปราบ,สบปราบ,ลำปาง
2022-09-23,7.6,Ban Sop Tam,น้ำแม่ต่ำ,เกาะคา,เกาะคา,ลำปาง
2022-09-23,5,Ban Sop Win,น้ำแม่วาง,แม่วิน,แม่วาง,เชียงใหม่
2022-09-23,9,Ban Tha Duea,แม่น้ำวัง,พิชัย,เมือง,ลำปาง
2022-09-23,6,Ban Tha Lo,น้ำแม่ตุ๋ย,บ่อแฮ้ว,เมือง,ลำปาง
2022-09-23,5.4,Ban Tha Pong Daeng,น้ำปาย,ผาบ่อง,เมือง,แม่ฮ่องสอน
2022-09-23,14.7,Ban Thung Nong,แม่น้ำยม,สระ,เชียงม่วน,พะเยา
2022-09-23,7.2,Ban Ton Yang,น้ำแม่ลาว,บัวสลี,แม่ลาว,เชียงราย
2022-09-23,16,Ban Wang Chin,แม่น้ำยม,วังชิ้น,วังชิ้น,แพร่
2022-09-23,6,Chedingam,น้ำอิง,ท่าวังทอง,เมือง,พะเยา
2022-09-23,8.9,In front of the Forestry Office,แม่น้ำน่าน,ในเวียง,เมือง,น่าน
2022-09-23,8.1,Mae Kham Lak Chet,น้ำแม่คำ,ศรีค้ำ,แม่จัน,เชียงราย
2022-09-23,4.1,Nam Mae Chaem,น้ำแม่แจ่ม,บ้านท่าข้าม,จอมทอง,เชียงใหม่
2022-09-23,6,Nawarat Bridge,แม่น้ำปิง,วัดเกต,เมือง,เชียงใหม่
2022-09-23,6,Nawarat Bridge,แม่น้ำปิง,วัดเกต,เมือง,เชียงใหม่
2022-09-23,5,Pracha Uthit Bridge,น้ำแม่กลาง,บ้านหลวง,จอมทอง,เชียงใหม่
2022-09-23,7.2,Romklao Cooperative House,น้ำแม่งัด,แม่แวน,พร้าว,เชียงใหม่
2022-09-23,7.2,Saphan Ban Khay,น้ำฝาง,แม่นาวาง,แม่อาย,เชียงใหม่
2022-09-23,6,Setuwaree Bridge,แม้น้ำวัง,เวียงเหนือ,เมือง,ลำปาง
2022-09-23,13.9,Tha Li Bridge,น้ำว้า,ขึ่ง,เวียงสา,น่าน
2022-09-23,8.3,Tha Nang Bridge,น้ำแม่กวง,ในเมือง,เมือง,ลำพูน
2022-09-23,4.7,Wang Phrao,น้ำแม่จาง,วังพร้าว,เกาะคา,ลำปาง
2022-09-24,3.2,Ban Chiang Dao,แม่น้ำปิง,เชียงดาว,เชียงดาว,เชียงใหม่
2022-09-24,5.4,Ban Chor Lae,แม่น้ำปิง,ช่อแล,แม่แตง,เชียงใหม่
2022-09-24,6.5,Ban Don Chai,แม่น้ำวัง,ล้อมแรด,เถิน,ลำปาง
2022-09-24,7,Ban Don Mun,แม่น้ำวัง,บ้านแลง,เมือง,ลำปาง
2022-09-24,6.5,Ban Don Sali,น้ำแม่ลาว,ป่าแดด,แม่สรวย,เชียงราย
2022-09-24,6.8,Ban Hai,แม่น้ำวัง,ปงดอน,แจ้ห่ม,ลำปาง
2022-09-24,4.3,Ban Hong,น้ำแม่ออน,ร้องวัวแดง,สันกำแพง,เชียงใหม่
2022-09-24,3.6,Ban Hua Sapan,น้ำแม่จัน,ป่าซาง,แม่จัน,เชียงราย
2022-09-24,6.9,Ban Huai Pa Sang,น้ำแม่แตง,กึ๊ดช้าง,แม่แตง,เชียงใหม่
2022-09-24,12.5,Ban Huai Sak,แม่น้ำยม,เตาปูน,สอง,แพร่
2022-09-24,7.9,Ban Klang,น้ำแม่ขาน,บ้านกลาง,สันป่าตอง,เชียงใหม่
2022-09-24,4.3,Ban Ko Kha,แม่น้ำวัง,ศาลา,เกาะคา,ลำปาง
2022-09-24,7,Ban Kok Tong,แม่น้ำกก,รอบเวียง,เมือง,เชียงราย
2022-09-24,5.6,Ban Krariang Tung Phrao,น้ำแม่สรวย,วาวี,แม่สรวย,เชียงราย
2022-09-24,3.6,Ban Lai Kaeo,น้ำแม่ลี้,ศรีเตี้ย,บ้านโฮ่ง,ลำพูน
2022-09-24,7.2,Ban Luang,น้ำแม่ตื่น,ยางเปียง,อมก๋อย,เชียงใหม่
2022-09-24,8.1,Ban Luang Nuea,น้ำงาว,หลวงใต้,งาว,ลำปาง
2022-09-24,7.6,Ban Mae E Hi,น้ำแม่ลี้,ศรีวิชัย,ลี้,ลำพูน
2022-09-24,5.7,Ban Mae Kha Bridge,น้ำฝาง,แม่ข่า,ฝาง,เชียงใหม่
2022-09-24,7.5,Ban Mae Khom Mi Tamnak Tham,น้ำแม่คำมี,ตำหนักธรรม,หนองม่วงไข่,แพร่
2022-09-24,6.1,Ban Mae Lai,น้ำแม่หล่าย,แม่หล่าย,เมือง,แพร่
2022-09-24,4.5,Ban Mae Tae,แม่น้ำปิง,แม่แฝกเก่า,สันทราย,เชียงใหม่
2022-09-24,3.9,Ban Mae Taeng,แม่น้ำแตง,สันมหาพล,แม่แตง,เชียงใหม่
2022-09-24,4.1,Ban Mae Wan,น้ำแม่กวง,ป่าเมี่ยง,ดอยสะเก็ด,เชียงใหม่
2022-09-24,9.1,Ban Mai Rim Fang,น้ำฝาง,เวียงฝาง,ฝาง,เชียงใหม่
2022-09-24,7.9,Ban Mang,น้ำปี้,มาง,เชียงม่วน,พะเยา
2022-09-24,5.3,Ban Mueang Kuet,น้ำแม่แตง,กึ๊ดช้าง,แม่แตง,เชียงใหม่
2022-09-24,3.6,Ban Mueang Mai,ห้วยแม่ต๋า,เมืองมาย,แจ้ห่ม,ลำปาง
2022-09-24,5.8,Ban Mueang Pha,น้ำแม่ริม,ริมเหนือ,แม่ริม,เชียงใหม่
2022-09-24,7.5,Ban Nam Ing,น้ำอิง,ต้า,ขุนตาล,เชียงราย
2022-09-24,11.3,Ban Nam Khong,แม่น้ำยม,ป่าแมต,เมือง,แพร่
2022-09-24,6,Ban Nam Yao,น้ำยาว,อวน,ปัว,น่าน
2022-09-24,1.3,Ban Nong Daeng,แม่น้ำน่าน,เปือ,เชียงกลาง,น่าน
2022-09-24,2.7,Ban Nong Naw,น้ำแม่สอย,แจ้ห่ม,แจ้ห่ม,ลำปาง
2022-09-24,6.4,Ban Nong Pham,น้ำแม่ลาว,แม่สรวย,แม่สรวย,เชียงราย
2022-09-24,7.8,Ban Pa Kha,น้ำควร,ควร,ปง,พะเยา
2022-09-24,10.8,Ban Pa Khoi Tai,แม่น้ำปิง,สันผีเสื้อ,เมือง,เชียงใหม่
2022-09-24,7.7,Ban Pa Sang,น้ำแม่ทา,ป่าซาง,ป่าซาง,ลำพูน
2022-09-24,1.7,Ban Pang Rimkorn,น้ำแม่กรณ์,แม่กรณ์,เมือง,เชียงราย
2022-09-24,6.7,Ban Pang Sa,ห้วยน้ำยาว,ผาทอง,ท่าวังผา,น่าน
2022-09-24,12.6,Ban Pha Khwang,แม่น้ำน่าน,บ่อ,เมือง,น่าน
2022-09-24,8.8,Ban Phai Ngarm,แม่น้ำน่าน,ส้าน,เวียงสา,น่าน
2022-09-24,5.2,Ban Phan Ton,น้ำแม่วาง,ทุ่งปี้,แม่วาง,เชียงใหม่
2022-09-24,5.3,Ban Phi Tai,น้ำปี้,บ้านพี้,บ้านหลวง,น่าน
2022-09-24,3.4,Ban Phu Yaeng,น้ำมวบ,ดู่พงษ์,สันติสุข,น่าน
2022-09-24,8.8,Ban Pong,น้ำแม่กวง,บวกค้าง,สันกำแพง,เชียงใหม่
2022-09-24,9,Ban Pong,น้ำแม่กวง,บวกค้าง,สันกำแพง,เชียงใหม่
2022-09-24,5.136666667,Ban Pong,ห้วยโป่ง,บ้านโป่ง,งาว,ลำปาง
2022-09-24,6,Ban Rong Kho,แม่น้ำวัง,ร่องเคาะ,วังเหนือ,ลำปาง
2022-09-24,8.9,Ban Rong Khun,น้ำแม่ลาว,ป่าอ้อดอนชัย,เมือง,เชียงราย
2022-09-24,4.8,Ban Saluang Nok,น้ำแม่ริม,สลวง,แม่ริม,เชียงใหม่
2022-09-24,6.8,Ban San Pu Loei,น้ำแม่ขอด,โหล่งขอด,พร้าว,เชียงใหม่
2022-09-24,7.7,Ban Singpotin,น้ำแม่ลาย,ป่าเมี่ยง,ดอยสะเก็ด,เชียงใหม่
2022-09-24,9.3,Ban Sob Soi,แม่น้ำปิง,แม่สอย,จอมทอง,เชียงใหม่
2022-09-24,6.5,Ban Sop Mae Sapoot,แม่น้ำแม่ทา,ทาสบเส้า,แม่ทา,ลำพูน
2022-09-24,11.9,Ban Sop Pae,แม่น้ำปิง,สบแปะ,จอมทอง,เชียงใหม่
2022-09-24,8.7,Ban Sop Prap,แม่น้ำวัง,สบปราบ,สบปราบ,ลำปาง
2022-09-24,8.6,Ban Sop Tam,น้ำแม่ต่ำ,เกาะคา,เกาะคา,ลำปาง
2022-09-24,5.1,Ban Sop Win,น้ำแม่วาง,แม่วิน,แม่วาง,เชียงใหม่
2022-09-24,10,Ban Tha Duea,แม่น้ำวัง,พิชัย,เมือง,ลำปาง
2022-09-24,6,Ban Tha Lo,น้ำแม่ตุ๋ย,บ่อแฮ้ว,เมือง,ลำปาง
2022-09-24,5.2,Ban Tha Pong Daeng,น้ำปาย,ผาบ่อง,เมือง,แม่ฮ่องสอน
2022-09-24,14.9,Ban Thung Nong,แม่น้ำยม,สระ,เชียงม่วน,พะเยา
2022-09-24,8.1,Ban Ton Yang,น้ำแม่ลาว,บัวสลี,แม่ลาว,เชียงราย
2022-09-24,16.1,Ban Wang Chin,แม่น้ำยม,วังชิ้น,วังชิ้น,แพร่
2022-09-24,6.1,Chedingam,น้ำอิง,ท่าวังทอง,เมือง,พะเยา
2022-09-24,9.3,In front of the Forestry Office,แม่น้ำน่าน,ในเวียง,เมือง,น่าน
2022-09-24,7.5,Mae Kham Lak Chet,น้ำแม่คำ,ศรีค้ำ,แม่จัน,เชียงราย
2022-09-24,4.3,Nam Mae Chaem,น้ำแม่แจ่ม,บ้านท่าข้าม,จอมทอง,เชียงใหม่
2022-09-24,6,Nawarat Bridge,แม่น้ำปิง,วัดเกต,เมือง,เชียงใหม่
2022-09-24,6,Nawarat Bridge,แม่น้ำปิง,วัดเกต,เมือง,เชียงใหม่
2022-09-24,6.3,Pracha Uthit Bridge,น้ำแม่กลาง,บ้านหลวง,จอมทอง,เชียงใหม่
2022-09-24,7.1,Romklao Cooperative House,น้ำแม่งัด,แม่แวน,พร้าว,เชียงใหม่
2022-09-24,7.3,Saphan Ban Khay,น้ำฝาง,แม่นาวาง,แม่อาย,เชียงใหม่
2022-09-24,6.9,Setuwaree Bridge,แม้น้ำวัง,เวียงเหนือ,เมือง,ลำปาง
2022-09-24,14,Tha Li Bridge,น้ำว้า,ขึ่ง,เวียงสา,น่าน
2022-09-24,8.6,Tha Nang Bridge,น้ำแม่กวง,ในเมือง,เมือง,ลำพูน
2022-09-24,4.8,Wang Phrao,น้ำแม่จาง,วังพร้าว,เกาะคา,ลำปาง
2022-09-25,3.1,Ban Chiang Dao,แม่น้ำปิง,เชียงดาว,เชียงดาว,เชียงใหม่
2022-09-25,5.5,Ban Chor Lae,แม่น้ำปิง,ช่อแล,แม่แตง,เชียงใหม่
2022-09-25,7.4,Ban Don Chai,แม่น้ำวัง,ล้อมแรด,เถิน,ลำปาง
2022-09-25,7.3,Ban Don Mun,แม่น้ำวัง,บ้านแลง,เมือง,ลำปาง
2022-09-25,6.1,Ban Don Sali,น้ำแม่ลาว,ป่าแดด,แม่สรวย,เชียงราย
2022-09-25,7.6,Ban Hai,แม่น้ำวัง,ปงดอน,แจ้ห่ม,ลำปาง
2022-09-25,4.3,Ban Hong,น้ำแม่ออน,ร้องวัวแดง,สันกำแพง,เชียงใหม่
2022-09-25,3.2,Ban Hua Sapan,น้ำแม่จัน,ป่าซาง,แม่จัน,เชียงราย
2022-09-25,7.2,Ban Huai Pa Sang,น้ำแม่แตง,กึ๊ดช้าง,แม่แตง,เชียงใหม่
2022-09-25,12.7,Ban Huai Sak,แม่น้ำยม,เตาปูน,สอง,แพร่
2022-09-25,2.4,Ban Klang,น้ำแม่ขาน,บ้านกลาง,สันป่าตอง,เชียงใหม่
2022-09-25,9.2,Ban Klang,น้ำแม่ขาน,บ้านกลาง,สันป่าตอง,เชียงใหม่
2022-09-25,4.7,Ban Ko Kha,แม่น้ำวัง,ศาลา,เกาะคา,ลำปาง
2022-09-25,6.9,Ban Kok Tong,แม่น้ำกก,รอบเวียง,เมือง,เชียงราย
2022-09-25,5.4,Ban Krariang Tung Phrao,น้ำแม่สรวย,วาวี,แม่สรวย,เชียงราย
2022-09-25,5.1,Ban Lai Kaeo,น้ำแม่ลี้,ศรีเตี้ย,บ้านโฮ่ง,ลำพูน
2022-09-25,8.1,Ban Luang,น้ำแม่ตื่น,ยางเปียง,อมก๋อย,เชียงใหม่
2022-09-25,8.4,Ban Luang Nuea,น้ำงาว,หลวงใต้,งาว,ลำปาง
2022-09-25,9.1,Ban Mae E Hi,น้ำแม่ลี้,ศรีวิชัย,ลี้,ลำพูน
2022-09-25,5.7,Ban Mae Kha Bridge,น้ำฝาง,แม่ข่า,ฝาง,เชียงใหม่
2022-09-25,7.6,Ban Mae Khom Mi Tamnak Tham,น้ำแม่คำมี,ตำหนักธรรม,หนองม่วงไข่,แพร่
2022-09-25,6.2,Ban Mae Lai,น้ำแม่หล่าย,แม่หล่าย,เมือง,แพร่
2022-09-25,4.7,Ban Mae Tae,แม่น้ำปิง,แม่แฝกเก่า,สันทราย,เชียงใหม่
2022-09-25,4,Ban Mae Taeng,แม่น้ำแตง,สันมหาพล,แม่แตง,เชียงใหม่
2022-09-25,4.4,Ban Mae Wan,น้ำแม่กวง,ป่าเมี่ยง,ดอยสะเก็ด,เชียงใหม่
2022-09-25,9.1,Ban Mai Rim Fang,น้ำฝาง,เวียงฝาง,ฝาง,เชียงใหม่
2022-09-25,7.9,Ban Mang,น้ำปี้,มาง,เชียงม่วน,พะเยา
2022-09-25,5.4,Ban Mueang Kuet,น้ำแม่แตง,กึ๊ดช้าง,แม่แตง,เชียงใหม่
2022-09-25,4,Ban Mueang Mai,ห้วยแม่ต๋า,เมืองมาย,แจ้ห่ม,ลำปาง
2022-09-25,6.1,Ban Mueang Pha,น้ำแม่ริม,ริมเหนือ,แม่ริม,เชียงใหม่
2022-09-25,7.6,Ban Nam Ing,น้ำอิง,ต้า,ขุนตาล,เชียงราย
2022-09-25,11.7,Ban Nam Khong,แม่น้ำยม,ป่าแมต,เมือง,แพร่
2022-09-25,5.9,Ban Nam Yao,น้ำยาว,อวน,ปัว,น่าน
2022-09-25,1.1,Ban Nong Daeng,แม่น้ำน่าน,เปือ,เชียงกลาง,น่าน
2022-09-25,3.1,Ban Nong Naw,น้ำแม่สอย,แจ้ห่ม,แจ้ห่ม,ลำปาง
2022-09-25,5.9,Ban Nong Pham,น้ำแม่ลาว,แม่สรวย,แม่สรวย,เชียงราย
2022-09-25,7.7,Ban Pa Kha,น้ำควร,ควร,ปง,พะเยา
2022-09-25,11.5,Ban Pa Khoi Tai,แม่น้ำปิง,สันผีเสื้อ,เมือง,เชียงใหม่
2022-09-25,8.5,Ban Pa Sang,น้ำแม่ทา,ป่าซาง,ป่าซาง,ลำพูน
2022-09-25,1.7,Ban Pang Rimkorn,น้ำแม่กรณ์,แม่กรณ์,เมือง,เชียงราย
2022-09-25,6.4,Ban Pang Sa,ห้วยน้ำยาว,ผาทอง,ท่าวังผา,น่าน
2022-09-25,12,Ban Pha Khwang,แม่น้ำน่าน,บ่อ,เมือง,น่าน
2022-09-25,9,Ban Phai Ngarm,แม่น้ำน่าน,ส้าน,เวียงสา,น่าน
2022-09-25,6.5,Ban Phan Ton,น้ำแม่วาง,ทุ่งปี้,แม่วาง,เชียงใหม่
2022-09-25,5.5,Ban Phi Tai,น้ำปี้,บ้านพี้,บ้านหลวง,น่าน
2022-09-25,3.4,Ban Phu Yaeng,น้ำมวบ,ดู่พงษ์,สันติสุข,น่าน
2022-09-25,9.5,Ban Pong,น้ำแม่กวง,บวกค้าง,สันกำแพง,เชียงใหม่
2022-09-25,9.6,Ban Pong,น้ำแม่กวง,บวกค้าง,สันกำแพง,เชียงใหม่
2022-09-25,5.74,Ban Pong,ห้วยโป่ง,บ้านโป่ง,งาว,ลำปาง
2022-09-25,6.3,Ban Rong Kho,แม่น้ำวัง,ร่องเคาะ,วังเหนือ,ลำปาง
2022-09-25,4.9,Ban Saluang Nok,น้ำแม่ริม,สลวง,แม่ริม,เชียงใหม่
2022-09-25,6.8,Ban San Pu Loei,น้ำแม่ขอด,โหล่งขอด,พร้าว,เชียงใหม่
2022-09-25,7.8,Ban Singpotin,น้ำแม่ลาย,ป่าเมี่ยง,ดอยสะเก็ด,เชียงใหม่
2022-09-25,9.7,Ban Sob Soi,แม่น้ำปิง,แม่สอย,จอมทอง,เชียงใหม่
2022-09-25,7.1,Ban Sop Mae Sapoot,แม่น้ำแม่ทา,ทาสบเส้า,แม่ทา,ลำพูน
2022-09-25,13.2,Ban Sop Pae,แม่น้ำปิง,สบแปะ,จอมทอง,เชียงใหม่
2022-09-25,9.4,Ban Sop Prap,แม่น้ำวัง,สบปราบ,สบปราบ,ลำปาง
2022-09-25,10,Ban Sop Tam,น้ำแม่ต่ำ,เกาะคา,เกาะคา,ลำปาง
2022-09-25,6.1,Ban Sop Win,น้ำแม่วาง,แม่วิน,แม่วาง,เชียงใหม่
2022-09-25,10.9,Ban Tha Duea,แม่น้ำวัง,พิชัย,เมือง,ลำปาง
2022-09-25,6.7,Ban Tha Lo,น้ำแม่ตุ๋ย,บ่อแฮ้ว,เมือง,ลำปาง
2022-09-25,5.2,Ban Tha Pong Daeng,น้ำปาย,ผาบ่อง,เมือง,แม่ฮ่องสอน
2022-09-25,14.8,Ban Thung Nong,แม่น้ำยม,สระ,เชียงม่วน,พะเยา
2022-09-25,7.7,Ban Ton Yang,น้ำแม่ลาว,บัวสลี,แม่ลาว,เชียงราย
2022-09-25,16.7,Ban Wang Chin,แม่น้ำยม,วังชิ้น,วังชิ้น,แพร่
2022-09-25,6.1,Chedingam,น้ำอิง,ท่าวังทอง,เมือง,พะเยา
2022-09-25,9.1,In front of the Forestry Office,แม่น้ำน่าน,ในเวียง,เมือง,น่าน
2022-09-25,7,Mae Kham Lak Chet,น้ำแม่คำ,ศรีค้ำ,แม่จัน,เชียงราย
2022-09-25,4.7,Nam Mae Chaem,น้ำแม่แจ่ม,บ้านท่าข้าม,จอมทอง,เชียงใหม่
2022-09-25,6.4,Nawarat Bridge,แม่น้ำปิง,วัดเกต,เมือง,เชียงใหม่
2022-09-25,6.4,Nawarat Bridge,แม่น้ำปิง,วัดเกต,เมือง,เชียงใหม่
2022-09-25,7.2,Pracha Uthit Bridge,น้ำแม่กลาง,บ้านหลวง,จอมทอง,เชียงใหม่
2022-09-25,7.1,Romklao Cooperative House,น้ำแม่งัด,แม่แวน,พร้าว,เชียงใหม่
2022-09-25,7.4,Saphan Ban Khay,น้ำฝาง,แม่นาวาง,แม่อาย,เชียงใหม่
2022-09-25,7.8,Setuwaree Bridge,แม้น้ำวัง,เวียงเหนือ,เมือง,ลำปาง
2022-09-25,14.1,Tha Li Bridge,น้ำว้า,ขึ่ง,เวียงสา,น่าน
2022-09-25,9.3,Tha Nang Bridge,น้ำแม่กวง,ในเมือง,เมือง,ลำพูน
2022-09-25,4.6,Wang Phrao,น้ำแม่จาง,วังพร้าว,เกาะคา,ลำปาง
2022-09-26,3.4,Ban Chiang Dao,แม่น้ำปิง,เชียงดาว,เชียงดาว,เชียงใหม่
2022-09-26,5.7,Ban Chor Lae,แม่น้ำปิง,ช่อแล,แม่แตง,เชียงใหม่
2022-09-26,8.9,Ban Don Chai,แม่น้ำวัง,ล้อมแรด,เถิน,ลำปาง
2022-09-26,7.5,Ban Don Mun,แม่น้ำวัง,บ้านแลง,เมือง,ลำปาง
2022-09-26,6.7,Ban Don Sali,น้ำแม่ลาว,ป่าแดด,แม่สรวย,เชียงราย
2022-09-26,7.9,Ban Hai,แม่น้ำวัง,ปงดอน,แจ้ห่ม,ลำปาง
2022-09-26,4.3,Ban Hong,น้ำแม่ออน,ร้องวัวแดง,สันกำแพง,เชียงใหม่
2022-09-26,3.3,Ban Hua Sapan,น้ำแม่จัน,ป่าซาง,แม่จัน,เชียงราย
2022-09-26,7.1,Ban Huai Pa Sang,น้ำแม่แตง,กึ๊ดช้าง,แม่แตง,เชียงใหม่
2022-09-26,13,Ban Huai Sak,แม่น้ำยม,เตาปูน,สอง,แพร่
2022-09-26,1.8,Ban Klang,น้ำแม่ขาน,บ้านกลาง,สันป่าตอง,เชียงใหม่
2022-09-26,10.2,Ban Klang,น้ำแม่ขาน,บ้านกลาง,สันป่าตอง,เชียงใหม่
2022-09-26,5,Ban Ko Kha,แม่น้ำวัง,ศาลา,เกาะคา,ลำปาง
2022-09-26,6.9,Ban Kok Tong,แม่น้ำกก,รอบเวียง,เมือง,เชียงราย
2022-09-26,5.3,Ban Krariang Tung Phrao,น้ำแม่สรวย,วาวี,แม่สรวย,เชียงราย
2022-09-26,6.4,Ban Lai Kaeo,น้ำแม่ลี้,ศรีเตี้ย,บ้านโฮ่ง,ลำพูน
2022-09-26,10,Ban Luang,น้ำแม่ตื่น,ยางเปียง,อมก๋อย,เชียงใหม่
2022-09-26,8.3,Ban Luang Nuea,น้ำงาว,หลวงใต้,งาว,ลำปาง
2022-09-26,10.7,Ban Mae E Hi,น้ำแม่ลี้,ศรีวิชัย,ลี้,ลำพูน
2022-09-26,5.7,Ban Mae Kha Bridge,น้ำฝาง,แม่ข่า,ฝาง,เชียงใหม่
2022-09-26,7.5,Ban Mae Khom Mi Tamnak Tham,น้ำแม่คำมี,ตำหนักธรรม,หนองม่วงไข่,แพร่
2022-09-26,6.2,Ban Mae Lai,น้ำแม่หล่าย,แม่หล่าย,เมือง,แพร่
2022-09-26,4.6,Ban Mae Tae,แม่น้ำปิง,แม่แฝกเก่า,สันทราย,เชียงใหม่
2022-09-26,4.1,Ban Mae Taeng,แม่น้ำแตง,สันมหาพล,แม่แตง,เชียงใหม่
2022-09-26,4.3,Ban Mae Wan,น้ำแม่กวง,ป่าเมี่ยง,ดอยสะเก็ด,เชียงใหม่
2022-09-26,9.1,Ban Mai Rim Fang,น้ำฝาง,เวียงฝาง,ฝาง,เชียงใหม่
2022-09-26,8,Ban Mang,น้ำปี้,มาง,เชียงม่วน,พะเยา
2022-09-26,7.3,Ban Muang Pok,น้ำแม่แตง,เปียงหลวง,เวียงแหง,เชียงใหม่
2022-09-26,5.5,Ban Mueang Kuet,น้ำแม่แตง,กึ๊ดช้าง,แม่แตง,เชียงใหม่
2022-09-26,3.2,Ban Mueang Mai,ห้วยแม่ต๋า,เมืองมาย,แจ้ห่ม,ลำปาง
2022-09-26,6.5,Ban Mueang Pha,น้ำแม่ริม,ริมเหนือ,แม่ริม,เชียงใหม่
2022-09-26,7.6,Ban Nam Ing,น้ำอิง,ต้า,ขุนตาล,เชียงราย
2022-09-26,12,Ban Nam Khong,แม่น้ำยม,ป่าแมต,เมือง,แพร่
2022-09-26,5.9,Ban Nam Yao,น้ำยาว,อวน,ปัว,น่าน
2022-09-26,1.3,Ban Nong Daeng,แม่น้ำน่าน,เปือ,เชียงกลาง,น่าน
2022-09-26,3.2,Ban Nong Naw,น้ำแม่สอย,แจ้ห่ม,แจ้ห่ม,ลำปาง
2022-09-26,6.2,Ban Nong Pham,น้ำแม่ลาว,แม่สรวย,แม่สรวย,เชียงราย
2022-09-26,7.7,Ban Pa Kha,น้ำควร,ควร,ปง,พะเยา
2022-09-26,11.5,Ban Pa Khoi Tai,แม่น้ำปิง,สันผีเสื้อ,เมือง,เชียงใหม่
2022-09-26,8.1,Ban Pa Sang,น้ำแม่ทา,ป่าซาง,ป่าซาง,ลำพูน
2022-09-26,1.8,Ban Pang Rimkorn,น้ำแม่กรณ์,แม่กรณ์,เมือง,เชียงราย
2022-09-26,6.7,Ban Pang Sa,ห้วยน้ำยาว,ผาทอง,ท่าวังผา,น่าน
2022-09-26,12.7,Ban Pha Khwang,แม่น้ำน่าน,บ่อ,เมือง,น่าน
2022-09-26,8.6,Ban Phai Ngarm,แม่น้ำน่าน,ส้าน,เวียงสา,น่าน
2022-09-26,6.2,Ban Phan Ton,น้ำแม่วาง,ทุ่งปี้,แม่วาง,เชียงใหม่
2022-09-26,5.3,Ban Phi Tai,น้ำปี้,บ้านพี้,บ้านหลวง,น่าน
2022-09-26,3.4,Ban Phu Yaeng,น้ำมวบ,ดู่พงษ์,สันติสุข,น่าน
2022-09-26,11.3,Ban Pong,น้ำแม่กวง,บวกค้าง,สันกำแพง,เชียงใหม่
2022-09-26,9.6,Ban Pong,น้ำแม่กวง,บวกค้าง,สันกำแพง,เชียงใหม่
2022-09-26,5.66,Ban Pong,ห้วยโป่ง,บ้านโป่ง,งาว,ลำปาง
2022-09-26,6.5,Ban Rong Kho,แม่น้ำวัง,ร่องเคาะ,วังเหนือ,ลำปาง
2022-09-26,9,Ban Rong Khun,น้ำแม่ลาว,ป่าอ้อดอนชัย,เมือง,เชียงราย
2022-09-26,5.3,Ban Saluang Nok,น้ำแม่ริม,สลวง,แม่ริม,เชียงใหม่
2022-09-26,6.7,Ban San Pu Loei,น้ำแม่ขอด,โหล่งขอด,พร้าว,เชียงใหม่
2022-09-26,7.7,Ban Singpotin,น้ำแม่ลาย,ป่าเมี่ยง,ดอยสะเก็ด,เชียงใหม่
2022-09-26,10.2,Ban Sob Soi,แม่น้ำปิง,แม่สอย,จอมทอง,เชียงใหม่
2022-09-26,6.8,Ban Sop Mae Sapoot,แม่น้ำแม่ทา,ทาสบเส้า,แม่ทา,ลำพูน
2022-09-26,14.7,Ban Sop Pae,แม่น้ำปิง,สบแปะ,จอมทอง,เชียงใหม่
2022-09-26,10.9,Ban Sop Prap,แม่น้ำวัง,สบปราบ,สบปราบ,ลำปาง
2022-09-26,11.4,Ban Sop Tam,น้ำแม่ต่ำ,เกาะคา,เกาะคา,ลำปาง
2022-09-26,5.7,Ban Sop Win,น้ำแม่วาง,แม่วิน,แม่วาง,เชียงใหม่
2022-09-26,11.7,Ban Tha Duea,แม่น้ำวัง,พิชัย,เมือง,ลำปาง
2022-09-26,6.9,Ban Tha Lo,น้ำแม่ตุ๋ย,บ่อแฮ้ว,เมือง,ลำปาง
2022-09-26,5.2,Ban Tha Pong Daeng,น้ำปาย,ผาบ่อง,เมือง,แม่ฮ่องสอน
2022-09-26,14.9,Ban Thung Nong,แม่น้ำยม,สระ,เชียงม่วน,พะเยา
2022-09-26,7.5,Ban Ton Yang,น้ำแม่ลาว,บัวสลี,แม่ลาว,เชียงราย
2022-09-26,17.2,Ban Wang Chin,แม่น้ำยม,วังชิ้น,วังชิ้น,แพร่
2022-09-26,6.2,Chedingam,น้ำอิง,ท่าวังทอง,เมือง,พะเยา
2022-09-26,9,In front of the Forestry Office,แม่น้ำน่าน,ในเวียง,เมือง,น่าน
2022-09-26,7,Mae Kham Lak Chet,น้ำแม่คำ,ศรีค้ำ,แม่จัน,เชียงราย
2022-09-26,5.1,Nam Mae Chaem,น้ำแม่แจ่ม,บ้านท่าข้าม,จอมทอง,เชียงใหม่
2022-09-26,6.4,Nawarat Bridge,แม่น้ำปิง,วัดเกต,เมือง,เชียงใหม่
2022-09-26,6.4,Nawarat Bridge,แม่น้ำปิง,วัดเกต,เมือง,เชียงใหม่
2022-09-26,6.7,Pracha Uthit Bridge,น้ำแม่กลาง,บ้านหลวง,จอมทอง,เชียงใหม่
2022-09-26,7.3,Romklao Cooperative House,น้ำแม่งัด,แม่แวน,พร้าว,เชียงใหม่
2022-09-26,7.5,Saphan Ban Khay,น้ำฝาง,แม่นาวาง,แม่อาย,เชียงใหม่
2022-09-26,8.6,Setuwaree Bridge,แม้น้ำวัง,เวียงเหนือ,เมือง,ลำปาง
2022-09-26,13.9,Tha Li Bridge,น้ำว้า,ขึ่ง,เวียงสา,น่าน
2022-09-26,10.2,Tha Nang Bridge,น้ำแม่กวง,ในเมือง,เมือง,ลำพูน
2022-09-26,4.9,Wang Phrao,น้ำแม่จาง,วังพร้าว,เกาะคา,ลำปาง
2022-09-27,3.3,Ban Chiang Dao,แม่น้ำปิง,เชียงดาว,เชียงดาว,เชียงใหม่
2022-09-27,6,Ban Chor Lae,แม่น้ำปิง,ช่อแล,แม่แตง,เชียงใหม่
2022-09-27,9.1,Ban Don Chai,แม่น้ำวัง,ล้อมแรด,เถิน,ลำปาง
2022-09-27,7.5,Ban Don Mun,แม่น้ำวัง,บ้านแลง,เมือง,ลำปาง
2022-09-27,6.6,Ban Don Sali,น้ำแม่ลาว,ป่าแดด,แม่สรวย,เชียงราย
2022-09-27,7.9,Ban Hai,แม่น้ำวัง,ปงดอน,แจ้ห่ม,ลำปาง
2022-09-27,4.3,Ban Hong,น้ำแม่ออน,ร้องวัวแดง,สันกำแพง,เชียงใหม่
2022-09-27,3.2,Ban Hua Sapan,น้ำแม่จัน,ป่าซาง,แม่จัน,เชียงราย
2022-09-27,7.1,Ban Huai Pa Sang,น้ำแม่แตง,กึ๊ดช้าง,แม่แตง,เชียงใหม่
2022-09-27,12.7,Ban Huai Sak,แม่น้ำยม,เตาปูน,สอง,แพร่
2022-09-27,1.7,Ban Klang,น้ำแม่ขาน,บ้านกลาง,สันป่าตอง,เชียงใหม่
2022-09-27,10,Ban Klang,น้ำแม่ขาน,บ้านกลาง,สันป่าตอง,เชียงใหม่
2022-09-27,4.9,Ban Ko Kha,แม่น้ำวัง,ศาลา,เกาะคา,ลำปาง
2022-09-27,6.9,Ban Kok Tong,แม่น้ำกก,รอบเวียง,เมือง,เชียงราย
2022-09-27,5.2,Ban Krariang Tung Phrao,น้ำแม่สรวย,วาวี,แม่สรวย,เชียงราย
2022-09-27,6.9,Ban Lai Kaeo,น้ำแม่ลี้,ศรีเตี้ย,บ้านโฮ่ง,ลำพูน
2022-09-27,8.9,Ban Luang,น้ำแม่ตื่น,ยางเปียง,อมก๋อย,เชียงใหม่
2022-09-27,8.2,Ban Luang Nuea,น้ำงาว,หลวงใต้,งาว,ลำปาง
2022-09-27,10.9,Ban Mae E Hi,น้ำแม่ลี้,ศรีวิชัย,ลี้,ลำพูน
2022-09-27,5.7,Ban Mae Kha Bridge,น้ำฝาง,แม่ข่า,ฝาง,เชียงใหม่
2022-09-27,7.5,Ban Mae Khom Mi Tamnak Tham,น้ำแม่คำมี,ตำหนักธรรม,หนองม่วงไข่,แพร่
2022-09-27,6.2,Ban Mae Lai,น้ำแม่หล่าย,แม่หล่าย,เมือง,แพร่
2022-09-27,4.8,Ban Mae Tae,แม่น้ำปิง,แม่แฝกเก่า,สันทราย,เชียงใหม่
2022-09-27,4,Ban Mae Taeng,แม่น้ำแตง,สันมหาพล,แม่แตง,เชียงใหม่
2022-09-27,4.1,Ban Mae Wan,น้ำแม่กวง,ป่าเมี่ยง,ดอยสะเก็ด,เชียงใหม่
2022-09-27,9.3,Ban Mai Rim Fang,น้ำฝาง,เวียงฝาง,ฝาง,เชียงใหม่
2022-09-27,7.8,Ban Mang,น้ำปี้,มาง,เชียงม่วน,พะเยา
2022-09-27,7,Ban Muang Pok,น้ำแม่แตง,เปียงหลวง,เวียงแหง,เชียงใหม่
2022-09-27,5.4,Ban Mueang Kuet,น้ำแม่แตง,กึ๊ดช้าง,แม่แตง,เชียงใหม่
2022-09-27,3.2,Ban Mueang Mai,ห้วยแม่ต๋า,เมืองมาย,แจ้ห่ม,ลำปาง
2022-09-27,6.7,Ban Mueang Pha,น้ำแม่ริม,ริมเหนือ,แม่ริม,เชียงใหม่
2022-09-27,7.7,Ban Nam Ing,น้ำอิง,ต้า,ขุนตาล,เชียงราย
2022-09-27,12.1,Ban Nam Khong,แม่น้ำยม,ป่าแมต,เมือง,แพร่
2022-09-27,5.9,Ban Nam Yao,น้ำยาว,อวน,ปัว,น่าน
2022-09-27,1.2,Ban Nong Daeng,แม่น้ำน่าน,เปือ,เชียงกลาง,น่าน
2022-09-27,2.8,Ban Nong Naw,น้ำแม่สอย,แจ้ห่ม,แจ้ห่ม,ลำปาง
2022-09-27,6.4,Ban Nong Pham,น้ำแม่ลาว,แม่สรวย,แม่สรวย,เชียงราย
2022-09-27,7.7,Ban Pa Kha,น้ำควร,ควร,ปง,พะเยา
2022-09-27,11.6,Ban Pa Khoi Tai,แม่น้ำปิง,สันผีเสื้อ,เมือง,เชียงใหม่
2022-09-27,7.4,Ban Pa Sang,น้ำแม่ทา,ป่าซาง,ป่าซาง,ลำพูน
2022-09-27,1.6,Ban Pang Rimkorn,น้ำแม่กรณ์,แม่กรณ์,เมือง,เชียงราย
2022-09-27,6.6,Ban Pang Sa,ห้วยน้ำยาว,ผาทอง,ท่าวังผา,น่าน
2022-09-27,12.6,Ban Pha Khwang,แม่น้ำน่าน,บ่อ,เมือง,น่าน
2022-09-27,9.2,Ban Phai Ngarm,แม่น้ำน่าน,ส้าน,เวียงสา,น่าน
2022-09-27,6,Ban Phan Ton,น้ำแม่วาง,ทุ่งปี้,แม่วาง,เชียงใหม่
2022-09-27,5.2,Ban Phi Tai,น้ำปี้,บ้านพี้,บ้านหลวง,น่าน
2022-09-27,3.3,Ban Phu Yaeng,น้ำมวบ,ดู่พงษ์,สันติสุข,น่าน
2022-09-27,11.4,Ban Pong,น้ำแม่กวง,บวกค้าง,สันกำแพง,เชียงใหม่
2022-09-27,9.4,Ban Pong,น้ำแม่กวง,บวกค้าง,สันกำแพง,เชียงใหม่
2022-09-27,5.486666667,Ban Pong,ห้วยโป่ง,บ้านโป่ง,งาว,ลำปาง
2022-09-27,5.9,Ban Rong Kho,แม่น้ำวัง,ร่องเคาะ,วังเหนือ,ลำปาง
2022-09-27,8.7,Ban Rong Khun,น้ำแม่ลาว,ป่าอ้อดอนชัย,เมือง,เชียงราย
2022-09-27,5.3,Ban Saluang Nok,น้ำแม่ริม,สลวง,แม่ริม,เชียงใหม่
2022-09-27,6.7,Ban San Pu Loei,น้ำแม่ขอด,โหล่งขอด,พร้าว,เชียงใหม่
2022-09-27,7.6,Ban Singpotin,น้ำแม่ลาย,ป่าเมี่ยง,ดอยสะเก็ด,เชียงใหม่
2022-09-27,10.3,Ban Sob Soi,แม่น้ำปิง,แม่สอย,จอมทอง,เชียงใหม่
2022-09-27,6.7,Ban Sop Mae Sapoot,แม่น้ำแม่ทา,ทาสบเส้า,แม่ทา,ลำพูน
2022-09-27,14.8,Ban Sop Pae,แม่น้ำปิง,สบแปะ,จอมทอง,เชียงใหม่
2022-09-27,11,Ban Sop Prap,แม่น้ำวัง,สบปราบ,สบปราบ,ลำปาง
2022-09-27,11.1,Ban Sop Tam,น้ำแม่ต่ำ,เกาะคา,เกาะคา,ลำปาง
2022-09-27,5.6,Ban Sop Win,น้ำแม่วาง,แม่วิน,แม่วาง,เชียงใหม่
2022-09-27,11.8,Ban Tha Duea,แม่น้ำวัง,พิชัย,เมือง,ลำปาง
2022-09-27,6.6,Ban Tha Lo,น้ำแม่ตุ๋ย,บ่อแฮ้ว,เมือง,ลำปาง
2022-09-27,5.3,Ban Tha Pong Daeng,น้ำปาย,ผาบ่อง,เมือง,แม่ฮ่องสอน
2022-09-27,14.7,Ban Thung Nong,แม่น้ำยม,สระ,เชียงม่วน,พะเยา
2022-09-27,7.9,Ban Ton Yang,น้ำแม่ลาว,บัวสลี,แม่ลาว,เชียงราย
2022-09-27,17.9,Ban Wang Chin,แม่น้ำยม,วังชิ้น,วังชิ้น,แพร่
2022-09-27,6.3,Chedingam,น้ำอิง,ท่าวังทอง,เมือง,พะเยา
2022-09-27,9.4,In front of the Forestry Office,แม่น้ำน่าน,ในเวียง,เมือง,น่าน
2022-09-27,6.9,Mae Kham Lak Chet,น้ำแม่คำ,ศรีค้ำ,แม่จัน,เชียงราย
2022-09-27,5.2,Nam Mae Chaem,น้ำแม่แจ่ม,บ้านท่าข้าม,จอมทอง,เชียงใหม่
2022-09-27,6.5,Nawarat Bridge,แม่น้ำปิง,วัดเกต,เมือง,เชียงใหม่
2022-09-27,6.5,Nawarat Bridge,แม่น้ำปิง,วัดเกต,เมือง,เชียงใหม่
2022-09-27,6,Pracha Uthit Bridge,น้ำแม่กลาง,บ้านหลวง,จอมทอง,เชียงใหม่
2022-09-27,7.2,Romklao Cooperative House,น้ำแม่งัด,แม่แวน,พร้าว,เชียงใหม่
2022-09-27,7.8,Saphan Ban Khay,น้ำฝาง,แม่นาวาง,แม่อาย,เชียงใหม่
2022-09-27,8.7,Setuwaree Bridge,แม้น้ำวัง,เวียงเหนือ,เมือง,ลำปาง
2022-09-27,14.4,Tha Li Bridge,น้ำว้า,ขึ่ง,เวียงสา,น่าน
2022-09-27,10.3,Tha Nang Bridge,น้ำแม่กวง,ในเมือง,เมือง,ลำพูน
2022-09-27,5.1,Wang Phrao,น้ำแม่จาง,วังพร้าว,เกาะคา,ลำปาง
2022-09-28,3.1,Ban Chiang Dao,แม่น้ำปิง,เชียงดาว,เชียงดาว,เชียงใหม่
2022-09-28,5.6,Ban Chor Lae,แม่น้ำปิง,ช่อแล,แม่แตง,เชียงใหม่
2022-09-28,8.6,Ban Don Chai,แม่น้ำวัง,ล้อมแรด,เถิน,ลำปาง
2022-09-28,7.9,Ban Don Mun,แม่น้ำวัง,บ้านแลง,เมือง,ลำปาง
2022-09-28,6.3,Ban Don Sali,น้ำแม่ลาว,ป่าแดด,แม่สรวย,เชียงราย
2022-09-28,7.7,Ban Hai,แม่น้ำวัง,ปงดอน,แจ้ห่ม,ลำปาง
2022-09-28,4.3,Ban Hong,น้ำแม่ออน,ร้องวัวแดง,สันกำแพง,เชียงใหม่
2022-09-28,3.1,Ban Hua Sapan,น้ำแม่จัน,ป่าซาง,แม่จัน,เชียงราย
2022-09-28,6.7,Ban Huai Pa Sang,น้ำแม่แตง,กึ๊ดช้าง,แม่แตง,เชียงใหม่
2022-09-28,12,Ban Huai Sak,แม่น้ำยม,เตาปูน,สอง,แพร่
2022-09-28,55.4,Ban Klang,น้ำแม่ขาน,บ้านกลาง,สันป่าตอง,เชียงใหม่
2022-09-28,8.5,Ban Klang,น้ำแม่ขาน,บ้านกลาง,สันป่าตอง,เชียงใหม่
2022-09-28,4.8,Ban Ko Kha,แม่น้ำวัง,ศาลา,เกาะคา,ลำปาง
2022-09-28,6.8,Ban Kok Tong,แม่น้ำกก,รอบเวียง,เมือง,เชียงราย
2022-09-28,5.2,Ban Krariang Tung Phrao,น้ำแม่สรวย,วาวี,แม่สรวย,เชียงราย
2022-09-28,6.3,Ban Lai Kaeo,น้ำแม่ลี้,ศรีเตี้ย,บ้านโฮ่ง,ลำพูน
2022-09-28,7.5,Ban Luang,น้ำแม่ตื่น,ยางเปียง,อมก๋อย,เชียงใหม่
2022-09-28,8,Ban Luang Nuea,น้ำงาว,หลวงใต้,งาว,ลำปาง
2022-09-28,9.7,Ban Mae E Hi,น้ำแม่ลี้,ศรีวิชัย,ลี้,ลำพูน
2022-09-28,5.6,Ban Mae Kha Bridge,น้ำฝาง,แม่ข่า,ฝาง,เชียงใหม่
2022-09-28,7.5,Ban Mae Khom Mi Tamnak Tham,น้ำแม่คำมี,ตำหนักธรรม,หนองม่วงไข่,แพร่
2022-09-28,6.2,Ban Mae Lai,น้ำแม่หล่าย,แม่หล่าย,เมือง,แพร่
2022-09-28,4.5,Ban Mae Tae,แม่น้ำปิง,แม่แฝกเก่า,สันทราย,เชียงใหม่
2022-09-28,3.8,Ban Mae Taeng,แม่น้ำแตง,สันมหาพล,แม่แตง,เชียงใหม่
2022-09-28,4.1,Ban Mae Wan,น้ำแม่กวง,ป่าเมี่ยง,ดอยสะเก็ด,เชียงใหม่
2022-09-28,9,Ban Mai Rim Fang,น้ำฝาง,เวียงฝาง,ฝาง,เชียงใหม่
2022-09-28,7.7,Ban Mang,น้ำปี้,มาง,เชียงม่วน,พะเยา
2022-09-28,5.2,Ban Mueang Kuet,น้ำแม่แตง,กึ๊ดช้าง,แม่แตง,เชียงใหม่
2022-09-28,3.2,Ban Mueang Mai,ห้วยแม่ต๋า,เมืองมาย,แจ้ห่ม,ลำปาง
2022-09-28,5.7,Ban Mueang Pha,น้ำแม่ริม,ริมเหนือ,แม่ริม,เชียงใหม่
2022-09-28,7.7,Ban Nam Ing,น้ำอิง,ต้า,ขุนตาล,เชียงราย
2022-09-28,11.9,Ban Nam Khong,แม่น้ำยม,ป่าแมต,เมือง,แพร่
2022-09-28,5.9,Ban Nam Yao,น้ำยาว,อวน,ปัว,น่าน
2022-09-28,1.1,Ban Nong Daeng,แม่น้ำน่าน,เปือ,เชียงกลาง,น่าน
2022-09-28,2.5,Ban Nong Naw,น้ำแม่สอย,แจ้ห่ม,แจ้ห่ม,ลำปาง
2022-09-28,6,Ban Nong Pham,น้ำแม่ลาว,แม่สรวย,แม่สรวย,เชียงราย
2022-09-28,7.5,Ban Pa Kha,น้ำควร,ควร,ปง,พะเยา
2022-09-28,11.1,Ban Pa Khoi Tai,แม่น้ำปิง,สันผีเสื้อ,เมือง,เชียงใหม่
2022-09-28,6.9,Ban Pa Sang,น้ำแม่ทา,ป่าซาง,ป่าซาง,ลำพูน
2022-09-28,1.6,Ban Pang Rimkorn,น้ำแม่กรณ์,แม่กรณ์,เมือง,เชียงราย
2022-09-28,6.4,Ban Pang Sa,ห้วยน้ำยาว,ผาทอง,ท่าวังผา,น่าน
2022-09-28,12.1,Ban Pha Khwang,แม่น้ำน่าน,บ่อ,เมือง,น่าน
2022-09-28,8.8,Ban Phai Ngarm,แม่น้ำน่าน,ส้าน,เวียงสา,น่าน
2022-09-28,5.4,Ban Phan Ton,น้ำแม่วาง,ทุ่งปี้,แม่วาง,เชียงใหม่
2022-09-28,5.1,Ban Phi Tai,น้ำปี้,บ้านพี้,บ้านหลวง,น่าน
2022-09-28,3.3,Ban Phu Yaeng,น้ำมวบ,ดู่พงษ์,สันติสุข,น่าน
2022-09-28,10.7,Ban Pong,น้ำแม่กวง,บวกค้าง,สันกำแพง,เชียงใหม่
2022-09-28,9.1,Ban Pong,น้ำแม่กวง,บวกค้าง,สันกำแพง,เชียงใหม่
2022-09-28,5.24,Ban Pong,ห้วยโป่ง,บ้านโป่ง,งาว,ลำปาง
2022-09-28,5.6,Ban Rong Kho,แม่น้ำวัง,ร่องเคาะ,วังเหนือ,ลำปาง
2022-09-28,8.4,Ban Rong Khun,น้ำแม่ลาว,ป่าอ้อดอนชัย,เมือง,เชียงราย
2022-09-28,4.4,Ban Saluang Nok,น้ำแม่ริม,สลวง,แม่ริม,เชียงใหม่
2022-09-28,6.6,Ban San Pu Loei,น้ำแม่ขอด,โหล่งขอด,พร้าว,เชียงใหม่
2022-09-28,7.6,Ban Singpotin,น้ำแม่ลาย,ป่าเมี่ยง,ดอยสะเก็ด,เชียงใหม่
2022-09-28,9.9,Ban Sob Soi,แม่น้ำปิง,แม่สอย,จอมทอง,เชียงใหม่
2022-09-28,6.5,Ban Sop Mae Sapoot,แม่น้ำแม่ทา,ทาสบเส้า,แม่ทา,ลำพูน
2022-09-28,14.3,Ban Sop Pae,แม่น้ำปิง,สบแปะ,จอมทอง,เชียงใหม่
2022-09-28,10.2,Ban Sop Prap,แม่น้ำวัง,สบปราบ,สบปราบ,ลำปาง
2022-09-28,10.4,Ban Sop Tam,น้ำแม่ต่ำ,เกาะคา,เกาะคา,ลำปาง
2022-09-28,5.2,Ban Sop Win,น้ำแม่วาง,แม่วิน,แม่วาง,เชียงใหม่
2022-09-28,11.6,Ban Tha Duea,แม่น้ำวัง,พิชัย,เมือง,ลำปาง
2022-09-28,6.2,Ban Tha Lo,น้ำแม่ตุ๋ย,บ่อแฮ้ว,เมือง,ลำปาง
2022-09-28,5,Ban Tha Pong Daeng,น้ำปาย,ผาบ่อง,เมือง,แม่ฮ่องสอน
2022-09-28,14.1,Ban Thung Nong,แม่น้ำยม,สระ,เชียงม่วน,พะเยา
2022-09-28,7.6,Ban Ton Yang,น้ำแม่ลาว,บัวสลี,แม่ลาว,เชียงราย
2022-09-28,17.6,Ban Wang Chin,แม่น้ำยม,วังชิ้น,วังชิ้น,แพร่
2022-09-28,6.3,Chedingam,น้ำอิง,ท่าวังทอง,เมือง,พะเยา
2022-09-28,9,In front of the Forestry Office,แม่น้ำน่าน,ในเวียง,เมือง,น่าน
2022-09-28,6.8,Mae Kham Lak Chet,น้ำแม่คำ,ศรีค้ำ,แม่จัน,เชียงราย
2022-09-28,4.8,Nam Mae Chaem,น้ำแม่แจ่ม,บ้านท่าข้าม,จอมทอง,เชียงใหม่
2022-09-28,6.2,Nawarat Bridge,แม่น้ำปิง,วัดเกต,เมือง,เชียงใหม่
2022-09-28,6.2,Nawarat Bridge,แม่น้ำปิง,วัดเกต,เมือง,เชียงใหม่
2022-09-28,5.5,Pracha Uthit Bridge,น้ำแม่กลาง,บ้านหลวง,จอมทอง,เชียงใหม่
2022-09-28,7,Romklao Cooperative House,น้ำแม่งัด,แม่แวน,พร้าว,เชียงใหม่
2022-09-28,7.5,Saphan Ban Khay,น้ำฝาง,แม่นาวาง,แม่อาย,เชียงใหม่
2022-09-28,8.6,Setuwaree Bridge,แม้น้ำวัง,เวียงเหนือ,เมือง,ลำปาง
2022-09-28,14,Tha Li Bridge,น้ำว้า,ขึ่ง,เวียงสา,น่าน
2022-09-28,10.2,Tha Nang Bridge,น้ำแม่กวง,ในเมือง,เมือง,ลำพูน
2022-09-28,5,Wang Phrao,น้ำแม่จาง,วังพร้าว,เกาะคา,ลำปาง
2022-09-29,3.1,Ban Chiang Dao,แม่น้ำปิง,เชียงดาว,เชียงดาว,เชียงใหม่
2022-09-29,5.5,Ban Chor Lae,แม่น้ำปิง,ช่อแล,แม่แตง,เชียงใหม่
2022-09-29,8,Ban Don Chai,แม่น้ำวัง,ล้อมแรด,เถิน,ลำปาง
2022-09-29,6.9,Ban Don Mun,แม่น้ำวัง,บ้านแลง,เมือง,ลำปาง
2022-09-29,6,Ban Don Sali,น้ำแม่ลาว,ป่าแดด,แม่สรวย,เชียงราย
2022-09-29,7.3,Ban Hai,แม่น้ำวัง,ปงดอน,แจ้ห่ม,ลำปาง
2022-09-29,4.3,Ban Hong,น้ำแม่ออน,ร้องวัวแดง,สันกำแพง,เชียงใหม่
2022-09-29,3,Ban Hua Sapan,น้ำแม่จัน,ป่าซาง,แม่จัน,เชียงราย
2022-09-29,6.6,Ban Huai Pa Sang,น้ำแม่แตง,กึ๊ดช้าง,แม่แตง,เชียงใหม่
2022-09-29,11.3,Ban Huai Sak,แม่น้ำยม,เตาปูน,สอง,แพร่
2022-09-29,1.6,Ban Klang,น้ำแม่ขาน,บ้านกลาง,สันป่าตอง,เชียงใหม่
2022-09-29,7.8,Ban Klang,น้ำแม่ขาน,บ้านกลาง,สันป่าตอง,เชียงใหม่
2022-09-29,4.7,Ban Ko Kha,แม่น้ำวัง,ศาลา,เกาะคา,ลำปาง
2022-09-29,6.6,Ban Kok Tong,แม่น้ำกก,รอบเวียง,เมือง,เชียงราย
2022-09-29,5.1,Ban Krariang Tung Phrao,น้ำแม่สรวย,วาวี,แม่สรวย,เชียงราย
2022-09-29,4.8,Ban Lai Kaeo,น้ำแม่ลี้,ศรีเตี้ย,บ้านโฮ่ง,ลำพูน
2022-09-29,7.2,Ban Luang,น้ำแม่ตื่น,ยางเปียง,อมก๋อย,เชียงใหม่
2022-09-29,8,Ban Luang Nuea,น้ำงาว,หลวงใต้,งาว,ลำปาง
2022-09-29,8.4,Ban Mae E Hi,น้ำแม่ลี้,ศรีวิชัย,ลี้,ลำพูน
2022-09-29,5.5,Ban Mae Kha Bridge,น้ำฝาง,แม่ข่า,ฝาง,เชียงใหม่
2022-09-29,7.3,Ban Mae Khom Mi Tamnak Tham,น้ำแม่คำมี,ตำหนักธรรม,หนองม่วงไข่,แพร่
2022-09-29,6.2,Ban Mae Lai,น้ำแม่หล่าย,แม่หล่าย,เมือง,แพร่
2022-09-29,4.3,Ban Mae Tae,แม่น้ำปิง,แม่แฝกเก่า,สันทราย,เชียงใหม่
2022-09-29,3.8,Ban Mae Taeng,แม่น้ำแตง,สันมหาพล,แม่แตง,เชียงใหม่
2022-09-29,4,Ban Mae Wan,น้ำแม่กวง,ป่าเมี่ยง,ดอยสะเก็ด,เชียงใหม่
2022-09-29,8.2,Ban Mai Rim Fang,น้ำฝาง,เวียงฝาง,ฝาง,เชียงใหม่
2022-09-29,7.6,Ban Mang,น้ำปี้,มาง,เชียงม่วน,พะเยา
2022-09-29,5.1,Ban Mueang Kuet,น้ำแม่แตง,กึ๊ดช้าง,แม่แตง,เชียงใหม่
2022-09-29,3.2,Ban Mueang Mai,ห้วยแม่ต๋า,เมืองมาย,แจ้ห่ม,ลำปาง
2022-09-29,5.3,Ban Mueang Pha,น้ำแม่ริม,ริมเหนือ,แม่ริม,เชียงใหม่
2022-09-29,7.6,Ban Nam Ing,น้ำอิง,ต้า,ขุนตาล,เชียงราย
2022-09-29,11.4,Ban Nam Khong,แม่น้ำยม,ป่าแมต,เมือง,แพร่
2022-09-29,5.9,Ban Nam Yao,น้ำยาว,อวน,ปัว,น่าน
2022-09-29,1,Ban Nong Daeng,แม่น้ำน่าน,เปือ,เชียงกลาง,น่าน
2022-09-29,2.4,Ban Nong Naw,น้ำแม่สอย,แจ้ห่ม,แจ้ห่ม,ลำปาง
2022-09-29,5.7,Ban Nong Pham,น้ำแม่ลาว,แม่สรวย,แม่สรวย,เชียงราย
2022-09-29,7.5,Ban Pa Kha,น้ำควร,ควร,ปง,พะเยา
2022-09-29,10.5,Ban Pa Khoi Tai,แม่น้ำปิง,สันผีเสื้อ,เมือง,เชียงใหม่
2022-09-29,6.5,Ban Pa Sang,น้ำแม่ทา,ป่าซาง,ป่าซาง,ลำพูน
2022-09-29,1.5,Ban Pang Rimkorn,น้ำแม่กรณ์,แม่กรณ์,เมือง,เชียงราย
2022-09-29,6.3,Ban Pang Sa,ห้วยน้ำยาว,ผาทอง,ท่าวังผา,น่าน
2022-09-29,11.8,Ban Pha Khwang,แม่น้ำน่าน,บ่อ,เมือง,น่าน
2022-09-29,8.4,Ban Phai Ngarm,แม่น้ำน่าน,ส้าน,เวียงสา,น่าน
2022-09-29,5.2,Ban Phan Ton,น้ำแม่วาง,ทุ่งปี้,แม่วาง,เชียงใหม่
2022-09-29,5.1,Ban Phi Tai,น้ำปี้,บ้านพี้,บ้านหลวง,น่าน
2022-09-29,3.3,Ban Phu Yaeng,น้ำมวบ,ดู่พงษ์,สันติสุข,น่าน
2022-09-29,9.7,Ban Pong,น้ำแม่กวง,บวกค้าง,สันกำแพง,เชียงใหม่
2022-09-29,9.1,Ban Pong,น้ำแม่กวง,บวกค้าง,สันกำแพง,เชียงใหม่
2022-09-29,5.21,Ban Pong,ห้วยโป่ง,บ้านโป่ง,งาว,ลำปาง
2022-09-29,5.5,Ban Rong Kho,แม่น้ำวัง,ร่องเคาะ,วังเหนือ,ลำปาง
2022-09-29,8.2,Ban Rong Khun,น้ำแม่ลาว,ป่าอ้อดอนชัย,เมือง,เชียงราย
2022-09-29,4.2,Ban Saluang Nok,น้ำแม่ริม,สลวง,แม่ริม,เชียงใหม่
2022-09-29,6.6,Ban San Pu Loei,น้ำแม่ขอด,โหล่งขอด,พร้าว,เชียงใหม่
2022-09-29,7.5,Ban Singpotin,น้ำแม่ลาย,ป่าเมี่ยง,ดอยสะเก็ด,เชียงใหม่
2022-09-29,8.7,Ban Sob Soi,แม่น้ำปิง,แม่สอย,จอมทอง,เชียงใหม่
2022-09-29,6.2,Ban Sop Mae Sapoot,แม่น้ำแม่ทา,ทาสบเส้า,แม่ทา,ลำพูน
2022-09-29,13,Ban Sop Pae,แม่น้ำปิง,สบแปะ,จอมทอง,เชียงใหม่
2022-09-29,9.7,Ban Sop Prap,แม่น้ำวัง,สบปราบ,สบปราบ,ลำปาง
2022-09-29,9.7,Ban Sop Tam,น้ำแม่ต่ำ,เกาะคา,เกาะคา,ลำปาง
2022-09-29,5,Ban Sop Win,น้ำแม่วาง,แม่วิน,แม่วาง,เชียงใหม่
2022-09-29,11.2,Ban Tha Duea,แม่น้ำวัง,พิชัย,เมือง,ลำปาง
2022-09-29,6,Ban Tha Lo,น้ำแม่ตุ๋ย,บ่อแฮ้ว,เมือง,ลำปาง
2022-09-29,4.9,Ban Tha Pong Daeng,น้ำปาย,ผาบ่อง,เมือง,แม่ฮ่องสอน
2022-09-29,13.7,Ban Thung Nong,แม่น้ำยม,สระ,เชียงม่วน,พะเยา
2022-09-29,7.2,Ban Ton Yang,น้ำแม่ลาว,บัวสลี,แม่ลาว,เชียงราย
2022-09-29,16.9,Ban Wang Chin,แม่น้ำยม,วังชิ้น,วังชิ้น,แพร่
2022-09-29,6.3,Chedingam,น้ำอิง,ท่าวังทอง,เมือง,พะเยา
2022-09-29,8.7,In front of the Forestry Office,แม่น้ำน่าน,ในเวียง,เมือง,น่าน
2022-09-29,6.7,Mae Kham Lak Chet,น้ำแม่คำ,ศรีค้ำ,แม่จัน,เชียงราย
2022-09-29,4.5,Nam Mae Chaem,น้ำแม่แจ่ม,บ้านท่าข้าม,จอมทอง,เชียงใหม่
2022-09-29,5.9,Nawarat Bridge,แม่น้ำปิง,วัดเกต,เมือง,เชียงใหม่
2022-09-29,5.9,Nawarat Bridge,แม่น้ำปิง,วัดเกต,เมือง,เชียงใหม่
2022-09-29,5.4,Pracha Uthit Bridge,น้ำแม่กลาง,บ้านหลวง,จอมทอง,เชียงใหม่
2022-09-29,6.9,Romklao Cooperative House,น้ำแม่งัด,แม่แวน,พร้าว,เชียงใหม่
2022-09-29,7.1,Saphan Ban Khay,น้ำฝาง,แม่นาวาง,แม่อาย,เชียงใหม่
2022-09-29,8.3,Setuwaree Bridge,แม้น้ำวัง,เวียงเหนือ,เมือง,ลำปาง
2022-09-29,13.9,Tha Li Bridge,น้ำว้า,ขึ่ง,เวียงสา,น่าน
2022-09-29,9.4,Tha Nang Bridge,น้ำแม่กวง,ในเมือง,เมือง,ลำพูน
2022-09-29,4.7,Wang Phrao,น้ำแม่จาง,วังพร้าว,เกาะคา,ลำปาง
2022-09-30,3,Ban Chiang Dao,แม่น้ำปิง,เชียงดาว,เชียงดาว,เชียงใหม่
2022-09-30,5,Ban Chor Lae,แม่น้ำปิง,ช่อแล,แม่แตง,เชียงใหม่
2022-09-30,7.6,Ban Don Chai,แม่น้ำวัง,ล้อมแรด,เถิน,ลำปาง
2022-09-30,6.9,Ban Don Mun,แม่น้ำวัง,บ้านแลง,เมือง,ลำปาง
2022-09-30,5.8,Ban Don Sali,น้ำแม่ลาว,ป่าแดด,แม่สรวย,เชียงราย
2022-09-30,6.6,Ban Hai,แม่น้ำวัง,ปงดอน,แจ้ห่ม,ลำปาง
2022-09-30,4.3,Ban Hong,น้ำแม่ออน,ร้องวัวแดง,สันกำแพง,เชียงใหม่
2022-09-30,3,Ban Hua Sapan,น้ำแม่จัน,ป่าซาง,แม่จัน,เชียงราย
2022-09-30,6.5,Ban Huai Pa Sang,น้ำแม่แตง,กึ๊ดช้าง,แม่แตง,เชียงใหม่
2022-09-30,11,Ban Huai Sak,แม่น้ำยม,เตาปูน,สอง,แพร่
2022-09-30,7.5,Ban Klang,น้ำแม่ขาน,บ้านกลาง,สันป่าตอง,เชียงใหม่
2022-09-30,4.3,Ban Ko Kha,แม่น้ำวัง,ศาลา,เกาะคา,ลำปาง
2022-09-30,6.4,Ban Kok Tong,แม่น้ำกก,รอบเวียง,เมือง,เชียงราย
2022-09-30,5.1,Ban Krariang Tung Phrao,น้ำแม่สรวย,วาวี,แม่สรวย,เชียงราย
2022-09-30,4.4,Ban Lai Kaeo,น้ำแม่ลี้,ศรีเตี้ย,บ้านโฮ่ง,ลำพูน
2022-09-30,7.5,Ban Luang,น้ำแม่ตื่น,ยางเปียง,อมก๋อย,เชียงใหม่
2022-09-30,7.9,Ban Luang Nuea,น้ำงาว,หลวงใต้,งาว,ลำปาง
2022-09-30,8.2,Ban Mae E Hi,น้ำแม่ลี้,ศรีวิชัย,ลี้,ลำพูน
2022-09-30,5.6,Ban Mae Kha Bridge,น้ำฝาง,แม่ข่า,ฝาง,เชียงใหม่
2022-09-30,7.3,Ban Mae Khom Mi Tamnak Tham,น้ำแม่คำมี,ตำหนักธรรม,หนองม่วงไข่,แพร่
2022-09-30,6.2,Ban Mae Lai,น้ำแม่หล่าย,แม่หล่าย,เมือง,แพร่
2022-09-30,4.1,Ban Mae Tae,แม่น้ำปิง,แม่แฝกเก่า,สันทราย,เชียงใหม่
2022-09-30,4,Ban Mae Taeng,แม่น้ำแตง,สันมหาพล,แม่แตง,เชียงใหม่
2022-09-30,4,Ban Mae Wan,น้ำแม่กวง,ป่าเมี่ยง,ดอยสะเก็ด,เชียงใหม่
2022-09-30,7.9,Ban Mai Rim Fang,น้ำฝาง,เวียงฝาง,ฝาง,เชียงใหม่
2022-09-30,7.6,Ban Mang,น้ำปี้,มาง,เชียงม่วน,พะเยา
2022-09-30,7.3,Ban Muang Pok,น้ำแม่แตง,เปียงหลวง,เวียงแหง,เชียงใหม่
2022-09-30,5,Ban Mueang Kuet,น้ำแม่แตง,กึ๊ดช้าง,แม่แตง,เชียงใหม่
2022-09-30,3.2,Ban Mueang Mai,ห้วยแม่ต๋า,เมืองมาย,แจ้ห่ม,ลำปาง
2022-09-30,5.1,Ban Mueang Pha,น้ำแม่ริม,ริมเหนือ,แม่ริม,เชียงใหม่
2022-09-30,7.6,Ban Nam Ing,น้ำอิง,ต้า,ขุนตาล,เชียงราย
2022-09-30,10.7,Ban Nam Khong,แม่น้ำยม,ป่าแมต,เมือง,แพร่
2022-09-30,5.8,Ban Nam Yao,น้ำยาว,อวน,ปัว,น่าน
2022-09-30,2.3,Ban Nong Naw,น้ำแม่สอย,แจ้ห่ม,แจ้ห่ม,ลำปาง
2022-09-30,5.6,Ban Nong Pham,น้ำแม่ลาว,แม่สรวย,แม่สรวย,เชียงราย
2022-09-30,7.4,Ban Pa Kha,น้ำควร,ควร,ปง,พะเยา
2022-09-30,10.2,Ban Pa Khoi Tai,แม่น้ำปิง,สันผีเสื้อ,เมือง,เชียงใหม่
2022-09-30,6.6,Ban Pa Sang,น้ำแม่ทา,ป่าซาง,ป่าซาง,ลำพูน
2022-09-30,1.5,Ban Pang Rimkorn,น้ำแม่กรณ์,แม่กรณ์,เมือง,เชียงราย
2022-09-30,6.3,Ban Pang Sa,ห้วยน้ำยาว,ผาทอง,ท่าวังผา,น่าน
2022-09-30,11.6,Ban Pha Khwang,แม่น้ำน่าน,บ่อ,เมือง,น่าน
2022-09-30,8.2,Ban Phai Ngarm,แม่น้ำน่าน,ส้าน,เวียงสา,น่าน
2022-09-30,5.2,Ban Phan Ton,น้ำแม่วาง,ทุ่งปี้,แม่วาง,เชียงใหม่
2022-09-30,5,Ban Phi Tai,น้ำปี้,บ้านพี้,บ้านหลวง,น่าน
2022-09-30,8.9,Ban Pong,น้ำแม่กวง,บวกค้าง,สันกำแพง,เชียงใหม่
2022-09-30,9,Ban Pong,น้ำแม่กวง,บวกค้าง,สันกำแพง,เชียงใหม่
2022-09-30,5.103333333,Ban Pong,ห้วยโป่ง,บ้านโป่ง,งาว,ลำปาง
2022-09-30,5.4,Ban Rong Kho,แม่น้ำวัง,ร่องเคาะ,วังเหนือ,ลำปาง
2022-09-30,4,Ban Saluang Nok,น้ำแม่ริม,สลวง,แม่ริม,เชียงใหม่
2022-09-30,6.6,Ban San Pu Loei,น้ำแม่ขอด,โหล่งขอด,พร้าว,เชียงใหม่
2022-09-30,7.5,Ban Singpotin,น้ำแม่ลาย,ป่าเมี่ยง,ดอยสะเก็ด,เชียงใหม่
2022-09-30,8.4,Ban Sob Soi,แม่น้ำปิง,แม่สอย,จอมทอง,เชียงใหม่
2022-09-30,6.3,Ban Sop Mae Sapoot,แม่น้ำแม่ทา,ทาสบเส้า,แม่ทา,ลำพูน
2022-09-30,11.9,Ban Sop Pae,แม่น้ำปิง,สบแปะ,จอมทอง,เชียงใหม่
2022-09-30,9.2,Ban Sop Prap,แม่น้ำวัง,สบปราบ,สบปราบ,ลำปาง
2022-09-30,8.9,Ban Sop Tam,น้ำแม่ต่ำ,เกาะคา,เกาะคา,ลำปาง
2022-09-30,5,Ban Sop Win,น้ำแม่วาง,แม่วิน,แม่วาง,เชียงใหม่
2022-09-30,9.9,Ban Tha Duea,แม่น้ำวัง,พิชัย,เมือง,ลำปาง
2022-09-30,5.9,Ban Tha Lo,น้ำแม่ตุ๋ย,บ่อแฮ้ว,เมือง,ลำปาง
2022-09-30,4.8,Ban Tha Pong Daeng,น้ำปาย,ผาบ่อง,เมือง,แม่ฮ่องสอน
2022-09-30,13.4,Ban Thung Nong,แม่น้ำยม,สระ,เชียงม่วน,พะเยา
2022-09-30,6.9,Ban Ton Yang,น้ำแม่ลาว,บัวสลี,แม่ลาว,เชียงราย
2022-09-30,16.2,Ban Wang Chin,แม่น้ำยม,วังชิ้น,วังชิ้น,แพร่
2022-09-30,6.3,Chedingam,น้ำอิง,ท่าวังทอง,เมือง,พะเยา
2022-09-30,8.5,In front of the Forestry Office,แม่น้ำน่าน,ในเวียง,เมือง,น่าน
2022-09-30,6.6,Mae Kham Lak Chet,น้ำแม่คำ,ศรีค้ำ,แม่จัน,เชียงราย
2022-09-30,4.5,Nam Mae Chaem,น้ำแม่แจ่ม,บ้านท่าข้าม,จอมทอง,เชียงใหม่
2022-09-30,5.8,Nawarat Bridge,แม่น้ำปิง,วัดเกต,เมือง,เชียงใหม่
2022-09-30,5.8,Nawarat Bridge,แม่น้ำปิง,วัดเกต,เมือง,เชียงใหม่
2022-09-30,5.4,Pracha Uthit Bridge,น้ำแม่กลาง,บ้านหลวง,จอมทอง,เชียงใหม่
2022-09-30,6.9,Romklao Cooperative House,น้ำแม่งัด,แม่แวน,พร้าว,เชียงใหม่
2022-09-30,6.8,Saphan Ban Khay,น้ำฝาง,แม่นาวาง,แม่อาย,เชียงใหม่
2022-09-30,7.2,Setuwaree Bridge,แม้น้ำวัง,เวียงเหนือ,เมือง,ลำปาง
2022-09-30,13.8,Tha Li Bridge,น้ำว้า,ขึ่ง,เวียงสา,น่าน
2022-09-30,8.7,Tha Nang Bridge,น้ำแม่กวง,ในเมือง,เมือง,ลำพูน
2022-09-30,4.6,Wang Phrao,น้ำแม่จาง,วังพร้าว,เกาะคา,ลำปาง
2022-10-01,5.913333333,Ban Pong,ห้วยโป่ง,บ้านโป่ง,งาว,ลำปาง
2022-10-02,6.096666667,Ban Pong,ห้วยโป่ง,บ้านโป่ง,งาว,ลำปาง
2022-10-03,5.616666667,Ban Pong,ห้วยโป่ง,บ้านโป่ง,งาว,ลำปาง
2022-10-04,5.52,Ban Pong,ห้วยโป่ง,บ้านโป่ง,งาว,ลำปาง
2022-10-05,5.31,Ban Pong,ห้วยโป่ง,บ้านโป่ง,งาว,ลำปาง
2022-10-06,5.373333333,Ban Pong,ห้วยโป่ง,บ้านโป่ง,งาว,ลำปาง
2022-10-07,5.16,Ban Pong,ห้วยโป่ง,บ้านโป่ง,งาว,ลำปาง
2022-10-08,5.133333333,Ban Pong,ห้วยโป่ง,บ้านโป่ง,งาว,ลำปาง
2022-10-09,5.076666667,Ban Pong,ห้วยโป่ง,บ้านโป่ง,งาว,ลำปาง
2022-10-10,5.025,Ban Pong,ห้วยโป่ง,บ้านโป่ง,งาว,ลำปาง
2022-10-11,5.05,Ban Pong,ห้วยโป่ง,บ้านโป่ง,งาว,ลำปาง
2022-10-12,4.96,Ban Pong,ห้วยโป่ง,บ้านโป่ง,งาว,ลำปาง
2022-10-13,4.946666667,Ban Pong,ห้วยโป่ง,บ้านโป่ง,งาว,ลำปาง
2022-10-14,4.936666667,Ban Pong,ห้วยโป่ง,บ้านโป่ง,งาว,ลำปาง
2022-10-15,4.87,Ban Pong,ห้วยโป่ง,บ้านโป่ง,งาว,ลำปาง
2022-10-16,4.843333333,Ban Pong,ห้วยโป่ง,บ้านโป่ง,งาว,ลำปาง
2022-10-17,4.886666667,Ban Pong,ห้วยโป่ง,บ้านโป่ง,งาว,ลำปาง
2022-10-18,4.856666667,Ban Pong,ห้วยโป่ง,บ้านโป่ง,งาว,ลำปาง
2022-10-19,4.8475,Ban Pong,ห้วยโป่ง,บ้านโป่ง,งาว,ลำปาง
2022-10-20,4.8,Ban Pong,ห้วยโป่ง,บ้านโป่ง,งาว,ลำปาง
2022-10-21,4.813333333,Ban Pong,ห้วยโป่ง,บ้านโป่ง,งาว,ลำปาง
2022-10-22,4.833333333,Ban Pong,ห้วยโป่ง,บ้านโป่ง,งาว,ลำปาง
2022-10-23,4.856666667,Ban Pong,ห้วยโป่ง,บ้านโป่ง,งาว,ลำปาง
2022-10-24,4.863333333,Ban Pong,ห้วยโป่ง,บ้านโป่ง,งาว,ลำปาง
2022-10-25,4.8425,Ban Pong,ห้วยโป่ง,บ้านโป่ง,งาว,ลำปาง
2022-10-26,4.84,Ban Pong,ห้วยโป่ง,บ้านโป่ง,งาว,ลำปาง
2022-10-27,4.833333333,Ban Pong,ห้วยโป่ง,บ้านโป่ง,งาว,ลำปาง
2022-10-28,4.833333333,Ban Pong,ห้วยโป่ง,บ้านโป่ง,งาว,ลำปาง
2022-10-29,4.84,Ban Pong,ห้วยโป่ง,บ้านโป่ง,งาว,ลำปาง
2022-10-30,4.836666667,Ban Pong,ห้วยโป่ง,บ้านโป่ง,งาว,ลำปาง
2022-10-31,4.82,Ban Pong,ห้วยโป่ง,บ้านโป่ง,งาว,ลำปาง
2022-11-01,4.776666667,Ban Pong,ห้วยโป่ง,บ้านโป่ง,งาว,ลำปาง
2022-11-02,4.746666667,Ban Pong,ห้วยโป่ง,บ้านโป่ง,งาว,ลำปาง
2022-11-03,4.733333333,Ban Pong,ห้วยโป่ง,บ้านโป่ง,งาว,ลำปาง
2022-11-04,4.73,Ban Pong,ห้วยโป่ง,บ้านโป่ง,งาว,ลำปาง
2022-11-05,4.726666667,Ban Pong,ห้วยโป่ง,บ้านโป่ง,งาว,ลำปาง
2022-11-06,4.726666667,Ban Pong,ห้วยโป่ง,บ้านโป่ง,งาว,ลำปาง
2022-11-07,4.706666667,Ban Pong,ห้วยโป่ง,บ้านโป่ง,งาว,ลำปาง
2022-11-08,4.67,Ban Pong,ห้วยโป่ง,บ้านโป่ง,งาว,ลำปาง
2022-11-09,4.67,Ban Pong,ห้วยโป่ง,บ้านโป่ง,งาว,ลำปาง
2022-11-11,4.64,Ban Pong,ห้วยโป่ง,บ้านโป่ง,งาว,ลำปาง
2022-11-12,4.63,Ban Pong,ห้วยโป่ง,บ้านโป่ง,งาว,ลำปาง
2022-11-13,4.64,Ban Pong,ห้วยโป่ง,บ้านโป่ง,งาว,ลำปาง
2022-11-14,4.63,Ban Pong,ห้วยโป่ง,บ้านโป่ง,งาว,ลำปาง
2022-11-15,4.63,Ban Pong,ห้วยโป่ง,บ้านโป่ง,งาว,ลำปาง
2022-11-16,4.78,Ban Pong,ห้วยโป่ง,บ้านโป่ง,งาว,ลำปาง
2022-11-17,4.81,Ban Pong,ห้วยโป่ง,บ้านโป่ง,งาว,ลำปาง
2022-11-18,4.79,Ban Pong,ห้วยโป่ง,บ้านโป่ง,งาว,ลำปาง
2022-11-19,4.77,Ban Pong,ห้วยโป่ง,บ้านโป่ง,งาว,ลำปาง
2022-11-20,4.77,Ban Pong,ห้วยโป่ง,บ้านโป่ง,งาว,ลำปาง
2022-11-21,4.78,Ban Pong,ห้วยโป่ง,บ้านโป่ง,งาว,ลำปาง
2022-11-22,4.76,Ban Pong,ห้วยโป่ง,บ้านโป่ง,งาว,ลำปาง
2022-11-23,4.76,Ban Pong,ห้วยโป่ง,บ้านโป่ง,งาว,ลำปาง
2022-11-24,4.75,Ban Pong,ห้วยโป่ง,บ้านโป่ง,งาว,ลำปาง
2022-11-25,4.7,Ban Pong,ห้วยโป่ง,บ้านโป่ง,งาว,ลำปาง
2022-11-26,4.69,Ban Pong,ห้วยโป่ง,บ้านโป่ง,งาว,ลำปาง
2022-11-27,4.71,Ban Pong,ห้วยโป่ง,บ้านโป่ง,งาว,ลำปาง
2022-11-28,4.7,Ban Pong,ห้วยโป่ง,บ้านโป่ง,งาว,ลำปาง
2022-11-29,4.73,Ban Pong,ห้วยโป่ง,บ้านโป่ง,งาว,ลำปาง
2022-11-30,4.72,Ban Pong,ห้วยโป่ง,บ้านโป่ง,งาว,ลำปาง
2022-12-01,2.7,Ban Chiang Dao,แม่น้ำปิง,เชียงดาว,เชียงดาว,เชียงใหม่
2022-12-01,3.9,Ban Chor Lae,แม่น้ำปิง,ช่อแล,แม่แตง,เชียงใหม่
2022-12-01,4.3,Ban Don Chai,แม่น้ำวัง,ล้อมแรด,เถิน,ลำปาง
2022-12-01,5.7,Ban Don Mun,แม่น้ำวัง,บ้านแลง,เมือง,ลำปาง
2022-12-01,5,Ban Don Sali,น้ำแม่ลาว,ป่าแดด,แม่สรวย,เชียงราย
2022-12-01,5.6,Ban Hai,แม่น้ำวัง,ปงดอน,แจ้ห่ม,ลำปาง
2022-12-01,4,Ban Hong,น้ำแม่ออน,ร้องวัวแดง,สันกำแพง,เชียงใหม่
2022-12-01,3,Ban Hua Sapan,น้ำแม่จัน,ป่าซาง,แม่จัน,เชียงราย
2022-12-01,5.8,Ban Huai Pa Sang,น้ำแม่แตง,กึ๊ดช้าง,แม่แตง,เชียงใหม่
2022-12-01,9.3,Ban Huai Sak,แม่น้ำยม,เตาปูน,สอง,แพร่
2022-12-01,0.9,Ban Klang,น้ำแม่ขาน,บ้านกลาง,สันป่าตอง,เชียงใหม่
2022-12-01,6.6,Ban Klang,น้ำแม่ขาน,บ้านกลาง,สันป่าตอง,เชียงใหม่
2022-12-01,3.3,Ban Ko Kha,แม่น้ำวัง,ศาลา,เกาะคา,ลำปาง
2022-12-01,6.1,Ban Kok Tong,แม่น้ำกก,รอบเวียง,เมือง,เชียงราย
2022-12-01,4.5,Ban Krariang Tung Phrao,น้ำแม่สรวย,วาวี,แม่สรวย,เชียงราย
2022-12-01,3.2,Ban Lai Kaeo,น้ำแม่ลี้,ศรีเตี้ย,บ้านโฮ่ง,ลำพูน
2022-12-01,6.7,Ban Luang,น้ำแม่ตื่น,ยางเปียง,อมก๋อย,เชียงใหม่
2022-12-01,7.7,Ban Luang Nuea,น้ำงาว,หลวงใต้,งาว,ลำปาง
2022-12-01,7,Ban Mae E Hi,น้ำแม่ลี้,ศรีวิชัย,ลี้,ลำพูน
2022-12-01,5.2,Ban Mae Kha Bridge,น้ำฝาง,แม่ข่า,ฝาง,เชียงใหม่
2022-12-01,6.9,Ban Mae Khom Mi Tamnak Tham,น้ำแม่คำมี,ตำหนักธรรม,หนองม่วงไข่,แพร่
2022-12-01,6,Ban Mae Lai,น้ำแม่หล่าย,แม่หล่าย,เมือง,แพร่
2022-12-01,2.7,Ban Mae Tae,แม่น้ำปิง,แม่แฝกเก่า,สันทราย,เชียงใหม่
2022-12-01,3.2,Ban Mae Taeng,แม่น้ำแตง,สันมหาพล,แม่แตง,เชียงใหม่
2022-12-01,3.9,Ban Mae Wan,น้ำแม่กวง,ป่าเมี่ยง,ดอยสะเก็ด,เชียงใหม่
2022-12-01,5.9,Ban Mai Rim Fang,น้ำฝาง,เวียงฝาง,ฝาง,เชียงใหม่
2022-12-01,7.3,Ban Mang,น้ำปี้,มาง,เชียงม่วน,พะเยา
2022-12-01,4.3,Ban Mueang Kuet,น้ำแม่แตง,กึ๊ดช้าง,แม่แตง,เชียงใหม่
2022-12-01,2.6,Ban Mueang Mai,ห้วยแม่ต๋า,เมืองมาย,แจ้ห่ม,ลำปาง
2022-12-01,4.7,Ban Mueang Pha,น้ำแม่ริม,ริมเหนือ,แม่ริม,เชียงใหม่
2022-12-01,1.4,Ban Nam Ing,น้ำอิง,ต้า,ขุนตาล,เชียงราย
2022-12-01,9.5,Ban Nam Khong,แม่น้ำยม,ป่าแมต,เมือง,แพร่
2022-12-01,5.6,Ban Nam Yao,น้ำยาว,อวน,ปัว,น่าน
2022-12-01,0.4,Ban Nong Daeng,แม่น้ำน่าน,เปือ,เชียงกลาง,น่าน
2022-12-01,1.9,Ban Nong Naw,น้ำแม่สอย,แจ้ห่ม,แจ้ห่ม,ลำปาง
2022-12-01,4,Ban Nong Pham,น้ำแม่ลาว,แม่สรวย,แม่สรวย,เชียงราย
2022-12-01,7.2,Ban Pa Kha,น้ำควร,ควร,ปง,พะเยา
2022-12-01,8.1,Ban Pa Khoi Tai,แม่น้ำปิง,สันผีเสื้อ,เมือง,เชียงใหม่
2022-12-01,4.8,Ban Pa Sang,น้ำแม่ทา,ป่าซาง,ป่าซาง,ลำพูน
2022-12-01,5.8,Ban Pang Sa,ห้วยน้ำยาว,ผาทอง,ท่าวังผา,น่าน
2022-12-01,10.6,Ban Pha Khwang,แม่น้ำน่าน,บ่อ,เมือง,น่าน
2022-12-01,6.8,Ban Phai Ngarm,แม่น้ำน่าน,ส้าน,เวียงสา,น่าน
2022-12-01,4.7,Ban Phan Ton,น้ำแม่วาง,ทุ่งปี้,แม่วาง,เชียงใหม่
2022-12-01,4.9,Ban Phi Tai,น้ำปี้,บ้านพี้,บ้านหลวง,น่าน
2022-12-01,3,Ban Phu Yaeng,น้ำมวบ,ดู่พงษ์,สันติสุข,น่าน
2022-12-01,7.2,Ban Pong,น้ำแม่กวง,บวกค้าง,สันกำแพง,เชียงใหม่
2022-12-01,8.6,Ban Pong,น้ำแม่กวง,บวกค้าง,สันกำแพง,เชียงใหม่
2022-12-01,4.71,Ban Pong,ห้วยโป่ง,บ้านโป่ง,งาว,ลำปาง
2022-12-01,4.5,Ban Rong Kho,แม่น้ำวัง,ร่องเคาะ,วังเหนือ,ลำปาง
2022-12-01,5.9,Ban Rong Khun,น้ำแม่ลาว,ป่าอ้อดอนชัย,เมือง,เชียงราย
2022-12-01,3.5,Ban Saluang Nok,น้ำแม่ริม,สลวง,แม่ริม,เชียงใหม่
2022-12-01,6.5,Ban San Pu Loei,น้ำแม่ขอด,โหล่งขอด,พร้าว,เชียงใหม่
2022-12-01,7.3,Ban Singpotin,น้ำแม่ลาย,ป่าเมี่ยง,ดอยสะเก็ด,เชียงใหม่
2022-12-01,9.6,Ban Sob Soi,แม่น้ำปิง,แม่สอย,จอมทอง,เชียงใหม่
2022-12-01,5.6,Ban Sop Mae Sapoot,แม่น้ำแม่ทา,ทาสบเส้า,แม่ทา,ลำพูน
2022-12-01,8.8,Ban Sop Pae,แม่น้ำปิง,สบแปะ,จอมทอง,เชียงใหม่
2022-12-01,5.9,Ban Sop Prap,แม่น้ำวัง,สบปราบ,สบปราบ,ลำปาง
2022-12-01,5.9,Ban Sop Tam,น้ำแม่ต่ำ,เกาะคา,เกาะคา,ลำปาง
2022-12-01,4.8,Ban Sop Win,น้ำแม่วาง,แม่วิน,แม่วาง,เชียงใหม่
2022-12-01,7.4,Ban Tha Duea,แม่น้ำวัง,พิชัย,เมือง,ลำปาง
2022-12-01,5.9,Ban Tha Lo,น้ำแม่ตุ๋ย,บ่อแฮ้ว,เมือง,ลำปาง
2022-12-01,4.1,Ban Tha Pong Daeng,น้ำปาย,ผาบ่อง,เมือง,แม่ฮ่องสอน
2022-12-01,12.2,Ban Thung Nong,แม่น้ำยม,สระ,เชียงม่วน,พะเยา
2022-12-01,5.1,Ban Ton Yang,น้ำแม่ลาว,บัวสลี,แม่ลาว,เชียงราย
2022-12-01,13.4,Ban Wang Chin,แม่น้ำยม,วังชิ้น,วังชิ้น,แพร่
2022-12-01,3.9,Chedingam,น้ำอิง,ท่าวังทอง,เมือง,พะเยา
2022-12-01,7.2,In front of the Forestry Office,แม่น้ำน่าน,ในเวียง,เมือง,น่าน
2022-12-01,6.2,Mae Kham Lak Chet,น้ำแม่คำ,ศรีค้ำ,แม่จัน,เชียงราย
2022-12-01,3.8,Nam Mae Chaem,น้ำแม่แจ่ม,บ้านท่าข้าม,จอมทอง,เชียงใหม่
2022-12-01,5.1,Nawarat Bridge,แม่น้ำปิง,วัดเกต,เมือง,เชียงใหม่
2022-12-01,5.1,Nawarat Bridge,แม่น้ำปิง,วัดเกต,เมือง,เชียงใหม่
2022-12-01,4.9,Pracha Uthit Bridge,น้ำแม่กลาง,บ้านหลวง,จอมทอง,เชียงใหม่
2022-12-01,5.7,Romklao Cooperative House,น้ำแม่งัด,แม่แวน,พร้าว,เชียงใหม่
2022-12-01,4.7,Saphan Ban Khay,น้ำฝาง,แม่นาวาง,แม่อาย,เชียงใหม่
2022-12-01,4.8,Setuwaree Bridge,แม้น้ำวัง,เวียงเหนือ,เมือง,ลำปาง
2022-12-01,12.7,Tha Li Bridge,น้ำว้า,ขึ่ง,เวียงสา,น่าน
2022-12-01,8,Tha Nang Bridge,น้ำแม่กวง,ในเมือง,เมือง,ลำพูน
2022-12-01,3.8,Wang Phrao,น้ำแม่จาง,วังพร้าว,เกาะคา,ลำปาง
2022-12-02,2.7,Ban Chiang Dao,แม่น้ำปิง,เชียงดาว,เชียงดาว,เชียงใหม่
2022-12-02,3.8,Ban Chor Lae,แม่น้ำปิง,ช่อแล,แม่แตง,เชียงใหม่
2022-12-02,4.3,Ban Don Chai,แม่น้ำวัง,ล้อมแรด,เถิน,ลำปาง
2022-12-02,5.7,Ban Don Mun,แม่น้ำวัง,บ้านแลง,เมือง,ลำปาง
2022-12-02,5,Ban Don Sali,น้ำแม่ลาว,ป่าแดด,แม่สรวย,เชียงราย
2022-12-02,5.6,Ban Hai,แม่น้ำวัง,ปงดอน,แจ้ห่ม,ลำปาง
2022-12-02,4,Ban Hong,น้ำแม่ออน,ร้องวัวแดง,สันกำแพง,เชียงใหม่
2022-12-02,3,Ban Hua Sapan,น้ำแม่จัน,ป่าซาง,แม่จัน,เชียงราย
2022-12-02,5.7,Ban Huai Pa Sang,น้ำแม่แตง,กึ๊ดช้าง,แม่แตง,เชียงใหม่
2022-12-02,9.3,Ban Huai Sak,แม่น้ำยม,เตาปูน,สอง,แพร่
2022-12-02,0.9,Ban Klang,น้ำแม่ขาน,บ้านกลาง,สันป่าตอง,เชียงใหม่
2022-12-02,6.9,Ban Klang,น้ำแม่ขาน,บ้านกลาง,สันป่าตอง,เชียงใหม่
2022-12-02,3.3,Ban Ko Kha,แม่น้ำวัง,ศาลา,เกาะคา,ลำปาง
2022-12-02,6.1,Ban Kok Tong,แม่น้ำกก,รอบเวียง,เมือง,เชียงราย
2022-12-02,4.5,Ban Krariang Tung Phrao,น้ำแม่สรวย,วาวี,แม่สรวย,เชียงราย
2022-12-02,3.2,Ban Lai Kaeo,น้ำแม่ลี้,ศรีเตี้ย,บ้านโฮ่ง,ลำพูน
2022-12-02,6.8,Ban Luang,น้ำแม่ตื่น,ยางเปียง,อมก๋อย,เชียงใหม่
2022-12-02,7.7,Ban Luang Nuea,น้ำงาว,หลวงใต้,งาว,ลำปาง
2022-12-02,7,Ban Mae E Hi,น้ำแม่ลี้,ศรีวิชัย,ลี้,ลำพูน
2022-12-02,5.2,Ban Mae Kha Bridge,น้ำฝาง,แม่ข่า,ฝาง,เชียงใหม่
2022-12-02,6.9,Ban Mae Khom Mi Tamnak Tham,น้ำแม่คำมี,ตำหนักธรรม,หนองม่วงไข่,แพร่
2022-12-02,6,Ban Mae Lai,น้ำแม่หล่าย,แม่หล่าย,เมือง,แพร่
2022-12-02,2.6,Ban Mae Tae,แม่น้ำปิง,แม่แฝกเก่า,สันทราย,เชียงใหม่
2022-12-02,3.4,Ban Mae Taeng,แม่น้ำแตง,สันมหาพล,แม่แตง,เชียงใหม่
2022-12-02,3.9,Ban Mae Wan,น้ำแม่กวง,ป่าเมี่ยง,ดอยสะเก็ด,เชียงใหม่
2022-12-02,5.8,Ban Mai Rim Fang,น้ำฝาง,เวียงฝาง,ฝาง,เชียงใหม่
2022-12-02,7.3,Ban Mang,น้ำปี้,มาง,เชียงม่วน,พะเยา
2022-12-02,4.3,Ban Mueang Kuet,น้ำแม่แตง,กึ๊ดช้าง,แม่แตง,เชียงใหม่
2022-12-02,2.6,Ban Mueang Mai,ห้วยแม่ต๋า,เมืองมาย,แจ้ห่ม,ลำปาง
2022-12-02,4.9,Ban Mueang Pha,น้ำแม่ริม,ริมเหนือ,แม่ริม,เชียงใหม่
2022-12-02,1.4,Ban Nam Ing,น้ำอิง,ต้า,ขุนตาล,เชียงราย
2022-12-02,9.5,Ban Nam Khong,แม่น้ำยม,ป่าแมต,เมือง,แพร่
2022-12-02,5.6,Ban Nam Yao,น้ำยาว,อวน,ปัว,น่าน
2022-12-02,0.4,Ban Nong Daeng,แม่น้ำน่าน,เปือ,เชียงกลาง,น่าน
2022-12-02,1.9,Ban Nong Naw,น้ำแม่สอย,แจ้ห่ม,แจ้ห่ม,ลำปาง
2022-12-02,4,Ban Nong Pham,น้ำแม่ลาว,แม่สรวย,แม่สรวย,เชียงราย
2022-12-02,7.4,Ban Pa Kha,น้ำควร,ควร,ปง,พะเยา
2022-12-02,8.1,Ban Pa Khoi Tai,แม่น้ำปิง,สันผีเสื้อ,เมือง,เชียงใหม่
2022-12-02,5.1,Ban Pa Sang,น้ำแม่ทา,ป่าซาง,ป่าซาง,ลำพูน
2022-12-02,5.8,Ban Pang Sa,ห้วยน้ำยาว,ผาทอง,ท่าวังผา,น่าน
2022-12-02,10.5,Ban Pha Khwang,แม่น้ำน่าน,บ่อ,เมือง,น่าน
2022-12-02,6.8,Ban Phai Ngarm,แม่น้ำน่าน,ส้าน,เวียงสา,น่าน
2022-12-02,4.7,Ban Phan Ton,น้ำแม่วาง,ทุ่งปี้,แม่วาง,เชียงใหม่
2022-12-02,4.9,Ban Phi Tai,น้ำปี้,บ้านพี้,บ้านหลวง,น่าน
2022-12-02,3,Ban Phu Yaeng,น้ำมวบ,ดู่พงษ์,สันติสุข,น่าน
2022-12-02,8,Ban Pong,น้ำแม่กวง,บวกค้าง,สันกำแพง,เชียงใหม่
2022-12-02,8.6,Ban Pong,น้ำแม่กวง,บวกค้าง,สันกำแพง,เชียงใหม่
2022-12-02,4.68,Ban Pong,ห้วยโป่ง,บ้านโป่ง,งาว,ลำปาง
2022-12-02,4.6,Ban Rong Kho,แม่น้ำวัง,ร่องเคาะ,วังเหนือ,ลำปาง
2022-12-02,5.9,Ban Rong Khun,น้ำแม่ลาว,ป่าอ้อดอนชัย,เมือง,เชียงราย
2022-12-02,3.5,Ban Saluang Nok,น้ำแม่ริม,สลวง,แม่ริม,เชียงใหม่
2022-12-02,6.5,Ban San Pu Loei,น้ำแม่ขอด,โหล่งขอด,พร้าว,เชียงใหม่
2022-12-02,7.3,Ban Singpotin,น้ำแม่ลาย,ป่าเมี่ยง,ดอยสะเก็ด,เชียงใหม่
2022-12-02,10.1,Ban Sob Soi,แม่น้ำปิง,แม่สอย,จอมทอง,เชียงใหม่
2022-12-02,5.6,Ban Sop Mae Sapoot,แม่น้ำแม่ทา,ทาสบเส้า,แม่ทา,ลำพูน
2022-12-02,9.2,Ban Sop Pae,แม่น้ำปิง,สบแปะ,จอมทอง,เชียงใหม่
2022-12-02,5.9,Ban Sop Prap,แม่น้ำวัง,สบปราบ,สบปราบ,ลำปาง
2022-12-02,5.9,Ban Sop Tam,น้ำแม่ต่ำ,เกาะคา,เกาะคา,ลำปาง
2022-12-02,4.7,Ban Sop Win,น้ำแม่วาง,แม่วิน,แม่วาง,เชียงใหม่
2022-12-02,7.3,Ban Tha Duea,แม่น้ำวัง,พิชัย,เมือง,ลำปาง
2022-12-02,5.9,Ban Tha Lo,น้ำแม่ตุ๋ย,บ่อแฮ้ว,เมือง,ลำปาง
2022-12-02,4.1,Ban Tha Pong Daeng,น้ำปาย,ผาบ่อง,เมือง,แม่ฮ่องสอน
2022-12-02,12.2,Ban Thung Nong,แม่น้ำยม,สระ,เชียงม่วน,พะเยา
2022-12-02,5.1,Ban Ton Yang,น้ำแม่ลาว,บัวสลี,แม่ลาว,เชียงราย
2022-12-02,13.4,Ban Wang Chin,แม่น้ำยม,วังชิ้น,วังชิ้น,แพร่
2022-12-02,3.9,Chedingam,น้ำอิง,ท่าวังทอง,เมือง,พะเยา
2022-12-02,7.2,In front of the Forestry Office,แม่น้ำน่าน,ในเวียง,เมือง,น่าน
2022-12-02,6.2,Mae Kham Lak Chet,น้ำแม่คำ,ศรีค้ำ,แม่จัน,เชียงราย
2022-12-02,3.8,Nam Mae Chaem,น้ำแม่แจ่ม,บ้านท่าข้าม,จอมทอง,เชียงใหม่
2022-12-02,5.1,Nawarat Bridge,แม่น้ำปิง,วัดเกต,เมือง,เชียงใหม่
2022-12-02,5.1,Nawarat Bridge,แม่น้ำปิง,วัดเกต,เมือง,เชียงใหม่
2022-12-02,5,Pracha Uthit Bridge,น้ำแม่กลาง,บ้านหลวง,จอมทอง,เชียงใหม่
2022-12-02,5.7,Romklao Cooperative House,น้ำแม่งัด,แม่แวน,พร้าว,เชียงใหม่
2022-12-02,4.7,Saphan Ban Khay,น้ำฝาง,แม่นาวาง,แม่อาย,เชียงใหม่
2022-12-02,4.8,Setuwaree Bridge,แม้น้ำวัง,เวียงเหนือ,เมือง,ลำปาง
2022-12-02,12.6,Tha Li Bridge,น้ำว้า,ขึ่ง,เวียงสา,น่าน
2022-12-02,8.4,Tha Nang Bridge,น้ำแม่กวง,ในเมือง,เมือง,ลำพูน
2022-12-02,3.8,Wang Phrao,น้ำแม่จาง,วังพร้าว,เกาะคา,ลำปาง
2022-12-03,2.7,Ban Chiang Dao,แม่น้ำปิง,เชียงดาว,เชียงดาว,เชียงใหม่
2022-12-03,3.8,Ban Chor Lae,แม่น้ำปิง,ช่อแล,แม่แตง,เชียงใหม่
2022-12-03,4.3,Ban Don Chai,แม่น้ำวัง,ล้อมแรด,เถิน,ลำปาง
2022-12-03,5.8,Ban Don Mun,แม่น้ำวัง,บ้านแลง,เมือง,ลำปาง
2022-12-03,5,Ban Don Sali,น้ำแม่ลาว,ป่าแดด,แม่สรวย,เชียงราย
2022-12-03,5.6,Ban Hai,แม่น้ำวัง,ปงดอน,แจ้ห่ม,ลำปาง
2022-12-03,4,Ban Hong,น้ำแม่ออน,ร้องวัวแดง,สันกำแพง,เชียงใหม่
2022-12-03,3,Ban Hua Sapan,น้ำแม่จัน,ป่าซาง,แม่จัน,เชียงราย
2022-12-03,5.7,Ban Huai Pa Sang,น้ำแม่แตง,กึ๊ดช้าง,แม่แตง,เชียงใหม่
2022-12-03,9.2,Ban Huai Sak,แม่น้ำยม,เตาปูน,สอง,แพร่
2022-12-03,6.8,Ban Klang,น้ำแม่ขาน,บ้านกลาง,สันป่าตอง,เชียงใหม่
2022-12-03,3.3,Ban Ko Kha,แม่น้ำวัง,ศาลา,เกาะคา,ลำปาง
2022-12-03,6.1,Ban Kok Tong,แม่น้ำกก,รอบเวียง,เมือง,เชียงราย
2022-12-03,4.5,Ban Krariang Tung Phrao,น้ำแม่สรวย,วาวี,แม่สรวย,เชียงราย
2022-12-03,3.2,Ban Lai Kaeo,น้ำแม่ลี้,ศรีเตี้ย,บ้านโฮ่ง,ลำพูน
2022-12-03,6.7,Ban Luang,น้ำแม่ตื่น,ยางเปียง,อมก๋อย,เชียงใหม่
2022-12-03,7.7,Ban Luang Nuea,น้ำงาว,หลวงใต้,งาว,ลำปาง
2022-12-03,7,Ban Mae E Hi,น้ำแม่ลี้,ศรีวิชัย,ลี้,ลำพูน
2022-12-03,5.2,Ban Mae Kha Bridge,น้ำฝาง,แม่ข่า,ฝาง,เชียงใหม่
2022-12-03,6.9,Ban Mae Khom Mi Tamnak Tham,น้ำแม่คำมี,ตำหนักธรรม,หนองม่วงไข่,แพร่
2022-12-03,5.9,Ban Mae Lai,น้ำแม่หล่าย,แม่หล่าย,เมือง,แพร่
2022-12-03,2.7,Ban Mae Tae,แม่น้ำปิง,แม่แฝกเก่า,สันทราย,เชียงใหม่
2022-12-03,3,Ban Mae Taeng,แม่น้ำแตง,สันมหาพล,แม่แตง,เชียงใหม่
2022-12-03,3.9,Ban Mae Wan,น้ำแม่กวง,ป่าเมี่ยง,ดอยสะเก็ด,เชียงใหม่
2022-12-03,6.9,Ban Mai Rim Fang,น้ำฝาง,เวียงฝาง,ฝาง,เชียงใหม่
2022-12-03,7.3,Ban Mang,น้ำปี้,มาง,เชียงม่วน,พะเยา
2022-12-03,4.3,Ban Mueang Kuet,น้ำแม่แตง,กึ๊ดช้าง,แม่แตง,เชียงใหม่
2022-12-03,2.6,Ban Mueang Mai,ห้วยแม่ต๋า,เมืองมาย,แจ้ห่ม,ลำปาง
2022-12-03,4.7,Ban Mueang Pha,น้ำแม่ริม,ริมเหนือ,แม่ริม,เชียงใหม่
2022-12-03,1.4,Ban Nam Ing,น้ำอิง,ต้า,ขุนตาล,เชียงราย
2022-12-03,9.5,Ban Nam Khong,แม่น้ำยม,ป่าแมต,เมือง,แพร่
2022-12-03,5.6,Ban Nam Yao,น้ำยาว,อวน,ปัว,น่าน
2022-12-03,0.4,Ban Nong Daeng,แม่น้ำน่าน,เปือ,เชียงกลาง,น่าน
2022-12-03,1.9,Ban Nong Naw,น้ำแม่สอย,แจ้ห่ม,แจ้ห่ม,ลำปาง
2022-12-03,4.1,Ban Nong Pham,น้ำแม่ลาว,แม่สรวย,แม่สรวย,เชียงราย
2022-12-03,7.4,Ban Pa Kha,น้ำควร,ควร,ปง,พะเยา
2022-12-03,8.1,Ban Pa Khoi Tai,แม่น้ำปิง,สันผีเสื้อ,เมือง,เชียงใหม่
2022-12-03,5.1,Ban Pa Sang,น้ำแม่ทา,ป่าซาง,ป่าซาง,ลำพูน
2022-12-03,5.8,Ban Pang Sa,ห้วยน้ำยาว,ผาทอง,ท่าวังผา,น่าน
2022-12-03,10.5,Ban Pha Khwang,แม่น้ำน่าน,บ่อ,เมือง,น่าน
2022-12-03,6.8,Ban Phai Ngarm,แม่น้ำน่าน,ส้าน,เวียงสา,น่าน
2022-12-03,4.6,Ban Phan Ton,น้ำแม่วาง,ทุ่งปี้,แม่วาง,เชียงใหม่
2022-12-03,4.9,Ban Phi Tai,น้ำปี้,บ้านพี้,บ้านหลวง,น่าน
2022-12-03,3,Ban Phu Yaeng,น้ำมวบ,ดู่พงษ์,สันติสุข,น่าน
2022-12-03,7.7,Ban Pong,น้ำแม่กวง,บวกค้าง,สันกำแพง,เชียงใหม่
2022-12-03,8.6,Ban Pong,น้ำแม่กวง,บวกค้าง,สันกำแพง,เชียงใหม่
2022-12-03,4.68,Ban Pong,ห้วยโป่ง,บ้านโป่ง,งาว,ลำปาง
2022-12-03,4.5,Ban Rong Kho,แม่น้ำวัง,ร่องเคาะ,วังเหนือ,ลำปาง
2022-12-03,5.9,Ban Rong Khun,น้ำแม่ลาว,ป่าอ้อดอนชัย,เมือง,เชียงราย
2022-12-03,3.5,Ban Saluang Nok,น้ำแม่ริม,สลวง,แม่ริม,เชียงใหม่
2022-12-03,6.5,Ban San Pu Loei,น้ำแม่ขอด,โหล่งขอด,พร้าว,เชียงใหม่
2022-12-03,7.3,Ban Singpotin,น้ำแม่ลาย,ป่าเมี่ยง,ดอยสะเก็ด,เชียงใหม่
2022-12-03,9.6,Ban Sob Soi,แม่น้ำปิง,แม่สอย,จอมทอง,เชียงใหม่
2022-12-03,5.6,Ban Sop Mae Sapoot,แม่น้ำแม่ทา,ทาสบเส้า,แม่ทา,ลำพูน
2022-12-03,9.1,Ban Sop Pae,แม่น้ำปิง,สบแปะ,จอมทอง,เชียงใหม่
2022-12-03,5.9,Ban Sop Prap,แม่น้ำวัง,สบปราบ,สบปราบ,ลำปาง
2022-12-03,6,Ban Sop Tam,น้ำแม่ต่ำ,เกาะคา,เกาะคา,ลำปาง
2022-12-03,4.6,Ban Sop Win,น้ำแม่วาง,แม่วิน,แม่วาง,เชียงใหม่
2022-12-03,7.3,Ban Tha Duea,แม่น้ำวัง,พิชัย,เมือง,ลำปาง
2022-12-03,5.9,Ban Tha Lo,น้ำแม่ตุ๋ย,บ่อแฮ้ว,เมือง,ลำปาง
2022-12-03,4.1,Ban Tha Pong Daeng,น้ำปาย,ผาบ่อง,เมือง,แม่ฮ่องสอน
2022-12-03,12.2,Ban Thung Nong,แม่น้ำยม,สระ,เชียงม่วน,พะเยา
2022-12-03,5.1,Ban Ton Yang,น้ำแม่ลาว,บัวสลี,แม่ลาว,เชียงราย
2022-12-03,13.4,Ban Wang Chin,แม่น้ำยม,วังชิ้น,วังชิ้น,แพร่
2022-12-03,3.7,Chedingam,น้ำอิง,ท่าวังทอง,เมือง,พะเยา
2022-12-03,7.2,In front of the Forestry Office,แม่น้ำน่าน,ในเวียง,เมือง,น่าน
2022-12-03,6.2,Mae Kham Lak Chet,น้ำแม่คำ,ศรีค้ำ,แม่จัน,เชียงราย
2022-12-03,3.8,Nam Mae Chaem,น้ำแม่แจ่ม,บ้านท่าข้าม,จอมทอง,เชียงใหม่
2022-12-03,5.2,Nawarat Bridge,แม่น้ำปิง,วัดเกต,เมือง,เชียงใหม่
2022-12-03,5.2,Nawarat Bridge,แม่น้ำปิง,วัดเกต,เมือง,เชียงใหม่
2022-12-03,4.7,Pracha Uthit Bridge,น้ำแม่กลาง,บ้านหลวง,จอมทอง,เชียงใหม่
2022-12-03,5.7,Romklao Cooperative House,น้ำแม่งัด,แม่แวน,พร้าว,เชียงใหม่
2022-12-03,4.9,Saphan Ban Khay,น้ำฝาง,แม่นาวาง,แม่อาย,เชียงใหม่
2022-12-03,4.7,Setuwaree Bridge,แม้น้ำวัง,เวียงเหนือ,เมือง,ลำปาง
2022-12-03,12.6,Tha Li Bridge,น้ำว้า,ขึ่ง,เวียงสา,น่าน
2022-12-03,8.4,Tha Nang Bridge,น้ำแม่กวง,ในเมือง,เมือง,ลำพูน
2022-12-03,3.8,Wang Phrao,น้ำแม่จาง,วังพร้าว,เกาะคา,ลำปาง
2022-12-04,2.7,Ban Chiang Dao,แม่น้ำปิง,เชียงดาว,เชียงดาว,เชียงใหม่
2022-12-04,3.7,Ban Chor Lae,แม่น้ำปิง,ช่อแล,แม่แตง,เชียงใหม่
2022-12-04,4.3,Ban Don Chai,แม่น้ำวัง,ล้อมแรด,เถิน,ลำปาง
2022-12-04,5.7,Ban Don Mun,แม่น้ำวัง,บ้านแลง,เมือง,ลำปาง
2022-12-04,5,Ban Don Sali,น้ำแม่ลาว,ป่าแดด,แม่สรวย,เชียงราย
2022-12-04,5.6,Ban Hai,แม่น้ำวัง,ปงดอน,แจ้ห่ม,ลำปาง
2022-12-04,4,Ban Hong,น้ำแม่ออน,ร้องวัวแดง,สันกำแพง,เชียงใหม่
2022-12-04,5.7,Ban Huai Pa Sang,น้ำแม่แตง,กึ๊ดช้าง,แม่แตง,เชียงใหม่
2022-12-04,9.2,Ban Huai Sak,แม่น้ำยม,เตาปูน,สอง,แพร่
2022-12-04,0.8,Ban Klang,น้ำแม่ขาน,บ้านกลาง,สันป่าตอง,เชียงใหม่
2022-12-04,6.7,Ban Klang,น้ำแม่ขาน,บ้านกลาง,สันป่าตอง,เชียงใหม่
2022-12-04,3.3,Ban Ko Kha,แม่น้ำวัง,ศาลา,เกาะคา,ลำปาง
2022-12-04,6.1,Ban Kok Tong,แม่น้ำกก,รอบเวียง,เมือง,เชียงราย
2022-12-04,4.5,Ban Krariang Tung Phrao,น้ำแม่สรวย,วาวี,แม่สรวย,เชียงราย
2022-12-04,3.2,Ban Lai Kaeo,น้ำแม่ลี้,ศรีเตี้ย,บ้านโฮ่ง,ลำพูน
2022-12-04,6.7,Ban Luang,น้ำแม่ตื่น,ยางเปียง,อมก๋อย,เชียงใหม่
2022-12-04,7.7,Ban Luang Nuea,น้ำงาว,หลวงใต้,งาว,ลำปาง
2022-12-04,7,Ban Mae E Hi,น้ำแม่ลี้,ศรีวิชัย,ลี้,ลำพูน
2022-12-04,5.2,Ban Mae Kha Bridge,น้ำฝาง,แม่ข่า,ฝาง,เชียงใหม่
2022-12-04,6.9,Ban Mae Khom Mi Tamnak Tham,น้ำแม่คำมี,ตำหนักธรรม,หนองม่วงไข่,แพร่
2022-12-04,5.9,Ban Mae Lai,น้ำแม่หล่าย,แม่หล่าย,เมือง,แพร่
2022-12-04,2.6,Ban Mae Tae,แม่น้ำปิง,แม่แฝกเก่า,สันทราย,เชียงใหม่
2022-12-04,3,Ban Mae Taeng,แม่น้ำแตง,สันมหาพล,แม่แตง,เชียงใหม่
2022-12-04,3.9,Ban Mae Wan,น้ำแม่กวง,ป่าเมี่ยง,ดอยสะเก็ด,เชียงใหม่
2022-12-04,6.2,Ban Mai Rim Fang,น้ำฝาง,เวียงฝาง,ฝาง,เชียงใหม่
2022-12-04,7.3,Ban Mang,น้ำปี้,มาง,เชียงม่วน,พะเยา
2022-12-04,4.2,Ban Mueang Kuet,น้ำแม่แตง,กึ๊ดช้าง,แม่แตง,เชียงใหม่
2022-12-04,2.6,Ban Mueang Mai,ห้วยแม่ต๋า,เมืองมาย,แจ้ห่ม,ลำปาง
2022-12-04,4.7,Ban Mueang Pha,น้ำแม่ริม,ริมเหนือ,แม่ริม,เชียงใหม่
2022-12-04,1.6,Ban Nam Ing,น้ำอิง,ต้า,ขุนตาล,เชียงราย
2022-12-04,9.4,Ban Nam Khong,แม่น้ำยม,ป่าแมต,เมือง,แพร่
2022-12-04,5.6,Ban Nam Yao,น้ำยาว,อวน,ปัว,น่าน
2022-12-04,0.4,Ban Nong Daeng,แม่น้ำน่าน,เปือ,เชียงกลาง,น่าน
2022-12-04,1.9,Ban Nong Naw,น้ำแม่สอย,แจ้ห่ม,แจ้ห่ม,ลำปาง
2022-12-04,4,Ban Nong Pham,น้ำแม่ลาว,แม่สรวย,แม่สรวย,เชียงราย
2022-12-04,7.4,Ban Pa Kha,น้ำควร,ควร,ปง,พะเยา
2022-12-04,8.1,Ban Pa Khoi Tai,แม่น้ำปิง,สันผีเสื้อ,เมือง,เชียงใหม่
2022-12-04,5,Ban Pa Sang,น้ำแม่ทา,ป่าซาง,ป่าซาง,ลำพูน
2022-12-04,5.7,Ban Pang Sa,ห้วยน้ำยาว,ผาทอง,ท่าวังผา,น่าน
2022-12-04,10.5,Ban Pha Khwang,แม่น้ำน่าน,บ่อ,เมือง,น่าน
2022-12-04,6.8,Ban Phai Ngarm,แม่น้ำน่าน,ส้าน,เวียงสา,น่าน
2022-12-04,4.6,Ban Phan Ton,น้ำแม่วาง,ทุ่งปี้,แม่วาง,เชียงใหม่
2022-12-04,4.9,Ban Phi Tai,น้ำปี้,บ้านพี้,บ้านหลวง,น่าน
2022-12-04,3,Ban Phu Yaeng,น้ำมวบ,ดู่พงษ์,สันติสุข,น่าน
2022-12-04,7.4,Ban Pong,น้ำแม่กวง,บวกค้าง,สันกำแพง,เชียงใหม่
2022-12-04,8.6,Ban Pong,น้ำแม่กวง,บวกค้าง,สันกำแพง,เชียงใหม่
2022-12-04,4.68,Ban Pong,ห้วยโป่ง,บ้านโป่ง,งาว,ลำปาง
2022-12-04,4.5,Ban Rong Kho,แม่น้ำวัง,ร่องเคาะ,วังเหนือ,ลำปาง
2022-12-04,5.9,Ban Rong Khun,น้ำแม่ลาว,ป่าอ้อดอนชัย,เมือง,เชียงราย
2022-12-04,3.5,Ban Saluang Nok,น้ำแม่ริม,สลวง,แม่ริม,เชียงใหม่
2022-12-04,6.5,Ban San Pu Loei,น้ำแม่ขอด,โหล่งขอด,พร้าว,เชียงใหม่
2022-12-04,7.3,Ban Singpotin,น้ำแม่ลาย,ป่าเมี่ยง,ดอยสะเก็ด,เชียงใหม่
2022-12-04,9.7,Ban Sob Soi,แม่น้ำปิง,แม่สอย,จอมทอง,เชียงใหม่
2022-12-04,5.6,Ban Sop Mae Sapoot,แม่น้ำแม่ทา,ทาสบเส้า,แม่ทา,ลำพูน
2022-12-04,8.8,Ban Sop Pae,แม่น้ำปิง,สบแปะ,จอมทอง,เชียงใหม่
2022-12-04,5.9,Ban Sop Prap,แม่น้ำวัง,สบปราบ,สบปราบ,ลำปาง
2022-12-04,6,Ban Sop Tam,น้ำแม่ต่ำ,เกาะคา,เกาะคา,ลำปาง
2022-12-04,4.6,Ban Sop Win,น้ำแม่วาง,แม่วิน,แม่วาง,เชียงใหม่
2022-12-04,7.4,Ban Tha Duea,แม่น้ำวัง,พิชัย,เมือง,ลำปาง
2022-12-04,5.9,Ban Tha Lo,น้ำแม่ตุ๋ย,บ่อแฮ้ว,เมือง,ลำปาง
2022-12-04,4.1,Ban Tha Pong Daeng,น้ำปาย,ผาบ่อง,เมือง,แม่ฮ่องสอน
2022-12-04,12.2,Ban Thung Nong,แม่น้ำยม,สระ,เชียงม่วน,พะเยา
2022-12-04,5.1,Ban Ton Yang,น้ำแม่ลาว,บัวสลี,แม่ลาว,เชียงราย
2022-12-04,13.4,Ban Wang Chin,แม่น้ำยม,วังชิ้น,วังชิ้น,แพร่
2022-12-04,7.2,In front of the Forestry Office,แม่น้ำน่าน,ในเวียง,เมือง,น่าน
2022-12-04,6.2,Mae Kham Lak Chet,น้ำแม่คำ,ศรีค้ำ,แม่จัน,เชียงราย
2022-12-04,3.8,Nam Mae Chaem,น้ำแม่แจ่ม,บ้านท่าข้าม,จอมทอง,เชียงใหม่
2022-12-04,5.2,Nawarat Bridge,แม่น้ำปิง,วัดเกต,เมือง,เชียงใหม่
2022-12-04,5.2,Nawarat Bridge,แม่น้ำปิง,วัดเกต,เมือง,เชียงใหม่
2022-12-04,4.7,Pracha Uthit Bridge,น้ำแม่กลาง,บ้านหลวง,จอมทอง,เชียงใหม่
2022-12-04,5.7,Romklao Cooperative House,น้ำแม่งัด,แม่แวน,พร้าว,เชียงใหม่
2022-12-04,5,Saphan Ban Khay,น้ำฝาง,แม่นาวาง,แม่อาย,เชียงใหม่
2022-12-04,4.7,Setuwaree Bridge,แม้น้ำวัง,เวียงเหนือ,เมือง,ลำปาง
2022-12-04,12.6,Tha Li Bridge,น้ำว้า,ขึ่ง,เวียงสา,น่าน
2022-12-04,7.7,Tha Nang Bridge,น้ำแม่กวง,ในเมือง,เมือง,ลำพูน
2022-12-04,3.8,Wang Phrao,น้ำแม่จาง,วังพร้าว,เกาะคา,ลำปาง
2022-12-05,2.7,Ban Chiang Dao,แม่น้ำปิง,เชียงดาว,เชียงดาว,เชียงใหม่
2022-12-05,3.7,Ban Chor Lae,แม่น้ำปิง,ช่อแล,แม่แตง,เชียงใหม่
2022-12-05,4.3,Ban Don Chai,แม่น้ำวัง,ล้อมแรด,เถิน,ลำปาง
2022-12-05,5.7,Ban Don Mun,แม่น้ำวัง,บ้านแลง,เมือง,ลำปาง
2022-12-05,5,Ban Don Sali,น้ำแม่ลาว,ป่าแดด,แม่สรวย,เชียงราย
2022-12-05,5.6,Ban Hai,แม่น้ำวัง,ปงดอน,แจ้ห่ม,ลำปาง
2022-12-05,4,Ban Hong,น้ำแม่ออน,ร้องวัวแดง,สันกำแพง,เชียงใหม่
2022-12-05,3,Ban Hua Sapan,น้ำแม่จัน,ป่าซาง,แม่จัน,เชียงราย
2022-12-05,5.7,Ban Huai Pa Sang,น้ำแม่แตง,กึ๊ดช้าง,แม่แตง,เชียงใหม่
2022-12-05,9.2,Ban Huai Sak,แม่น้ำยม,เตาปูน,สอง,แพร่
2022-12-05,0.8,Ban Klang,น้ำแม่ขาน,บ้านกลาง,สันป่าตอง,เชียงใหม่
2022-12-05,6.6,Ban Klang,น้ำแม่ขาน,บ้านกลาง,สันป่าตอง,เชียงใหม่
2022-12-05,3.3,Ban Ko Kha,แม่น้ำวัง,ศาลา,เกาะคา,ลำปาง
2022-12-05,6,Ban Kok Tong,แม่น้ำกก,รอบเวียง,เมือง,เชียงราย
2022-12-05,4.5,Ban Krariang Tung Phrao,น้ำแม่สรวย,วาวี,แม่สรวย,เชียงราย
2022-12-05,3.2,Ban Lai Kaeo,น้ำแม่ลี้,ศรีเตี้ย,บ้านโฮ่ง,ลำพูน
2022-12-05,6.7,Ban Luang,น้ำแม่ตื่น,ยางเปียง,อมก๋อย,เชียงใหม่
2022-12-05,7.6,Ban Luang Nuea,น้ำงาว,หลวงใต้,งาว,ลำปาง
2022-12-05,6.9,Ban Mae E Hi,น้ำแม่ลี้,ศรีวิชัย,ลี้,ลำพูน
2022-12-05,5.1,Ban Mae Kha Bridge,น้ำฝาง,แม่ข่า,ฝาง,เชียงใหม่
2022-12-05,6.9,Ban Mae Khom Mi Tamnak Tham,น้ำแม่คำมี,ตำหนักธรรม,หนองม่วงไข่,แพร่
2022-12-05,6,Ban Mae Lai,น้ำแม่หล่าย,แม่หล่าย,เมือง,แพร่
2022-12-05,2.6,Ban Mae Tae,แม่น้ำปิง,แม่แฝกเก่า,สันทราย,เชียงใหม่
2022-12-05,3,Ban Mae Taeng,แม่น้ำแตง,สันมหาพล,แม่แตง,เชียงใหม่
2022-12-05,3.9,Ban Mae Wan,น้ำแม่กวง,ป่าเมี่ยง,ดอยสะเก็ด,เชียงใหม่
2022-12-05,5.9,Ban Mai Rim Fang,น้ำฝาง,เวียงฝาง,ฝาง,เชียงใหม่
2022-12-05,7.2,Ban Mang,น้ำปี้,มาง,เชียงม่วน,พะเยา
2022-12-05,4.2,Ban Mueang Kuet,น้ำแม่แตง,กึ๊ดช้าง,แม่แตง,เชียงใหม่
2022-12-05,2.6,Ban Mueang Mai,ห้วยแม่ต๋า,เมืองมาย,แจ้ห่ม,ลำปาง
2022-12-05,4.6,Ban Mueang Pha,น้ำแม่ริม,ริมเหนือ,แม่ริม,เชียงใหม่
2022-12-05,1.6,Ban Nam Ing,น้ำอิง,ต้า,ขุนตาล,เชียงราย
2022-12-05,9.4,Ban Nam Khong,แม่น้ำยม,ป่าแมต,เมือง,แพร่
2022-12-05,5.6,Ban Nam Yao,น้ำยาว,อวน,ปัว,น่าน
2022-12-05,0.4,Ban Nong Daeng,แม่น้ำน่าน,เปือ,เชียงกลาง,น่าน
2022-12-05,1.9,Ban Nong Naw,น้ำแม่สอย,แจ้ห่ม,แจ้ห่ม,ลำปาง
2022-12-05,4,Ban Nong Pham,น้ำแม่ลาว,แม่สรวย,แม่สรวย,เชียงราย
2022-12-05,7.4,Ban Pa Kha,น้ำควร,ควร,ปง,พะเยา
2022-12-05,8,Ban Pa Khoi Tai,แม่น้ำปิง,สันผีเสื้อ,เมือง,เชียงใหม่
2022-12-05,4.9,Ban Pa Sang,น้ำแม่ทา,ป่าซาง,ป่าซาง,ลำพูน
2022-12-05,5.7,Ban Pang Sa,ห้วยน้ำยาว,ผาทอง,ท่าวังผา,น่าน
2022-12-05,10.5,Ban Pha Khwang,แม่น้ำน่าน,บ่อ,เมือง,น่าน
2022-12-05,6.7,Ban Phai Ngarm,แม่น้ำน่าน,ส้าน,เวียงสา,น่าน
2022-12-05,4.5,Ban Phan Ton,น้ำแม่วาง,ทุ่งปี้,แม่วาง,เชียงใหม่
2022-12-05,4.9,Ban Phi Tai,น้ำปี้,บ้านพี้,บ้านหลวง,น่าน
2022-12-05,3,Ban Phu Yaeng,น้ำมวบ,ดู่พงษ์,สันติสุข,น่าน
2022-12-05,7.2,Ban Pong,น้ำแม่กวง,บวกค้าง,สันกำแพง,เชียงใหม่
2022-12-05,8.6,Ban Pong,น้ำแม่กวง,บวกค้าง,สันกำแพง,เชียงใหม่
2022-12-05,4.66,Ban Pong,ห้วยโป่ง,บ้านโป่ง,งาว,ลำปาง
2022-12-05,4.5,Ban Rong Kho,แม่น้ำวัง,ร่องเคาะ,วังเหนือ,ลำปาง
2022-12-05,5.8,Ban Rong Khun,น้ำแม่ลาว,ป่าอ้อดอนชัย,เมือง,เชียงราย
2022-12-05,3.5,Ban Saluang Nok,น้ำแม่ริม,สลวง,แม่ริม,เชียงใหม่
2022-12-05,6.5,Ban San Pu Loei,น้ำแม่ขอด,โหล่งขอด,พร้าว,เชียงใหม่
2022-12-05,7.3,Ban Singpotin,น้ำแม่ลาย,ป่าเมี่ยง,ดอยสะเก็ด,เชียงใหม่
2022-12-05,9.6,Ban Sob Soi,แม่น้ำปิง,แม่สอย,จอมทอง,เชียงใหม่
2022-12-05,5.6,Ban Sop Mae Sapoot,แม่น้ำแม่ทา,ทาสบเส้า,แม่ทา,ลำพูน
2022-12-05,8.7,Ban Sop Pae,แม่น้ำปิง,สบแปะ,จอมทอง,เชียงใหม่
2022-12-05,5.9,Ban Sop Prap,แม่น้ำวัง,สบปราบ,สบปราบ,ลำปาง
2022-12-05,6,Ban Sop Tam,น้ำแม่ต่ำ,เกาะคา,เกาะคา,ลำปาง
2022-12-05,4.6,Ban Sop Win,น้ำแม่วาง,แม่วิน,แม่วาง,เชียงใหม่
2022-12-05,7.4,Ban Tha Duea,แม่น้ำวัง,พิชัย,เมือง,ลำปาง
2022-12-05,5.9,Ban Tha Lo,น้ำแม่ตุ๋ย,บ่อแฮ้ว,เมือง,ลำปาง
2022-12-05,4,Ban Tha Pong Daeng,น้ำปาย,ผาบ่อง,เมือง,แม่ฮ่องสอน
2022-12-05,12.1,Ban Thung Nong,แม่น้ำยม,สระ,เชียงม่วน,พะเยา
2022-12-05,5.1,Ban Ton Yang,น้ำแม่ลาว,บัวสลี,แม่ลาว,เชียงราย
2022-12-05,13.3,Ban Wang Chin,แม่น้ำยม,วังชิ้น,วังชิ้น,แพร่
2022-12-05,7.2,In front of the Forestry Office,แม่น้ำน่าน,ในเวียง,เมือง,น่าน
2022-12-05,6.1,Mae Kham Lak Chet,น้ำแม่คำ,ศรีค้ำ,แม่จัน,เชียงราย
2022-12-05,3.8,Nam Mae Chaem,น้ำแม่แจ่ม,บ้านท่าข้าม,จอมทอง,เชียงใหม่
2022-12-05,5.1,Nawarat Bridge,แม่น้ำปิง,วัดเกต,เมือง,เชียงใหม่
2022-12-05,5.1,Nawarat Bridge,แม่น้ำปิง,วัดเกต,เมือง,เชียงใหม่
2022-12-05,4.7,Pracha Uthit Bridge,น้ำแม่กลาง,บ้านหลวง,จอมทอง,เชียงใหม่
2022-12-05,5.7,Romklao Cooperative House,น้ำแม่งัด,แม่แวน,พร้าว,เชียงใหม่
2022-12-05,4.8,Saphan Ban Khay,น้ำฝาง,แม่นาวาง,แม่อาย,เชียงใหม่
2022-12-05,4.8,Setuwaree Bridge,แม้น้ำวัง,เวียงเหนือ,เมือง,ลำปาง
2022-12-05,12.6,Tha Li Bridge,น้ำว้า,ขึ่ง,เวียงสา,น่าน
2022-12-05,7.5,Tha Nang Bridge,น้ำแม่กวง,ในเมือง,เมือง,ลำพูน
2022-12-05,3.8,Wang Phrao,น้ำแม่จาง,วังพร้าว,เกาะคา,ลำปาง
2022-12-06,2.7,Ban Chiang Dao,แม่น้ำปิง,เชียงดาว,เชียงดาว,เชียงใหม่
2022-12-06,3.7,Ban Chor Lae,แม่น้ำปิง,ช่อแล,แม่แตง,เชียงใหม่
2022-12-06,4.3,Ban Don Chai,แม่น้ำวัง,ล้อมแรด,เถิน,ลำปาง
2022-12-06,5.6,Ban Don Mun,แม่น้ำวัง,บ้านแลง,เมือง,ลำปาง
2022-12-06,4.9,Ban Don Sali,น้ำแม่ลาว,ป่าแดด,แม่สรวย,เชียงราย
2022-12-06,5.6,Ban Hai,แม่น้ำวัง,ปงดอน,แจ้ห่ม,ลำปาง
2022-12-06,4,Ban Hong,น้ำแม่ออน,ร้องวัวแดง,สันกำแพง,เชียงใหม่
2022-12-06,3,Ban Hua Sapan,น้ำแม่จัน,ป่าซาง,แม่จัน,เชียงราย
2022-12-06,5.6,Ban Huai Pa Sang,น้ำแม่แตง,กึ๊ดช้าง,แม่แตง,เชียงใหม่
2022-12-06,9.1,Ban Huai Sak,แม่น้ำยม,เตาปูน,สอง,แพร่
2022-12-06,0.8,Ban Klang,น้ำแม่ขาน,บ้านกลาง,สันป่าตอง,เชียงใหม่
2022-12-06,6.6,Ban Klang,น้ำแม่ขาน,บ้านกลาง,สันป่าตอง,เชียงใหม่
2022-12-06,3.3,Ban Ko Kha,แม่น้ำวัง,ศาลา,เกาะคา,ลำปาง
2022-12-06,6,Ban Kok Tong,แม่น้ำกก,รอบเวียง,เมือง,เชียงราย
2022-12-06,4.5,Ban Krariang Tung Phrao,น้ำแม่สรวย,วาวี,แม่สรวย,เชียงราย
2022-12-06,3.2,Ban Lai Kaeo,น้ำแม่ลี้,ศรีเตี้ย,บ้านโฮ่ง,ลำพูน
2022-12-06,6.7,Ban Luang,น้ำแม่ตื่น,ยางเปียง,อมก๋อย,เชียงใหม่
2022-12-06,7.6,Ban Luang Nuea,น้ำงาว,หลวงใต้,งาว,ลำปาง
2022-12-06,6.9,Ban Mae E Hi,น้ำแม่ลี้,ศรีวิชัย,ลี้,ลำพูน
2022-12-06,5.1,Ban Mae Kha Bridge,น้ำฝาง,แม่ข่า,ฝาง,เชียงใหม่
2022-12-06,6.8,Ban Mae Khom Mi Tamnak Tham,น้ำแม่คำมี,ตำหนักธรรม,หนองม่วงไข่,แพร่
2022-12-06,5.9,Ban Mae Lai,น้ำแม่หล่าย,แม่หล่าย,เมือง,แพร่
2022-12-06,2.7,Ban Mae Tae,แม่น้ำปิง,แม่แฝกเก่า,สันทราย,เชียงใหม่
2022-12-06,3,Ban Mae Taeng,แม่น้ำแตง,สันมหาพล,แม่แตง,เชียงใหม่
2022-12-06,3.9,Ban Mae Wan,น้ำแม่กวง,ป่าเมี่ยง,ดอยสะเก็ด,เชียงใหม่
2022-12-06,5.8,Ban Mai Rim Fang,น้ำฝาง,เวียงฝาง,ฝาง,เชียงใหม่
2022-12-06,7.2,Ban Mang,น้ำปี้,มาง,เชียงม่วน,พะเยา
2022-12-06,4.2,Ban Mueang Kuet,น้ำแม่แตง,กึ๊ดช้าง,แม่แตง,เชียงใหม่
2022-12-06,2.6,Ban Mueang Mai,ห้วยแม่ต๋า,เมืองมาย,แจ้ห่ม,ลำปาง
2022-12-06,4.6,Ban Mueang Pha,น้ำแม่ริม,ริมเหนือ,แม่ริม,เชียงใหม่
2022-12-06,1.4,Ban Nam Ing,น้ำอิง,ต้า,ขุนตาล,เชียงราย
2022-12-06,9.4,Ban Nam Khong,แม่น้ำยม,ป่าแมต,เมือง,แพร่
2022-12-06,5.6,Ban Nam Yao,น้ำยาว,อวน,ปัว,น่าน
2022-12-06,0.4,Ban Nong Daeng,แม่น้ำน่าน,เปือ,เชียงกลาง,น่าน
2022-12-06,1.8,Ban Nong Naw,น้ำแม่สอย,แจ้ห่ม,แจ้ห่ม,ลำปาง
2022-12-06,4,Ban Nong Pham,น้ำแม่ลาว,แม่สรวย,แม่สรวย,เชียงราย
2022-12-06,7.5,Ban Pa Kha,น้ำควร,ควร,ปง,พะเยา
2022-12-06,8.1,Ban Pa Khoi Tai,แม่น้ำปิง,สันผีเสื้อ,เมือง,เชียงใหม่
2022-12-06,4.9,Ban Pa Sang,น้ำแม่ทา,ป่าซาง,ป่าซาง,ลำพูน
2022-12-06,5.7,Ban Pang Sa,ห้วยน้ำยาว,ผาทอง,ท่าวังผา,น่าน
2022-12-06,10.5,Ban Pha Khwang,แม่น้ำน่าน,บ่อ,เมือง,น่าน
2022-12-06,6.7,Ban Phai Ngarm,แม่น้ำน่าน,ส้าน,เวียงสา,น่าน
2022-12-06,4.6,Ban Phan Ton,น้ำแม่วาง,ทุ่งปี้,แม่วาง,เชียงใหม่
2022-12-06,4.8,Ban Phi Tai,น้ำปี้,บ้านพี้,บ้านหลวง,น่าน
2022-12-06,3,Ban Phu Yaeng,น้ำมวบ,ดู่พงษ์,สันติสุข,น่าน
2022-12-06,7.1,Ban Pong,น้ำแม่กวง,บวกค้าง,สันกำแพง,เชียงใหม่
2022-12-06,8.4,Ban Pong,น้ำแม่กวง,บวกค้าง,สันกำแพง,เชียงใหม่
2022-12-06,4.54,Ban Pong,ห้วยโป่ง,บ้านโป่ง,งาว,ลำปาง
2022-12-06,4.5,Ban Rong Kho,แม่น้ำวัง,ร่องเคาะ,วังเหนือ,ลำปาง
2022-12-06,5.8,Ban Rong Khun,น้ำแม่ลาว,ป่าอ้อดอนชัย,เมือง,เชียงราย
2022-12-06,3.5,Ban Saluang Nok,น้ำแม่ริม,สลวง,แม่ริม,เชียงใหม่
2022-12-06,6.5,Ban San Pu Loei,น้ำแม่ขอด,โหล่งขอด,พร้าว,เชียงใหม่
2022-12-06,7.3,Ban Singpotin,น้ำแม่ลาย,ป่าเมี่ยง,ดอยสะเก็ด,เชียงใหม่
2022-12-06,9.7,Ban Sob Soi,แม่น้ำปิง,แม่สอย,จอมทอง,เชียงใหม่
2022-12-06,5.6,Ban Sop Mae Sapoot,แม่น้ำแม่ทา,ทาสบเส้า,แม่ทา,ลำพูน
2022-12-06,8.7,Ban Sop Pae,แม่น้ำปิง,สบแปะ,จอมทอง,เชียงใหม่
2022-12-06,5.8,Ban Sop Prap,แม่น้ำวัง,สบปราบ,สบปราบ,ลำปาง
2022-12-06,6,Ban Sop Tam,น้ำแม่ต่ำ,เกาะคา,เกาะคา,ลำปาง
2022-12-06,4.6,Ban Sop Win,น้ำแม่วาง,แม่วิน,แม่วาง,เชียงใหม่
2022-12-06,7.4,Ban Tha Duea,แม่น้ำวัง,พิชัย,เมือง,ลำปาง
2022-12-06,5.9,Ban Tha Lo,น้ำแม่ตุ๋ย,บ่อแฮ้ว,เมือง,ลำปาง
2022-12-06,4,Ban Tha Pong Daeng,น้ำปาย,ผาบ่อง,เมือง,แม่ฮ่องสอน
2022-12-06,12.1,Ban Thung Nong,แม่น้ำยม,สระ,เชียงม่วน,พะเยา
2022-12-06,5,Ban Ton Yang,น้ำแม่ลาว,บัวสลี,แม่ลาว,เชียงราย
2022-12-06,13.3,Ban Wang Chin,แม่น้ำยม,วังชิ้น,วังชิ้น,แพร่
2022-12-06,3.5,Chedingam,น้ำอิง,ท่าวังทอง,เมือง,พะเยา
2022-12-06,7.1,In front of the Forestry Office,แม่น้ำน่าน,ในเวียง,เมือง,น่าน
2022-12-06,6.1,Mae Kham Lak Chet,น้ำแม่คำ,ศรีค้ำ,แม่จัน,เชียงราย
2022-12-06,3.8,Nam Mae Chaem,น้ำแม่แจ่ม,บ้านท่าข้าม,จอมทอง,เชียงใหม่
2022-12-06,5.2,Nawarat Bridge,แม่น้ำปิง,วัดเกต,เมือง,เชียงใหม่
2022-12-06,5.2,Nawarat Bridge,แม่น้ำปิง,วัดเกต,เมือง,เชียงใหม่
2022-12-06,4.6,Pracha Uthit Bridge,น้ำแม่กลาง,บ้านหลวง,จอมทอง,เชียงใหม่
2022-12-06,5.6,Romklao Cooperative House,น้ำแม่งัด,แม่แวน,พร้าว,เชียงใหม่
2022-12-06,4.7,Saphan Ban Khay,น้ำฝาง,แม่นาวาง,แม่อาย,เชียงใหม่
2022-12-06,4.9,Setuwaree Bridge,แม้น้ำวัง,เวียงเหนือ,เมือง,ลำปาง
2022-12-06,12.6,Tha Li Bridge,น้ำว้า,ขึ่ง,เวียงสา,น่าน
2022-12-06,7.6,Tha Nang Bridge,น้ำแม่กวง,ในเมือง,เมือง,ลำพูน
2022-12-06,3.8,Wang Phrao,น้ำแม่จาง,วังพร้าว,เกาะคา,ลำปาง
2022-12-07,2.6,Ban Chiang Dao,แม่น้ำปิง,เชียงดาว,เชียงดาว,เชียงใหม่
2022-12-07,3.7,Ban Chor Lae,แม่น้ำปิง,ช่อแล,แม่แตง,เชียงใหม่
2022-12-07,4.3,Ban Don Chai,แม่น้ำวัง,ล้อมแรด,เถิน,ลำปาง
2022-12-07,5.6,Ban Don Mun,แม่น้ำวัง,บ้านแลง,เมือง,ลำปาง
2022-12-07,4.8,Ban Don Sali,น้ำแม่ลาว,ป่าแดด,แม่สรวย,เชียงราย
2022-12-07,5.6,Ban Hai,แม่น้ำวัง,ปงดอน,แจ้ห่ม,ลำปาง
2022-12-07,4,Ban Hong,น้ำแม่ออน,ร้องวัวแดง,สันกำแพง,เชียงใหม่
2022-12-07,5.6,Ban Huai Pa Sang,น้ำแม่แตง,กึ๊ดช้าง,แม่แตง,เชียงใหม่
2022-12-07,9.1,Ban Huai Sak,แม่น้ำยม,เตาปูน,สอง,แพร่
2022-12-07,0.8,Ban Klang,น้ำแม่ขาน,บ้านกลาง,สันป่าตอง,เชียงใหม่
2022-12-07,6.6,Ban Klang,น้ำแม่ขาน,บ้านกลาง,สันป่าตอง,เชียงใหม่
2022-12-07,3.3,Ban Ko Kha,แม่น้ำวัง,ศาลา,เกาะคา,ลำปาง
2022-12-07,6,Ban Kok Tong,แม่น้ำกก,รอบเวียง,เมือง,เชียงราย
2022-12-07,4.5,Ban Krariang Tung Phrao,น้ำแม่สรวย,วาวี,แม่สรวย,เชียงราย
2022-12-07,3.2,Ban Lai Kaeo,น้ำแม่ลี้,ศรีเตี้ย,บ้านโฮ่ง,ลำพูน
2022-12-07,6.7,Ban Luang,น้ำแม่ตื่น,ยางเปียง,อมก๋อย,เชียงใหม่
2022-12-07,7.6,Ban Luang Nuea,น้ำงาว,หลวงใต้,งาว,ลำปาง
2022-12-07,6.9,Ban Mae E Hi,น้ำแม่ลี้,ศรีวิชัย,ลี้,ลำพูน
2022-12-07,5.1,Ban Mae Kha Bridge,น้ำฝาง,แม่ข่า,ฝาง,เชียงใหม่
2022-12-07,6.8,Ban Mae Khom Mi Tamnak Tham,น้ำแม่คำมี,ตำหนักธรรม,หนองม่วงไข่,แพร่
2022-12-07,5.9,Ban Mae Lai,น้ำแม่หล่าย,แม่หล่าย,เมือง,แพร่
2022-12-07,2.6,Ban Mae Tae,แม่น้ำปิง,แม่แฝกเก่า,สันทราย,เชียงใหม่
2022-12-07,3,Ban Mae Taeng,แม่น้ำแตง,สันมหาพล,แม่แตง,เชียงใหม่
2022-12-07,3.9,Ban Mae Wan,น้ำแม่กวง,ป่าเมี่ยง,ดอยสะเก็ด,เชียงใหม่
2022-12-07,5.8,Ban Mai Rim Fang,น้ำฝาง,เวียงฝาง,ฝาง,เชียงใหม่
2022-12-07,7.2,Ban Mang,น้ำปี้,มาง,เชียงม่วน,พะเยา
2022-12-07,4.2,Ban Mueang Kuet,น้ำแม่แตง,กึ๊ดช้าง,แม่แตง,เชียงใหม่
2022-12-07,2.5,Ban Mueang Mai,ห้วยแม่ต๋า,เมืองมาย,แจ้ห่ม,ลำปาง
2022-12-07,4.6,Ban Mueang Pha,น้ำแม่ริม,ริมเหนือ,แม่ริม,เชียงใหม่
2022-12-07,1.4,Ban Nam Ing,น้ำอิง,ต้า,ขุนตาล,เชียงราย
2022-12-07,9.4,Ban Nam Khong,แม่น้ำยม,ป่าแมต,เมือง,แพร่
2022-12-07,5.6,Ban Nam Yao,น้ำยาว,อวน,ปัว,น่าน
2022-12-07,0.4,Ban Nong Daeng,แม่น้ำน่าน,เปือ,เชียงกลาง,น่าน
2022-12-07,1.8,Ban Nong Naw,น้ำแม่สอย,แจ้ห่ม,แจ้ห่ม,ลำปาง
2022-12-07,3.9,Ban Nong Pham,น้ำแม่ลาว,แม่สรวย,แม่สรวย,เชียงราย
2022-12-07,7.4,Ban Pa Kha,น้ำควร,ควร,ปง,พะเยา
2022-12-07,8.1,Ban Pa Khoi Tai,แม่น้ำปิง,สันผีเสื้อ,เมือง,เชียงใหม่
2022-12-07,4.8,Ban Pa Sang,น้ำแม่ทา,ป่าซาง,ป่าซาง,ลำพูน
2022-12-07,5.7,Ban Pang Sa,ห้วยน้ำยาว,ผาทอง,ท่าวังผา,น่าน
2022-12-07,10.4,Ban Pha Khwang,แม่น้ำน่าน,บ่อ,เมือง,น่าน
2022-12-07,6.7,Ban Phai Ngarm,แม่น้ำน่าน,ส้าน,เวียงสา,น่าน
2022-12-07,4.5,Ban Phan Ton,น้ำแม่วาง,ทุ่งปี้,แม่วาง,เชียงใหม่
2022-12-07,4.9,Ban Phi Tai,น้ำปี้,บ้านพี้,บ้านหลวง,น่าน
2022-12-07,3,Ban Phu Yaeng,น้ำมวบ,ดู่พงษ์,สันติสุข,น่าน
2022-12-07,7,Ban Pong,น้ำแม่กวง,บวกค้าง,สันกำแพง,เชียงใหม่
2022-12-07,8.6,Ban Pong,น้ำแม่กวง,บวกค้าง,สันกำแพง,เชียงใหม่
2022-12-07,4.65,Ban Pong,ห้วยโป่ง,บ้านโป่ง,งาว,ลำปาง
2022-12-07,4.5,Ban Rong Kho,แม่น้ำวัง,ร่องเคาะ,วังเหนือ,ลำปาง
2022-12-07,5.8,Ban Rong Khun,น้ำแม่ลาว,ป่าอ้อดอนชัย,เมือง,เชียงราย
2022-12-07,3.4,Ban Saluang Nok,น้ำแม่ริม,สลวง,แม่ริม,เชียงใหม่
2022-12-07,6.5,Ban San Pu Loei,น้ำแม่ขอด,โหล่งขอด,พร้าว,เชียงใหม่
2022-12-07,7.3,Ban Singpotin,น้ำแม่ลาย,ป่าเมี่ยง,ดอยสะเก็ด,เชียงใหม่
2022-12-07,9.6,Ban Sob Soi,แม่น้ำปิง,แม่สอย,จอมทอง,เชียงใหม่
2022-12-07,5.6,Ban Sop Mae Sapoot,แม่น้ำแม่ทา,ทาสบเส้า,แม่ทา,ลำพูน
2022-12-07,8.6,Ban Sop Pae,แม่น้ำปิง,สบแปะ,จอมทอง,เชียงใหม่
2022-12-07,5.8,Ban Sop Prap,แม่น้ำวัง,สบปราบ,สบปราบ,ลำปาง
2022-12-07,5.9,Ban Sop Tam,น้ำแม่ต่ำ,เกาะคา,เกาะคา,ลำปาง
2022-12-07,4.6,Ban Sop Win,น้ำแม่วาง,แม่วิน,แม่วาง,เชียงใหม่
2022-12-07,7.4,Ban Tha Duea,แม่น้ำวัง,พิชัย,เมือง,ลำปาง
2022-12-07,5.9,Ban Tha Lo,น้ำแม่ตุ๋ย,บ่อแฮ้ว,เมือง,ลำปาง
2022-12-07,4,Ban Tha Pong Daeng,น้ำปาย,ผาบ่อง,เมือง,แม่ฮ่องสอน
2022-12-07,12.2,Ban Thung Nong,แม่น้ำยม,สระ,เชียงม่วน,พะเยา
2022-12-07,5,Ban Ton Yang,น้ำแม่ลาว,บัวสลี,แม่ลาว,เชียงราย
2022-12-07,13.3,Ban Wang Chin,แม่น้ำยม,วังชิ้น,วังชิ้น,แพร่
2022-12-07,3.5,Chedingam,น้ำอิง,ท่าวังทอง,เมือง,พะเยา
2022-12-07,7.1,In front of the Forestry Office,แม่น้ำน่าน,ในเวียง,เมือง,น่าน
2022-12-07,6.1,Mae Kham Lak Chet,น้ำแม่คำ,ศรีค้ำ,แม่จัน,เชียงราย
2022-12-07,3.8,Nam Mae Chaem,น้ำแม่แจ่ม,บ้านท่าข้าม,จอมทอง,เชียงใหม่
2022-12-07,5.2,Nawarat Bridge,แม่น้ำปิง,วัดเกต,เมือง,เชียงใหม่
2022-12-07,5.2,Nawarat Bridge,แม่น้ำปิง,วัดเกต,เมือง,เชียงใหม่
2022-12-07,4.6,Pracha Uthit Bridge,น้ำแม่กลาง,บ้านหลวง,จอมทอง,เชียงใหม่
2022-12-07,5.6,Romklao Cooperative House,น้ำแม่งัด,แม่แวน,พร้าว,เชียงใหม่
2022-12-07,4.7,Saphan Ban Khay,น้ำฝาง,แม่นาวาง,แม่อาย,เชียงใหม่
2022-12-07,4.9,Setuwaree Bridge,แม้น้ำวัง,เวียงเหนือ,เมือง,ลำปาง
2022-12-07,12.6,Tha Li Bridge,น้ำว้า,ขึ่ง,เวียงสา,น่าน
2022-12-07,7.5,Tha Nang Bridge,น้ำแม่กวง,ในเมือง,เมือง,ลำพูน
2022-12-07,3.7,Wang Phrao,น้ำแม่จาง,วังพร้าว,เกาะคา,ลำปาง
2022-12-08,2.6,Ban Chiang Dao,แม่น้ำปิง,เชียงดาว,เชียงดาว,เชียงใหม่
2022-12-08,3.7,Ban Chor Lae,แม่น้ำปิง,ช่อแล,แม่แตง,เชียงใหม่
2022-12-08,4.3,Ban Don Chai,แม่น้ำวัง,ล้อมแรด,เถิน,ลำปาง
2022-12-08,5.6,Ban Don Mun,แม่น้ำวัง,บ้านแลง,เมือง,ลำปาง
2022-12-08,4.9,Ban Don Sali,น้ำแม่ลาว,ป่าแดด,แม่สรวย,เชียงราย
2022-12-08,5.6,Ban Hai,แม่น้ำวัง,ปงดอน,แจ้ห่ม,ลำปาง
2022-12-08,4,Ban Hong,น้ำแม่ออน,ร้องวัวแดง,สันกำแพง,เชียงใหม่
2022-12-08,3,Ban Hua Sapan,น้ำแม่จัน,ป่าซาง,แม่จัน,เชียงราย
2022-12-08,5.6,Ban Huai Pa Sang,น้ำแม่แตง,กึ๊ดช้าง,แม่แตง,เชียงใหม่
2022-12-08,9.1,Ban Huai Sak,แม่น้ำยม,เตาปูน,สอง,แพร่
2022-12-08,0.8,Ban Klang,น้ำแม่ขาน,บ้านกลาง,สันป่าตอง,เชียงใหม่
2022-12-08,6.5,Ban Klang,น้ำแม่ขาน,บ้านกลาง,สันป่าตอง,เชียงใหม่
2022-12-08,3.3,Ban Ko Kha,แม่น้ำวัง,ศาลา,เกาะคา,ลำปาง
2022-12-08,6.1,Ban Kok Tong,แม่น้ำกก,รอบเวียง,เมือง,เชียงราย
2022-12-08,4.5,Ban Krariang Tung Phrao,น้ำแม่สรวย,วาวี,แม่สรวย,เชียงราย
2022-12-08,3.2,Ban Lai Kaeo,น้ำแม่ลี้,ศรีเตี้ย,บ้านโฮ่ง,ลำพูน
2022-12-08,6.7,Ban Luang,น้ำแม่ตื่น,ยางเปียง,อมก๋อย,เชียงใหม่
2022-12-08,7.6,Ban Luang Nuea,น้ำงาว,หลวงใต้,งาว,ลำปาง
2022-12-08,6.9,Ban Mae E Hi,น้ำแม่ลี้,ศรีวิชัย,ลี้,ลำพูน
2022-12-08,5.1,Ban Mae Kha Bridge,น้ำฝาง,แม่ข่า,ฝาง,เชียงใหม่
2022-12-08,6.8,Ban Mae Khom Mi Tamnak Tham,น้ำแม่คำมี,ตำหนักธรรม,หนองม่วงไข่,แพร่
2022-12-08,6,Ban Mae Lai,น้ำแม่หล่าย,แม่หล่าย,เมือง,แพร่
2022-12-08,2.6,Ban Mae Tae,แม่น้ำปิง,แม่แฝกเก่า,สันทราย,เชียงใหม่
2022-12-08,3,Ban Mae Taeng,แม่น้ำแตง,สันมหาพล,แม่แตง,เชียงใหม่
2022-12-08,3.9,Ban Mae Wan,น้ำแม่กวง,ป่าเมี่ยง,ดอยสะเก็ด,เชียงใหม่
2022-12-08,5.7,Ban Mai Rim Fang,น้ำฝาง,เวียงฝาง,ฝาง,เชียงใหม่
2022-12-08,7.2,Ban Mang,น้ำปี้,มาง,เชียงม่วน,พะเยา
2022-12-08,4.2,Ban Mueang Kuet,น้ำแม่แตง,กึ๊ดช้าง,แม่แตง,เชียงใหม่
2022-12-08,2.6,Ban Mueang Mai,ห้วยแม่ต๋า,เมืองมาย,แจ้ห่ม,ลำปาง
2022-12-08,4.7,Ban Mueang Pha,น้ำแม่ริม,ริมเหนือ,แม่ริม,เชียงใหม่
2022-12-08,1.3,Ban Nam Ing,น้ำอิง,ต้า,ขุนตาล,เชียงราย
2022-12-08,9.4,Ban Nam Khong,แม่น้ำยม,ป่าแมต,เมือง,แพร่
2022-12-08,5.6,Ban Nam Yao,น้ำยาว,อวน,ปัว,น่าน
2022-12-08,0.4,Ban Nong Daeng,แม่น้ำน่าน,เปือ,เชียงกลาง,น่าน
2022-12-08,1.8,Ban Nong Naw,น้ำแม่สอย,แจ้ห่ม,แจ้ห่ม,ลำปาง
2022-12-08,3.9,Ban Nong Pham,น้ำแม่ลาว,แม่สรวย,แม่สรวย,เชียงราย
2022-12-08,7.4,Ban Pa Kha,น้ำควร,ควร,ปง,พะเยา
2022-12-08,7.9,Ban Pa Khoi Tai,แม่น้ำปิง,สันผีเสื้อ,เมือง,เชียงใหม่
2022-12-08,4.8,Ban Pa Sang,น้ำแม่ทา,ป่าซาง,ป่าซาง,ลำพูน
2022-12-08,5.7,Ban Pang Sa,ห้วยน้ำยาว,ผาทอง,ท่าวังผา,น่าน
2022-12-08,10.4,Ban Pha Khwang,แม่น้ำน่าน,บ่อ,เมือง,น่าน
2022-12-08,6.7,Ban Phai Ngarm,แม่น้ำน่าน,ส้าน,เวียงสา,น่าน
2022-12-08,4.5,Ban Phan Ton,น้ำแม่วาง,ทุ่งปี้,แม่วาง,เชียงใหม่
2022-12-08,4.8,Ban Phi Tai,น้ำปี้,บ้านพี้,บ้านหลวง,น่าน
2022-12-08,3,Ban Phu Yaeng,น้ำมวบ,ดู่พงษ์,สันติสุข,น่าน
2022-12-08,6.8,Ban Pong,น้ำแม่กวง,บวกค้าง,สันกำแพง,เชียงใหม่
2022-12-08,8.6,Ban Pong,น้ำแม่กวง,บวกค้าง,สันกำแพง,เชียงใหม่
2022-12-08,4.65,Ban Pong,ห้วยโป่ง,บ้านโป่ง,งาว,ลำปาง
2022-12-08,4.4,Ban Rong Kho,แม่น้ำวัง,ร่องเคาะ,วังเหนือ,ลำปาง
2022-12-08,6.3,Ban Rong Khun,น้ำแม่ลาว,ป่าอ้อดอนชัย,เมือง,เชียงราย
2022-12-08,3.4,Ban Saluang Nok,น้ำแม่ริม,สลวง,แม่ริม,เชียงใหม่
2022-12-08,6.5,Ban San Pu Loei,น้ำแม่ขอด,โหล่งขอด,พร้าว,เชียงใหม่
2022-12-08,7.3,Ban Singpotin,น้ำแม่ลาย,ป่าเมี่ยง,ดอยสะเก็ด,เชียงใหม่
2022-12-08,9.6,Ban Sob Soi,แม่น้ำปิง,แม่สอย,จอมทอง,เชียงใหม่
2022-12-08,5.6,Ban Sop Mae Sapoot,แม่น้ำแม่ทา,ทาสบเส้า,แม่ทา,ลำพูน
2022-12-08,8.6,Ban Sop Pae,แม่น้ำปิง,สบแปะ,จอมทอง,เชียงใหม่
2022-12-08,5.8,Ban Sop Prap,แม่น้ำวัง,สบปราบ,สบปราบ,ลำปาง
2022-12-08,5.9,Ban Sop Tam,น้ำแม่ต่ำ,เกาะคา,เกาะคา,ลำปาง
2022-12-08,4.6,Ban Sop Win,น้ำแม่วาง,แม่วิน,แม่วาง,เชียงใหม่
2022-12-08,7.4,Ban Tha Duea,แม่น้ำวัง,พิชัย,เมือง,ลำปาง
2022-12-08,5.8,Ban Tha Lo,น้ำแม่ตุ๋ย,บ่อแฮ้ว,เมือง,ลำปาง
2022-12-08,4,Ban Tha Pong Daeng,น้ำปาย,ผาบ่อง,เมือง,แม่ฮ่องสอน
2022-12-08,12.1,Ban Thung Nong,แม่น้ำยม,สระ,เชียงม่วน,พะเยา
2022-12-08,5,Ban Ton Yang,น้ำแม่ลาว,บัวสลี,แม่ลาว,เชียงราย
2022-12-08,13.3,Ban Wang Chin,แม่น้ำยม,วังชิ้น,วังชิ้น,แพร่
2022-12-08,3.5,Chedingam,น้ำอิง,ท่าวังทอง,เมือง,พะเยา
2022-12-08,7.1,In front of the Forestry Office,แม่น้ำน่าน,ในเวียง,เมือง,น่าน
2022-12-08,6.1,Mae Kham Lak Chet,น้ำแม่คำ,ศรีค้ำ,แม่จัน,เชียงราย
2022-12-08,3.8,Nam Mae Chaem,น้ำแม่แจ่ม,บ้านท่าข้าม,จอมทอง,เชียงใหม่
2022-12-08,5,Nawarat Bridge,แม่น้ำปิง,วัดเกต,เมือง,เชียงใหม่
2022-12-08,5,Nawarat Bridge,แม่น้ำปิง,วัดเกต,เมือง,เชียงใหม่
2022-12-08,4.6,Pracha Uthit Bridge,น้ำแม่กลาง,บ้านหลวง,จอมทอง,เชียงใหม่
2022-12-08,5.6,Romklao Cooperative House,น้ำแม่งัด,แม่แวน,พร้าว,เชียงใหม่
2022-12-08,4.6,Saphan Ban Khay,น้ำฝาง,แม่นาวาง,แม่อาย,เชียงใหม่
2022-12-08,4.9,Setuwaree Bridge,แม้น้ำวัง,เวียงเหนือ,เมือง,ลำปาง
2022-12-08,12.5,Tha Li Bridge,น้ำว้า,ขึ่ง,เวียงสา,น่าน
2022-12-08,7.6,Tha Nang Bridge,น้ำแม่กวง,ในเมือง,เมือง,ลำพูน
2022-12-08,3.7,Wang Phrao,น้ำแม่จาง,วังพร้าว,เกาะคา,ลำปาง
2022-12-09,2.6,Ban Chiang Dao,แม่น้ำปิง,เชียงดาว,เชียงดาว,เชียงใหม่
2022-12-09,3.7,Ban Chor Lae,แม่น้ำปิง,ช่อแล,แม่แตง,เชียงใหม่
2022-12-09,4.3,Ban Don Chai,แม่น้ำวัง,ล้อมแรด,เถิน,ลำปาง
2022-12-09,5.6,Ban Don Mun,แม่น้ำวัง,บ้านแลง,เมือง,ลำปาง
2022-12-09,4.9,Ban Don Sali,น้ำแม่ลาว,ป่าแดด,แม่สรวย,เชียงราย
2022-12-09,5.6,Ban Hai,แม่น้ำวัง,ปงดอน,แจ้ห่ม,ลำปาง
2022-12-09,4.1,Ban Hong,น้ำแม่ออน,ร้องวัวแดง,สันกำแพง,เชียงใหม่
2022-12-09,3,Ban Hua Sapan,น้ำแม่จัน,ป่าซาง,แม่จัน,เชียงราย
2022-12-09,5.6,Ban Huai Pa Sang,น้ำแม่แตง,กึ๊ดช้าง,แม่แตง,เชียงใหม่
2022-12-09,9,Ban Huai Sak,แม่น้ำยม,เตาปูน,สอง,แพร่
2022-12-09,0.8,Ban Klang,น้ำแม่ขาน,บ้านกลาง,สันป่าตอง,เชียงใหม่
2022-12-09,6.5,Ban Klang,น้ำแม่ขาน,บ้านกลาง,สันป่าตอง,เชียงใหม่
2022-12-09,3.3,Ban Ko Kha,แม่น้ำวัง,ศาลา,เกาะคา,ลำปาง
2022-12-09,6.1,Ban Kok Tong,แม่น้ำกก,รอบเวียง,เมือง,เชียงราย
2022-12-09,4.5,Ban Krariang Tung Phrao,น้ำแม่สรวย,วาวี,แม่สรวย,เชียงราย
2022-12-09,3.1,Ban Lai Kaeo,น้ำแม่ลี้,ศรีเตี้ย,บ้านโฮ่ง,ลำพูน
2022-12-09,6.7,Ban Luang,น้ำแม่ตื่น,ยางเปียง,อมก๋อย,เชียงใหม่
2022-12-09,7.6,Ban Luang Nuea,น้ำงาว,หลวงใต้,งาว,ลำปาง
2022-12-09,6.9,Ban Mae E Hi,น้ำแม่ลี้,ศรีวิชัย,ลี้,ลำพูน
2022-12-09,5,Ban Mae Kha Bridge,น้ำฝาง,แม่ข่า,ฝาง,เชียงใหม่
2022-12-09,6.8,Ban Mae Khom Mi Tamnak Tham,น้ำแม่คำมี,ตำหนักธรรม,หนองม่วงไข่,แพร่
2022-12-09,6,Ban Mae Lai,น้ำแม่หล่าย,แม่หล่าย,เมือง,แพร่
2022-12-09,2.5,Ban Mae Tae,แม่น้ำปิง,แม่แฝกเก่า,สันทราย,เชียงใหม่
2022-12-09,2.9,Ban Mae Taeng,แม่น้ำแตง,สันมหาพล,แม่แตง,เชียงใหม่
2022-12-09,3.9,Ban Mae Wan,น้ำแม่กวง,ป่าเมี่ยง,ดอยสะเก็ด,เชียงใหม่
2022-12-09,7.1,Ban Mang,น้ำปี้,มาง,เชียงม่วน,พะเยา
2022-12-09,4.2,Ban Mueang Kuet,น้ำแม่แตง,กึ๊ดช้าง,แม่แตง,เชียงใหม่
2022-12-09,2.6,Ban Mueang Mai,ห้วยแม่ต๋า,เมืองมาย,แจ้ห่ม,ลำปาง
2022-12-09,4.6,Ban Mueang Pha,น้ำแม่ริม,ริมเหนือ,แม่ริม,เชียงใหม่
2022-12-09,1.3,Ban Nam Ing,น้ำอิง,ต้า,ขุนตาล,เชียงราย
2022-12-09,9.4,Ban Nam Khong,แม่น้ำยม,ป่าแมต,เมือง,แพร่
2022-12-09,5.6,Ban Nam Yao,น้ำยาว,อวน,ปัว,น่าน
2022-12-09,0.4,Ban Nong Daeng,แม่น้ำน่าน,เปือ,เชียงกลาง,น่าน
2022-12-09,1.8,Ban Nong Naw,น้ำแม่สอย,แจ้ห่ม,แจ้ห่ม,ลำปาง
2022-12-09,3.9,Ban Nong Pham,น้ำแม่ลาว,แม่สรวย,แม่สรวย,เชียงราย
2022-12-09,7.4,Ban Pa Kha,น้ำควร,ควร,ปง,พะเยา
2022-12-09,7.9,Ban Pa Khoi Tai,แม่น้ำปิง,สันผีเสื้อ,เมือง,เชียงใหม่
2022-12-09,4.8,Ban Pa Sang,น้ำแม่ทา,ป่าซาง,ป่าซาง,ลำพูน
2022-12-09,5.7,Ban Pang Sa,ห้วยน้ำยาว,ผาทอง,ท่าวังผา,น่าน
2022-12-09,10.4,Ban Pha Khwang,แม่น้ำน่าน,บ่อ,เมือง,น่าน
2022-12-09,6.7,Ban Phai Ngarm,แม่น้ำน่าน,ส้าน,เวียงสา,น่าน
2022-12-09,4.5,Ban Phan Ton,น้ำแม่วาง,ทุ่งปี้,แม่วาง,เชียงใหม่
2022-12-09,4.8,Ban Phi Tai,น้ำปี้,บ้านพี้,บ้านหลวง,น่าน
2022-12-09,3,Ban Phu Yaeng,น้ำมวบ,ดู่พงษ์,สันติสุข,น่าน
2022-12-09,6.8,Ban Pong,น้ำแม่กวง,บวกค้าง,สันกำแพง,เชียงใหม่
2022-12-09,8.5,Ban Pong,น้ำแม่กวง,บวกค้าง,สันกำแพง,เชียงใหม่
2022-12-09,4.59,Ban Pong,ห้วยโป่ง,บ้านโป่ง,งาว,ลำปาง
2022-12-09,4.4,Ban Rong Kho,แม่น้ำวัง,ร่องเคาะ,วังเหนือ,ลำปาง
2022-12-09,5.8,Ban Rong Khun,น้ำแม่ลาว,ป่าอ้อดอนชัย,เมือง,เชียงราย
2022-12-09,3.4,Ban Saluang Nok,น้ำแม่ริม,สลวง,แม่ริม,เชียงใหม่
2022-12-09,6.5,Ban San Pu Loei,น้ำแม่ขอด,โหล่งขอด,พร้าว,เชียงใหม่
2022-12-09,7.3,Ban Singpotin,น้ำแม่ลาย,ป่าเมี่ยง,ดอยสะเก็ด,เชียงใหม่
2022-12-09,9.7,Ban Sob Soi,แม่น้ำปิง,แม่สอย,จอมทอง,เชียงใหม่
2022-12-09,5.6,Ban Sop Mae Sapoot,แม่น้ำแม่ทา,ทาสบเส้า,แม่ทา,ลำพูน
2022-12-09,8.5,Ban Sop Pae,แม่น้ำปิง,สบแปะ,จอมทอง,เชียงใหม่
2022-12-09,5.8,Ban Sop Prap,แม่น้ำวัง,สบปราบ,สบปราบ,ลำปาง
2022-12-09,5.9,Ban Sop Tam,น้ำแม่ต่ำ,เกาะคา,เกาะคา,ลำปาง
2022-12-09,4.6,Ban Sop Win,น้ำแม่วาง,แม่วิน,แม่วาง,เชียงใหม่
2022-12-09,7.4,Ban Tha Duea,แม่น้ำวัง,พิชัย,เมือง,ลำปาง
2022-12-09,5.9,Ban Tha Lo,น้ำแม่ตุ๋ย,บ่อแฮ้ว,เมือง,ลำปาง
2022-12-09,4,Ban Tha Pong Daeng,น้ำปาย,ผาบ่อง,เมือง,แม่ฮ่องสอน
2022-12-09,12.1,Ban Thung Nong,แม่น้ำยม,สระ,เชียงม่วน,พะเยา
2022-12-09,4.9,Ban Ton Yang,น้ำแม่ลาว,บัวสลี,แม่ลาว,เชียงราย
2022-12-09,13.3,Ban Wang Chin,แม่น้ำยม,วังชิ้น,วังชิ้น,แพร่
2022-12-09,3.5,Chedingam,น้ำอิง,ท่าวังทอง,เมือง,พะเยา
2022-12-09,7.1,In front of the Forestry Office,แม่น้ำน่าน,ในเวียง,เมือง,น่าน
2022-12-09,6.1,Mae Kham Lak Chet,น้ำแม่คำ,ศรีค้ำ,แม่จัน,เชียงราย
2022-12-09,3.8,Nam Mae Chaem,น้ำแม่แจ่ม,บ้านท่าข้าม,จอมทอง,เชียงใหม่
2022-12-09,5,Nawarat Bridge,แม่น้ำปิง,วัดเกต,เมือง,เชียงใหม่
2022-12-09,5,Nawarat Bridge,แม่น้ำปิง,วัดเกต,เมือง,เชียงใหม่
2022-12-09,4.6,Pracha Uthit Bridge,น้ำแม่กลาง,บ้านหลวง,จอมทอง,เชียงใหม่
2022-12-09,5.6,Romklao Cooperative House,น้ำแม่งัด,แม่แวน,พร้าว,เชียงใหม่
2022-12-09,4.6,Saphan Ban Khay,น้ำฝาง,แม่นาวาง,แม่อาย,เชียงใหม่
2022-12-09,5,Setuwaree Bridge,แม้น้ำวัง,เวียงเหนือ,เมือง,ลำปาง
2022-12-09,12.5,Tha Li Bridge,น้ำว้า,ขึ่ง,เวียงสา,น่าน
2022-12-09,7.7,Tha Nang Bridge,น้ำแม่กวง,ในเมือง,เมือง,ลำพูน
2022-12-09,3.7,Wang Phrao,น้ำแม่จาง,วังพร้าว,เกาะคา,ลำปาง
2022-12-10,2.6,Ban Chiang Dao,แม่น้ำปิง,เชียงดาว,เชียงดาว,เชียงใหม่
2022-12-10,3.7,Ban Chor Lae,แม่น้ำปิง,ช่อแล,แม่แตง,เชียงใหม่
2022-12-10,4.2,Ban Don Chai,แม่น้ำวัง,ล้อมแรด,เถิน,ลำปาง
2022-12-10,5.6,Ban Don Mun,แม่น้ำวัง,บ้านแลง,เมือง,ลำปาง
2022-12-10,4.9,Ban Don Sali,น้ำแม่ลาว,ป่าแดด,แม่สรวย,เชียงราย
2022-12-10,5.6,Ban Hai,แม่น้ำวัง,ปงดอน,แจ้ห่ม,ลำปาง
2022-12-10,4.1,Ban Hong,น้ำแม่ออน,ร้องวัวแดง,สันกำแพง,เชียงใหม่
2022-12-10,3,Ban Hua Sapan,น้ำแม่จัน,ป่าซาง,แม่จัน,เชียงราย
2022-12-10,5.6,Ban Huai Pa Sang,น้ำแม่แตง,กึ๊ดช้าง,แม่แตง,เชียงใหม่
2022-12-10,9,Ban Huai Sak,แม่น้ำยม,เตาปูน,สอง,แพร่
2022-12-10,0.8,Ban Klang,น้ำแม่ขาน,บ้านกลาง,สันป่าตอง,เชียงใหม่
2022-12-10,6.5,Ban Klang,น้ำแม่ขาน,บ้านกลาง,สันป่าตอง,เชียงใหม่
2022-12-10,3.3,Ban Ko Kha,แม่น้ำวัง,ศาลา,เกาะคา,ลำปาง
2022-12-10,6.1,Ban Kok Tong,แม่น้ำกก,รอบเวียง,เมือง,เชียงราย
2022-12-10,4.5,Ban Krariang Tung Phrao,น้ำแม่สรวย,วาวี,แม่สรวย,เชียงราย
2022-12-10,3.1,Ban Lai Kaeo,น้ำแม่ลี้,ศรีเตี้ย,บ้านโฮ่ง,ลำพูน
2022-12-10,6.7,Ban Luang,น้ำแม่ตื่น,ยางเปียง,อมก๋อย,เชียงใหม่
2022-12-10,7.6,Ban Luang Nuea,น้ำงาว,หลวงใต้,งาว,ลำปาง
2022-12-10,6.9,Ban Mae E Hi,น้ำแม่ลี้,ศรีวิชัย,ลี้,ลำพูน
2022-12-10,5.1,Ban Mae Kha Bridge,น้ำฝาง,แม่ข่า,ฝาง,เชียงใหม่
2022-12-10,6.8,Ban Mae Khom Mi Tamnak Tham,น้ำแม่คำมี,ตำหนักธรรม,หนองม่วงไข่,แพร่
2022-12-10,6,Ban Mae Lai,น้ำแม่หล่าย,แม่หล่าย,เมือง,แพร่
2022-12-10,2.4,Ban Mae Tae,แม่น้ำปิง,แม่แฝกเก่า,สันทราย,เชียงใหม่
2022-12-10,3,Ban Mae Taeng,แม่น้ำแตง,สันมหาพล,แม่แตง,เชียงใหม่
2022-12-10,3.9,Ban Mae Wan,น้ำแม่กวง,ป่าเมี่ยง,ดอยสะเก็ด,เชียงใหม่
2022-12-10,5.6,Ban Mai Rim Fang,น้ำฝาง,เวียงฝาง,ฝาง,เชียงใหม่
2022-12-10,7.1,Ban Mang,น้ำปี้,มาง,เชียงม่วน,พะเยา
2022-12-10,4.2,Ban Mueang Kuet,น้ำแม่แตง,กึ๊ดช้าง,แม่แตง,เชียงใหม่
2022-12-10,2.5,Ban Mueang Mai,ห้วยแม่ต๋า,เมืองมาย,แจ้ห่ม,ลำปาง
2022-12-10,4.6,Ban Mueang Pha,น้ำแม่ริม,ริมเหนือ,แม่ริม,เชียงใหม่
2022-12-10,1.3,Ban Nam Ing,น้ำอิง,ต้า,ขุนตาล,เชียงราย
2022-12-10,9.4,Ban Nam Khong,แม่น้ำยม,ป่าแมต,เมือง,แพร่
2022-12-10,5.6,Ban Nam Yao,น้ำยาว,อวน,ปัว,น่าน
2022-12-10,0.4,Ban Nong Daeng,แม่น้ำน่าน,เปือ,เชียงกลาง,น่าน
2022-12-10,1.8,Ban Nong Naw,น้ำแม่สอย,แจ้ห่ม,แจ้ห่ม,ลำปาง
2022-12-10,3.9,Ban Nong Pham,น้ำแม่ลาว,แม่สรวย,แม่สรวย,เชียงราย
2022-12-10,7.4,Ban Pa Kha,น้ำควร,ควร,ปง,พะเยา
2022-12-10,7.9,Ban Pa Khoi Tai,แม่น้ำปิง,สันผีเสื้อ,เมือง,เชียงใหม่
2022-12-10,4.8,Ban Pa Sang,น้ำแม่ทา,ป่าซาง,ป่าซาง,ลำพูน
2022-12-10,5.7,Ban Pang Sa,ห้วยน้ำยาว,ผาทอง,ท่าวังผา,น่าน
2022-12-10,10.4,Ban Pha Khwang,แม่น้ำน่าน,บ่อ,เมือง,น่าน
2022-12-10,6.7,Ban Phai Ngarm,แม่น้ำน่าน,ส้าน,เวียงสา,น่าน
2022-12-10,4.5,Ban Phan Ton,น้ำแม่วาง,ทุ่งปี้,แม่วาง,เชียงใหม่
2022-12-10,4.8,Ban Phi Tai,น้ำปี้,บ้านพี้,บ้านหลวง,น่าน
2022-12-10,3,Ban Phu Yaeng,น้ำมวบ,ดู่พงษ์,สันติสุข,น่าน
2022-12-10,6.8,Ban Pong,น้ำแม่กวง,บวกค้าง,สันกำแพง,เชียงใหม่
2022-12-10,8.4,Ban Pong,น้ำแม่กวง,บวกค้าง,สันกำแพง,เชียงใหม่
2022-12-10,4.54,Ban Pong,ห้วยโป่ง,บ้านโป่ง,งาว,ลำปาง
2022-12-10,4.2,Ban Rong Kho,แม่น้ำวัง,ร่องเคาะ,วังเหนือ,ลำปาง
2022-12-10,5.8,Ban Rong Khun,น้ำแม่ลาว,ป่าอ้อดอนชัย,เมือง,เชียงราย
2022-12-10,3.4,Ban Saluang Nok,น้ำแม่ริม,สลวง,แม่ริม,เชียงใหม่
2022-12-10,6.4,Ban San Pu Loei,น้ำแม่ขอด,โหล่งขอด,พร้าว,เชียงใหม่
2022-12-10,7.3,Ban Singpotin,น้ำแม่ลาย,ป่าเมี่ยง,ดอยสะเก็ด,เชียงใหม่
2022-12-10,9.7,Ban Sob Soi,แม่น้ำปิง,แม่สอย,จอมทอง,เชียงใหม่
2022-12-10,5.6,Ban Sop Mae Sapoot,แม่น้ำแม่ทา,ทาสบเส้า,แม่ทา,ลำพูน
2022-12-10,8.5,Ban Sop Pae,แม่น้ำปิง,สบแปะ,จอมทอง,เชียงใหม่
2022-12-10,5.8,Ban Sop Prap,แม่น้ำวัง,สบปราบ,สบปราบ,ลำปาง
2022-12-10,5.9,Ban Sop Tam,น้ำแม่ต่ำ,เกาะคา,เกาะคา,ลำปาง
2022-12-10,4.6,Ban Sop Win,น้ำแม่วาง,แม่วิน,แม่วาง,เชียงใหม่
2022-12-10,7.4,Ban Tha Duea,แม่น้ำวัง,พิชัย,เมือง,ลำปาง
2022-12-10,5.8,Ban Tha Lo,น้ำแม่ตุ๋ย,บ่อแฮ้ว,เมือง,ลำปาง
2022-12-10,4,Ban Tha Pong Daeng,น้ำปาย,ผาบ่อง,เมือง,แม่ฮ่องสอน
2022-12-10,12.1,Ban Thung Nong,แม่น้ำยม,สระ,เชียงม่วน,พะเยา
2022-12-10,4.9,Ban Ton Yang,น้ำแม่ลาว,บัวสลี,แม่ลาว,เชียงราย
2022-12-10,13.2,Ban Wang Chin,แม่น้ำยม,วังชิ้น,วังชิ้น,แพร่
2022-12-10,3.5,Chedingam,น้ำอิง,ท่าวังทอง,เมือง,พะเยา
2022-12-10,7.1,In front of the Forestry Office,แม่น้ำน่าน,ในเวียง,เมือง,น่าน
2022-12-10,6,Mae Kham Lak Chet,น้ำแม่คำ,ศรีค้ำ,แม่จัน,เชียงราย
2022-12-10,3.7,Nam Mae Chaem,น้ำแม่แจ่ม,บ้านท่าข้าม,จอมทอง,เชียงใหม่
2022-12-10,5.1,Nawarat Bridge,แม่น้ำปิง,วัดเกต,เมือง,เชียงใหม่
2022-12-10,5.1,Nawarat Bridge,แม่น้ำปิง,วัดเกต,เมือง,เชียงใหม่
2022-12-10,4.6,Pracha Uthit Bridge,น้ำแม่กลาง,บ้านหลวง,จอมทอง,เชียงใหม่
2022-12-10,5.6,Romklao Cooperative House,น้ำแม่งัด,แม่แวน,พร้าว,เชียงใหม่
2022-12-10,4.5,Saphan Ban Khay,น้ำฝาง,แม่นาวาง,แม่อาย,เชียงใหม่
2022-12-10,4.9,Setuwaree Bridge,แม้น้ำวัง,เวียงเหนือ,เมือง,ลำปาง
2022-12-10,12.5,Tha Li Bridge,น้ำว้า,ขึ่ง,เวียงสา,น่าน
2022-12-10,8,Tha Nang Bridge,น้ำแม่กวง,ในเมือง,เมือง,ลำพูน
2022-12-10,3.7,Wang Phrao,น้ำแม่จาง,วังพร้าว,เกาะคา,ลำปาง
2022-12-11,2.6,Ban Chiang Dao,แม่น้ำปิง,เชียงดาว,เชียงดาว,เชียงใหม่
2022-12-11,3.7,Ban Chor Lae,แม่น้ำปิง,ช่อแล,แม่แตง,เชียงใหม่
2022-12-11,4.2,Ban Don Chai,แม่น้ำวัง,ล้อมแรด,เถิน,ลำปาง
2022-12-11,5.6,Ban Don Mun,แม่น้ำวัง,บ้านแลง,เมือง,ลำปาง
2022-12-11,4.9,Ban Don Sali,น้ำแม่ลาว,ป่าแดด,แม่สรวย,เชียงราย
2022-12-11,5.6,Ban Hai,แม่น้ำวัง,ปงดอน,แจ้ห่ม,ลำปาง
2022-12-11,4,Ban Hong,น้ำแม่ออน,ร้องวัวแดง,สันกำแพง,เชียงใหม่
2022-12-11,3,Ban Hua Sapan,น้ำแม่จัน,ป่าซาง,แม่จัน,เชียงราย
2022-12-11,5.6,Ban Huai Pa Sang,น้ำแม่แตง,กึ๊ดช้าง,แม่แตง,เชียงใหม่
2022-12-11,9,Ban Huai Sak,แม่น้ำยม,เตาปูน,สอง,แพร่
2022-12-11,0.7,Ban Klang,น้ำแม่ขาน,บ้านกลาง,สันป่าตอง,เชียงใหม่
2022-12-11,6.5,Ban Klang,น้ำแม่ขาน,บ้านกลาง,สันป่าตอง,เชียงใหม่
2022-12-11,3.3,Ban Ko Kha,แม่น้ำวัง,ศาลา,เกาะคา,ลำปาง
2022-12-11,6.1,Ban Kok Tong,แม่น้ำกก,รอบเวียง,เมือง,เชียงราย
2022-12-11,4.5,Ban Krariang Tung Phrao,น้ำแม่สรวย,วาวี,แม่สรวย,เชียงราย
2022-12-11,3.1,Ban Lai Kaeo,น้ำแม่ลี้,ศรีเตี้ย,บ้านโฮ่ง,ลำพูน
2022-12-11,6.7,Ban Luang,น้ำแม่ตื่น,ยางเปียง,อมก๋อย,เชียงใหม่
2022-12-11,7.6,Ban Luang Nuea,น้ำงาว,หลวงใต้,งาว,ลำปาง
2022-12-11,6.9,Ban Mae E Hi,น้ำแม่ลี้,ศรีวิชัย,ลี้,ลำพูน
2022-12-11,5.1,Ban Mae Kha Bridge,น้ำฝาง,แม่ข่า,ฝาง,เชียงใหม่
2022-12-11,6.8,Ban Mae Khom Mi Tamnak Tham,น้ำแม่คำมี,ตำหนักธรรม,หนองม่วงไข่,แพร่
2022-12-11,6,Ban Mae Lai,น้ำแม่หล่าย,แม่หล่าย,เมือง,แพร่
2022-12-11,2.4,Ban Mae Tae,แม่น้ำปิง,แม่แฝกเก่า,สันทราย,เชียงใหม่
2022-12-11,3,Ban Mae Taeng,แม่น้ำแตง,สันมหาพล,แม่แตง,เชียงใหม่
2022-12-11,3.9,Ban Mae Wan,น้ำแม่กวง,ป่าเมี่ยง,ดอยสะเก็ด,เชียงใหม่
2022-12-11,5.6,Ban Mai Rim Fang,น้ำฝาง,เวียงฝาง,ฝาง,เชียงใหม่
2022-12-11,7.1,Ban Mang,น้ำปี้,มาง,เชียงม่วน,พะเยา
2022-12-11,4.2,Ban Mueang Kuet,น้ำแม่แตง,กึ๊ดช้าง,แม่แตง,เชียงใหม่
2022-12-11,2.5,Ban Mueang Mai,ห้วยแม่ต๋า,เมืองมาย,แจ้ห่ม,ลำปาง
2022-12-11,4.6,Ban Mueang Pha,น้ำแม่ริม,ริมเหนือ,แม่ริม,เชียงใหม่
2022-12-11,1.2,Ban Nam Ing,น้ำอิง,ต้า,ขุนตาล,เชียงราย
2022-12-11,9.4,Ban Nam Khong,แม่น้ำยม,ป่าแมต,เมือง,แพร่
2022-12-11,5.6,Ban Nam Yao,น้ำยาว,อวน,ปัว,น่าน
2022-12-11,0.4,Ban Nong Daeng,แม่น้ำน่าน,เปือ,เชียงกลาง,น่าน
2022-12-11,1.8,Ban Nong Naw,น้ำแม่สอย,แจ้ห่ม,แจ้ห่ม,ลำปาง
2022-12-11,3.9,Ban Nong Pham,น้ำแม่ลาว,แม่สรวย,แม่สรวย,เชียงราย
2022-12-11,7.4,Ban Pa Kha,น้ำควร,ควร,ปง,พะเยา
2022-12-11,7.8,Ban Pa Khoi Tai,แม่น้ำปิง,สันผีเสื้อ,เมือง,เชียงใหม่
2022-12-11,4.8,Ban Pa Sang,น้ำแม่ทา,ป่าซาง,ป่าซาง,ลำพูน
2022-12-11,5.7,Ban Pang Sa,ห้วยน้ำยาว,ผาทอง,ท่าวังผา,น่าน
2022-12-11,10.4,Ban Pha Khwang,แม่น้ำน่าน,บ่อ,เมือง,น่าน
2022-12-11,6.7,Ban Phai Ngarm,แม่น้ำน่าน,ส้าน,เวียงสา,น่าน
2022-12-11,4.5,Ban Phan Ton,น้ำแม่วาง,ทุ่งปี้,แม่วาง,เชียงใหม่
2022-12-11,4.8,Ban Phi Tai,น้ำปี้,บ้านพี้,บ้านหลวง,น่าน
2022-12-11,3,Ban Phu Yaeng,น้ำมวบ,ดู่พงษ์,สันติสุข,น่าน
2022-12-11,6.8,Ban Pong,น้ำแม่กวง,บวกค้าง,สันกำแพง,เชียงใหม่
2022-12-11,8.4,Ban Pong,น้ำแม่กวง,บวกค้าง,สันกำแพง,เชียงใหม่
2022-12-11,4.54,Ban Pong,ห้วยโป่ง,บ้านโป่ง,งาว,ลำปาง
2022-12-11,4.2,Ban Rong Kho,แม่น้ำวัง,ร่องเคาะ,วังเหนือ,ลำปาง
2022-12-11,5.7,Ban Rong Khun,น้ำแม่ลาว,ป่าอ้อดอนชัย,เมือง,เชียงราย
2022-12-11,3.4,Ban Saluang Nok,น้ำแม่ริม,สลวง,แม่ริม,เชียงใหม่
2022-12-11,6.4,Ban San Pu Loei,น้ำแม่ขอด,โหล่งขอด,พร้าว,เชียงใหม่
2022-12-11,7.3,Ban Singpotin,น้ำแม่ลาย,ป่าเมี่ยง,ดอยสะเก็ด,เชียงใหม่
2022-12-11,9.6,Ban Sob Soi,แม่น้ำปิง,แม่สอย,จอมทอง,เชียงใหม่
2022-12-11,5.6,Ban Sop Mae Sapoot,แม่น้ำแม่ทา,ทาสบเส้า,แม่ทา,ลำพูน
2022-12-11,8.4,Ban Sop Pae,แม่น้ำปิง,สบแปะ,จอมทอง,เชียงใหม่
2022-12-11,5.8,Ban Sop Prap,แม่น้ำวัง,สบปราบ,สบปราบ,ลำปาง
2022-12-11,5.9,Ban Sop Tam,น้ำแม่ต่ำ,เกาะคา,เกาะคา,ลำปาง
2022-12-11,4.6,Ban Sop Win,น้ำแม่วาง,แม่วิน,แม่วาง,เชียงใหม่
2022-12-11,7.4,Ban Tha Duea,แม่น้ำวัง,พิชัย,เมือง,ลำปาง
2022-12-11,5.8,Ban Tha Lo,น้ำแม่ตุ๋ย,บ่อแฮ้ว,เมือง,ลำปาง
2022-12-11,4,Ban Tha Pong Daeng,น้ำปาย,ผาบ่อง,เมือง,แม่ฮ่องสอน
2022-12-11,12.1,Ban Thung Nong,แม่น้ำยม,สระ,เชียงม่วน,พะเยา
2022-12-11,4.9,Ban Ton Yang,น้ำแม่ลาว,บัวสลี,แม่ลาว,เชียงราย
2022-12-11,13.2,Ban Wang Chin,แม่น้ำยม,วังชิ้น,วังชิ้น,แพร่
2022-12-11,3.5,Chedingam,น้ำอิง,ท่าวังทอง,เมือง,พะเยา
2022-12-11,7.1,In front of the Forestry Office,แม่น้ำน่าน,ในเวียง,เมือง,น่าน
2022-12-11,6,Mae Kham Lak Chet,น้ำแม่คำ,ศรีค้ำ,แม่จัน,เชียงราย
2022-12-11,3.7,Nam Mae Chaem,น้ำแม่แจ่ม,บ้านท่าข้าม,จอมทอง,เชียงใหม่
2022-12-11,4.9,Nawarat Bridge,แม่น้ำปิง,วัดเกต,เมือง,เชียงใหม่
2022-12-11,4.9,Nawarat Bridge,แม่น้ำปิง,วัดเกต,เมือง,เชียงใหม่
2022-12-11,4.6,Pracha Uthit Bridge,น้ำแม่กลาง,บ้านหลวง,จอมทอง,เชียงใหม่
2022-12-11,5.6,Romklao Cooperative House,น้ำแม่งัด,แม่แวน,พร้าว,เชียงใหม่
2022-12-11,4.5,Saphan Ban Khay,น้ำฝาง,แม่นาวาง,แม่อาย,เชียงใหม่
2022-12-11,4.9,Setuwaree Bridge,แม้น้ำวัง,เวียงเหนือ,เมือง,ลำปาง
2022-12-11,12.5,Tha Li Bridge,น้ำว้า,ขึ่ง,เวียงสา,น่าน
2022-12-11,8.1,Tha Nang Bridge,น้ำแม่กวง,ในเมือง,เมือง,ลำพูน
2022-12-11,3.7,Wang Phrao,น้ำแม่จาง,วังพร้าว,เกาะคา,ลำปาง
2022-12-12,2.6,Ban Chiang Dao,แม่น้ำปิง,เชียงดาว,เชียงดาว,เชียงใหม่
2022-12-12,3.7,Ban Chor Lae,แม่น้ำปิง,ช่อแล,แม่แตง,เชียงใหม่
2022-12-12,4.2,Ban Don Chai,แม่น้ำวัง,ล้อมแรด,เถิน,ลำปาง
2022-12-12,5.6,Ban Don Mun,แม่น้ำวัง,บ้านแลง,เมือง,ลำปาง
2022-12-12,4.8,Ban Don Sali,น้ำแม่ลาว,ป่าแดด,แม่สรวย,เชียงราย
2022-12-12,5.6,Ban Hai,แม่น้ำวัง,ปงดอน,แจ้ห่ม,ลำปาง
2022-12-12,4,Ban Hong,น้ำแม่ออน,ร้องวัวแดง,สันกำแพง,เชียงใหม่
2022-12-12,3,Ban Hua Sapan,น้ำแม่จัน,ป่าซาง,แม่จัน,เชียงราย
2022-12-12,5.6,Ban Huai Pa Sang,น้ำแม่แตง,กึ๊ดช้าง,แม่แตง,เชียงใหม่
2022-12-12,9,Ban Huai Sak,แม่น้ำยม,เตาปูน,สอง,แพร่
2022-12-12,0.7,Ban Klang,น้ำแม่ขาน,บ้านกลาง,สันป่าตอง,เชียงใหม่
2022-12-12,6.5,Ban Klang,น้ำแม่ขาน,บ้านกลาง,สันป่าตอง,เชียงใหม่
2022-12-12,3.3,Ban Ko Kha,แม่น้ำวัง,ศาลา,เกาะคา,ลำปาง
2022-12-12,6.1,Ban Kok Tong,แม่น้ำกก,รอบเวียง,เมือง,เชียงราย
2022-12-12,4.5,Ban Krariang Tung Phrao,น้ำแม่สรวย,วาวี,แม่สรวย,เชียงราย
2022-12-12,3.1,Ban Lai Kaeo,น้ำแม่ลี้,ศรีเตี้ย,บ้านโฮ่ง,ลำพูน
2022-12-12,6.7,Ban Luang,น้ำแม่ตื่น,ยางเปียง,อมก๋อย,เชียงใหม่
2022-12-12,7.6,Ban Luang Nuea,น้ำงาว,หลวงใต้,งาว,ลำปาง
2022-12-12,6.9,Ban Mae E Hi,น้ำแม่ลี้,ศรีวิชัย,ลี้,ลำพูน
2022-12-12,5.1,Ban Mae Kha Bridge,น้ำฝาง,แม่ข่า,ฝาง,เชียงใหม่
2022-12-12,6.8,Ban Mae Khom Mi Tamnak Tham,น้ำแม่คำมี,ตำหนักธรรม,หนองม่วงไข่,แพร่
2022-12-12,6,Ban Mae Lai,น้ำแม่หล่าย,แม่หล่าย,เมือง,แพร่
2022-12-12,2.4,Ban Mae Tae,แม่น้ำปิง,แม่แฝกเก่า,สันทราย,เชียงใหม่
2022-12-12,3,Ban Mae Taeng,แม่น้ำแตง,สันมหาพล,แม่แตง,เชียงใหม่
2022-12-12,3.9,Ban Mae Wan,น้ำแม่กวง,ป่าเมี่ยง,ดอยสะเก็ด,เชียงใหม่
2022-12-12,5.5,Ban Mai Rim Fang,น้ำฝาง,เวียงฝาง,ฝาง,เชียงใหม่
2022-12-12,7.1,Ban Mang,น้ำปี้,มาง,เชียงม่วน,พะเยา
2022-12-12,4.2,Ban Mueang Kuet,น้ำแม่แตง,กึ๊ดช้าง,แม่แตง,เชียงใหม่
2022-12-12,2.5,Ban Mueang Mai,ห้วยแม่ต๋า,เมืองมาย,แจ้ห่ม,ลำปาง
2022-12-12,4.6,Ban Mueang Pha,น้ำแม่ริม,ริมเหนือ,แม่ริม,เชียงใหม่
2022-12-12,1.2,Ban Nam Ing,น้ำอิง,ต้า,ขุนตาล,เชียงราย
2022-12-12,9.4,Ban Nam Khong,แม่น้ำยม,ป่าแมต,เมือง,แพร่
2022-12-12,5.6,Ban Nam Yao,น้ำยาว,อวน,ปัว,น่าน
2022-12-12,0.4,Ban Nong Daeng,แม่น้ำน่าน,เปือ,เชียงกลาง,น่าน
2022-12-12,1.8,Ban Nong Naw,น้ำแม่สอย,แจ้ห่ม,แจ้ห่ม,ลำปาง
2022-12-12,3.9,Ban Nong Pham,น้ำแม่ลาว,แม่สรวย,แม่สรวย,เชียงราย
2022-12-12,7.4,Ban Pa Kha,น้ำควร,ควร,ปง,พะเยา
2022-12-12,7.8,Ban Pa Khoi Tai,แม่น้ำปิง,สันผีเสื้อ,เมือง,เชียงใหม่
2022-12-12,4.8,Ban Pa Sang,น้ำแม่ทา,ป่าซาง,ป่าซาง,ลำพูน
2022-12-12,5.7,Ban Pang Sa,ห้วยน้ำยาว,ผาทอง,ท่าวังผา,น่าน
2022-12-12,10.4,Ban Pha Khwang,แม่น้ำน่าน,บ่อ,เมือง,น่าน
2022-12-12,6.7,Ban Phai Ngarm,แม่น้ำน่าน,ส้าน,เวียงสา,น่าน
2022-12-12,4.4,Ban Phan Ton,น้ำแม่วาง,ทุ่งปี้,แม่วาง,เชียงใหม่
2022-12-12,4.8,Ban Phi Tai,น้ำปี้,บ้านพี้,บ้านหลวง,น่าน
2022-12-12,2.9,Ban Phu Yaeng,น้ำมวบ,ดู่พงษ์,สันติสุข,น่าน
2022-12-12,6.8,Ban Pong,น้ำแม่กวง,บวกค้าง,สันกำแพง,เชียงใหม่
2022-12-12,8.5,Ban Pong,น้ำแม่กวง,บวกค้าง,สันกำแพง,เชียงใหม่
2022-12-12,4.59,Ban Pong,ห้วยโป่ง,บ้านโป่ง,งาว,ลำปาง
2022-12-12,4.2,Ban Rong Kho,แม่น้ำวัง,ร่องเคาะ,วังเหนือ,ลำปาง
2022-12-12,5.7,Ban Rong Khun,น้ำแม่ลาว,ป่าอ้อดอนชัย,เมือง,เชียงราย
2022-12-12,3.4,Ban Saluang Nok,น้ำแม่ริม,สลวง,แม่ริม,เชียงใหม่
2022-12-12,6.4,Ban San Pu Loei,น้ำแม่ขอด,โหล่งขอด,พร้าว,เชียงใหม่
2022-12-12,7.3,Ban Singpotin,น้ำแม่ลาย,ป่าเมี่ยง,ดอยสะเก็ด,เชียงใหม่
2022-12-12,9.8,Ban Sob Soi,แม่น้ำปิง,แม่สอย,จอมทอง,เชียงใหม่
2022-12-12,5.6,Ban Sop Mae Sapoot,แม่น้ำแม่ทา,ทาสบเส้า,แม่ทา,ลำพูน
2022-12-12,8.3,Ban Sop Pae,แม่น้ำปิง,สบแปะ,จอมทอง,เชียงใหม่
2022-12-12,5.8,Ban Sop Prap,แม่น้ำวัง,สบปราบ,สบปราบ,ลำปาง
2022-12-12,5.9,Ban Sop Tam,น้ำแม่ต่ำ,เกาะคา,เกาะคา,ลำปาง
2022-12-12,4.6,Ban Sop Win,น้ำแม่วาง,แม่วิน,แม่วาง,เชียงใหม่
2022-12-12,7.4,Ban Tha Duea,แม่น้ำวัง,พิชัย,เมือง,ลำปาง
2022-12-12,5.8,Ban Tha Lo,น้ำแม่ตุ๋ย,บ่อแฮ้ว,เมือง,ลำปาง
2022-12-12,4,Ban Tha Pong Daeng,น้ำปาย,ผาบ่อง,เมือง,แม่ฮ่องสอน
2022-12-12,12.1,Ban Thung Nong,แม่น้ำยม,สระ,เชียงม่วน,พะเยา
2022-12-12,4.9,Ban Ton Yang,น้ำแม่ลาว,บัวสลี,แม่ลาว,เชียงราย
2022-12-12,13.2,Ban Wang Chin,แม่น้ำยม,วังชิ้น,วังชิ้น,แพร่
2022-12-12,3.5,Chedingam,น้ำอิง,ท่าวังทอง,เมือง,พะเยา
2022-12-12,7.1,In front of the Forestry Office,แม่น้ำน่าน,ในเวียง,เมือง,น่าน
2022-12-12,6,Mae Kham Lak Chet,น้ำแม่คำ,ศรีค้ำ,แม่จัน,เชียงราย
2022-12-12,3.7,Nam Mae Chaem,น้ำแม่แจ่ม,บ้านท่าข้าม,จอมทอง,เชียงใหม่
2022-12-12,5,Nawarat Bridge,แม่น้ำปิง,วัดเกต,เมือง,เชียงใหม่
2022-12-12,5,Nawarat Bridge,แม่น้ำปิง,วัดเกต,เมือง,เชียงใหม่
2022-12-12,4.6,Pracha Uthit Bridge,น้ำแม่กลาง,บ้านหลวง,จอมทอง,เชียงใหม่
2022-12-12,5.6,Romklao Cooperative House,น้ำแม่งัด,แม่แวน,พร้าว,เชียงใหม่
2022-12-12,4.5,Saphan Ban Khay,น้ำฝาง,แม่นาวาง,แม่อาย,เชียงใหม่
2022-12-12,4.9,Setuwaree Bridge,แม้น้ำวัง,เวียงเหนือ,เมือง,ลำปาง
2022-12-12,12.5,Tha Li Bridge,น้ำว้า,ขึ่ง,เวียงสา,น่าน
2022-12-12,8,Tha Nang Bridge,น้ำแม่กวง,ในเมือง,เมือง,ลำพูน
2022-12-12,3.7,Wang Phrao,น้ำแม่จาง,วังพร้าว,เกาะคา,ลำปาง
2022-12-13,2.6,Ban Chiang Dao,แม่น้ำปิง,เชียงดาว,เชียงดาว,เชียงใหม่
2022-12-13,3.7,Ban Chor Lae,แม่น้ำปิง,ช่อแล,แม่แตง,เชียงใหม่
2022-12-13,4.2,Ban Don Chai,แม่น้ำวัง,ล้อมแรด,เถิน,ลำปาง
2022-12-13,5.6,Ban Don Mun,แม่น้ำวัง,บ้านแลง,เมือง,ลำปาง
2022-12-13,4.8,Ban Don Sali,น้ำแม่ลาว,ป่าแดด,แม่สรวย,เชียงราย
2022-12-13,5.6,Ban Hai,แม่น้ำวัง,ปงดอน,แจ้ห่ม,ลำปาง
2022-12-13,4,Ban Hong,น้ำแม่ออน,ร้องวัวแดง,สันกำแพง,เชียงใหม่
2022-12-13,5.6,Ban Huai Pa Sang,น้ำแม่แตง,กึ๊ดช้าง,แม่แตง,เชียงใหม่
2022-12-13,9,Ban Huai Sak,แม่น้ำยม,เตาปูน,สอง,แพร่
2022-12-13,0.7,Ban Klang,น้ำแม่ขาน,บ้านกลาง,สันป่าตอง,เชียงใหม่
2022-12-13,6.5,Ban Klang,น้ำแม่ขาน,บ้านกลาง,สันป่าตอง,เชียงใหม่
2022-12-13,3.3,Ban Ko Kha,แม่น้ำวัง,ศาลา,เกาะคา,ลำปาง
2022-12-13,6,Ban Kok Tong,แม่น้ำกก,รอบเวียง,เมือง,เชียงราย
2022-12-13,4.5,Ban Krariang Tung Phrao,น้ำแม่สรวย,วาวี,แม่สรวย,เชียงราย
2022-12-13,3.1,Ban Lai Kaeo,น้ำแม่ลี้,ศรีเตี้ย,บ้านโฮ่ง,ลำพูน
2022-12-13,6.7,Ban Luang,น้ำแม่ตื่น,ยางเปียง,อมก๋อย,เชียงใหม่
2022-12-13,7.6,Ban Luang Nuea,น้ำงาว,หลวงใต้,งาว,ลำปาง
2022-12-13,6.9,Ban Mae E Hi,น้ำแม่ลี้,ศรีวิชัย,ลี้,ลำพูน
2022-12-13,5.1,Ban Mae Kha Bridge,น้ำฝาง,แม่ข่า,ฝาง,เชียงใหม่
2022-12-13,6.8,Ban Mae Khom Mi Tamnak Tham,น้ำแม่คำมี,ตำหนักธรรม,หนองม่วงไข่,แพร่
2022-12-13,6,Ban Mae Lai,น้ำแม่หล่าย,แม่หล่าย,เมือง,แพร่
2022-12-13,2.4,Ban Mae Tae,แม่น้ำปิง,แม่แฝกเก่า,สันทราย,เชียงใหม่
2022-12-13,3,Ban Mae Taeng,แม่น้ำแตง,สันมหาพล,แม่แตง,เชียงใหม่
2022-12-13,3.9,Ban Mae Wan,น้ำแม่กวง,ป่าเมี่ยง,ดอยสะเก็ด,เชียงใหม่
2022-12-13,7.1,Ban Mang,น้ำปี้,มาง,เชียงม่วน,พะเยา
2022-12-13,4.2,Ban Mueang Kuet,น้ำแม่แตง,กึ๊ดช้าง,แม่แตง,เชียงใหม่
2022-12-13,2.6,Ban Mueang Mai,ห้วยแม่ต๋า,เมืองมาย,แจ้ห่ม,ลำปาง
2022-12-13,4.6,Ban Mueang Pha,น้ำแม่ริม,ริมเหนือ,แม่ริม,เชียงใหม่
2022-12-13,1.2,Ban Nam Ing,น้ำอิง,ต้า,ขุนตาล,เชียงราย
2022-12-13,9.4,Ban Nam Khong,แม่น้ำยม,ป่าแมต,เมือง,แพร่
2022-12-13,5.6,Ban Nam Yao,น้ำยาว,อวน,ปัว,น่าน
2022-12-13,0.4,Ban Nong Daeng,แม่น้ำน่าน,เปือ,เชียงกลาง,น่าน
2022-12-13,1.8,Ban Nong Naw,น้ำแม่สอย,แจ้ห่ม,แจ้ห่ม,ลำปาง
2022-12-13,3.9,Ban Nong Pham,น้ำแม่ลาว,แม่สรวย,แม่สรวย,เชียงราย
2022-12-13,7.4,Ban Pa Kha,น้ำควร,ควร,ปง,พะเยา
2022-12-13,7.9,Ban Pa Khoi Tai,แม่น้ำปิง,สันผีเสื้อ,เมือง,เชียงใหม่
2022-12-13,4.8,Ban Pa Sang,น้ำแม่ทา,ป่าซาง,ป่าซาง,ลำพูน
2022-12-13,5.7,Ban Pang Sa,ห้วยน้ำยาว,ผาทอง,ท่าวังผา,น่าน
2022-12-13,10.4,Ban Pha Khwang,แม่น้ำน่าน,บ่อ,เมือง,น่าน
2022-12-13,6.7,Ban Phai Ngarm,แม่น้ำน่าน,ส้าน,เวียงสา,น่าน
2022-12-13,4.4,Ban Phan Ton,น้ำแม่วาง,ทุ่งปี้,แม่วาง,เชียงใหม่
2022-12-13,4.8,Ban Phi Tai,น้ำปี้,บ้านพี้,บ้านหลวง,น่าน
2022-12-13,2.9,Ban Phu Yaeng,น้ำมวบ,ดู่พงษ์,สันติสุข,น่าน
2022-12-13,6.8,Ban Pong,น้ำแม่กวง,บวกค้าง,สันกำแพง,เชียงใหม่
2022-12-13,8.5,Ban Pong,น้ำแม่กวง,บวกค้าง,สันกำแพง,เชียงใหม่
2022-12-13,4.59,Ban Pong,ห้วยโป่ง,บ้านโป่ง,งาว,ลำปาง
2022-12-13,4.2,Ban Rong Kho,แม่น้ำวัง,ร่องเคาะ,วังเหนือ,ลำปาง
2022-12-13,5.7,Ban Rong Khun,น้ำแม่ลาว,ป่าอ้อดอนชัย,เมือง,เชียงราย
2022-12-13,3.3,Ban Saluang Nok,น้ำแม่ริม,สลวง,แม่ริม,เชียงใหม่
2022-12-13,6.4,Ban San Pu Loei,น้ำแม่ขอด,โหล่งขอด,พร้าว,เชียงใหม่
2022-12-13,7.3,Ban Singpotin,น้ำแม่ลาย,ป่าเมี่ยง,ดอยสะเก็ด,เชียงใหม่
2022-12-13,9.8,Ban Sob Soi,แม่น้ำปิง,แม่สอย,จอมทอง,เชียงใหม่
2022-12-13,5.5,Ban Sop Mae Sapoot,แม่น้ำแม่ทา,ทาสบเส้า,แม่ทา,ลำพูน
2022-12-13,8.4,Ban Sop Pae,แม่น้ำปิง,สบแปะ,จอมทอง,เชียงใหม่
2022-12-13,5.7,Ban Sop Prap,แม่น้ำวัง,สบปราบ,สบปราบ,ลำปาง
2022-12-13,5.9,Ban Sop Tam,น้ำแม่ต่ำ,เกาะคา,เกาะคา,ลำปาง
2022-12-13,4.6,Ban Sop Win,น้ำแม่วาง,แม่วิน,แม่วาง,เชียงใหม่
2022-12-13,7.4,Ban Tha Duea,แม่น้ำวัง,พิชัย,เมือง,ลำปาง
2022-12-13,5.7,Ban Tha Lo,น้ำแม่ตุ๋ย,บ่อแฮ้ว,เมือง,ลำปาง
2022-12-13,4,Ban Tha Pong Daeng,น้ำปาย,ผาบ่อง,เมือง,แม่ฮ่องสอน
2022-12-13,12.1,Ban Thung Nong,แม่น้ำยม,สระ,เชียงม่วน,พะเยา
2022-12-13,4.9,Ban Ton Yang,น้ำแม่ลาว,บัวสลี,แม่ลาว,เชียงราย
2022-12-13,13.1,Ban Wang Chin,แม่น้ำยม,วังชิ้น,วังชิ้น,แพร่
2022-12-13,3.5,Chedingam,น้ำอิง,ท่าวังทอง,เมือง,พะเยา
2022-12-13,7.1,In front of the Forestry Office,แม่น้ำน่าน,ในเวียง,เมือง,น่าน
2022-12-13,6,Mae Kham Lak Chet,น้ำแม่คำ,ศรีค้ำ,แม่จัน,เชียงราย
2022-12-13,3.7,Nam Mae Chaem,น้ำแม่แจ่ม,บ้านท่าข้าม,จอมทอง,เชียงใหม่
2022-12-13,5.1,Nawarat Bridge,แม่น้ำปิง,วัดเกต,เมือง,เชียงใหม่
2022-12-13,5.1,Nawarat Bridge,แม่น้ำปิง,วัดเกต,เมือง,เชียงใหม่
2022-12-13,4.5,Pracha Uthit Bridge,น้ำแม่กลาง,บ้านหลวง,จอมทอง,เชียงใหม่
2022-12-13,5.6,Romklao Cooperative House,น้ำแม่งัด,แม่แวน,พร้าว,เชียงใหม่
2022-12-13,4.5,Saphan Ban Khay,น้ำฝาง,แม่นาวาง,แม่อาย,เชียงใหม่
2022-12-13,4.9,Setuwaree Bridge,แม้น้ำวัง,เวียงเหนือ,เมือง,ลำปาง
2022-12-13,12.5,Tha Li Bridge,น้ำว้า,ขึ่ง,เวียงสา,น่าน
2022-12-13,8.3,Tha Nang Bridge,น้ำแม่กวง,ในเมือง,เมือง,ลำพูน
2022-12-13,3.7,Wang Phrao,น้ำแม่จาง,วังพร้าว,เกาะคา,ลำปาง
2022-12-14,2.6,Ban Chiang Dao,แม่น้ำปิง,เชียงดาว,เชียงดาว,เชียงใหม่
2022-12-14,3.7,Ban Chor Lae,แม่น้ำปิง,ช่อแล,แม่แตง,เชียงใหม่
2022-12-14,4.2,Ban Don Chai,แม่น้ำวัง,ล้อมแรด,เถิน,ลำปาง
2022-12-14,5.6,Ban Don Mun,แม่น้ำวัง,บ้านแลง,เมือง,ลำปาง
2022-12-14,4.7,Ban Don Sali,น้ำแม่ลาว,ป่าแดด,แม่สรวย,เชียงราย
2022-12-14,5.6,Ban Hai,แม่น้ำวัง,ปงดอน,แจ้ห่ม,ลำปาง
2022-12-14,4,Ban Hong,น้ำแม่ออน,ร้องวัวแดง,สันกำแพง,เชียงใหม่
2022-12-14,3,Ban Hua Sapan,น้ำแม่จัน,ป่าซาง,แม่จัน,เชียงราย
2022-12-14,5.6,Ban Huai Pa Sang,น้ำแม่แตง,กึ๊ดช้าง,แม่แตง,เชียงใหม่
2022-12-14,9,Ban Huai Sak,แม่น้ำยม,เตาปูน,สอง,แพร่
2022-12-14,0.7,Ban Klang,น้ำแม่ขาน,บ้านกลาง,สันป่าตอง,เชียงใหม่
2022-12-14,6.4,Ban Klang,น้ำแม่ขาน,บ้านกลาง,สันป่าตอง,เชียงใหม่
2022-12-14,3.3,Ban Ko Kha,แม่น้ำวัง,ศาลา,เกาะคา,ลำปาง
2022-12-14,6.1,Ban Kok Tong,แม่น้ำกก,รอบเวียง,เมือง,เชียงราย
2022-12-14,4.5,Ban Krariang Tung Phrao,น้ำแม่สรวย,วาวี,แม่สรวย,เชียงราย
2022-12-14,3.1,Ban Lai Kaeo,น้ำแม่ลี้,ศรีเตี้ย,บ้านโฮ่ง,ลำพูน
2022-12-14,6.7,Ban Luang,น้ำแม่ตื่น,ยางเปียง,อมก๋อย,เชียงใหม่
2022-12-14,7.6,Ban Luang Nuea,น้ำงาว,หลวงใต้,งาว,ลำปาง
2022-12-14,6.9,Ban Mae E Hi,น้ำแม่ลี้,ศรีวิชัย,ลี้,ลำพูน
2022-12-14,5.1,Ban Mae Kha Bridge,น้ำฝาง,แม่ข่า,ฝาง,เชียงใหม่
2022-12-14,6.8,Ban Mae Khom Mi Tamnak Tham,น้ำแม่คำมี,ตำหนักธรรม,หนองม่วงไข่,แพร่
2022-12-14,6,Ban Mae Lai,น้ำแม่หล่าย,แม่หล่าย,เมือง,แพร่
2022-12-14,2.4,Ban Mae Tae,แม่น้ำปิง,แม่แฝกเก่า,สันทราย,เชียงใหม่
2022-12-14,2.7,Ban Mae Taeng,แม่น้ำแตง,สันมหาพล,แม่แตง,เชียงใหม่
2022-12-14,3.9,Ban Mae Wan,น้ำแม่กวง,ป่าเมี่ยง,ดอยสะเก็ด,เชียงใหม่
2022-12-14,5.6,Ban Mai Rim Fang,น้ำฝาง,เวียงฝาง,ฝาง,เชียงใหม่
2022-12-14,7.1,Ban Mang,น้ำปี้,มาง,เชียงม่วน,พะเยา
2022-12-14,4.1,Ban Mueang Kuet,น้ำแม่แตง,กึ๊ดช้าง,แม่แตง,เชียงใหม่
2022-12-14,2.6,Ban Mueang Mai,ห้วยแม่ต๋า,เมืองมาย,แจ้ห่ม,ลำปาง
2022-12-14,4.6,Ban Mueang Pha,น้ำแม่ริม,ริมเหนือ,แม่ริม,เชียงใหม่
2022-12-14,1.2,Ban Nam Ing,น้ำอิง,ต้า,ขุนตาล,เชียงราย
2022-12-14,9.4,Ban Nam Khong,แม่น้ำยม,ป่าแมต,เมือง,แพร่
2022-12-14,5.6,Ban Nam Yao,น้ำยาว,อวน,ปัว,น่าน
2022-12-14,0.3,Ban Nong Daeng,แม่น้ำน่าน,เปือ,เชียงกลาง,น่าน
2022-12-14,1.8,Ban Nong Naw,น้ำแม่สอย,แจ้ห่ม,แจ้ห่ม,ลำปาง
2022-12-14,3.8,Ban Nong Pham,น้ำแม่ลาว,แม่สรวย,แม่สรวย,เชียงราย
2022-12-14,7.4,Ban Pa Kha,น้ำควร,ควร,ปง,พะเยา
2022-12-14,8,Ban Pa Khoi Tai,แม่น้ำปิง,สันผีเสื้อ,เมือง,เชียงใหม่
2022-12-14,4.8,Ban Pa Sang,น้ำแม่ทา,ป่าซาง,ป่าซาง,ลำพูน
2022-12-14,5.7,Ban Pang Sa,ห้วยน้ำยาว,ผาทอง,ท่าวังผา,น่าน
2022-12-14,10.4,Ban Pha Khwang,แม่น้ำน่าน,บ่อ,เมือง,น่าน
2022-12-14,6.7,Ban Phai Ngarm,แม่น้ำน่าน,ส้าน,เวียงสา,น่าน
2022-12-14,4.4,Ban Phan Ton,น้ำแม่วาง,ทุ่งปี้,แม่วาง,เชียงใหม่
2022-12-14,4.8,Ban Phi Tai,น้ำปี้,บ้านพี้,บ้านหลวง,น่าน
2022-12-14,2.9,Ban Phu Yaeng,น้ำมวบ,ดู่พงษ์,สันติสุข,น่าน
2022-12-14,6.7,Ban Pong,น้ำแม่กวง,บวกค้าง,สันกำแพง,เชียงใหม่
2022-12-14,8.5,Ban Pong,น้ำแม่กวง,บวกค้าง,สันกำแพง,เชียงใหม่
2022-12-14,4.61,Ban Pong,ห้วยโป่ง,บ้านโป่ง,งาว,ลำปาง
2022-12-14,4.2,Ban Rong Kho,แม่น้ำวัง,ร่องเคาะ,วังเหนือ,ลำปาง
2022-12-14,5.7,Ban Rong Khun,น้ำแม่ลาว,ป่าอ้อดอนชัย,เมือง,เชียงราย
2022-12-14,3.3,Ban Saluang Nok,น้ำแม่ริม,สลวง,แม่ริม,เชียงใหม่
2022-12-14,6.4,Ban San Pu Loei,น้ำแม่ขอด,โหล่งขอด,พร้าว,เชียงใหม่
2022-12-14,7.3,Ban Singpotin,น้ำแม่ลาย,ป่าเมี่ยง,ดอยสะเก็ด,เชียงใหม่
2022-12-14,9.6,Ban Sob Soi,แม่น้ำปิง,แม่สอย,จอมทอง,เชียงใหม่
2022-12-14,5.5,Ban Sop Mae Sapoot,แม่น้ำแม่ทา,ทาสบเส้า,แม่ทา,ลำพูน
2022-12-14,8.2,Ban Sop Pae,แม่น้ำปิง,สบแปะ,จอมทอง,เชียงใหม่
2022-12-14,5.7,Ban Sop Prap,แม่น้ำวัง,สบปราบ,สบปราบ,ลำปาง
2022-12-14,5.9,Ban Sop Tam,น้ำแม่ต่ำ,เกาะคา,เกาะคา,ลำปาง
2022-12-14,4.6,Ban Sop Win,น้ำแม่วาง,แม่วิน,แม่วาง,เชียงใหม่
2022-12-14,7.4,Ban Tha Duea,แม่น้ำวัง,พิชัย,เมือง,ลำปาง
2022-12-14,5.6,Ban Tha Lo,น้ำแม่ตุ๋ย,บ่อแฮ้ว,เมือง,ลำปาง
2022-12-14,4,Ban Tha Pong Daeng,น้ำปาย,ผาบ่อง,เมือง,แม่ฮ่องสอน
2022-12-14,12,Ban Thung Nong,แม่น้ำยม,สระ,เชียงม่วน,พะเยา
2022-12-14,4.9,Ban Ton Yang,น้ำแม่ลาว,บัวสลี,แม่ลาว,เชียงราย
2022-12-14,13.1,Ban Wang Chin,แม่น้ำยม,วังชิ้น,วังชิ้น,แพร่
2022-12-14,3.9,Chedingam,น้ำอิง,ท่าวังทอง,เมือง,พะเยา
2022-12-14,7.1,In front of the Forestry Office,แม่น้ำน่าน,ในเวียง,เมือง,น่าน
2022-12-14,6,Mae Kham Lak Chet,น้ำแม่คำ,ศรีค้ำ,แม่จัน,เชียงราย
2022-12-14,3.7,Nam Mae Chaem,น้ำแม่แจ่ม,บ้านท่าข้าม,จอมทอง,เชียงใหม่
2022-12-14,5.2,Nawarat Bridge,แม่น้ำปิง,วัดเกต,เมือง,เชียงใหม่
2022-12-14,5.2,Nawarat Bridge,แม่น้ำปิง,วัดเกต,เมือง,เชียงใหม่
2022-12-14,4.5,Pracha Uthit Bridge,น้ำแม่กลาง,บ้านหลวง,จอมทอง,เชียงใหม่
2022-12-14,5.6,Romklao Cooperative House,น้ำแม่งัด,แม่แวน,พร้าว,เชียงใหม่
2022-12-14,4.5,Saphan Ban Khay,น้ำฝาง,แม่นาวาง,แม่อาย,เชียงใหม่
2022-12-14,5,Setuwaree Bridge,แม้น้ำวัง,เวียงเหนือ,เมือง,ลำปาง
2022-12-14,12.5,Tha Li Bridge,น้ำว้า,ขึ่ง,เวียงสา,น่าน
2022-12-14,8.5,Tha Nang Bridge,น้ำแม่กวง,ในเมือง,เมือง,ลำพูน
2022-12-14,3.7,Wang Phrao,น้ำแม่จาง,วังพร้าว,เกาะคา,ลำปาง
2022-12-15,2.6,Ban Chiang Dao,แม่น้ำปิง,เชียงดาว,เชียงดาว,เชียงใหม่
2022-12-15,3.7,Ban Chor Lae,แม่น้ำปิง,ช่อแล,แม่แตง,เชียงใหม่
2022-12-15,4.2,Ban Don Chai,แม่น้ำวัง,ล้อมแรด,เถิน,ลำปาง
2022-12-15,5.6,Ban Don Mun,แม่น้ำวัง,บ้านแลง,เมือง,ลำปาง
2022-12-15,4.8,Ban Don Sali,น้ำแม่ลาว,ป่าแดด,แม่สรวย,เชียงราย
2022-12-15,5.6,Ban Hai,แม่น้ำวัง,ปงดอน,แจ้ห่ม,ลำปาง
2022-12-15,4.1,Ban Hong,น้ำแม่ออน,ร้องวัวแดง,สันกำแพง,เชียงใหม่
2022-12-15,5.6,Ban Huai Pa Sang,น้ำแม่แตง,กึ๊ดช้าง,แม่แตง,เชียงใหม่
2022-12-15,9,Ban Huai Sak,แม่น้ำยม,เตาปูน,สอง,แพร่
2022-12-15,0.7,Ban Klang,น้ำแม่ขาน,บ้านกลาง,สันป่าตอง,เชียงใหม่
2022-12-15,6.4,Ban Klang,น้ำแม่ขาน,บ้านกลาง,สันป่าตอง,เชียงใหม่
2022-12-15,3.3,Ban Ko Kha,แม่น้ำวัง,ศาลา,เกาะคา,ลำปาง
2022-12-15,4.5,Ban Krariang Tung Phrao,น้ำแม่สรวย,วาวี,แม่สรวย,เชียงราย
2022-12-15,3.1,Ban Lai Kaeo,น้ำแม่ลี้,ศรีเตี้ย,บ้านโฮ่ง,ลำพูน
2022-12-15,6.7,Ban Luang,น้ำแม่ตื่น,ยางเปียง,อมก๋อย,เชียงใหม่
2022-12-15,7.6,Ban Luang Nuea,น้ำงาว,หลวงใต้,งาว,ลำปาง
2022-12-15,6.9,Ban Mae E Hi,น้ำแม่ลี้,ศรีวิชัย,ลี้,ลำพูน
2022-12-15,5.1,Ban Mae Kha Bridge,น้ำฝาง,แม่ข่า,ฝาง,เชียงใหม่
2022-12-15,6.8,Ban Mae Khom Mi Tamnak Tham,น้ำแม่คำมี,ตำหนักธรรม,หนองม่วงไข่,แพร่
2022-12-15,6,Ban Mae Lai,น้ำแม่หล่าย,แม่หล่าย,เมือง,แพร่
2022-12-15,2.5,Ban Mae Tae,แม่น้ำปิง,แม่แฝกเก่า,สันทราย,เชียงใหม่
2022-12-15,2.7,Ban Mae Taeng,แม่น้ำแตง,สันมหาพล,แม่แตง,เชียงใหม่
2022-12-15,3.9,Ban Mae Wan,น้ำแม่กวง,ป่าเมี่ยง,ดอยสะเก็ด,เชียงใหม่
2022-12-15,5.5,Ban Mai Rim Fang,น้ำฝาง,เวียงฝาง,ฝาง,เชียงใหม่
2022-12-15,7.1,Ban Mang,น้ำปี้,มาง,เชียงม่วน,พะเยา
2022-12-15,4.1,Ban Mueang Kuet,น้ำแม่แตง,กึ๊ดช้าง,แม่แตง,เชียงใหม่
2022-12-15,2.5,Ban Mueang Mai,ห้วยแม่ต๋า,เมืองมาย,แจ้ห่ม,ลำปาง
2022-12-15,4.7,Ban Mueang Pha,น้ำแม่ริม,ริมเหนือ,แม่ริม,เชียงใหม่
2022-12-15,1.2,Ban Nam Ing,น้ำอิง,ต้า,ขุนตาล,เชียงราย
2022-12-15,9.4,Ban Nam Khong,แม่น้ำยม,ป่าแมต,เมือง,แพร่
2022-12-15,5.6,Ban Nam Yao,น้ำยาว,อวน,ปัว,น่าน
2022-12-15,0.3,Ban Nong Daeng,แม่น้ำน่าน,เปือ,เชียงกลาง,น่าน
2022-12-15,1.8,Ban Nong Naw,น้ำแม่สอย,แจ้ห่ม,แจ้ห่ม,ลำปาง
2022-12-15,3.8,Ban Nong Pham,น้ำแม่ลาว,แม่สรวย,แม่สรวย,เชียงราย
2022-12-15,7.4,Ban Pa Kha,น้ำควร,ควร,ปง,พะเยา
2022-12-15,8.1,Ban Pa Khoi Tai,แม่น้ำปิง,สันผีเสื้อ,เมือง,เชียงใหม่
2022-12-15,4.7,Ban Pa Sang,น้ำแม่ทา,ป่าซาง,ป่าซาง,ลำพูน
2022-12-15,5.7,Ban Pang Sa,ห้วยน้ำยาว,ผาทอง,ท่าวังผา,น่าน
2022-12-15,10.4,Ban Pha Khwang,แม่น้ำน่าน,บ่อ,เมือง,น่าน
2022-12-15,6.7,Ban Phai Ngarm,แม่น้ำน่าน,ส้าน,เวียงสา,น่าน
2022-12-15,4.4,Ban Phan Ton,น้ำแม่วาง,ทุ่งปี้,แม่วาง,เชียงใหม่
2022-12-15,4.8,Ban Phi Tai,น้ำปี้,บ้านพี้,บ้านหลวง,น่าน
2022-12-15,2.9,Ban Phu Yaeng,น้ำมวบ,ดู่พงษ์,สันติสุข,น่าน
2022-12-15,6.7,Ban Pong,น้ำแม่กวง,บวกค้าง,สันกำแพง,เชียงใหม่
2022-12-15,8.5,Ban Pong,น้ำแม่กวง,บวกค้าง,สันกำแพง,เชียงใหม่
2022-12-15,4.58,Ban Pong,ห้วยโป่ง,บ้านโป่ง,งาว,ลำปาง
2022-12-15,4.2,Ban Rong Kho,แม่น้ำวัง,ร่องเคาะ,วังเหนือ,ลำปาง
2022-12-15,5.6,Ban Rong Khun,น้ำแม่ลาว,ป่าอ้อดอนชัย,เมือง,เชียงราย
2022-12-15,3.3,Ban Saluang Nok,น้ำแม่ริม,สลวง,แม่ริม,เชียงใหม่
2022-12-15,6.4,Ban San Pu Loei,น้ำแม่ขอด,โหล่งขอด,พร้าว,เชียงใหม่
2022-12-15,7.3,Ban Singpotin,น้ำแม่ลาย,ป่าเมี่ยง,ดอยสะเก็ด,เชียงใหม่
2022-12-15,9.6,Ban Sob Soi,แม่น้ำปิง,แม่สอย,จอมทอง,เชียงใหม่
2022-12-15,5.5,Ban Sop Mae Sapoot,แม่น้ำแม่ทา,ทาสบเส้า,แม่ทา,ลำพูน
2022-12-15,8.3,Ban Sop Pae,แม่น้ำปิง,สบแปะ,จอมทอง,เชียงใหม่
2022-12-15,5.7,Ban Sop Prap,แม่น้ำวัง,สบปราบ,สบปราบ,ลำปาง
2022-12-15,5.9,Ban Sop Tam,น้ำแม่ต่ำ,เกาะคา,เกาะคา,ลำปาง
2022-12-15,4.6,Ban Sop Win,น้ำแม่วาง,แม่วิน,แม่วาง,เชียงใหม่
2022-12-15,7.4,Ban Tha Duea,แม่น้ำวัง,พิชัย,เมือง,ลำปาง
2022-12-15,5.6,Ban Tha Lo,น้ำแม่ตุ๋ย,บ่อแฮ้ว,เมือง,ลำปาง
2022-12-15,4,Ban Tha Pong Daeng,น้ำปาย,ผาบ่อง,เมือง,แม่ฮ่องสอน
2022-12-15,12,Ban Thung Nong,แม่น้ำยม,สระ,เชียงม่วน,พะเยา
2022-12-15,4.8,Ban Ton Yang,น้ำแม่ลาว,บัวสลี,แม่ลาว,เชียงราย
2022-12-15,13.1,Ban Wang Chin,แม่น้ำยม,วังชิ้น,วังชิ้น,แพร่
2022-12-15,4.1,Chedingam,น้ำอิง,ท่าวังทอง,เมือง,พะเยา
2022-12-15,7,In front of the Forestry Office,แม่น้ำน่าน,ในเวียง,เมือง,น่าน
2022-12-15,6,Mae Kham Lak Chet,น้ำแม่คำ,ศรีค้ำ,แม่จัน,เชียงราย
2022-12-15,3.7,Nam Mae Chaem,น้ำแม่แจ่ม,บ้านท่าข้าม,จอมทอง,เชียงใหม่
2022-12-15,5.3,Nawarat Bridge,แม่น้ำปิง,วัดเกต,เมือง,เชียงใหม่
2022-12-15,5.3,Nawarat Bridge,แม่น้ำปิง,วัดเกต,เมือง,เชียงใหม่
2022-12-15,4.5,Pracha Uthit Bridge,น้ำแม่กลาง,บ้านหลวง,จอมทอง,เชียงใหม่
2022-12-15,5.6,Romklao Cooperative House,น้ำแม่งัด,แม่แวน,พร้าว,เชียงใหม่
2022-12-15,4.4,Saphan Ban Khay,น้ำฝาง,แม่นาวาง,แม่อาย,เชียงใหม่
2022-12-15,4.8,Setuwaree Bridge,แม้น้ำวัง,เวียงเหนือ,เมือง,ลำปาง
2022-12-15,12.5,Tha Li Bridge,น้ำว้า,ขึ่ง,เวียงสา,น่าน
2022-12-15,8.4,Tha Nang Bridge,น้ำแม่กวง,ในเมือง,เมือง,ลำพูน
2022-12-15,3.7,Wang Phrao,น้ำแม่จาง,วังพร้าว,เกาะคา,ลำปาง
2022-12-16,2.6,Ban Chiang Dao,แม่น้ำปิง,เชียงดาว,เชียงดาว,เชียงใหม่
2022-12-16,3.6,Ban Chor Lae,แม่น้ำปิง,ช่อแล,แม่แตง,เชียงใหม่
2022-12-16,4.2,Ban Don Chai,แม่น้ำวัง,ล้อมแรด,เถิน,ลำปาง
2022-12-16,5.6,Ban Don Mun,แม่น้ำวัง,บ้านแลง,เมือง,ลำปาง
2022-12-16,4.9,Ban Don Sali,น้ำแม่ลาว,ป่าแดด,แม่สรวย,เชียงราย
2022-12-16,5.8,Ban Hai,แม่น้ำวัง,ปงดอน,แจ้ห่ม,ลำปาง
2022-12-16,4.1,Ban Hong,น้ำแม่ออน,ร้องวัวแดง,สันกำแพง,เชียงใหม่
2022-12-16,2.9,Ban Hua Sapan,น้ำแม่จัน,ป่าซาง,แม่จัน,เชียงราย
2022-12-16,5.6,Ban Huai Pa Sang,น้ำแม่แตง,กึ๊ดช้าง,แม่แตง,เชียงใหม่
2022-12-16,9,Ban Huai Sak,แม่น้ำยม,เตาปูน,สอง,แพร่
2022-12-16,0.7,Ban Klang,น้ำแม่ขาน,บ้านกลาง,สันป่าตอง,เชียงใหม่
2022-12-16,6.4,Ban Klang,น้ำแม่ขาน,บ้านกลาง,สันป่าตอง,เชียงใหม่
2022-12-16,3.3,Ban Ko Kha,แม่น้ำวัง,ศาลา,เกาะคา,ลำปาง
2022-12-16,6,Ban Kok Tong,แม่น้ำกก,รอบเวียง,เมือง,เชียงราย
2022-12-16,4.5,Ban Krariang Tung Phrao,น้ำแม่สรวย,วาวี,แม่สรวย,เชียงราย
2022-12-16,3.1,Ban Lai Kaeo,น้ำแม่ลี้,ศรีเตี้ย,บ้านโฮ่ง,ลำพูน
2022-12-16,6.6,Ban Luang,น้ำแม่ตื่น,ยางเปียง,อมก๋อย,เชียงใหม่
2022-12-16,7.6,Ban Luang Nuea,น้ำงาว,หลวงใต้,งาว,ลำปาง
2022-12-16,6.9,Ban Mae E Hi,น้ำแม่ลี้,ศรีวิชัย,ลี้,ลำพูน
2022-12-16,5,Ban Mae Kha Bridge,น้ำฝาง,แม่ข่า,ฝาง,เชียงใหม่
2022-12-16,6.8,Ban Mae Khom Mi Tamnak Tham,น้ำแม่คำมี,ตำหนักธรรม,หนองม่วงไข่,แพร่
2022-12-16,6,Ban Mae Lai,น้ำแม่หล่าย,แม่หล่าย,เมือง,แพร่
2022-12-16,2.4,Ban Mae Tae,แม่น้ำปิง,แม่แฝกเก่า,สันทราย,เชียงใหม่
2022-12-16,2.7,Ban Mae Taeng,แม่น้ำแตง,สันมหาพล,แม่แตง,เชียงใหม่
2022-12-16,3.9,Ban Mae Wan,น้ำแม่กวง,ป่าเมี่ยง,ดอยสะเก็ด,เชียงใหม่
2022-12-16,5.5,Ban Mai Rim Fang,น้ำฝาง,เวียงฝาง,ฝาง,เชียงใหม่
2022-12-16,7.1,Ban Mang,น้ำปี้,มาง,เชียงม่วน,พะเยา
2022-12-16,4.1,Ban Mueang Kuet,น้ำแม่แตง,กึ๊ดช้าง,แม่แตง,เชียงใหม่
2022-12-16,2.5,Ban Mueang Mai,ห้วยแม่ต๋า,เมืองมาย,แจ้ห่ม,ลำปาง
2022-12-16,4.7,Ban Mueang Pha,น้ำแม่ริม,ริมเหนือ,แม่ริม,เชียงใหม่
2022-12-16,9.4,Ban Nam Khong,แม่น้ำยม,ป่าแมต,เมือง,แพร่
2022-12-16,5.6,Ban Nam Yao,น้ำยาว,อวน,ปัว,น่าน
2022-12-16,0.3,Ban Nong Daeng,แม่น้ำน่าน,เปือ,เชียงกลาง,น่าน
2022-12-16,1.8,Ban Nong Naw,น้ำแม่สอย,แจ้ห่ม,แจ้ห่ม,ลำปาง
2022-12-16,3.8,Ban Nong Pham,น้ำแม่ลาว,แม่สรวย,แม่สรวย,เชียงราย
2022-12-16,7.4,Ban Pa Kha,น้ำควร,ควร,ปง,พะเยา
2022-12-16,8.1,Ban Pa Khoi Tai,แม่น้ำปิง,สันผีเสื้อ,เมือง,เชียงใหม่
2022-12-16,4.7,Ban Pa Sang,น้ำแม่ทา,ป่าซาง,ป่าซาง,ลำพูน
2022-12-16,5.7,Ban Pang Sa,ห้วยน้ำยาว,ผาทอง,ท่าวังผา,น่าน
2022-12-16,10.4,Ban Pha Khwang,แม่น้ำน่าน,บ่อ,เมือง,น่าน
2022-12-16,6.7,Ban Phai Ngarm,แม่น้ำน่าน,ส้าน,เวียงสา,น่าน
2022-12-16,4.4,Ban Phan Ton,น้ำแม่วาง,ทุ่งปี้,แม่วาง,เชียงใหม่
2022-12-16,4.8,Ban Phi Tai,น้ำปี้,บ้านพี้,บ้านหลวง,น่าน
2022-12-16,2.9,Ban Phu Yaeng,น้ำมวบ,ดู่พงษ์,สันติสุข,น่าน
2022-12-16,6.8,Ban Pong,น้ำแม่กวง,บวกค้าง,สันกำแพง,เชียงใหม่
2022-12-16,8.5,Ban Pong,น้ำแม่กวง,บวกค้าง,สันกำแพง,เชียงใหม่
2022-12-16,4.57,Ban Pong,ห้วยโป่ง,บ้านโป่ง,งาว,ลำปาง
2022-12-16,4.2,Ban Rong Kho,แม่น้ำวัง,ร่องเคาะ,วังเหนือ,ลำปาง
2022-12-16,5.6,Ban Rong Khun,น้ำแม่ลาว,ป่าอ้อดอนชัย,เมือง,เชียงราย
2022-12-16,3.3,Ban Saluang Nok,น้ำแม่ริม,สลวง,แม่ริม,เชียงใหม่
2022-12-16,6.4,Ban San Pu Loei,น้ำแม่ขอด,โหล่งขอด,พร้าว,เชียงใหม่
2022-12-16,7.3,Ban Singpotin,น้ำแม่ลาย,ป่าเมี่ยง,ดอยสะเก็ด,เชียงใหม่
2022-12-16,9.6,Ban Sob Soi,แม่น้ำปิง,แม่สอย,จอมทอง,เชียงใหม่
2022-12-16,5.5,Ban Sop Mae Sapoot,แม่น้ำแม่ทา,ทาสบเส้า,แม่ทา,ลำพูน
2022-12-16,8.3,Ban Sop Pae,แม่น้ำปิง,สบแปะ,จอมทอง,เชียงใหม่
2022-12-16,5.7,Ban Sop Prap,แม่น้ำวัง,สบปราบ,สบปราบ,ลำปาง
2022-12-16,6,Ban Sop Tam,น้ำแม่ต่ำ,เกาะคา,เกาะคา,ลำปาง
2022-12-16,4.6,Ban Sop Win,น้ำแม่วาง,แม่วิน,แม่วาง,เชียงใหม่
2022-12-16,7.4,Ban Tha Duea,แม่น้ำวัง,พิชัย,เมือง,ลำปาง
2022-12-16,5.5,Ban Tha Lo,น้ำแม่ตุ๋ย,บ่อแฮ้ว,เมือง,ลำปาง
2022-12-16,4,Ban Tha Pong Daeng,น้ำปาย,ผาบ่อง,เมือง,แม่ฮ่องสอน
2022-12-16,12,Ban Thung Nong,แม่น้ำยม,สระ,เชียงม่วน,พะเยา
2022-12-16,4.8,Ban Ton Yang,น้ำแม่ลาว,บัวสลี,แม่ลาว,เชียงราย
2022-12-16,13.1,Ban Wang Chin,แม่น้ำยม,วังชิ้น,วังชิ้น,แพร่
2022-12-16,3.9,Chedingam,น้ำอิง,ท่าวังทอง,เมือง,พะเยา
2022-12-16,7,In front of the Forestry Office,แม่น้ำน่าน,ในเวียง,เมือง,น่าน
2022-12-16,5.9,Mae Kham Lak Chet,น้ำแม่คำ,ศรีค้ำ,แม่จัน,เชียงราย
2022-12-16,3.7,Nam Mae Chaem,น้ำแม่แจ่ม,บ้านท่าข้าม,จอมทอง,เชียงใหม่
2022-12-16,5.2,Nawarat Bridge,แม่น้ำปิง,วัดเกต,เมือง,เชียงใหม่
2022-12-16,5.2,Nawarat Bridge,แม่น้ำปิง,วัดเกต,เมือง,เชียงใหม่
2022-12-16,4.5,Pracha Uthit Bridge,น้ำแม่กลาง,บ้านหลวง,จอมทอง,เชียงใหม่
2022-12-16,5.6,Romklao Cooperative House,น้ำแม่งัด,แม่แวน,พร้าว,เชียงใหม่
2022-12-16,4.4,Saphan Ban Khay,น้ำฝาง,แม่นาวาง,แม่อาย,เชียงใหม่
2022-12-16,4.8,Setuwaree Bridge,แม้น้ำวัง,เวียงเหนือ,เมือง,ลำปาง
2022-12-16,12.5,Tha Li Bridge,น้ำว้า,ขึ่ง,เวียงสา,น่าน
2022-12-16,8.4,Tha Nang Bridge,น้ำแม่กวง,ในเมือง,เมือง,ลำพูน
2022-12-16,3.7,Wang Phrao,น้ำแม่จาง,วังพร้าว,เกาะคา,ลำปาง
2022-12-17,2.6,Ban Chiang Dao,แม่น้ำปิง,เชียงดาว,เชียงดาว,เชียงใหม่
2022-12-17,3.6,Ban Chor Lae,แม่น้ำปิง,ช่อแล,แม่แตง,เชียงใหม่
2022-12-17,4.2,Ban Don Chai,แม่น้ำวัง,ล้อมแรด,เถิน,ลำปาง
2022-12-17,5.6,Ban Don Mun,แม่น้ำวัง,บ้านแลง,เมือง,ลำปาง
2022-12-17,4.9,Ban Don Sali,น้ำแม่ลาว,ป่าแดด,แม่สรวย,เชียงราย
2022-12-17,5.8,Ban Hai,แม่น้ำวัง,ปงดอน,แจ้ห่ม,ลำปาง
2022-12-17,4.1,Ban Hong,น้ำแม่ออน,ร้องวัวแดง,สันกำแพง,เชียงใหม่
2022-12-17,5.6,Ban Huai Pa Sang,น้ำแม่แตง,กึ๊ดช้าง,แม่แตง,เชียงใหม่
2022-12-17,9,Ban Huai Sak,แม่น้ำยม,เตาปูน,สอง,แพร่
2022-12-17,0.7,Ban Klang,น้ำแม่ขาน,บ้านกลาง,สันป่าตอง,เชียงใหม่
2022-12-17,6.4,Ban Klang,น้ำแม่ขาน,บ้านกลาง,สันป่าตอง,เชียงใหม่
2022-12-17,3.3,Ban Ko Kha,แม่น้ำวัง,ศาลา,เกาะคา,ลำปาง
2022-12-17,4.5,Ban Krariang Tung Phrao,น้ำแม่สรวย,วาวี,แม่สรวย,เชียงราย
2022-12-17,3.1,Ban Lai Kaeo,น้ำแม่ลี้,ศรีเตี้ย,บ้านโฮ่ง,ลำพูน
2022-12-17,6.6,Ban Luang,น้ำแม่ตื่น,ยางเปียง,อมก๋อย,เชียงใหม่
2022-12-17,7.6,Ban Luang Nuea,น้ำงาว,หลวงใต้,งาว,ลำปาง
2022-12-17,6.9,Ban Mae E Hi,น้ำแม่ลี้,ศรีวิชัย,ลี้,ลำพูน
2022-12-17,5,Ban Mae Kha Bridge,น้ำฝาง,แม่ข่า,ฝาง,เชียงใหม่
2022-12-17,6.8,Ban Mae Khom Mi Tamnak Tham,น้ำแม่คำมี,ตำหนักธรรม,หนองม่วงไข่,แพร่
2022-12-17,6,Ban Mae Lai,น้ำแม่หล่าย,แม่หล่าย,เมือง,แพร่
2022-12-17,2.4,Ban Mae Tae,แม่น้ำปิง,แม่แฝกเก่า,สันทราย,เชียงใหม่
2022-12-17,2.7,Ban Mae Taeng,แม่น้ำแตง,สันมหาพล,แม่แตง,เชียงใหม่
2022-12-17,3.9,Ban Mae Wan,น้ำแม่กวง,ป่าเมี่ยง,ดอยสะเก็ด,เชียงใหม่
2022-12-17,5.5,Ban Mai Rim Fang,น้ำฝาง,เวียงฝาง,ฝาง,เชียงใหม่
2022-12-17,7.2,Ban Mang,น้ำปี้,มาง,เชียงม่วน,พะเยา
2022-12-17,4.1,Ban Mueang Kuet,น้ำแม่แตง,กึ๊ดช้าง,แม่แตง,เชียงใหม่
2022-12-17,2.5,Ban Mueang Mai,ห้วยแม่ต๋า,เมืองมาย,แจ้ห่ม,ลำปาง
2022-12-17,4.7,Ban Mueang Pha,น้ำแม่ริม,ริมเหนือ,แม่ริม,เชียงใหม่
2022-12-17,1.3,Ban Nam Ing,น้ำอิง,ต้า,ขุนตาล,เชียงราย
2022-12-17,9.4,Ban Nam Khong,แม่น้ำยม,ป่าแมต,เมือง,แพร่
2022-12-17,5.6,Ban Nam Yao,น้ำยาว,อวน,ปัว,น่าน
2022-12-17,0.3,Ban Nong Daeng,แม่น้ำน่าน,เปือ,เชียงกลาง,น่าน
2022-12-17,1.8,Ban Nong Naw,น้ำแม่สอย,แจ้ห่ม,แจ้ห่ม,ลำปาง
2022-12-17,3.8,Ban Nong Pham,น้ำแม่ลาว,แม่สรวย,แม่สรวย,เชียงราย
2022-12-17,7.4,Ban Pa Kha,น้ำควร,ควร,ปง,พะเยา
2022-12-17,7.9,Ban Pa Khoi Tai,แม่น้ำปิง,สันผีเสื้อ,เมือง,เชียงใหม่
2022-12-17,4.7,Ban Pa Sang,น้ำแม่ทา,ป่าซาง,ป่าซาง,ลำพูน
2022-12-17,5.7,Ban Pang Sa,ห้วยน้ำยาว,ผาทอง,ท่าวังผา,น่าน
2022-12-17,10.4,Ban Pha Khwang,แม่น้ำน่าน,บ่อ,เมือง,น่าน
2022-12-17,6.6,Ban Phai Ngarm,แม่น้ำน่าน,ส้าน,เวียงสา,น่าน
2022-12-17,4.4,Ban Phan Ton,น้ำแม่วาง,ทุ่งปี้,แม่วาง,เชียงใหม่
2022-12-17,4.8,Ban Phi Tai,น้ำปี้,บ้านพี้,บ้านหลวง,น่าน
2022-12-17,2.9,Ban Phu Yaeng,น้ำมวบ,ดู่พงษ์,สันติสุข,น่าน
2022-12-17,6.7,Ban Pong,น้ำแม่กวง,บวกค้าง,สันกำแพง,เชียงใหม่
2022-12-17,8.5,Ban Pong,น้ำแม่กวง,บวกค้าง,สันกำแพง,เชียงใหม่
2022-12-17,4.56,Ban Pong,ห้วยโป่ง,บ้านโป่ง,งาว,ลำปาง
2022-12-17,4.2,Ban Rong Kho,แม่น้ำวัง,ร่องเคาะ,วังเหนือ,ลำปาง
2022-12-17,3.3,Ban Saluang Nok,น้ำแม่ริม,สลวง,แม่ริม,เชียงใหม่
2022-12-17,6.4,Ban San Pu Loei,น้ำแม่ขอด,โหล่งขอด,พร้าว,เชียงใหม่
2022-12-17,7.3,Ban Singpotin,น้ำแม่ลาย,ป่าเมี่ยง,ดอยสะเก็ด,เชียงใหม่
2022-12-17,9.7,Ban Sob Soi,แม่น้ำปิง,แม่สอย,จอมทอง,เชียงใหม่
2022-12-17,5.5,Ban Sop Mae Sapoot,แม่น้ำแม่ทา,ทาสบเส้า,แม่ทา,ลำพูน
2022-12-17,8.4,Ban Sop Pae,แม่น้ำปิง,สบแปะ,จอมทอง,เชียงใหม่
2022-12-17,5.7,Ban Sop Prap,แม่น้ำวัง,สบปราบ,สบปราบ,ลำปาง
2022-12-17,5.9,Ban Sop Tam,น้ำแม่ต่ำ,เกาะคา,เกาะคา,ลำปาง
2022-12-17,4.6,Ban Sop Win,น้ำแม่วาง,แม่วิน,แม่วาง,เชียงใหม่
2022-12-17,7.4,Ban Tha Duea,แม่น้ำวัง,พิชัย,เมือง,ลำปาง
2022-12-17,5.4,Ban Tha Lo,น้ำแม่ตุ๋ย,บ่อแฮ้ว,เมือง,ลำปาง
2022-12-17,4,Ban Tha Pong Daeng,น้ำปาย,ผาบ่อง,เมือง,แม่ฮ่องสอน
2022-12-17,12,Ban Thung Nong,แม่น้ำยม,สระ,เชียงม่วน,พะเยา
2022-12-17,4.7,Ban Ton Yang,น้ำแม่ลาว,บัวสลี,แม่ลาว,เชียงราย
2022-12-17,13.1,Ban Wang Chin,แม่น้ำยม,วังชิ้น,วังชิ้น,แพร่
2022-12-17,4.2,Chedingam,น้ำอิง,ท่าวังทอง,เมือง,พะเยา
2022-12-17,7.1,In front of the Forestry Office,แม่น้ำน่าน,ในเวียง,เมือง,น่าน
2022-12-17,3.7,Nam Mae Chaem,น้ำแม่แจ่ม,บ้านท่าข้าม,จอมทอง,เชียงใหม่
2022-12-17,5,Nawarat Bridge,แม่น้ำปิง,วัดเกต,เมือง,เชียงใหม่
2022-12-17,5,Nawarat Bridge,แม่น้ำปิง,วัดเกต,เมือง,เชียงใหม่
2022-12-17,4.5,Pracha Uthit Bridge,น้ำแม่กลาง,บ้านหลวง,จอมทอง,เชียงใหม่
2022-12-17,5.6,Romklao Cooperative House,น้ำแม่งัด,แม่แวน,พร้าว,เชียงใหม่
2022-12-17,4.4,Saphan Ban Khay,น้ำฝาง,แม่นาวาง,แม่อาย,เชียงใหม่
2022-12-17,4.8,Setuwaree Bridge,แม้น้ำวัง,เวียงเหนือ,เมือง,ลำปาง
2022-12-17,12.5,Tha Li Bridge,น้ำว้า,ขึ่ง,เวียงสา,น่าน
2022-12-17,8.2,Tha Nang Bridge,น้ำแม่กวง,ในเมือง,เมือง,ลำพูน
2022-12-17,3.7,Wang Phrao,น้ำแม่จาง,วังพร้าว,เกาะคา,ลำปาง
2022-12-18,2.6,Ban Chiang Dao,แม่น้ำปิง,เชียงดาว,เชียงดาว,เชียงใหม่
2022-12-18,3.6,Ban Chor Lae,แม่น้ำปิง,ช่อแล,แม่แตง,เชียงใหม่
2022-12-18,4.2,Ban Don Chai,แม่น้ำวัง,ล้อมแรด,เถิน,ลำปาง
2022-12-18,5.6,Ban Don Mun,แม่น้ำวัง,บ้านแลง,เมือง,ลำปาง
2022-12-18,4.8,Ban Don Sali,น้ำแม่ลาว,ป่าแดด,แม่สรวย,เชียงราย
2022-12-18,5.8,Ban Hai,แม่น้ำวัง,ปงดอน,แจ้ห่ม,ลำปาง
2022-12-18,4.1,Ban Hong,น้ำแม่ออน,ร้องวัวแดง,สันกำแพง,เชียงใหม่
2022-12-18,5.6,Ban Huai Pa Sang,น้ำแม่แตง,กึ๊ดช้าง,แม่แตง,เชียงใหม่
2022-12-18,9,Ban Huai Sak,แม่น้ำยม,เตาปูน,สอง,แพร่
2022-12-18,0.6,Ban Klang,น้ำแม่ขาน,บ้านกลาง,สันป่าตอง,เชียงใหม่
2022-12-18,6.4,Ban Klang,น้ำแม่ขาน,บ้านกลาง,สันป่าตอง,เชียงใหม่
2022-12-18,3.3,Ban Ko Kha,แม่น้ำวัง,ศาลา,เกาะคา,ลำปาง
2022-12-18,6,Ban Kok Tong,แม่น้ำกก,รอบเวียง,เมือง,เชียงราย
2022-12-18,4.5,Ban Krariang Tung Phrao,น้ำแม่สรวย,วาวี,แม่สรวย,เชียงราย
2022-12-18,3.1,Ban Lai Kaeo,น้ำแม่ลี้,ศรีเตี้ย,บ้านโฮ่ง,ลำพูน
2022-12-18,6.7,Ban Luang,น้ำแม่ตื่น,ยางเปียง,อมก๋อย,เชียงใหม่
2022-12-18,7.6,Ban Luang Nuea,น้ำงาว,หลวงใต้,งาว,ลำปาง
2022-12-18,6.9,Ban Mae E Hi,น้ำแม่ลี้,ศรีวิชัย,ลี้,ลำพูน
2022-12-18,5,Ban Mae Kha Bridge,น้ำฝาง,แม่ข่า,ฝาง,เชียงใหม่
2022-12-18,6.8,Ban Mae Khom Mi Tamnak Tham,น้ำแม่คำมี,ตำหนักธรรม,หนองม่วงไข่,แพร่
2022-12-18,6,Ban Mae Lai,น้ำแม่หล่าย,แม่หล่าย,เมือง,แพร่
2022-12-18,2.4,Ban Mae Tae,แม่น้ำปิง,แม่แฝกเก่า,สันทราย,เชียงใหม่
2022-12-18,2.7,Ban Mae Taeng,แม่น้ำแตง,สันมหาพล,แม่แตง,เชียงใหม่
2022-12-18,3.9,Ban Mae Wan,น้ำแม่กวง,ป่าเมี่ยง,ดอยสะเก็ด,เชียงใหม่
2022-12-18,5.5,Ban Mai Rim Fang,น้ำฝาง,เวียงฝาง,ฝาง,เชียงใหม่
2022-12-18,7.2,Ban Mang,น้ำปี้,มาง,เชียงม่วน,พะเยา
2022-12-18,4.1,Ban Mueang Kuet,น้ำแม่แตง,กึ๊ดช้าง,แม่แตง,เชียงใหม่
2022-12-18,4.7,Ban Mueang Pha,น้ำแม่ริม,ริมเหนือ,แม่ริม,เชียงใหม่
2022-12-18,1.4,Ban Nam Ing,น้ำอิง,ต้า,ขุนตาล,เชียงราย
2022-12-18,9.4,Ban Nam Khong,แม่น้ำยม,ป่าแมต,เมือง,แพร่
2022-12-18,5.6,Ban Nam Yao,น้ำยาว,อวน,ปัว,น่าน
2022-12-18,0.3,Ban Nong Daeng,แม่น้ำน่าน,เปือ,เชียงกลาง,น่าน
2022-12-18,1.8,Ban Nong Naw,น้ำแม่สอย,แจ้ห่ม,แจ้ห่ม,ลำปาง
2022-12-18,3.8,Ban Nong Pham,น้ำแม่ลาว,แม่สรวย,แม่สรวย,เชียงราย
2022-12-18,7.4,Ban Pa Kha,น้ำควร,ควร,ปง,พะเยา
2022-12-18,8,Ban Pa Khoi Tai,แม่น้ำปิง,สันผีเสื้อ,เมือง,เชียงใหม่
2022-12-18,4.7,Ban Pa Sang,น้ำแม่ทา,ป่าซาง,ป่าซาง,ลำพูน
2022-12-18,5.7,Ban Pang Sa,ห้วยน้ำยาว,ผาทอง,ท่าวังผา,น่าน
2022-12-18,10.4,Ban Pha Khwang,แม่น้ำน่าน,บ่อ,เมือง,น่าน
2022-12-18,6.6,Ban Phai Ngarm,แม่น้ำน่าน,ส้าน,เวียงสา,น่าน
2022-12-18,4.4,Ban Phan Ton,น้ำแม่วาง,ทุ่งปี้,แม่วาง,เชียงใหม่
2022-12-18,4.8,Ban Phi Tai,น้ำปี้,บ้านพี้,บ้านหลวง,น่าน
2022-12-18,2.9,Ban Phu Yaeng,น้ำมวบ,ดู่พงษ์,สันติสุข,น่าน
2022-12-18,6.7,Ban Pong,น้ำแม่กวง,บวกค้าง,สันกำแพง,เชียงใหม่
2022-12-18,8.5,Ban Pong,น้ำแม่กวง,บวกค้าง,สันกำแพง,เชียงใหม่
2022-12-18,4.59,Ban Pong,ห้วยโป่ง,บ้านโป่ง,งาว,ลำปาง
2022-12-18,4.2,Ban Rong Kho,แม่น้ำวัง,ร่องเคาะ,วังเหนือ,ลำปาง
2022-12-18,5.6,Ban Rong Khun,น้ำแม่ลาว,ป่าอ้อดอนชัย,เมือง,เชียงราย
2022-12-18,3.3,Ban Saluang Nok,น้ำแม่ริม,สลวง,แม่ริม,เชียงใหม่
2022-12-18,6.4,Ban San Pu Loei,น้ำแม่ขอด,โหล่งขอด,พร้าว,เชียงใหม่
2022-12-18,7.3,Ban Singpotin,น้ำแม่ลาย,ป่าเมี่ยง,ดอยสะเก็ด,เชียงใหม่
2022-12-18,9.8,Ban Sob Soi,แม่น้ำปิง,แม่สอย,จอมทอง,เชียงใหม่
2022-12-18,5.5,Ban Sop Mae Sapoot,แม่น้ำแม่ทา,ทาสบเส้า,แม่ทา,ลำพูน
2022-12-18,8,Ban Sop Pae,แม่น้ำปิง,สบแปะ,จอมทอง,เชียงใหม่
2022-12-18,5.7,Ban Sop Prap,แม่น้ำวัง,สบปราบ,สบปราบ,ลำปาง
2022-12-18,5.9,Ban Sop Tam,น้ำแม่ต่ำ,เกาะคา,เกาะคา,ลำปาง
2022-12-18,4.6,Ban Sop Win,น้ำแม่วาง,แม่วิน,แม่วาง,เชียงใหม่
2022-12-18,7.4,Ban Tha Duea,แม่น้ำวัง,พิชัย,เมือง,ลำปาง
2022-12-18,5.2,Ban Tha Lo,น้ำแม่ตุ๋ย,บ่อแฮ้ว,เมือง,ลำปาง
2022-12-18,4,Ban Tha Pong Daeng,น้ำปาย,ผาบ่อง,เมือง,แม่ฮ่องสอน
2022-12-18,12,Ban Thung Nong,แม่น้ำยม,สระ,เชียงม่วน,พะเยา
2022-12-18,4.8,Ban Ton Yang,น้ำแม่ลาว,บัวสลี,แม่ลาว,เชียงราย
2022-12-18,13.1,Ban Wang Chin,แม่น้ำยม,วังชิ้น,วังชิ้น,แพร่
2022-12-18,4.1,Chedingam,น้ำอิง,ท่าวังทอง,เมือง,พะเยา
2022-12-18,7.1,In front of the Forestry Office,แม่น้ำน่าน,ในเวียง,เมือง,น่าน
2022-12-18,5.9,Mae Kham Lak Chet,น้ำแม่คำ,ศรีค้ำ,แม่จัน,เชียงราย
2022-12-18,3.7,Nam Mae Chaem,น้ำแม่แจ่ม,บ้านท่าข้าม,จอมทอง,เชียงใหม่
2022-12-18,5.2,Nawarat Bridge,แม่น้ำปิง,วัดเกต,เมือง,เชียงใหม่
2022-12-18,5.2,Nawarat Bridge,แม่น้ำปิง,วัดเกต,เมือง,เชียงใหม่
2022-12-18,4.6,Pracha Uthit Bridge,น้ำแม่กลาง,บ้านหลวง,จอมทอง,เชียงใหม่
2022-12-18,5.6,Romklao Cooperative House,น้ำแม่งัด,แม่แวน,พร้าว,เชียงใหม่
2022-12-18,4.3,Saphan Ban Khay,น้ำฝาง,แม่นาวาง,แม่อาย,เชียงใหม่
2022-12-18,4.7,Setuwaree Bridge,แม้น้ำวัง,เวียงเหนือ,เมือง,ลำปาง
2022-12-18,12.5,Tha Li Bridge,น้ำว้า,ขึ่ง,เวียงสา,น่าน
2022-12-18,7.7,Tha Nang Bridge,น้ำแม่กวง,ในเมือง,เมือง,ลำพูน
2022-12-18,3.7,Wang Phrao,น้ำแม่จาง,วังพร้าว,เกาะคา,ลำปาง
2022-12-19,2.6,Ban Chiang Dao,แม่น้ำปิง,เชียงดาว,เชียงดาว,เชียงใหม่
2022-12-19,3.6,Ban Chor Lae,แม่น้ำปิง,ช่อแล,แม่แตง,เชียงใหม่
2022-12-19,4.2,Ban Don Chai,แม่น้ำวัง,ล้อมแรด,เถิน,ลำปาง
2022-12-19,5.5,Ban Don Mun,แม่น้ำวัง,บ้านแลง,เมือง,ลำปาง
2022-12-19,4.8,Ban Don Sali,น้ำแม่ลาว,ป่าแดด,แม่สรวย,เชียงราย
2022-12-19,5.8,Ban Hai,แม่น้ำวัง,ปงดอน,แจ้ห่ม,ลำปาง
2022-12-19,4,Ban Hong,น้ำแม่ออน,ร้องวัวแดง,สันกำแพง,เชียงใหม่
2022-12-19,2.9,Ban Hua Sapan,น้ำแม่จัน,ป่าซาง,แม่จัน,เชียงราย
2022-12-19,5.6,Ban Huai Pa Sang,น้ำแม่แตง,กึ๊ดช้าง,แม่แตง,เชียงใหม่
2022-12-19,9,Ban Huai Sak,แม่น้ำยม,เตาปูน,สอง,แพร่
2022-12-19,0.6,Ban Klang,น้ำแม่ขาน,บ้านกลาง,สันป่าตอง,เชียงใหม่
2022-12-19,6.5,Ban Klang,น้ำแม่ขาน,บ้านกลาง,สันป่าตอง,เชียงใหม่
2022-12-19,3.3,Ban Ko Kha,แม่น้ำวัง,ศาลา,เกาะคา,ลำปาง
2022-12-19,6,Ban Kok Tong,แม่น้ำกก,รอบเวียง,เมือง,เชียงราย
2022-12-19,4.5,Ban Krariang Tung Phrao,น้ำแม่สรวย,วาวี,แม่สรวย,เชียงราย
2022-12-19,3.1,Ban Lai Kaeo,น้ำแม่ลี้,ศรีเตี้ย,บ้านโฮ่ง,ลำพูน
2022-12-19,6.6,Ban Luang,น้ำแม่ตื่น,ยางเปียง,อมก๋อย,เชียงใหม่
2022-12-19,7.6,Ban Luang Nuea,น้ำงาว,หลวงใต้,งาว,ลำปาง
2022-12-19,6.9,Ban Mae E Hi,น้ำแม่ลี้,ศรีวิชัย,ลี้,ลำพูน
2022-12-19,5,Ban Mae Kha Bridge,น้ำฝาง,แม่ข่า,ฝาง,เชียงใหม่
2022-12-19,6.8,Ban Mae Khom Mi Tamnak Tham,น้ำแม่คำมี,ตำหนักธรรม,หนองม่วงไข่,แพร่
2022-12-19,6,Ban Mae Lai,น้ำแม่หล่าย,แม่หล่าย,เมือง,แพร่
2022-12-19,2.4,Ban Mae Tae,แม่น้ำปิง,แม่แฝกเก่า,สันทราย,เชียงใหม่
2022-12-19,2.7,Ban Mae Taeng,แม่น้ำแตง,สันมหาพล,แม่แตง,เชียงใหม่
2022-12-19,3.9,Ban Mae Wan,น้ำแม่กวง,ป่าเมี่ยง,ดอยสะเก็ด,เชียงใหม่
2022-12-19,5.5,Ban Mai Rim Fang,น้ำฝาง,เวียงฝาง,ฝาง,เชียงใหม่
2022-12-19,7.2,Ban Mang,น้ำปี้,มาง,เชียงม่วน,พะเยา
2022-12-19,4.1,Ban Mueang Kuet,น้ำแม่แตง,กึ๊ดช้าง,แม่แตง,เชียงใหม่
2022-12-19,2.5,Ban Mueang Mai,ห้วยแม่ต๋า,เมืองมาย,แจ้ห่ม,ลำปาง
2022-12-19,4.8,Ban Mueang Pha,น้ำแม่ริม,ริมเหนือ,แม่ริม,เชียงใหม่
2022-12-19,1.3,Ban Nam Ing,น้ำอิง,ต้า,ขุนตาล,เชียงราย
2022-12-19,9.4,Ban Nam Khong,แม่น้ำยม,ป่าแมต,เมือง,แพร่
2022-12-19,5.6,Ban Nam Yao,น้ำยาว,อวน,ปัว,น่าน
2022-12-19,0.3,Ban Nong Daeng,แม่น้ำน่าน,เปือ,เชียงกลาง,น่าน
2022-12-19,1.7,Ban Nong Naw,น้ำแม่สอย,แจ้ห่ม,แจ้ห่ม,ลำปาง
2022-12-19,3.8,Ban Nong Pham,น้ำแม่ลาว,แม่สรวย,แม่สรวย,เชียงราย
2022-12-19,7.4,Ban Pa Kha,น้ำควร,ควร,ปง,พะเยา
2022-12-19,8.1,Ban Pa Khoi Tai,แม่น้ำปิง,สันผีเสื้อ,เมือง,เชียงใหม่
2022-12-19,4.7,Ban Pa Sang,น้ำแม่ทา,ป่าซาง,ป่าซาง,ลำพูน
2022-12-19,5.7,Ban Pang Sa,ห้วยน้ำยาว,ผาทอง,ท่าวังผา,น่าน
2022-12-19,10.4,Ban Pha Khwang,แม่น้ำน่าน,บ่อ,เมือง,น่าน
2022-12-19,6.6,Ban Phai Ngarm,แม่น้ำน่าน,ส้าน,เวียงสา,น่าน
2022-12-19,4.5,Ban Phan Ton,น้ำแม่วาง,ทุ่งปี้,แม่วาง,เชียงใหม่
2022-12-19,4.8,Ban Phi Tai,น้ำปี้,บ้านพี้,บ้านหลวง,น่าน
2022-12-19,2.9,Ban Phu Yaeng,น้ำมวบ,ดู่พงษ์,สันติสุข,น่าน
2022-12-19,6.7,Ban Pong,น้ำแม่กวง,บวกค้าง,สันกำแพง,เชียงใหม่
2022-12-19,8.4,Ban Pong,น้ำแม่กวง,บวกค้าง,สันกำแพง,เชียงใหม่
2022-12-19,4.53,Ban Pong,ห้วยโป่ง,บ้านโป่ง,งาว,ลำปาง
2022-12-19,4.2,Ban Rong Kho,แม่น้ำวัง,ร่องเคาะ,วังเหนือ,ลำปาง
2022-12-19,5.5,Ban Rong Khun,น้ำแม่ลาว,ป่าอ้อดอนชัย,เมือง,เชียงราย
2022-12-19,3.3,Ban Saluang Nok,น้ำแม่ริม,สลวง,แม่ริม,เชียงใหม่
2022-12-19,6.4,Ban San Pu Loei,น้ำแม่ขอด,โหล่งขอด,พร้าว,เชียงใหม่
2022-12-19,7.3,Ban Singpotin,น้ำแม่ลาย,ป่าเมี่ยง,ดอยสะเก็ด,เชียงใหม่
2022-12-19,10.1,Ban Sob Soi,แม่น้ำปิง,แม่สอย,จอมทอง,เชียงใหม่
2022-12-19,5.5,Ban Sop Mae Sapoot,แม่น้ำแม่ทา,ทาสบเส้า,แม่ทา,ลำพูน
2022-12-19,8.5,Ban Sop Pae,แม่น้ำปิง,สบแปะ,จอมทอง,เชียงใหม่
2022-12-19,5.7,Ban Sop Prap,แม่น้ำวัง,สบปราบ,สบปราบ,ลำปาง
2022-12-19,5.9,Ban Sop Tam,น้ำแม่ต่ำ,เกาะคา,เกาะคา,ลำปาง
2022-12-19,4.6,Ban Sop Win,น้ำแม่วาง,แม่วิน,แม่วาง,เชียงใหม่
2022-12-19,7.4,Ban Tha Duea,แม่น้ำวัง,พิชัย,เมือง,ลำปาง
2022-12-19,5,Ban Tha Lo,น้ำแม่ตุ๋ย,บ่อแฮ้ว,เมือง,ลำปาง
2022-12-19,4,Ban Tha Pong Daeng,น้ำปาย,ผาบ่อง,เมือง,แม่ฮ่องสอน
2022-12-19,12,Ban Thung Nong,แม่น้ำยม,สระ,เชียงม่วน,พะเยา
2022-12-19,4.8,Ban Ton Yang,น้ำแม่ลาว,บัวสลี,แม่ลาว,เชียงราย
2022-12-19,13.1,Ban Wang Chin,แม่น้ำยม,วังชิ้น,วังชิ้น,แพร่
2022-12-19,4.1,Chedingam,น้ำอิง,ท่าวังทอง,เมือง,พะเยา
2022-12-19,7.1,In front of the Forestry Office,แม่น้ำน่าน,ในเวียง,เมือง,น่าน
2022-12-19,5.9,Mae Kham Lak Chet,น้ำแม่คำ,ศรีค้ำ,แม่จัน,เชียงราย
2022-12-19,3.7,Nam Mae Chaem,น้ำแม่แจ่ม,บ้านท่าข้าม,จอมทอง,เชียงใหม่
2022-12-19,5.1,Nawarat Bridge,แม่น้ำปิง,วัดเกต,เมือง,เชียงใหม่
2022-12-19,5.1,Nawarat Bridge,แม่น้ำปิง,วัดเกต,เมือง,เชียงใหม่
2022-12-19,4.6,Pracha Uthit Bridge,น้ำแม่กลาง,บ้านหลวง,จอมทอง,เชียงใหม่
2022-12-19,5.6,Romklao Cooperative House,น้ำแม่งัด,แม่แวน,พร้าว,เชียงใหม่
2022-12-19,4.3,Saphan Ban Khay,น้ำฝาง,แม่นาวาง,แม่อาย,เชียงใหม่
2022-12-19,4.7,Setuwaree Bridge,แม้น้ำวัง,เวียงเหนือ,เมือง,ลำปาง
2022-12-19,12.5,Tha Li Bridge,น้ำว้า,ขึ่ง,เวียงสา,น่าน
2022-12-19,7.6,Tha Nang Bridge,น้ำแม่กวง,ในเมือง,เมือง,ลำพูน
2022-12-19,3.7,Wang Phrao,น้ำแม่จาง,วังพร้าว,เกาะคา,ลำปาง
2022-12-20,2.6,Ban Chiang Dao,แม่น้ำปิง,เชียงดาว,เชียงดาว,เชียงใหม่
2022-12-20,3.6,Ban Chor Lae,แม่น้ำปิง,ช่อแล,แม่แตง,เชียงใหม่
2022-12-20,4.1,Ban Don Chai,แม่น้ำวัง,ล้อมแรด,เถิน,ลำปาง
2022-12-20,5.5,Ban Don Mun,แม่น้ำวัง,บ้านแลง,เมือง,ลำปาง
2022-12-20,4.8,Ban Don Sali,น้ำแม่ลาว,ป่าแดด,แม่สรวย,เชียงราย
2022-12-20,5.8,Ban Hai,แม่น้ำวัง,ปงดอน,แจ้ห่ม,ลำปาง
2022-12-20,4,Ban Hong,น้ำแม่ออน,ร้องวัวแดง,สันกำแพง,เชียงใหม่
2022-12-20,2.9,Ban Hua Sapan,น้ำแม่จัน,ป่าซาง,แม่จัน,เชียงราย
2022-12-20,5.6,Ban Huai Pa Sang,น้ำแม่แตง,กึ๊ดช้าง,แม่แตง,เชียงใหม่
2022-12-20,8.9,Ban Huai Sak,แม่น้ำยม,เตาปูน,สอง,แพร่
2022-12-20,0.6,Ban Klang,น้ำแม่ขาน,บ้านกลาง,สันป่าตอง,เชียงใหม่
2022-12-20,6.4,Ban Klang,น้ำแม่ขาน,บ้านกลาง,สันป่าตอง,เชียงใหม่
2022-12-20,3.3,Ban Ko Kha,แม่น้ำวัง,ศาลา,เกาะคา,ลำปาง
2022-12-20,6,Ban Kok Tong,แม่น้ำกก,รอบเวียง,เมือง,เชียงราย
2022-12-20,4.5,Ban Krariang Tung Phrao,น้ำแม่สรวย,วาวี,แม่สรวย,เชียงราย
2022-12-20,3.1,Ban Lai Kaeo,น้ำแม่ลี้,ศรีเตี้ย,บ้านโฮ่ง,ลำพูน
2022-12-20,6.6,Ban Luang,น้ำแม่ตื่น,ยางเปียง,อมก๋อย,เชียงใหม่
2022-12-20,7.6,Ban Luang Nuea,น้ำงาว,หลวงใต้,งาว,ลำปาง
2022-12-20,6.9,Ban Mae E Hi,น้ำแม่ลี้,ศรีวิชัย,ลี้,ลำพูน
2022-12-20,5.1,Ban Mae Kha Bridge,น้ำฝาง,แม่ข่า,ฝาง,เชียงใหม่
2022-12-20,6.8,Ban Mae Khom Mi Tamnak Tham,น้ำแม่คำมี,ตำหนักธรรม,หนองม่วงไข่,แพร่
2022-12-20,6,Ban Mae Lai,น้ำแม่หล่าย,แม่หล่าย,เมือง,แพร่
2022-12-20,2.4,Ban Mae Tae,แม่น้ำปิง,แม่แฝกเก่า,สันทราย,เชียงใหม่
2022-12-20,2.7,Ban Mae Taeng,แม่น้ำแตง,สันมหาพล,แม่แตง,เชียงใหม่
2022-12-20,3.9,Ban Mae Wan,น้ำแม่กวง,ป่าเมี่ยง,ดอยสะเก็ด,เชียงใหม่
2022-12-20,5.5,Ban Mai Rim Fang,น้ำฝาง,เวียงฝาง,ฝาง,เชียงใหม่
2022-12-20,7.2,Ban Mang,น้ำปี้,มาง,เชียงม่วน,พะเยา
2022-12-20,4.1,Ban Mueang Kuet,น้ำแม่แตง,กึ๊ดช้าง,แม่แตง,เชียงใหม่
2022-12-20,2.5,Ban Mueang Mai,ห้วยแม่ต๋า,เมืองมาย,แจ้ห่ม,ลำปาง
2022-12-20,4.7,Ban Mueang Pha,น้ำแม่ริม,ริมเหนือ,แม่ริม,เชียงใหม่
2022-12-20,1.3,Ban Nam Ing,น้ำอิง,ต้า,ขุนตาล,เชียงราย
2022-12-20,9.4,Ban Nam Khong,แม่น้ำยม,ป่าแมต,เมือง,แพร่
2022-12-20,5.6,Ban Nam Yao,น้ำยาว,อวน,ปัว,น่าน
2022-12-20,0.3,Ban Nong Daeng,แม่น้ำน่าน,เปือ,เชียงกลาง,น่าน
2022-12-20,1.7,Ban Nong Naw,น้ำแม่สอย,แจ้ห่ม,แจ้ห่ม,ลำปาง
2022-12-20,3.8,Ban Nong Pham,น้ำแม่ลาว,แม่สรวย,แม่สรวย,เชียงราย
2022-12-20,7.4,Ban Pa Kha,น้ำควร,ควร,ปง,พะเยา
2022-12-20,8,Ban Pa Khoi Tai,แม่น้ำปิง,สันผีเสื้อ,เมือง,เชียงใหม่
2022-12-20,4.7,Ban Pa Sang,น้ำแม่ทา,ป่าซาง,ป่าซาง,ลำพูน
2022-12-20,5.7,Ban Pang Sa,ห้วยน้ำยาว,ผาทอง,ท่าวังผา,น่าน
2022-12-20,10.3,Ban Pha Khwang,แม่น้ำน่าน,บ่อ,เมือง,น่าน
2022-12-20,6.6,Ban Phai Ngarm,แม่น้ำน่าน,ส้าน,เวียงสา,น่าน
2022-12-20,4.4,Ban Phan Ton,น้ำแม่วาง,ทุ่งปี้,แม่วาง,เชียงใหม่
2022-12-20,4.8,Ban Phi Tai,น้ำปี้,บ้านพี้,บ้านหลวง,น่าน
2022-12-20,2.9,Ban Phu Yaeng,น้ำมวบ,ดู่พงษ์,สันติสุข,น่าน
2022-12-20,6.7,Ban Pong,น้ำแม่กวง,บวกค้าง,สันกำแพง,เชียงใหม่
2022-12-20,8.4,Ban Pong,น้ำแม่กวง,บวกค้าง,สันกำแพง,เชียงใหม่
2022-12-20,4.54,Ban Pong,ห้วยโป่ง,บ้านโป่ง,งาว,ลำปาง
2022-12-20,4.1,Ban Rong Kho,แม่น้ำวัง,ร่องเคาะ,วังเหนือ,ลำปาง
2022-12-20,5.5,Ban Rong Khun,น้ำแม่ลาว,ป่าอ้อดอนชัย,เมือง,เชียงราย
2022-12-20,3.3,Ban Saluang Nok,น้ำแม่ริม,สลวง,แม่ริม,เชียงใหม่
2022-12-20,6.4,Ban San Pu Loei,น้ำแม่ขอด,โหล่งขอด,พร้าว,เชียงใหม่
2022-12-20,7.3,Ban Singpotin,น้ำแม่ลาย,ป่าเมี่ยง,ดอยสะเก็ด,เชียงใหม่
2022-12-20,9.6,Ban Sob Soi,แม่น้ำปิง,แม่สอย,จอมทอง,เชียงใหม่
2022-12-20,5.5,Ban Sop Mae Sapoot,แม่น้ำแม่ทา,ทาสบเส้า,แม่ทา,ลำพูน
2022-12-20,8.4,Ban Sop Pae,แม่น้ำปิง,สบแปะ,จอมทอง,เชียงใหม่
2022-12-20,5.7,Ban Sop Prap,แม่น้ำวัง,สบปราบ,สบปราบ,ลำปาง
2022-12-20,5.9,Ban Sop Tam,น้ำแม่ต่ำ,เกาะคา,เกาะคา,ลำปาง
2022-12-20,4.6,Ban Sop Win,น้ำแม่วาง,แม่วิน,แม่วาง,เชียงใหม่
2022-12-20,7.4,Ban Tha Duea,แม่น้ำวัง,พิชัย,เมือง,ลำปาง
2022-12-20,4.9,Ban Tha Lo,น้ำแม่ตุ๋ย,บ่อแฮ้ว,เมือง,ลำปาง
2022-12-20,4,Ban Tha Pong Daeng,น้ำปาย,ผาบ่อง,เมือง,แม่ฮ่องสอน
2022-12-20,12,Ban Thung Nong,แม่น้ำยม,สระ,เชียงม่วน,พะเยา
2022-12-20,4.7,Ban Ton Yang,น้ำแม่ลาว,บัวสลี,แม่ลาว,เชียงราย
2022-12-20,13.1,Ban Wang Chin,แม่น้ำยม,วังชิ้น,วังชิ้น,แพร่
2022-12-20,4.2,Chedingam,น้ำอิง,ท่าวังทอง,เมือง,พะเยา
2022-12-20,7,In front of the Forestry Office,แม่น้ำน่าน,ในเวียง,เมือง,น่าน
2022-12-20,5.9,Mae Kham Lak Chet,น้ำแม่คำ,ศรีค้ำ,แม่จัน,เชียงราย
2022-12-20,3.7,Nam Mae Chaem,น้ำแม่แจ่ม,บ้านท่าข้าม,จอมทอง,เชียงใหม่
2022-12-20,5.1,Nawarat Bridge,แม่น้ำปิง,วัดเกต,เมือง,เชียงใหม่
2022-12-20,5.1,Nawarat Bridge,แม่น้ำปิง,วัดเกต,เมือง,เชียงใหม่
2022-12-20,4.6,Pracha Uthit Bridge,น้ำแม่กลาง,บ้านหลวง,จอมทอง,เชียงใหม่
2022-12-20,5.6,Romklao Cooperative House,น้ำแม่งัด,แม่แวน,พร้าว,เชียงใหม่
2022-12-20,4.3,Saphan Ban Khay,น้ำฝาง,แม่นาวาง,แม่อาย,เชียงใหม่
2022-12-20,4.7,Setuwaree Bridge,แม้น้ำวัง,เวียงเหนือ,เมือง,ลำปาง
2022-12-20,12.5,Tha Li Bridge,น้ำว้า,ขึ่ง,เวียงสา,น่าน
2022-12-20,7.7,Tha Nang Bridge,น้ำแม่กวง,ในเมือง,เมือง,ลำพูน
2022-12-20,3.7,Wang Phrao,น้ำแม่จาง,วังพร้าว,เกาะคา,ลำปาง
2022-12-21,2.6,Ban Chiang Dao,แม่น้ำปิง,เชียงดาว,เชียงดาว,เชียงใหม่
2022-12-21,3.6,Ban Chor Lae,แม่น้ำปิง,ช่อแล,แม่แตง,เชียงใหม่
2022-12-21,4.1,Ban Don Chai,แม่น้ำวัง,ล้อมแรด,เถิน,ลำปาง
2022-12-21,5.5,Ban Don Mun,แม่น้ำวัง,บ้านแลง,เมือง,ลำปาง
2022-12-21,4.8,Ban Don Sali,น้ำแม่ลาว,ป่าแดด,แม่สรวย,เชียงราย
2022-12-21,5.8,Ban Hai,แม่น้ำวัง,ปงดอน,แจ้ห่ม,ลำปาง
2022-12-21,4.1,Ban Hong,น้ำแม่ออน,ร้องวัวแดง,สันกำแพง,เชียงใหม่
2022-12-21,2.8,Ban Hua Sapan,น้ำแม่จัน,ป่าซาง,แม่จัน,เชียงราย
2022-12-21,5.6,Ban Huai Pa Sang,น้ำแม่แตง,กึ๊ดช้าง,แม่แตง,เชียงใหม่
2022-12-21,8.9,Ban Huai Sak,แม่น้ำยม,เตาปูน,สอง,แพร่
2022-12-21,0.6,Ban Klang,น้ำแม่ขาน,บ้านกลาง,สันป่าตอง,เชียงใหม่
2022-12-21,6.4,Ban Klang,น้ำแม่ขาน,บ้านกลาง,สันป่าตอง,เชียงใหม่
2022-12-21,3.3,Ban Ko Kha,แม่น้ำวัง,ศาลา,เกาะคา,ลำปาง
2022-12-21,6,Ban Kok Tong,แม่น้ำกก,รอบเวียง,เมือง,เชียงราย
2022-12-21,4.5,Ban Krariang Tung Phrao,น้ำแม่สรวย,วาวี,แม่สรวย,เชียงราย
2022-12-21,3.1,Ban Lai Kaeo,น้ำแม่ลี้,ศรีเตี้ย,บ้านโฮ่ง,ลำพูน
2022-12-21,6.6,Ban Luang,น้ำแม่ตื่น,ยางเปียง,อมก๋อย,เชียงใหม่
2022-12-21,7.7,Ban Luang Nuea,น้ำงาว,หลวงใต้,งาว,ลำปาง
2022-12-21,6.9,Ban Mae E Hi,น้ำแม่ลี้,ศรีวิชัย,ลี้,ลำพูน
2022-12-21,5.1,Ban Mae Kha Bridge,น้ำฝาง,แม่ข่า,ฝาง,เชียงใหม่
2022-12-21,6.8,Ban Mae Khom Mi Tamnak Tham,น้ำแม่คำมี,ตำหนักธรรม,หนองม่วงไข่,แพร่
2022-12-21,6,Ban Mae Lai,น้ำแม่หล่าย,แม่หล่าย,เมือง,แพร่
2022-12-21,2.4,Ban Mae Tae,แม่น้ำปิง,แม่แฝกเก่า,สันทราย,เชียงใหม่
2022-12-21,2.7,Ban Mae Taeng,แม่น้ำแตง,สันมหาพล,แม่แตง,เชียงใหม่
2022-12-21,3.9,Ban Mae Wan,น้ำแม่กวง,ป่าเมี่ยง,ดอยสะเก็ด,เชียงใหม่
2022-12-21,5.5,Ban Mai Rim Fang,น้ำฝาง,เวียงฝาง,ฝาง,เชียงใหม่
2022-12-21,7.2,Ban Mang,น้ำปี้,มาง,เชียงม่วน,พะเยา
2022-12-21,4.1,Ban Mueang Kuet,น้ำแม่แตง,กึ๊ดช้าง,แม่แตง,เชียงใหม่
2022-12-21,2.5,Ban Mueang Mai,ห้วยแม่ต๋า,เมืองมาย,แจ้ห่ม,ลำปาง
2022-12-21,4.6,Ban Mueang Pha,น้ำแม่ริม,ริมเหนือ,แม่ริม,เชียงใหม่
2022-12-21,1.2,Ban Nam Ing,น้ำอิง,ต้า,ขุนตาล,เชียงราย
2022-12-21,9.4,Ban Nam Khong,แม่น้ำยม,ป่าแมต,เมือง,แพร่
2022-12-21,5.6,Ban Nam Yao,น้ำยาว,อวน,ปัว,น่าน
2022-12-21,0.3,Ban Nong Daeng,แม่น้ำน่าน,เปือ,เชียงกลาง,น่าน
2022-12-21,1.7,Ban Nong Naw,น้ำแม่สอย,แจ้ห่ม,แจ้ห่ม,ลำปาง
2022-12-21,3.8,Ban Nong Pham,น้ำแม่ลาว,แม่สรวย,แม่สรวย,เชียงราย
2022-12-21,7.4,Ban Pa Kha,น้ำควร,ควร,ปง,พะเยา
2022-12-21,7.8,Ban Pa Khoi Tai,แม่น้ำปิง,สันผีเสื้อ,เมือง,เชียงใหม่
2022-12-21,4.7,Ban Pa Sang,น้ำแม่ทา,ป่าซาง,ป่าซาง,ลำพูน
2022-12-21,5.7,Ban Pang Sa,ห้วยน้ำยาว,ผาทอง,ท่าวังผา,น่าน
2022-12-21,10.4,Ban Pha Khwang,แม่น้ำน่าน,บ่อ,เมือง,น่าน
2022-12-21,6.6,Ban Phai Ngarm,แม่น้ำน่าน,ส้าน,เวียงสา,น่าน
2022-12-21,4.4,Ban Phan Ton,น้ำแม่วาง,ทุ่งปี้,แม่วาง,เชียงใหม่
2022-12-21,4.8,Ban Phi Tai,น้ำปี้,บ้านพี้,บ้านหลวง,น่าน
2022-12-21,2.9,Ban Phu Yaeng,น้ำมวบ,ดู่พงษ์,สันติสุข,น่าน
2022-12-21,6.7,Ban Pong,น้ำแม่กวง,บวกค้าง,สันกำแพง,เชียงใหม่
2022-12-21,8.5,Ban Pong,น้ำแม่กวง,บวกค้าง,สันกำแพง,เชียงใหม่
2022-12-21,4.58,Ban Pong,ห้วยโป่ง,บ้านโป่ง,งาว,ลำปาง
2022-12-21,4.1,Ban Rong Kho,แม่น้ำวัง,ร่องเคาะ,วังเหนือ,ลำปาง
2022-12-21,5.6,Ban Rong Khun,น้ำแม่ลาว,ป่าอ้อดอนชัย,เมือง,เชียงราย
2022-12-21,3.3,Ban Saluang Nok,น้ำแม่ริม,สลวง,แม่ริม,เชียงใหม่
2022-12-21,6.4,Ban San Pu Loei,น้ำแม่ขอด,โหล่งขอด,พร้าว,เชียงใหม่
2022-12-21,7.3,Ban Singpotin,น้ำแม่ลาย,ป่าเมี่ยง,ดอยสะเก็ด,เชียงใหม่
2022-12-21,9.6,Ban Sob Soi,แม่น้ำปิง,แม่สอย,จอมทอง,เชียงใหม่
2022-12-21,5.5,Ban Sop Mae Sapoot,แม่น้ำแม่ทา,ทาสบเส้า,แม่ทา,ลำพูน
2022-12-21,8.1,Ban Sop Pae,แม่น้ำปิง,สบแปะ,จอมทอง,เชียงใหม่
2022-12-21,5.7,Ban Sop Prap,แม่น้ำวัง,สบปราบ,สบปราบ,ลำปาง
2022-12-21,5.9,Ban Sop Tam,น้ำแม่ต่ำ,เกาะคา,เกาะคา,ลำปาง
2022-12-21,4.6,Ban Sop Win,น้ำแม่วาง,แม่วิน,แม่วาง,เชียงใหม่
2022-12-21,7.4,Ban Tha Duea,แม่น้ำวัง,พิชัย,เมือง,ลำปาง
2022-12-21,4.9,Ban Tha Lo,น้ำแม่ตุ๋ย,บ่อแฮ้ว,เมือง,ลำปาง
2022-12-21,4,Ban Tha Pong Daeng,น้ำปาย,ผาบ่อง,เมือง,แม่ฮ่องสอน
2022-12-21,12,Ban Thung Nong,แม่น้ำยม,สระ,เชียงม่วน,พะเยา
2022-12-21,4.7,Ban Ton Yang,น้ำแม่ลาว,บัวสลี,แม่ลาว,เชียงราย
2022-12-21,13.1,Ban Wang Chin,แม่น้ำยม,วังชิ้น,วังชิ้น,แพร่
2022-12-21,4.4,Chedingam,น้ำอิง,ท่าวังทอง,เมือง,พะเยา
2022-12-21,7,In front of the Forestry Office,แม่น้ำน่าน,ในเวียง,เมือง,น่าน
2022-12-21,5.9,Mae Kham Lak Chet,น้ำแม่คำ,ศรีค้ำ,แม่จัน,เชียงราย
2022-12-21,3.6,Nam Mae Chaem,น้ำแม่แจ่ม,บ้านท่าข้าม,จอมทอง,เชียงใหม่
2022-12-21,5,Nawarat Bridge,แม่น้ำปิง,วัดเกต,เมือง,เชียงใหม่
2022-12-21,5,Nawarat Bridge,แม่น้ำปิง,วัดเกต,เมือง,เชียงใหม่
2022-12-21,4.5,Pracha Uthit Bridge,น้ำแม่กลาง,บ้านหลวง,จอมทอง,เชียงใหม่
2022-12-21,5.6,Romklao Cooperative House,น้ำแม่งัด,แม่แวน,พร้าว,เชียงใหม่
2022-12-21,4.3,Saphan Ban Khay,น้ำฝาง,แม่นาวาง,แม่อาย,เชียงใหม่
2022-12-21,4.7,Setuwaree Bridge,แม้น้ำวัง,เวียงเหนือ,เมือง,ลำปาง
2022-12-21,12.5,Tha Li Bridge,น้ำว้า,ขึ่ง,เวียงสา,น่าน
2022-12-21,7.9,Tha Nang Bridge,น้ำแม่กวง,ในเมือง,เมือง,ลำพูน
2022-12-21,3.7,Wang Phrao,น้ำแม่จาง,วังพร้าว,เกาะคา,ลำปาง
2022-12-22,2.6,Ban Chiang Dao,แม่น้ำปิง,เชียงดาว,เชียงดาว,เชียงใหม่
2022-12-22,3.6,Ban Chor Lae,แม่น้ำปิง,ช่อแล,แม่แตง,เชียงใหม่
2022-12-22,4.1,Ban Don Chai,แม่น้ำวัง,ล้อมแรด,เถิน,ลำปาง
2022-12-22,5.5,Ban Don Mun,แม่น้ำวัง,บ้านแลง,เมือง,ลำปาง
2022-12-22,4.8,Ban Don Sali,น้ำแม่ลาว,ป่าแดด,แม่สรวย,เชียงราย
2022-12-22,5.8,Ban Hai,แม่น้ำวัง,ปงดอน,แจ้ห่ม,ลำปาง
2022-12-22,4.1,Ban Hong,น้ำแม่ออน,ร้องวัวแดง,สันกำแพง,เชียงใหม่
2022-12-22,2.8,Ban Hua Sapan,น้ำแม่จัน,ป่าซาง,แม่จัน,เชียงราย
2022-12-22,5.6,Ban Huai Pa Sang,น้ำแม่แตง,กึ๊ดช้าง,แม่แตง,เชียงใหม่
2022-12-22,8.9,Ban Huai Sak,แม่น้ำยม,เตาปูน,สอง,แพร่
2022-12-22,0.5,Ban Klang,น้ำแม่ขาน,บ้านกลาง,สันป่าตอง,เชียงใหม่
2022-12-22,6.4,Ban Klang,น้ำแม่ขาน,บ้านกลาง,สันป่าตอง,เชียงใหม่
2022-12-22,3.3,Ban Ko Kha,แม่น้ำวัง,ศาลา,เกาะคา,ลำปาง
2022-12-22,6,Ban Kok Tong,แม่น้ำกก,รอบเวียง,เมือง,เชียงราย
2022-12-22,4.5,Ban Krariang Tung Phrao,น้ำแม่สรวย,วาวี,แม่สรวย,เชียงราย
2022-12-22,3.1,Ban Lai Kaeo,น้ำแม่ลี้,ศรีเตี้ย,บ้านโฮ่ง,ลำพูน
2022-12-22,6.6,Ban Luang,น้ำแม่ตื่น,ยางเปียง,อมก๋อย,เชียงใหม่
2022-12-22,7.6,Ban Luang Nuea,น้ำงาว,หลวงใต้,งาว,ลำปาง
2022-12-22,6.8,Ban Mae E Hi,น้ำแม่ลี้,ศรีวิชัย,ลี้,ลำพูน
2022-12-22,5.1,Ban Mae Kha Bridge,น้ำฝาง,แม่ข่า,ฝาง,เชียงใหม่
2022-12-22,6.8,Ban Mae Khom Mi Tamnak Tham,น้ำแม่คำมี,ตำหนักธรรม,หนองม่วงไข่,แพร่
2022-12-22,6,Ban Mae Lai,น้ำแม่หล่าย,แม่หล่าย,เมือง,แพร่
2022-12-22,2.4,Ban Mae Tae,แม่น้ำปิง,แม่แฝกเก่า,สันทราย,เชียงใหม่
2022-12-22,2.7,Ban Mae Taeng,แม่น้ำแตง,สันมหาพล,แม่แตง,เชียงใหม่
2022-12-22,3.9,Ban Mae Wan,น้ำแม่กวง,ป่าเมี่ยง,ดอยสะเก็ด,เชียงใหม่
2022-12-22,5.5,Ban Mai Rim Fang,น้ำฝาง,เวียงฝาง,ฝาง,เชียงใหม่
2022-12-22,7.2,Ban Mang,น้ำปี้,มาง,เชียงม่วน,พะเยา
2022-12-22,4.1,Ban Mueang Kuet,น้ำแม่แตง,กึ๊ดช้าง,แม่แตง,เชียงใหม่
2022-12-22,2.5,Ban Mueang Mai,ห้วยแม่ต๋า,เมืองมาย,แจ้ห่ม,ลำปาง
2022-12-22,4.6,Ban Mueang Pha,น้ำแม่ริม,ริมเหนือ,แม่ริม,เชียงใหม่
2022-12-22,1.2,Ban Nam Ing,น้ำอิง,ต้า,ขุนตาล,เชียงราย
2022-12-22,9.4,Ban Nam Khong,แม่น้ำยม,ป่าแมต,เมือง,แพร่
2022-12-22,5.6,Ban Nam Yao,น้ำยาว,อวน,ปัว,น่าน
2022-12-22,0.3,Ban Nong Daeng,แม่น้ำน่าน,เปือ,เชียงกลาง,น่าน
2022-12-22,1.7,Ban Nong Naw,น้ำแม่สอย,แจ้ห่ม,แจ้ห่ม,ลำปาง
2022-12-22,3.8,Ban Nong Pham,น้ำแม่ลาว,แม่สรวย,แม่สรวย,เชียงราย
2022-12-22,7.4,Ban Pa Kha,น้ำควร,ควร,ปง,พะเยา
2022-12-22,8,Ban Pa Khoi Tai,แม่น้ำปิง,สันผีเสื้อ,เมือง,เชียงใหม่
2022-12-22,4.7,Ban Pa Sang,น้ำแม่ทา,ป่าซาง,ป่าซาง,ลำพูน
2022-12-22,5.7,Ban Pang Sa,ห้วยน้ำยาว,ผาทอง,ท่าวังผา,น่าน
2022-12-22,10.3,Ban Pha Khwang,แม่น้ำน่าน,บ่อ,เมือง,น่าน
2022-12-22,6.6,Ban Phai Ngarm,แม่น้ำน่าน,ส้าน,เวียงสา,น่าน
2022-12-22,4.4,Ban Phan Ton,น้ำแม่วาง,ทุ่งปี้,แม่วาง,เชียงใหม่
2022-12-22,4.8,Ban Phi Tai,น้ำปี้,บ้านพี้,บ้านหลวง,น่าน
2022-12-22,2.9,Ban Phu Yaeng,น้ำมวบ,ดู่พงษ์,สันติสุข,น่าน
2022-12-22,6.7,Ban Pong,น้ำแม่กวง,บวกค้าง,สันกำแพง,เชียงใหม่
2022-12-22,8.5,Ban Pong,น้ำแม่กวง,บวกค้าง,สันกำแพง,เชียงใหม่
2022-12-22,4.57,Ban Pong,ห้วยโป่ง,บ้านโป่ง,งาว,ลำปาง
2022-12-22,4.1,Ban Rong Kho,แม่น้ำวัง,ร่องเคาะ,วังเหนือ,ลำปาง
2022-12-22,5.6,Ban Rong Khun,น้ำแม่ลาว,ป่าอ้อดอนชัย,เมือง,เชียงราย
2022-12-22,3.3,Ban Saluang Nok,น้ำแม่ริม,สลวง,แม่ริม,เชียงใหม่
2022-12-22,6.4,Ban San Pu Loei,น้ำแม่ขอด,โหล่งขอด,พร้าว,เชียงใหม่
2022-12-22,7.3,Ban Singpotin,น้ำแม่ลาย,ป่าเมี่ยง,ดอยสะเก็ด,เชียงใหม่
2022-12-22,9.5,Ban Sob Soi,แม่น้ำปิง,แม่สอย,จอมทอง,เชียงใหม่
2022-12-22,5.5,Ban Sop Mae Sapoot,แม่น้ำแม่ทา,ทาสบเส้า,แม่ทา,ลำพูน
2022-12-22,8.1,Ban Sop Pae,แม่น้ำปิง,สบแปะ,จอมทอง,เชียงใหม่
2022-12-22,5.7,Ban Sop Prap,แม่น้ำวัง,สบปราบ,สบปราบ,ลำปาง
2022-12-22,5.9,Ban Sop Tam,น้ำแม่ต่ำ,เกาะคา,เกาะคา,ลำปาง
2022-12-22,4.6,Ban Sop Win,น้ำแม่วาง,แม่วิน,แม่วาง,เชียงใหม่
2022-12-22,7.4,Ban Tha Duea,แม่น้ำวัง,พิชัย,เมือง,ลำปาง
2022-12-22,4.9,Ban Tha Lo,น้ำแม่ตุ๋ย,บ่อแฮ้ว,เมือง,ลำปาง
2022-12-22,4,Ban Tha Pong Daeng,น้ำปาย,ผาบ่อง,เมือง,แม่ฮ่องสอน
2022-12-22,12,Ban Thung Nong,แม่น้ำยม,สระ,เชียงม่วน,พะเยา
2022-12-22,4.7,Ban Ton Yang,น้ำแม่ลาว,บัวสลี,แม่ลาว,เชียงราย
2022-12-22,13.1,Ban Wang Chin,แม่น้ำยม,วังชิ้น,วังชิ้น,แพร่
2022-12-22,4.5,Chedingam,น้ำอิง,ท่าวังทอง,เมือง,พะเยา
2022-12-22,7,In front of the Forestry Office,แม่น้ำน่าน,ในเวียง,เมือง,น่าน
2022-12-22,5.9,Mae Kham Lak Chet,น้ำแม่คำ,ศรีค้ำ,แม่จัน,เชียงราย
2022-12-22,3.6,Nam Mae Chaem,น้ำแม่แจ่ม,บ้านท่าข้าม,จอมทอง,เชียงใหม่
2022-12-22,5.2,Nawarat Bridge,แม่น้ำปิง,วัดเกต,เมือง,เชียงใหม่
2022-12-22,5.2,Nawarat Bridge,แม่น้ำปิง,วัดเกต,เมือง,เชียงใหม่
2022-12-22,4.5,Pracha Uthit Bridge,น้ำแม่กลาง,บ้านหลวง,จอมทอง,เชียงใหม่
2022-12-22,5.6,Romklao Cooperative House,น้ำแม่งัด,แม่แวน,พร้าว,เชียงใหม่
2022-12-22,4.4,Saphan Ban Khay,น้ำฝาง,แม่นาวาง,แม่อาย,เชียงใหม่
2022-12-22,4.7,Setuwaree Bridge,แม้น้ำวัง,เวียงเหนือ,เมือง,ลำปาง
2022-12-22,12.5,Tha Li Bridge,น้ำว้า,ขึ่ง,เวียงสา,น่าน
2022-12-22,8.1,Tha Nang Bridge,น้ำแม่กวง,ในเมือง,เมือง,ลำพูน
2022-12-22,3.7,Wang Phrao,น้ำแม่จาง,วังพร้าว,เกาะคา,ลำปาง
2022-12-23,2.6,Ban Chiang Dao,แม่น้ำปิง,เชียงดาว,เชียงดาว,เชียงใหม่
2022-12-23,3.6,Ban Chor Lae,แม่น้ำปิง,ช่อแล,แม่แตง,เชียงใหม่
2022-12-23,4.1,Ban Don Chai,แม่น้ำวัง,ล้อมแรด,เถิน,ลำปาง
2022-12-23,5.5,Ban Don Mun,แม่น้ำวัง,บ้านแลง,เมือง,ลำปาง
2022-12-23,4.8,Ban Don Sali,น้ำแม่ลาว,ป่าแดด,แม่สรวย,เชียงราย
2022-12-23,5.8,Ban Hai,แม่น้ำวัง,ปงดอน,แจ้ห่ม,ลำปาง
2022-12-23,4.1,Ban Hong,น้ำแม่ออน,ร้องวัวแดง,สันกำแพง,เชียงใหม่
2022-12-23,2.8,Ban Hua Sapan,น้ำแม่จัน,ป่าซาง,แม่จัน,เชียงราย
2022-12-23,5.6,Ban Huai Pa Sang,น้ำแม่แตง,กึ๊ดช้าง,แม่แตง,เชียงใหม่
2022-12-23,8.9,Ban Huai Sak,แม่น้ำยม,เตาปูน,สอง,แพร่
2022-12-23,0.5,Ban Klang,น้ำแม่ขาน,บ้านกลาง,สันป่าตอง,เชียงใหม่
2022-12-23,6.4,Ban Klang,น้ำแม่ขาน,บ้านกลาง,สันป่าตอง,เชียงใหม่
2022-12-23,3.3,Ban Ko Kha,แม่น้ำวัง,ศาลา,เกาะคา,ลำปาง
2022-12-23,6,Ban Kok Tong,แม่น้ำกก,รอบเวียง,เมือง,เชียงราย
2022-12-23,4.5,Ban Krariang Tung Phrao,น้ำแม่สรวย,วาวี,แม่สรวย,เชียงราย
2022-12-23,3.1,Ban Lai Kaeo,น้ำแม่ลี้,ศรีเตี้ย,บ้านโฮ่ง,ลำพูน
2022-12-23,6.6,Ban Luang,น้ำแม่ตื่น,ยางเปียง,อมก๋อย,เชียงใหม่
2022-12-23,7.6,Ban Luang Nuea,น้ำงาว,หลวงใต้,งาว,ลำปาง
2022-12-23,6.9,Ban Mae E Hi,น้ำแม่ลี้,ศรีวิชัย,ลี้,ลำพูน
2022-12-23,5.1,Ban Mae Kha Bridge,น้ำฝาง,แม่ข่า,ฝาง,เชียงใหม่
2022-12-23,6.8,Ban Mae Khom Mi Tamnak Tham,น้ำแม่คำมี,ตำหนักธรรม,หนองม่วงไข่,แพร่
2022-12-23,6,Ban Mae Lai,น้ำแม่หล่าย,แม่หล่าย,เมือง,แพร่
2022-12-23,2.4,Ban Mae Tae,แม่น้ำปิง,แม่แฝกเก่า,สันทราย,เชียงใหม่
2022-12-23,2.7,Ban Mae Taeng,แม่น้ำแตง,สันมหาพล,แม่แตง,เชียงใหม่
2022-12-23,3.9,Ban Mae Wan,น้ำแม่กวง,ป่าเมี่ยง,ดอยสะเก็ด,เชียงใหม่
2022-12-23,5.5,Ban Mai Rim Fang,น้ำฝาง,เวียงฝาง,ฝาง,เชียงใหม่
2022-12-23,7.2,Ban Mang,น้ำปี้,มาง,เชียงม่วน,พะเยา
2022-12-23,4.1,Ban Mueang Kuet,น้ำแม่แตง,กึ๊ดช้าง,แม่แตง,เชียงใหม่
2022-12-23,2.5,Ban Mueang Mai,ห้วยแม่ต๋า,เมืองมาย,แจ้ห่ม,ลำปาง
2022-12-23,4.6,Ban Mueang Pha,น้ำแม่ริม,ริมเหนือ,แม่ริม,เชียงใหม่
2022-12-23,1.2,Ban Nam Ing,น้ำอิง,ต้า,ขุนตาล,เชียงราย
2022-12-23,9.4,Ban Nam Khong,แม่น้ำยม,ป่าแมต,เมือง,แพร่
2022-12-23,5.6,Ban Nam Yao,น้ำยาว,อวน,ปัว,น่าน
2022-12-23,0.3,Ban Nong Daeng,แม่น้ำน่าน,เปือ,เชียงกลาง,น่าน
2022-12-23,1.7,Ban Nong Naw,น้ำแม่สอย,แจ้ห่ม,แจ้ห่ม,ลำปาง
2022-12-23,3.7,Ban Nong Pham,น้ำแม่ลาว,แม่สรวย,แม่สรวย,เชียงราย
2022-12-23,7.4,Ban Pa Kha,น้ำควร,ควร,ปง,พะเยา
2022-12-23,7.9,Ban Pa Khoi Tai,แม่น้ำปิง,สันผีเสื้อ,เมือง,เชียงใหม่
2022-12-23,4.7,Ban Pa Sang,น้ำแม่ทา,ป่าซาง,ป่าซาง,ลำพูน
2022-12-23,5.7,Ban Pang Sa,ห้วยน้ำยาว,ผาทอง,ท่าวังผา,น่าน
2022-12-23,10.3,Ban Pha Khwang,แม่น้ำน่าน,บ่อ,เมือง,น่าน
2022-12-23,6.6,Ban Phai Ngarm,แม่น้ำน่าน,ส้าน,เวียงสา,น่าน
2022-12-23,4.4,Ban Phan Ton,น้ำแม่วาง,ทุ่งปี้,แม่วาง,เชียงใหม่
2022-12-23,4.8,Ban Phi Tai,น้ำปี้,บ้านพี้,บ้านหลวง,น่าน
2022-12-23,2.9,Ban Phu Yaeng,น้ำมวบ,ดู่พงษ์,สันติสุข,น่าน
2022-12-23,6.8,Ban Pong,น้ำแม่กวง,บวกค้าง,สันกำแพง,เชียงใหม่
2022-12-23,8.4,Ban Pong,น้ำแม่กวง,บวกค้าง,สันกำแพง,เชียงใหม่
2022-12-23,4.54,Ban Pong,ห้วยโป่ง,บ้านโป่ง,งาว,ลำปาง
2022-12-23,4.1,Ban Rong Kho,แม่น้ำวัง,ร่องเคาะ,วังเหนือ,ลำปาง
2022-12-23,5.5,Ban Rong Khun,น้ำแม่ลาว,ป่าอ้อดอนชัย,เมือง,เชียงราย
2022-12-23,3.3,Ban Saluang Nok,น้ำแม่ริม,สลวง,แม่ริม,เชียงใหม่
2022-12-23,6.4,Ban San Pu Loei,น้ำแม่ขอด,โหล่งขอด,พร้าว,เชียงใหม่
2022-12-23,7.3,Ban Singpotin,น้ำแม่ลาย,ป่าเมี่ยง,ดอยสะเก็ด,เชียงใหม่
2022-12-23,9.7,Ban Sob Soi,แม่น้ำปิง,แม่สอย,จอมทอง,เชียงใหม่
2022-12-23,5.5,Ban Sop Mae Sapoot,แม่น้ำแม่ทา,ทาสบเส้า,แม่ทา,ลำพูน
2022-12-23,8.1,Ban Sop Pae,แม่น้ำปิง,สบแปะ,จอมทอง,เชียงใหม่
2022-12-23,5.7,Ban Sop Prap,แม่น้ำวัง,สบปราบ,สบปราบ,ลำปาง
2022-12-23,5.9,Ban Sop Tam,น้ำแม่ต่ำ,เกาะคา,เกาะคา,ลำปาง
2022-12-23,4.6,Ban Sop Win,น้ำแม่วาง,แม่วิน,แม่วาง,เชียงใหม่
2022-12-23,7.4,Ban Tha Duea,แม่น้ำวัง,พิชัย,เมือง,ลำปาง
2022-12-23,4.9,Ban Tha Lo,น้ำแม่ตุ๋ย,บ่อแฮ้ว,เมือง,ลำปาง
2022-12-23,4,Ban Tha Pong Daeng,น้ำปาย,ผาบ่อง,เมือง,แม่ฮ่องสอน
2022-12-23,12,Ban Thung Nong,แม่น้ำยม,สระ,เชียงม่วน,พะเยา
2022-12-23,4.7,Ban Ton Yang,น้ำแม่ลาว,บัวสลี,แม่ลาว,เชียงราย
2022-12-23,13.1,Ban Wang Chin,แม่น้ำยม,วังชิ้น,วังชิ้น,แพร่
2022-12-23,4.5,Chedingam,น้ำอิง,ท่าวังทอง,เมือง,พะเยา
2022-12-23,7,In front of the Forestry Office,แม่น้ำน่าน,ในเวียง,เมือง,น่าน
2022-12-23,5.7,Mae Kham Lak Chet,น้ำแม่คำ,ศรีค้ำ,แม่จัน,เชียงราย
2022-12-23,3.6,Nam Mae Chaem,น้ำแม่แจ่ม,บ้านท่าข้าม,จอมทอง,เชียงใหม่
2022-12-23,5,Nawarat Bridge,แม่น้ำปิง,วัดเกต,เมือง,เชียงใหม่
2022-12-23,5,Nawarat Bridge,แม่น้ำปิง,วัดเกต,เมือง,เชียงใหม่
2022-12-23,4.5,Pracha Uthit Bridge,น้ำแม่กลาง,บ้านหลวง,จอมทอง,เชียงใหม่
2022-12-23,5.6,Romklao Cooperative House,น้ำแม่งัด,แม่แวน,พร้าว,เชียงใหม่
2022-12-23,4.4,Saphan Ban Khay,น้ำฝาง,แม่นาวาง,แม่อาย,เชียงใหม่
2022-12-23,4.8,Setuwaree Bridge,แม้น้ำวัง,เวียงเหนือ,เมือง,ลำปาง
2022-12-23,12.4,Tha Li Bridge,น้ำว้า,ขึ่ง,เวียงสา,น่าน
2022-12-23,8.2,Tha Nang Bridge,น้ำแม่กวง,ในเมือง,เมือง,ลำพูน
2022-12-23,3.7,Wang Phrao,น้ำแม่จาง,วังพร้าว,เกาะคา,ลำปาง
2022-12-24,2.6,Ban Chiang Dao,แม่น้ำปิง,เชียงดาว,เชียงดาว,เชียงใหม่
2022-12-24,3.6,Ban Chor Lae,แม่น้ำปิง,ช่อแล,แม่แตง,เชียงใหม่
2022-12-24,4.1,Ban Don Chai,แม่น้ำวัง,ล้อมแรด,เถิน,ลำปาง
2022-12-24,5.5,Ban Don Mun,แม่น้ำวัง,บ้านแลง,เมือง,ลำปาง
2022-12-24,4.8,Ban Don Sali,น้ำแม่ลาว,ป่าแดด,แม่สรวย,เชียงราย
2022-12-24,5.8,Ban Hai,แม่น้ำวัง,ปงดอน,แจ้ห่ม,ลำปาง
2022-12-24,4.1,Ban Hong,น้ำแม่ออน,ร้องวัวแดง,สันกำแพง,เชียงใหม่
2022-12-24,2.7,Ban Hua Sapan,น้ำแม่จัน,ป่าซาง,แม่จัน,เชียงราย
2022-12-24,5.5,Ban Huai Pa Sang,น้ำแม่แตง,กึ๊ดช้าง,แม่แตง,เชียงใหม่
2022-12-24,8.9,Ban Huai Sak,แม่น้ำยม,เตาปูน,สอง,แพร่
2022-12-24,0.5,Ban Klang,น้ำแม่ขาน,บ้านกลาง,สันป่าตอง,เชียงใหม่
2022-12-24,6.4,Ban Klang,น้ำแม่ขาน,บ้านกลาง,สันป่าตอง,เชียงใหม่
2022-12-24,3.3,Ban Ko Kha,แม่น้ำวัง,ศาลา,เกาะคา,ลำปาง
2022-12-24,6,Ban Kok Tong,แม่น้ำกก,รอบเวียง,เมือง,เชียงราย
2022-12-24,4.5,Ban Krariang Tung Phrao,น้ำแม่สรวย,วาวี,แม่สรวย,เชียงราย
2022-12-24,3.1,Ban Lai Kaeo,น้ำแม่ลี้,ศรีเตี้ย,บ้านโฮ่ง,ลำพูน
2022-12-24,7.5,Ban Luang Nuea,น้ำงาว,หลวงใต้,งาว,ลำปาง
2022-12-24,6.9,Ban Mae E Hi,น้ำแม่ลี้,ศรีวิชัย,ลี้,ลำพูน
2022-12-24,5.1,Ban Mae Kha Bridge,น้ำฝาง,แม่ข่า,ฝาง,เชียงใหม่
2022-12-24,6.8,Ban Mae Khom Mi Tamnak Tham,น้ำแม่คำมี,ตำหนักธรรม,หนองม่วงไข่,แพร่
2022-12-24,6,Ban Mae Lai,น้ำแม่หล่าย,แม่หล่าย,เมือง,แพร่
2022-12-24,2.4,Ban Mae Tae,แม่น้ำปิง,แม่แฝกเก่า,สันทราย,เชียงใหม่
2022-12-24,2.6,Ban Mae Taeng,แม่น้ำแตง,สันมหาพล,แม่แตง,เชียงใหม่
2022-12-24,3.9,Ban Mae Wan,น้ำแม่กวง,ป่าเมี่ยง,ดอยสะเก็ด,เชียงใหม่
2022-12-24,5.4,Ban Mai Rim Fang,น้ำฝาง,เวียงฝาง,ฝาง,เชียงใหม่
2022-12-24,7.2,Ban Mang,น้ำปี้,มาง,เชียงม่วน,พะเยา
2022-12-24,4.1,Ban Mueang Kuet,น้ำแม่แตง,กึ๊ดช้าง,แม่แตง,เชียงใหม่
2022-12-24,2.4,Ban Mueang Mai,ห้วยแม่ต๋า,เมืองมาย,แจ้ห่ม,ลำปาง
2022-12-24,4.5,Ban Mueang Pha,น้ำแม่ริม,ริมเหนือ,แม่ริม,เชียงใหม่
2022-12-24,1.1,Ban Nam Ing,น้ำอิง,ต้า,ขุนตาล,เชียงราย
2022-12-24,9.4,Ban Nam Khong,แม่น้ำยม,ป่าแมต,เมือง,แพร่
2022-12-24,5.6,Ban Nam Yao,น้ำยาว,อวน,ปัว,น่าน
2022-12-24,0.3,Ban Nong Daeng,แม่น้ำน่าน,เปือ,เชียงกลาง,น่าน
2022-12-24,1.7,Ban Nong Naw,น้ำแม่สอย,แจ้ห่ม,แจ้ห่ม,ลำปาง
2022-12-24,3.7,Ban Nong Pham,น้ำแม่ลาว,แม่สรวย,แม่สรวย,เชียงราย
2022-12-24,7.4,Ban Pa Kha,น้ำควร,ควร,ปง,พะเยา
2022-12-24,7.8,Ban Pa Khoi Tai,แม่น้ำปิง,สันผีเสื้อ,เมือง,เชียงใหม่
2022-12-24,4.7,Ban Pa Sang,น้ำแม่ทา,ป่าซาง,ป่าซาง,ลำพูน
2022-12-24,5.7,Ban Pang Sa,ห้วยน้ำยาว,ผาทอง,ท่าวังผา,น่าน
2022-12-24,10.3,Ban Pha Khwang,แม่น้ำน่าน,บ่อ,เมือง,น่าน
2022-12-24,6.6,Ban Phai Ngarm,แม่น้ำน่าน,ส้าน,เวียงสา,น่าน
2022-12-24,4.4,Ban Phan Ton,น้ำแม่วาง,ทุ่งปี้,แม่วาง,เชียงใหม่
2022-12-24,4.8,Ban Phi Tai,น้ำปี้,บ้านพี้,บ้านหลวง,น่าน
2022-12-24,2.9,Ban Phu Yaeng,น้ำมวบ,ดู่พงษ์,สันติสุข,น่าน
2022-12-24,6.8,Ban Pong,น้ำแม่กวง,บวกค้าง,สันกำแพง,เชียงใหม่
2022-12-24,8.5,Ban Pong,น้ำแม่กวง,บวกค้าง,สันกำแพง,เชียงใหม่
2022-12-24,4.55,Ban Pong,ห้วยโป่ง,บ้านโป่ง,งาว,ลำปาง
2022-12-24,4.1,Ban Rong Kho,แม่น้ำวัง,ร่องเคาะ,วังเหนือ,ลำปาง
2022-12-24,5.5,Ban Rong Khun,น้ำแม่ลาว,ป่าอ้อดอนชัย,เมือง,เชียงราย
2022-12-24,3.3,Ban Saluang Nok,น้ำแม่ริม,สลวง,แม่ริม,เชียงใหม่
2022-12-24,6.4,Ban San Pu Loei,น้ำแม่ขอด,โหล่งขอด,พร้าว,เชียงใหม่
2022-12-24,7.3,Ban Singpotin,น้ำแม่ลาย,ป่าเมี่ยง,ดอยสะเก็ด,เชียงใหม่
2022-12-24,9.8,Ban Sob Soi,แม่น้ำปิง,แม่สอย,จอมทอง,เชียงใหม่
2022-12-24,5.5,Ban Sop Mae Sapoot,แม่น้ำแม่ทา,ทาสบเส้า,แม่ทา,ลำพูน
2022-12-24,8.2,Ban Sop Pae,แม่น้ำปิง,สบแปะ,จอมทอง,เชียงใหม่
2022-12-24,5.7,Ban Sop Prap,แม่น้ำวัง,สบปราบ,สบปราบ,ลำปาง
2022-12-24,5.8,Ban Sop Tam,น้ำแม่ต่ำ,เกาะคา,เกาะคา,ลำปาง
2022-12-24,4.6,Ban Sop Win,น้ำแม่วาง,แม่วิน,แม่วาง,เชียงใหม่
2022-12-24,7.4,Ban Tha Duea,แม่น้ำวัง,พิชัย,เมือง,ลำปาง
2022-12-24,4.9,Ban Tha Lo,น้ำแม่ตุ๋ย,บ่อแฮ้ว,เมือง,ลำปาง
2022-12-24,4,Ban Tha Pong Daeng,น้ำปาย,ผาบ่อง,เมือง,แม่ฮ่องสอน
2022-12-24,12,Ban Thung Nong,แม่น้ำยม,สระ,เชียงม่วน,พะเยา
2022-12-24,4.6,Ban Ton Yang,น้ำแม่ลาว,บัวสลี,แม่ลาว,เชียงราย
2022-12-24,13,Ban Wang Chin,แม่น้ำยม,วังชิ้น,วังชิ้น,แพร่
2022-12-24,4.4,Chedingam,น้ำอิง,ท่าวังทอง,เมือง,พะเยา
2022-12-24,7,In front of the Forestry Office,แม่น้ำน่าน,ในเวียง,เมือง,น่าน
2022-12-24,5.7,Mae Kham Lak Chet,น้ำแม่คำ,ศรีค้ำ,แม่จัน,เชียงราย
2022-12-24,3.6,Nam Mae Chaem,น้ำแม่แจ่ม,บ้านท่าข้าม,จอมทอง,เชียงใหม่
2022-12-24,4.9,Nawarat Bridge,แม่น้ำปิง,วัดเกต,เมือง,เชียงใหม่
2022-12-24,4.9,Nawarat Bridge,แม่น้ำปิง,วัดเกต,เมือง,เชียงใหม่
2022-12-24,4.5,Pracha Uthit Bridge,น้ำแม่กลาง,บ้านหลวง,จอมทอง,เชียงใหม่
2022-12-24,5.6,Romklao Cooperative House,น้ำแม่งัด,แม่แวน,พร้าว,เชียงใหม่
2022-12-24,4.3,Saphan Ban Khay,น้ำฝาง,แม่นาวาง,แม่อาย,เชียงใหม่
2022-12-24,4.7,Setuwaree Bridge,แม้น้ำวัง,เวียงเหนือ,เมือง,ลำปาง
2022-12-24,12.4,Tha Li Bridge,น้ำว้า,ขึ่ง,เวียงสา,น่าน
2022-12-24,7.5,Tha Nang Bridge,น้ำแม่กวง,ในเมือง,เมือง,ลำพูน
2022-12-24,3.7,Wang Phrao,น้ำแม่จาง,วังพร้าว,เกาะคา,ลำปาง
2022-12-25,2.6,Ban Chiang Dao,แม่น้ำปิง,เชียงดาว,เชียงดาว,เชียงใหม่
2022-12-25,3.6,Ban Chor Lae,แม่น้ำปิง,ช่อแล,แม่แตง,เชียงใหม่
2022-12-25,4.1,Ban Don Chai,แม่น้ำวัง,ล้อมแรด,เถิน,ลำปาง
2022-12-25,5.5,Ban Don Mun,แม่น้ำวัง,บ้านแลง,เมือง,ลำปาง
2022-12-25,4.8,Ban Don Sali,น้ำแม่ลาว,ป่าแดด,แม่สรวย,เชียงราย
2022-12-25,5.7,Ban Hai,แม่น้ำวัง,ปงดอน,แจ้ห่ม,ลำปาง
2022-12-25,4.1,Ban Hong,น้ำแม่ออน,ร้องวัวแดง,สันกำแพง,เชียงใหม่
2022-12-25,5.5,Ban Huai Pa Sang,น้ำแม่แตง,กึ๊ดช้าง,แม่แตง,เชียงใหม่
2022-12-25,8.9,Ban Huai Sak,แม่น้ำยม,เตาปูน,สอง,แพร่
2022-12-25,0.5,Ban Klang,น้ำแม่ขาน,บ้านกลาง,สันป่าตอง,เชียงใหม่
2022-12-25,6.4,Ban Klang,น้ำแม่ขาน,บ้านกลาง,สันป่าตอง,เชียงใหม่
2022-12-25,3.3,Ban Ko Kha,แม่น้ำวัง,ศาลา,เกาะคา,ลำปาง
2022-12-25,6,Ban Kok Tong,แม่น้ำกก,รอบเวียง,เมือง,เชียงราย
2022-12-25,4.5,Ban Krariang Tung Phrao,น้ำแม่สรวย,วาวี,แม่สรวย,เชียงราย
2022-12-25,3.1,Ban Lai Kaeo,น้ำแม่ลี้,ศรีเตี้ย,บ้านโฮ่ง,ลำพูน
2022-12-25,6.6,Ban Luang,น้ำแม่ตื่น,ยางเปียง,อมก๋อย,เชียงใหม่
2022-12-25,7.6,Ban Luang Nuea,น้ำงาว,หลวงใต้,งาว,ลำปาง
2022-12-25,6.9,Ban Mae E Hi,น้ำแม่ลี้,ศรีวิชัย,ลี้,ลำพูน
2022-12-25,5.1,Ban Mae Kha Bridge,น้ำฝาง,แม่ข่า,ฝาง,เชียงใหม่
2022-12-25,6.8,Ban Mae Khom Mi Tamnak Tham,น้ำแม่คำมี,ตำหนักธรรม,หนองม่วงไข่,แพร่
2022-12-25,6,Ban Mae Lai,น้ำแม่หล่าย,แม่หล่าย,เมือง,แพร่
2022-12-25,2.3,Ban Mae Tae,แม่น้ำปิง,แม่แฝกเก่า,สันทราย,เชียงใหม่
2022-12-25,2.6,Ban Mae Taeng,แม่น้ำแตง,สันมหาพล,แม่แตง,เชียงใหม่
2022-12-25,3.9,Ban Mae Wan,น้ำแม่กวง,ป่าเมี่ยง,ดอยสะเก็ด,เชียงใหม่
2022-12-25,5.4,Ban Mai Rim Fang,น้ำฝาง,เวียงฝาง,ฝาง,เชียงใหม่
2022-12-25,7.2,Ban Mang,น้ำปี้,มาง,เชียงม่วน,พะเยา
2022-12-25,6.1,Ban Muang Pok,น้ำแม่แตง,เปียงหลวง,เวียงแหง,เชียงใหม่
2022-12-25,4.1,Ban Mueang Kuet,น้ำแม่แตง,กึ๊ดช้าง,แม่แตง,เชียงใหม่
2022-12-25,2.4,Ban Mueang Mai,ห้วยแม่ต๋า,เมืองมาย,แจ้ห่ม,ลำปาง
2022-12-25,4.6,Ban Mueang Pha,น้ำแม่ริม,ริมเหนือ,แม่ริม,เชียงใหม่
2022-12-25,1.1,Ban Nam Ing,น้ำอิง,ต้า,ขุนตาล,เชียงราย
2022-12-25,9.4,Ban Nam Khong,แม่น้ำยม,ป่าแมต,เมือง,แพร่
2022-12-25,5.6,Ban Nam Yao,น้ำยาว,อวน,ปัว,น่าน
2022-12-25,0.3,Ban Nong Daeng,แม่น้ำน่าน,เปือ,เชียงกลาง,น่าน
2022-12-25,1.7,Ban Nong Naw,น้ำแม่สอย,แจ้ห่ม,แจ้ห่ม,ลำปาง
2022-12-25,3.7,Ban Nong Pham,น้ำแม่ลาว,แม่สรวย,แม่สรวย,เชียงราย
2022-12-25,7.4,Ban Pa Kha,น้ำควร,ควร,ปง,พะเยา
2022-12-25,7.9,Ban Pa Khoi Tai,แม่น้ำปิง,สันผีเสื้อ,เมือง,เชียงใหม่
2022-12-25,4.7,Ban Pa Sang,น้ำแม่ทา,ป่าซาง,ป่าซาง,ลำพูน
2022-12-25,5.7,Ban Pang Sa,ห้วยน้ำยาว,ผาทอง,ท่าวังผา,น่าน
2022-12-25,10.3,Ban Pha Khwang,แม่น้ำน่าน,บ่อ,เมือง,น่าน
2022-12-25,6.6,Ban Phai Ngarm,แม่น้ำน่าน,ส้าน,เวียงสา,น่าน
2022-12-25,4.4,Ban Phan Ton,น้ำแม่วาง,ทุ่งปี้,แม่วาง,เชียงใหม่
2022-12-25,4.8,Ban Phi Tai,น้ำปี้,บ้านพี้,บ้านหลวง,น่าน
2022-12-25,2.8,Ban Phu Yaeng,น้ำมวบ,ดู่พงษ์,สันติสุข,น่าน
2022-12-25,6.8,Ban Pong,น้ำแม่กวง,บวกค้าง,สันกำแพง,เชียงใหม่
2022-12-25,8.4,Ban Pong,น้ำแม่กวง,บวกค้าง,สันกำแพง,เชียงใหม่
2022-12-25,4.54,Ban Pong,ห้วยโป่ง,บ้านโป่ง,งาว,ลำปาง
2022-12-25,4.1,Ban Rong Kho,แม่น้ำวัง,ร่องเคาะ,วังเหนือ,ลำปาง
2022-12-25,5.3,Ban Rong Khun,น้ำแม่ลาว,ป่าอ้อดอนชัย,เมือง,เชียงราย
2022-12-25,3.3,Ban Saluang Nok,น้ำแม่ริม,สลวง,แม่ริม,เชียงใหม่
2022-12-25,6.4,Ban San Pu Loei,น้ำแม่ขอด,โหล่งขอด,พร้าว,เชียงใหม่
2022-12-25,7.3,Ban Singpotin,น้ำแม่ลาย,ป่าเมี่ยง,ดอยสะเก็ด,เชียงใหม่
2022-12-25,9.7,Ban Sob Soi,แม่น้ำปิง,แม่สอย,จอมทอง,เชียงใหม่
2022-12-25,5.5,Ban Sop Mae Sapoot,แม่น้ำแม่ทา,ทาสบเส้า,แม่ทา,ลำพูน
2022-12-25,8.2,Ban Sop Pae,แม่น้ำปิง,สบแปะ,จอมทอง,เชียงใหม่
2022-12-25,5.7,Ban Sop Prap,แม่น้ำวัง,สบปราบ,สบปราบ,ลำปาง
2022-12-25,5.9,Ban Sop Tam,น้ำแม่ต่ำ,เกาะคา,เกาะคา,ลำปาง
2022-12-25,4.5,Ban Sop Win,น้ำแม่วาง,แม่วิน,แม่วาง,เชียงใหม่
2022-12-25,7.3,Ban Tha Duea,แม่น้ำวัง,พิชัย,เมือง,ลำปาง
2022-12-25,4.9,Ban Tha Lo,น้ำแม่ตุ๋ย,บ่อแฮ้ว,เมือง,ลำปาง
2022-12-25,3.9,Ban Tha Pong Daeng,น้ำปาย,ผาบ่อง,เมือง,แม่ฮ่องสอน
2022-12-25,12,Ban Thung Nong,แม่น้ำยม,สระ,เชียงม่วน,พะเยา
2022-12-25,4.3,Ban Ton Yang,น้ำแม่ลาว,บัวสลี,แม่ลาว,เชียงราย
2022-12-25,13,Ban Wang Chin,แม่น้ำยม,วังชิ้น,วังชิ้น,แพร่
2022-12-25,4.5,Chedingam,น้ำอิง,ท่าวังทอง,เมือง,พะเยา
2022-12-25,7,In front of the Forestry Office,แม่น้ำน่าน,ในเวียง,เมือง,น่าน
2022-12-25,5.7,Mae Kham Lak Chet,น้ำแม่คำ,ศรีค้ำ,แม่จัน,เชียงราย
2022-12-25,3.6,Nam Mae Chaem,น้ำแม่แจ่ม,บ้านท่าข้าม,จอมทอง,เชียงใหม่
2022-12-25,5.1,Nawarat Bridge,แม่น้ำปิง,วัดเกต,เมือง,เชียงใหม่
2022-12-25,5.1,Nawarat Bridge,แม่น้ำปิง,วัดเกต,เมือง,เชียงใหม่
2022-12-25,4.5,Pracha Uthit Bridge,น้ำแม่กลาง,บ้านหลวง,จอมทอง,เชียงใหม่
2022-12-25,5.6,Romklao Cooperative House,น้ำแม่งัด,แม่แวน,พร้าว,เชียงใหม่
2022-12-25,4.3,Saphan Ban Khay,น้ำฝาง,แม่นาวาง,แม่อาย,เชียงใหม่
2022-12-25,4.6,Setuwaree Bridge,แม้น้ำวัง,เวียงเหนือ,เมือง,ลำปาง
2022-12-25,12.4,Tha Li Bridge,น้ำว้า,ขึ่ง,เวียงสา,น่าน
2022-12-25,7.8,Tha Nang Bridge,น้ำแม่กวง,ในเมือง,เมือง,ลำพูน
2022-12-25,3.7,Wang Phrao,น้ำแม่จาง,วังพร้าว,เกาะคา,ลำปาง
2022-12-26,2.6,Ban Chiang Dao,แม่น้ำปิง,เชียงดาว,เชียงดาว,เชียงใหม่
2022-12-26,3.6,Ban Chor Lae,แม่น้ำปิง,ช่อแล,แม่แตง,เชียงใหม่
2022-12-26,4.1,Ban Don Chai,แม่น้ำวัง,ล้อมแรด,เถิน,ลำปาง
2022-12-26,5.5,Ban Don Mun,แม่น้ำวัง,บ้านแลง,เมือง,ลำปาง
2022-12-26,4.8,Ban Don Sali,น้ำแม่ลาว,ป่าแดด,แม่สรวย,เชียงราย
2022-12-26,5.7,Ban Hai,แม่น้ำวัง,ปงดอน,แจ้ห่ม,ลำปาง
2022-12-26,4.1,Ban Hong,น้ำแม่ออน,ร้องวัวแดง,สันกำแพง,เชียงใหม่
2022-12-26,2.8,Ban Hua Sapan,น้ำแม่จัน,ป่าซาง,แม่จัน,เชียงราย
2022-12-26,5.5,Ban Huai Pa Sang,น้ำแม่แตง,กึ๊ดช้าง,แม่แตง,เชียงใหม่
2022-12-26,8.9,Ban Huai Sak,แม่น้ำยม,เตาปูน,สอง,แพร่
2022-12-26,0.5,Ban Klang,น้ำแม่ขาน,บ้านกลาง,สันป่าตอง,เชียงใหม่
2022-12-26,6.4,Ban Klang,น้ำแม่ขาน,บ้านกลาง,สันป่าตอง,เชียงใหม่
2022-12-26,3.3,Ban Ko Kha,แม่น้ำวัง,ศาลา,เกาะคา,ลำปาง
2022-12-26,6,Ban Kok Tong,แม่น้ำกก,รอบเวียง,เมือง,เชียงราย
2022-12-26,4.5,Ban Krariang Tung Phrao,น้ำแม่สรวย,วาวี,แม่สรวย,เชียงราย
2022-12-26,3.1,Ban Lai Kaeo,น้ำแม่ลี้,ศรีเตี้ย,บ้านโฮ่ง,ลำพูน
2022-12-26,6.6,Ban Luang,น้ำแม่ตื่น,ยางเปียง,อมก๋อย,เชียงใหม่
2022-12-26,7.6,Ban Luang Nuea,น้ำงาว,หลวงใต้,งาว,ลำปาง
2022-12-26,6.9,Ban Mae E Hi,น้ำแม่ลี้,ศรีวิชัย,ลี้,ลำพูน
2022-12-26,5.1,Ban Mae Kha Bridge,น้ำฝาง,แม่ข่า,ฝาง,เชียงใหม่
2022-12-26,6.8,Ban Mae Khom Mi Tamnak Tham,น้ำแม่คำมี,ตำหนักธรรม,หนองม่วงไข่,แพร่
2022-12-26,6,Ban Mae Lai,น้ำแม่หล่าย,แม่หล่าย,เมือง,แพร่
2022-12-26,2.3,Ban Mae Tae,แม่น้ำปิง,แม่แฝกเก่า,สันทราย,เชียงใหม่
2022-12-26,2.6,Ban Mae Taeng,แม่น้ำแตง,สันมหาพล,แม่แตง,เชียงใหม่
2022-12-26,3.9,Ban Mae Wan,น้ำแม่กวง,ป่าเมี่ยง,ดอยสะเก็ด,เชียงใหม่
2022-12-26,5.5,Ban Mai Rim Fang,น้ำฝาง,เวียงฝาง,ฝาง,เชียงใหม่
2022-12-26,7.1,Ban Mang,น้ำปี้,มาง,เชียงม่วน,พะเยา
2022-12-26,6.1,Ban Muang Pok,น้ำแม่แตง,เปียงหลวง,เวียงแหง,เชียงใหม่
2022-12-26,4.1,Ban Mueang Kuet,น้ำแม่แตง,กึ๊ดช้าง,แม่แตง,เชียงใหม่
2022-12-26,2.4,Ban Mueang Mai,ห้วยแม่ต๋า,เมืองมาย,แจ้ห่ม,ลำปาง
2022-12-26,4.6,Ban Mueang Pha,น้ำแม่ริม,ริมเหนือ,แม่ริม,เชียงใหม่
2022-12-26,1.1,Ban Nam Ing,น้ำอิง,ต้า,ขุนตาล,เชียงราย
2022-12-26,9.4,Ban Nam Khong,แม่น้ำยม,ป่าแมต,เมือง,แพร่
2022-12-26,5.6,Ban Nam Yao,น้ำยาว,อวน,ปัว,น่าน
2022-12-26,0.3,Ban Nong Daeng,แม่น้ำน่าน,เปือ,เชียงกลาง,น่าน
2022-12-26,1.8,Ban Nong Naw,น้ำแม่สอย,แจ้ห่ม,แจ้ห่ม,ลำปาง
2022-12-26,3.7,Ban Nong Pham,น้ำแม่ลาว,แม่สรวย,แม่สรวย,เชียงราย
2022-12-26,7.4,Ban Pa Kha,น้ำควร,ควร,ปง,พะเยา
2022-12-26,8,Ban Pa Khoi Tai,แม่น้ำปิง,สันผีเสื้อ,เมือง,เชียงใหม่
2022-12-26,4.7,Ban Pa Sang,น้ำแม่ทา,ป่าซาง,ป่าซาง,ลำพูน
2022-12-26,5.7,Ban Pang Sa,ห้วยน้ำยาว,ผาทอง,ท่าวังผา,น่าน
2022-12-26,10.3,Ban Pha Khwang,แม่น้ำน่าน,บ่อ,เมือง,น่าน
2022-12-26,6.6,Ban Phai Ngarm,แม่น้ำน่าน,ส้าน,เวียงสา,น่าน
2022-12-26,4.4,Ban Phan Ton,น้ำแม่วาง,ทุ่งปี้,แม่วาง,เชียงใหม่
2022-12-26,4.8,Ban Phi Tai,น้ำปี้,บ้านพี้,บ้านหลวง,น่าน
2022-12-26,2.8,Ban Phu Yaeng,น้ำมวบ,ดู่พงษ์,สันติสุข,น่าน
2022-12-26,6.9,Ban Pong,น้ำแม่กวง,บวกค้าง,สันกำแพง,เชียงใหม่
2022-12-26,8.5,Ban Pong,น้ำแม่กวง,บวกค้าง,สันกำแพง,เชียงใหม่
2022-12-26,4.59,Ban Pong,ห้วยโป่ง,บ้านโป่ง,งาว,ลำปาง
2022-12-26,4.1,Ban Rong Kho,แม่น้ำวัง,ร่องเคาะ,วังเหนือ,ลำปาง
2022-12-26,5,Ban Rong Khun,น้ำแม่ลาว,ป่าอ้อดอนชัย,เมือง,เชียงราย
2022-12-26,3.2,Ban Saluang Nok,น้ำแม่ริม,สลวง,แม่ริม,เชียงใหม่
2022-12-26,6.4,Ban San Pu Loei,น้ำแม่ขอด,โหล่งขอด,พร้าว,เชียงใหม่
2022-12-26,7.3,Ban Singpotin,น้ำแม่ลาย,ป่าเมี่ยง,ดอยสะเก็ด,เชียงใหม่
2022-12-26,9.6,Ban Sob Soi,แม่น้ำปิง,แม่สอย,จอมทอง,เชียงใหม่
2022-12-26,5.5,Ban Sop Mae Sapoot,แม่น้ำแม่ทา,ทาสบเส้า,แม่ทา,ลำพูน
2022-12-26,8.1,Ban Sop Pae,แม่น้ำปิง,สบแปะ,จอมทอง,เชียงใหม่
2022-12-26,5.7,Ban Sop Prap,แม่น้ำวัง,สบปราบ,สบปราบ,ลำปาง
2022-12-26,5.9,Ban Sop Tam,น้ำแม่ต่ำ,เกาะคา,เกาะคา,ลำปาง
2022-12-26,4.5,Ban Sop Win,น้ำแม่วาง,แม่วิน,แม่วาง,เชียงใหม่
2022-12-26,7.3,Ban Tha Duea,แม่น้ำวัง,พิชัย,เมือง,ลำปาง
2022-12-26,4.9,Ban Tha Lo,น้ำแม่ตุ๋ย,บ่อแฮ้ว,เมือง,ลำปาง
2022-12-26,3.9,Ban Tha Pong Daeng,น้ำปาย,ผาบ่อง,เมือง,แม่ฮ่องสอน
2022-12-26,12,Ban Thung Nong,แม่น้ำยม,สระ,เชียงม่วน,พะเยา
2022-12-26,4.2,Ban Ton Yang,น้ำแม่ลาว,บัวสลี,แม่ลาว,เชียงราย
2022-12-26,13,Ban Wang Chin,แม่น้ำยม,วังชิ้น,วังชิ้น,แพร่
2022-12-26,4.4,Chedingam,น้ำอิง,ท่าวังทอง,เมือง,พะเยา
2022-12-26,7,In front of the Forestry Office,แม่น้ำน่าน,ในเวียง,เมือง,น่าน
2022-12-26,5.7,Mae Kham Lak Chet,น้ำแม่คำ,ศรีค้ำ,แม่จัน,เชียงราย
2022-12-26,3.6,Nam Mae Chaem,น้ำแม่แจ่ม,บ้านท่าข้าม,จอมทอง,เชียงใหม่
2022-12-26,5.2,Nawarat Bridge,แม่น้ำปิง,วัดเกต,เมือง,เชียงใหม่
2022-12-26,5.2,Nawarat Bridge,แม่น้ำปิง,วัดเกต,เมือง,เชียงใหม่
2022-12-26,4.5,Pracha Uthit Bridge,น้ำแม่กลาง,บ้านหลวง,จอมทอง,เชียงใหม่
2022-12-26,5.6,Romklao Cooperative House,น้ำแม่งัด,แม่แวน,พร้าว,เชียงใหม่
2022-12-26,4.3,Saphan Ban Khay,น้ำฝาง,แม่นาวาง,แม่อาย,เชียงใหม่
2022-12-26,4.7,Setuwaree Bridge,แม้น้ำวัง,เวียงเหนือ,เมือง,ลำปาง
2022-12-26,12.4,Tha Li Bridge,น้ำว้า,ขึ่ง,เวียงสา,น่าน
2022-12-26,8,Tha Nang Bridge,น้ำแม่กวง,ในเมือง,เมือง,ลำพูน
2022-12-26,3.7,Wang Phrao,น้ำแม่จาง,วังพร้าว,เกาะคา,ลำปาง
2022-12-27,2.6,Ban Chiang Dao,แม่น้ำปิง,เชียงดาว,เชียงดาว,เชียงใหม่
2022-12-27,3.6,Ban Chor Lae,แม่น้ำปิง,ช่อแล,แม่แตง,เชียงใหม่
2022-12-27,4,Ban Don Chai,แม่น้ำวัง,ล้อมแรด,เถิน,ลำปาง
2022-12-27,5.5,Ban Don Mun,แม่น้ำวัง,บ้านแลง,เมือง,ลำปาง
2022-12-27,4.8,Ban Don Sali,น้ำแม่ลาว,ป่าแดด,แม่สรวย,เชียงราย
2022-12-27,5.7,Ban Hai,แม่น้ำวัง,ปงดอน,แจ้ห่ม,ลำปาง
2022-12-27,4,Ban Hong,น้ำแม่ออน,ร้องวัวแดง,สันกำแพง,เชียงใหม่
2022-12-27,2.8,Ban Hua Sapan,น้ำแม่จัน,ป่าซาง,แม่จัน,เชียงราย
2022-12-27,5.5,Ban Huai Pa Sang,น้ำแม่แตง,กึ๊ดช้าง,แม่แตง,เชียงใหม่
2022-12-27,8.9,Ban Huai Sak,แม่น้ำยม,เตาปูน,สอง,แพร่
2022-12-27,0.5,Ban Klang,น้ำแม่ขาน,บ้านกลาง,สันป่าตอง,เชียงใหม่
2022-12-27,6.4,Ban Klang,น้ำแม่ขาน,บ้านกลาง,สันป่าตอง,เชียงใหม่
2022-12-27,3.3,Ban Ko Kha,แม่น้ำวัง,ศาลา,เกาะคา,ลำปาง
2022-12-27,6,Ban Kok Tong,แม่น้ำกก,รอบเวียง,เมือง,เชียงราย
2022-12-27,4.4,Ban Krariang Tung Phrao,น้ำแม่สรวย,วาวี,แม่สรวย,เชียงราย
2022-12-27,3.1,Ban Lai Kaeo,น้ำแม่ลี้,ศรีเตี้ย,บ้านโฮ่ง,ลำพูน
2022-12-27,6.6,Ban Luang,น้ำแม่ตื่น,ยางเปียง,อมก๋อย,เชียงใหม่
2022-12-27,7.6,Ban Luang Nuea,น้ำงาว,หลวงใต้,งาว,ลำปาง
2022-12-27,6.9,Ban Mae E Hi,น้ำแม่ลี้,ศรีวิชัย,ลี้,ลำพูน
2022-12-27,5,Ban Mae Kha Bridge,น้ำฝาง,แม่ข่า,ฝาง,เชียงใหม่
2022-12-27,6.8,Ban Mae Khom Mi Tamnak Tham,น้ำแม่คำมี,ตำหนักธรรม,หนองม่วงไข่,แพร่
2022-12-27,6,Ban Mae Lai,น้ำแม่หล่าย,แม่หล่าย,เมือง,แพร่
2022-12-27,2.4,Ban Mae Tae,แม่น้ำปิง,แม่แฝกเก่า,สันทราย,เชียงใหม่
2022-12-27,2.6,Ban Mae Taeng,แม่น้ำแตง,สันมหาพล,แม่แตง,เชียงใหม่
2022-12-27,3.9,Ban Mae Wan,น้ำแม่กวง,ป่าเมี่ยง,ดอยสะเก็ด,เชียงใหม่
2022-12-27,5.4,Ban Mai Rim Fang,น้ำฝาง,เวียงฝาง,ฝาง,เชียงใหม่
2022-12-27,7.2,Ban Mang,น้ำปี้,มาง,เชียงม่วน,พะเยา
2022-12-27,4.1,Ban Mueang Kuet,น้ำแม่แตง,กึ๊ดช้าง,แม่แตง,เชียงใหม่
2022-12-27,2.4,Ban Mueang Mai,ห้วยแม่ต๋า,เมืองมาย,แจ้ห่ม,ลำปาง
2022-12-27,4.6,Ban Mueang Pha,น้ำแม่ริม,ริมเหนือ,แม่ริม,เชียงใหม่
2022-12-27,1.1,Ban Nam Ing,น้ำอิง,ต้า,ขุนตาล,เชียงราย
2022-12-27,9.4,Ban Nam Khong,แม่น้ำยม,ป่าแมต,เมือง,แพร่
2022-12-27,5.6,Ban Nam Yao,น้ำยาว,อวน,ปัว,น่าน
2022-12-27,0.3,Ban Nong Daeng,แม่น้ำน่าน,เปือ,เชียงกลาง,น่าน
2022-12-27,1.7,Ban Nong Naw,น้ำแม่สอย,แจ้ห่ม,แจ้ห่ม,ลำปาง
2022-12-27,3.7,Ban Nong Pham,น้ำแม่ลาว,แม่สรวย,แม่สรวย,เชียงราย
2022-12-27,7.4,Ban Pa Kha,น้ำควร,ควร,ปง,พะเยา
2022-12-27,7.8,Ban Pa Khoi Tai,แม่น้ำปิง,สันผีเสื้อ,เมือง,เชียงใหม่
2022-12-27,4.7,Ban Pa Sang,น้ำแม่ทา,ป่าซาง,ป่าซาง,ลำพูน
2022-12-27,5.7,Ban Pang Sa,ห้วยน้ำยาว,ผาทอง,ท่าวังผา,น่าน
2022-12-27,10.3,Ban Pha Khwang,แม่น้ำน่าน,บ่อ,เมือง,น่าน
2022-12-27,6.6,Ban Phai Ngarm,แม่น้ำน่าน,ส้าน,เวียงสา,น่าน
2022-12-27,4.4,Ban Phan Ton,น้ำแม่วาง,ทุ่งปี้,แม่วาง,เชียงใหม่
2022-12-27,4.8,Ban Phi Tai,น้ำปี้,บ้านพี้,บ้านหลวง,น่าน
2022-12-27,2.8,Ban Phu Yaeng,น้ำมวบ,ดู่พงษ์,สันติสุข,น่าน
2022-12-27,6.8,Ban Pong,น้ำแม่กวง,บวกค้าง,สันกำแพง,เชียงใหม่
2022-12-27,8.4,Ban Pong,น้ำแม่กวง,บวกค้าง,สันกำแพง,เชียงใหม่
2022-12-27,4.54,Ban Pong,ห้วยโป่ง,บ้านโป่ง,งาว,ลำปาง
2022-12-27,4.1,Ban Rong Kho,แม่น้ำวัง,ร่องเคาะ,วังเหนือ,ลำปาง
2022-12-27,4.9,Ban Rong Khun,น้ำแม่ลาว,ป่าอ้อดอนชัย,เมือง,เชียงราย
2022-12-27,3.2,Ban Saluang Nok,น้ำแม่ริม,สลวง,แม่ริม,เชียงใหม่
2022-12-27,6.4,Ban San Pu Loei,น้ำแม่ขอด,โหล่งขอด,พร้าว,เชียงใหม่
2022-12-27,7.3,Ban Singpotin,น้ำแม่ลาย,ป่าเมี่ยง,ดอยสะเก็ด,เชียงใหม่
2022-12-27,9.8,Ban Sob Soi,แม่น้ำปิง,แม่สอย,จอมทอง,เชียงใหม่
2022-12-27,5.4,Ban Sop Mae Sapoot,แม่น้ำแม่ทา,ทาสบเส้า,แม่ทา,ลำพูน
2022-12-27,8.1,Ban Sop Pae,แม่น้ำปิง,สบแปะ,จอมทอง,เชียงใหม่
2022-12-27,5.6,Ban Sop Prap,แม่น้ำวัง,สบปราบ,สบปราบ,ลำปาง
2022-12-27,5.9,Ban Sop Tam,น้ำแม่ต่ำ,เกาะคา,เกาะคา,ลำปาง
2022-12-27,4.5,Ban Sop Win,น้ำแม่วาง,แม่วิน,แม่วาง,เชียงใหม่
2022-12-27,7.5,Ban Tha Duea,แม่น้ำวัง,พิชัย,เมือง,ลำปาง
2022-12-27,4.9,Ban Tha Lo,น้ำแม่ตุ๋ย,บ่อแฮ้ว,เมือง,ลำปาง
2022-12-27,3.9,Ban Tha Pong Daeng,น้ำปาย,ผาบ่อง,เมือง,แม่ฮ่องสอน
2022-12-27,12,Ban Thung Nong,แม่น้ำยม,สระ,เชียงม่วน,พะเยา
2022-12-27,4.2,Ban Ton Yang,น้ำแม่ลาว,บัวสลี,แม่ลาว,เชียงราย
2022-12-27,13,Ban Wang Chin,แม่น้ำยม,วังชิ้น,วังชิ้น,แพร่
2022-12-27,4.5,Chedingam,น้ำอิง,ท่าวังทอง,เมือง,พะเยา
2022-12-27,7,In front of the Forestry Office,แม่น้ำน่าน,ในเวียง,เมือง,น่าน
2022-12-27,5.6,Mae Kham Lak Chet,น้ำแม่คำ,ศรีค้ำ,แม่จัน,เชียงราย
2022-12-27,3.6,Nam Mae Chaem,น้ำแม่แจ่ม,บ้านท่าข้าม,จอมทอง,เชียงใหม่
2022-12-27,4.9,Nawarat Bridge,แม่น้ำปิง,วัดเกต,เมือง,เชียงใหม่
2022-12-27,4.9,Nawarat Bridge,แม่น้ำปิง,วัดเกต,เมือง,เชียงใหม่
2022-12-27,4.4,Pracha Uthit Bridge,น้ำแม่กลาง,บ้านหลวง,จอมทอง,เชียงใหม่
2022-12-27,5.5,Romklao Cooperative House,น้ำแม่งัด,แม่แวน,พร้าว,เชียงใหม่
2022-12-27,4.2,Saphan Ban Khay,น้ำฝาง,แม่นาวาง,แม่อาย,เชียงใหม่
2022-12-27,5,Setuwaree Bridge,แม้น้ำวัง,เวียงเหนือ,เมือง,ลำปาง
2022-12-27,12.4,Tha Li Bridge,น้ำว้า,ขึ่ง,เวียงสา,น่าน
2022-12-27,8.1,Tha Nang Bridge,น้ำแม่กวง,ในเมือง,เมือง,ลำพูน
2022-12-27,3.7,Wang Phrao,น้ำแม่จาง,วังพร้าว,เกาะคา,ลำปาง
2022-12-28,2.6,Ban Chiang Dao,แม่น้ำปิง,เชียงดาว,เชียงดาว,เชียงใหม่
2022-12-28,3.6,Ban Chor Lae,แม่น้ำปิง,ช่อแล,แม่แตง,เชียงใหม่
2022-12-28,4,Ban Don Chai,แม่น้ำวัง,ล้อมแรด,เถิน,ลำปาง
2022-12-28,5.5,Ban Don Mun,แม่น้ำวัง,บ้านแลง,เมือง,ลำปาง
2022-12-28,4.8,Ban Don Sali,น้ำแม่ลาว,ป่าแดด,แม่สรวย,เชียงราย
2022-12-28,5.7,Ban Hai,แม่น้ำวัง,ปงดอน,แจ้ห่ม,ลำปาง
2022-12-28,4,Ban Hong,น้ำแม่ออน,ร้องวัวแดง,สันกำแพง,เชียงใหม่
2022-12-28,2.8,Ban Hua Sapan,น้ำแม่จัน,ป่าซาง,แม่จัน,เชียงราย
2022-12-28,5.5,Ban Huai Pa Sang,น้ำแม่แตง,กึ๊ดช้าง,แม่แตง,เชียงใหม่
2022-12-28,8.9,Ban Huai Sak,แม่น้ำยม,เตาปูน,สอง,แพร่
2022-12-28,0.5,Ban Klang,น้ำแม่ขาน,บ้านกลาง,สันป่าตอง,เชียงใหม่
2022-12-28,6.4,Ban Klang,น้ำแม่ขาน,บ้านกลาง,สันป่าตอง,เชียงใหม่
2022-12-28,3.3,Ban Ko Kha,แม่น้ำวัง,ศาลา,เกาะคา,ลำปาง
2022-12-28,6,Ban Kok Tong,แม่น้ำกก,รอบเวียง,เมือง,เชียงราย
2022-12-28,4.4,Ban Krariang Tung Phrao,น้ำแม่สรวย,วาวี,แม่สรวย,เชียงราย
2022-12-28,3.1,Ban Lai Kaeo,น้ำแม่ลี้,ศรีเตี้ย,บ้านโฮ่ง,ลำพูน
2022-12-28,6.6,Ban Luang,น้ำแม่ตื่น,ยางเปียง,อมก๋อย,เชียงใหม่
2022-12-28,7.6,Ban Luang Nuea,น้ำงาว,หลวงใต้,งาว,ลำปาง
2022-12-28,6.8,Ban Mae E Hi,น้ำแม่ลี้,ศรีวิชัย,ลี้,ลำพูน
2022-12-28,5,Ban Mae Kha Bridge,น้ำฝาง,แม่ข่า,ฝาง,เชียงใหม่
2022-12-28,6.8,Ban Mae Khom Mi Tamnak Tham,น้ำแม่คำมี,ตำหนักธรรม,หนองม่วงไข่,แพร่
2022-12-28,6,Ban Mae Lai,น้ำแม่หล่าย,แม่หล่าย,เมือง,แพร่
2022-12-28,2.4,Ban Mae Tae,แม่น้ำปิง,แม่แฝกเก่า,สันทราย,เชียงใหม่
2022-12-28,2.6,Ban Mae Taeng,แม่น้ำแตง,สันมหาพล,แม่แตง,เชียงใหม่
2022-12-28,3.9,Ban Mae Wan,น้ำแม่กวง,ป่าเมี่ยง,ดอยสะเก็ด,เชียงใหม่
2022-12-28,5.4,Ban Mai Rim Fang,น้ำฝาง,เวียงฝาง,ฝาง,เชียงใหม่
2022-12-28,7.2,Ban Mang,น้ำปี้,มาง,เชียงม่วน,พะเยา
2022-12-28,6,Ban Muang Pok,น้ำแม่แตง,เปียงหลวง,เวียงแหง,เชียงใหม่
2022-12-28,4,Ban Mueang Kuet,น้ำแม่แตง,กึ๊ดช้าง,แม่แตง,เชียงใหม่
2022-12-28,2.4,Ban Mueang Mai,ห้วยแม่ต๋า,เมืองมาย,แจ้ห่ม,ลำปาง
2022-12-28,4.6,Ban Mueang Pha,น้ำแม่ริม,ริมเหนือ,แม่ริม,เชียงใหม่
2022-12-28,1.1,Ban Nam Ing,น้ำอิง,ต้า,ขุนตาล,เชียงราย
2022-12-28,9.4,Ban Nam Khong,แม่น้ำยม,ป่าแมต,เมือง,แพร่
2022-12-28,5.6,Ban Nam Yao,น้ำยาว,อวน,ปัว,น่าน
2022-12-28,0.3,Ban Nong Daeng,แม่น้ำน่าน,เปือ,เชียงกลาง,น่าน
2022-12-28,1.7,Ban Nong Naw,น้ำแม่สอย,แจ้ห่ม,แจ้ห่ม,ลำปาง
2022-12-28,3.9,Ban Nong Pham,น้ำแม่ลาว,แม่สรวย,แม่สรวย,เชียงราย
2022-12-28,7.4,Ban Pa Kha,น้ำควร,ควร,ปง,พะเยา
2022-12-28,8,Ban Pa Khoi Tai,แม่น้ำปิง,สันผีเสื้อ,เมือง,เชียงใหม่
2022-12-28,4.7,Ban Pa Sang,น้ำแม่ทา,ป่าซาง,ป่าซาง,ลำพูน
2022-12-28,5.7,Ban Pang Sa,ห้วยน้ำยาว,ผาทอง,ท่าวังผา,น่าน
2022-12-28,10.3,Ban Pha Khwang,แม่น้ำน่าน,บ่อ,เมือง,น่าน
2022-12-28,6.6,Ban Phai Ngarm,แม่น้ำน่าน,ส้าน,เวียงสา,น่าน
2022-12-28,4.4,Ban Phan Ton,น้ำแม่วาง,ทุ่งปี้,แม่วาง,เชียงใหม่
2022-12-28,4.8,Ban Phi Tai,น้ำปี้,บ้านพี้,บ้านหลวง,น่าน
2022-12-28,2.9,Ban Phu Yaeng,น้ำมวบ,ดู่พงษ์,สันติสุข,น่าน
2022-12-28,6.8,Ban Pong,น้ำแม่กวง,บวกค้าง,สันกำแพง,เชียงใหม่
2022-12-28,8.5,Ban Pong,น้ำแม่กวง,บวกค้าง,สันกำแพง,เชียงใหม่
2022-12-28,4.56,Ban Pong,ห้วยโป่ง,บ้านโป่ง,งาว,ลำปาง
2022-12-28,4.1,Ban Rong Kho,แม่น้ำวัง,ร่องเคาะ,วังเหนือ,ลำปาง
2022-12-28,4.9,Ban Rong Khun,น้ำแม่ลาว,ป่าอ้อดอนชัย,เมือง,เชียงราย
2022-12-28,3.2,Ban Saluang Nok,น้ำแม่ริม,สลวง,แม่ริม,เชียงใหม่
2022-12-28,6.4,Ban San Pu Loei,น้ำแม่ขอด,โหล่งขอด,พร้าว,เชียงใหม่
2022-12-28,7.3,Ban Singpotin,น้ำแม่ลาย,ป่าเมี่ยง,ดอยสะเก็ด,เชียงใหม่
2022-12-28,9.7,Ban Sob Soi,แม่น้ำปิง,แม่สอย,จอมทอง,เชียงใหม่
2022-12-28,5.4,Ban Sop Mae Sapoot,แม่น้ำแม่ทา,ทาสบเส้า,แม่ทา,ลำพูน
2022-12-28,8.2,Ban Sop Pae,แม่น้ำปิง,สบแปะ,จอมทอง,เชียงใหม่
2022-12-28,5.7,Ban Sop Prap,แม่น้ำวัง,สบปราบ,สบปราบ,ลำปาง
2022-12-28,5.9,Ban Sop Tam,น้ำแม่ต่ำ,เกาะคา,เกาะคา,ลำปาง
2022-12-28,4.5,Ban Sop Win,น้ำแม่วาง,แม่วิน,แม่วาง,เชียงใหม่
2022-12-28,7.5,Ban Tha Duea,แม่น้ำวัง,พิชัย,เมือง,ลำปาง
2022-12-28,4.9,Ban Tha Lo,น้ำแม่ตุ๋ย,บ่อแฮ้ว,เมือง,ลำปาง
2022-12-28,3.9,Ban Tha Pong Daeng,น้ำปาย,ผาบ่อง,เมือง,แม่ฮ่องสอน
2022-12-28,12,Ban Thung Nong,แม่น้ำยม,สระ,เชียงม่วน,พะเยา
2022-12-28,4,Ban Ton Yang,น้ำแม่ลาว,บัวสลี,แม่ลาว,เชียงราย
2022-12-28,13,Ban Wang Chin,แม่น้ำยม,วังชิ้น,วังชิ้น,แพร่
2022-12-28,4.4,Chedingam,น้ำอิง,ท่าวังทอง,เมือง,พะเยา
2022-12-28,7,In front of the Forestry Office,แม่น้ำน่าน,ในเวียง,เมือง,น่าน
2022-12-28,5.6,Mae Kham Lak Chet,น้ำแม่คำ,ศรีค้ำ,แม่จัน,เชียงราย
2022-12-28,3.6,Nam Mae Chaem,น้ำแม่แจ่ม,บ้านท่าข้าม,จอมทอง,เชียงใหม่
2022-12-28,5.2,Nawarat Bridge,แม่น้ำปิง,วัดเกต,เมือง,เชียงใหม่
2022-12-28,5.2,Nawarat Bridge,แม่น้ำปิง,วัดเกต,เมือง,เชียงใหม่
2022-12-28,4.4,Pracha Uthit Bridge,น้ำแม่กลาง,บ้านหลวง,จอมทอง,เชียงใหม่
2022-12-28,5.5,Romklao Cooperative House,น้ำแม่งัด,แม่แวน,พร้าว,เชียงใหม่
2022-12-28,4.2,Saphan Ban Khay,น้ำฝาง,แม่นาวาง,แม่อาย,เชียงใหม่
2022-12-28,4.8,Setuwaree Bridge,แม้น้ำวัง,เวียงเหนือ,เมือง,ลำปาง
2022-12-28,12.4,Tha Li Bridge,น้ำว้า,ขึ่ง,เวียงสา,น่าน
2022-12-28,7.8,Tha Nang Bridge,น้ำแม่กวง,ในเมือง,เมือง,ลำพูน
2022-12-28,3.7,Wang Phrao,น้ำแม่จาง,วังพร้าว,เกาะคา,ลำปาง
2022-12-29,2.6,Ban Chiang Dao,แม่น้ำปิง,เชียงดาว,เชียงดาว,เชียงใหม่
2022-12-29,3.6,Ban Chor Lae,แม่น้ำปิง,ช่อแล,แม่แตง,เชียงใหม่
2022-12-29,4,Ban Don Chai,แม่น้ำวัง,ล้อมแรด,เถิน,ลำปาง
2022-12-29,5.5,Ban Don Mun,แม่น้ำวัง,บ้านแลง,เมือง,ลำปาง
2022-12-29,4.8,Ban Don Sali,น้ำแม่ลาว,ป่าแดด,แม่สรวย,เชียงราย
2022-12-29,5.7,Ban Hai,แม่น้ำวัง,ปงดอน,แจ้ห่ม,ลำปาง
2022-12-29,4,Ban Hong,น้ำแม่ออน,ร้องวัวแดง,สันกำแพง,เชียงใหม่
2022-12-29,2.8,Ban Hua Sapan,น้ำแม่จัน,ป่าซาง,แม่จัน,เชียงราย
2022-12-29,5.5,Ban Huai Pa Sang,น้ำแม่แตง,กึ๊ดช้าง,แม่แตง,เชียงใหม่
2022-12-29,8.9,Ban Huai Sak,แม่น้ำยม,เตาปูน,สอง,แพร่
2022-12-29,0.6,Ban Klang,น้ำแม่ขาน,บ้านกลาง,สันป่าตอง,เชียงใหม่
2022-12-29,6.4,Ban Klang,น้ำแม่ขาน,บ้านกลาง,สันป่าตอง,เชียงใหม่
2022-12-29,3.3,Ban Ko Kha,แม่น้ำวัง,ศาลา,เกาะคา,ลำปาง
2022-12-29,6,Ban Kok Tong,แม่น้ำกก,รอบเวียง,เมือง,เชียงราย
2022-12-29,4.4,Ban Krariang Tung Phrao,น้ำแม่สรวย,วาวี,แม่สรวย,เชียงราย
2022-12-29,3.1,Ban Lai Kaeo,น้ำแม่ลี้,ศรีเตี้ย,บ้านโฮ่ง,ลำพูน
2022-12-29,6.6,Ban Luang,น้ำแม่ตื่น,ยางเปียง,อมก๋อย,เชียงใหม่
2022-12-29,7.6,Ban Luang Nuea,น้ำงาว,หลวงใต้,งาว,ลำปาง
2022-12-29,6.9,Ban Mae E Hi,น้ำแม่ลี้,ศรีวิชัย,ลี้,ลำพูน
2022-12-29,5,Ban Mae Kha Bridge,น้ำฝาง,แม่ข่า,ฝาง,เชียงใหม่
2022-12-29,6.8,Ban Mae Khom Mi Tamnak Tham,น้ำแม่คำมี,ตำหนักธรรม,หนองม่วงไข่,แพร่
2022-12-29,6,Ban Mae Lai,น้ำแม่หล่าย,แม่หล่าย,เมือง,แพร่
2022-12-29,2.4,Ban Mae Tae,แม่น้ำปิง,แม่แฝกเก่า,สันทราย,เชียงใหม่
2022-12-29,2.6,Ban Mae Taeng,แม่น้ำแตง,สันมหาพล,แม่แตง,เชียงใหม่
2022-12-29,3.9,Ban Mae Wan,น้ำแม่กวง,ป่าเมี่ยง,ดอยสะเก็ด,เชียงใหม่
2022-12-29,5.4,Ban Mai Rim Fang,น้ำฝาง,เวียงฝาง,ฝาง,เชียงใหม่
2022-12-29,7.1,Ban Mang,น้ำปี้,มาง,เชียงม่วน,พะเยา
2022-12-29,6.1,Ban Muang Pok,น้ำแม่แตง,เปียงหลวง,เวียงแหง,เชียงใหม่
2022-12-29,4,Ban Mueang Kuet,น้ำแม่แตง,กึ๊ดช้าง,แม่แตง,เชียงใหม่
2022-12-29,2.5,Ban Mueang Mai,ห้วยแม่ต๋า,เมืองมาย,แจ้ห่ม,ลำปาง
2022-12-29,4.6,Ban Mueang Pha,น้ำแม่ริม,ริมเหนือ,แม่ริม,เชียงใหม่
2022-12-29,1.1,Ban Nam Ing,น้ำอิง,ต้า,ขุนตาล,เชียงราย
2022-12-29,9.4,Ban Nam Khong,แม่น้ำยม,ป่าแมต,เมือง,แพร่
2022-12-29,5.6,Ban Nam Yao,น้ำยาว,อวน,ปัว,น่าน
2022-12-29,0.3,Ban Nong Daeng,แม่น้ำน่าน,เปือ,เชียงกลาง,น่าน
2022-12-29,1.7,Ban Nong Naw,น้ำแม่สอย,แจ้ห่ม,แจ้ห่ม,ลำปาง
2022-12-29,3.8,Ban Nong Pham,น้ำแม่ลาว,แม่สรวย,แม่สรวย,เชียงราย
2022-12-29,7.4,Ban Pa Kha,น้ำควร,ควร,ปง,พะเยา
2022-12-29,8,Ban Pa Khoi Tai,แม่น้ำปิง,สันผีเสื้อ,เมือง,เชียงใหม่
2022-12-29,4.7,Ban Pa Sang,น้ำแม่ทา,ป่าซาง,ป่าซาง,ลำพูน
2022-12-29,5.7,Ban Pang Sa,ห้วยน้ำยาว,ผาทอง,ท่าวังผา,น่าน
2022-12-29,10.3,Ban Pha Khwang,แม่น้ำน่าน,บ่อ,เมือง,น่าน
2022-12-29,6.6,Ban Phai Ngarm,แม่น้ำน่าน,ส้าน,เวียงสา,น่าน
2022-12-29,4.4,Ban Phan Ton,น้ำแม่วาง,ทุ่งปี้,แม่วาง,เชียงใหม่
2022-12-29,4.8,Ban Phi Tai,น้ำปี้,บ้านพี้,บ้านหลวง,น่าน
2022-12-29,2.9,Ban Phu Yaeng,น้ำมวบ,ดู่พงษ์,สันติสุข,น่าน
2022-12-29,6.7,Ban Pong,น้ำแม่กวง,บวกค้าง,สันกำแพง,เชียงใหม่
2022-12-29,8.5,Ban Pong,น้ำแม่กวง,บวกค้าง,สันกำแพง,เชียงใหม่
2022-12-29,4.57,Ban Pong,ห้วยโป่ง,บ้านโป่ง,งาว,ลำปาง
2022-12-29,4.1,Ban Rong Kho,แม่น้ำวัง,ร่องเคาะ,วังเหนือ,ลำปาง
2022-12-29,4.9,Ban Rong Khun,น้ำแม่ลาว,ป่าอ้อดอนชัย,เมือง,เชียงราย
2022-12-29,3.2,Ban Saluang Nok,น้ำแม่ริม,สลวง,แม่ริม,เชียงใหม่
2022-12-29,6.4,Ban San Pu Loei,น้ำแม่ขอด,โหล่งขอด,พร้าว,เชียงใหม่
2022-12-29,7.3,Ban Singpotin,น้ำแม่ลาย,ป่าเมี่ยง,ดอยสะเก็ด,เชียงใหม่
2022-12-29,9.6,Ban Sob Soi,แม่น้ำปิง,แม่สอย,จอมทอง,เชียงใหม่
2022-12-29,5.4,Ban Sop Mae Sapoot,แม่น้ำแม่ทา,ทาสบเส้า,แม่ทา,ลำพูน
2022-12-29,8.1,Ban Sop Pae,แม่น้ำปิง,สบแปะ,จอมทอง,เชียงใหม่
2022-12-29,5.6,Ban Sop Prap,แม่น้ำวัง,สบปราบ,สบปราบ,ลำปาง
2022-12-29,5.8,Ban Sop Tam,น้ำแม่ต่ำ,เกาะคา,เกาะคา,ลำปาง
2022-12-29,4.5,Ban Sop Win,น้ำแม่วาง,แม่วิน,แม่วาง,เชียงใหม่
2022-12-29,7.3,Ban Tha Duea,แม่น้ำวัง,พิชัย,เมือง,ลำปาง
2022-12-29,4.9,Ban Tha Lo,น้ำแม่ตุ๋ย,บ่อแฮ้ว,เมือง,ลำปาง
2022-12-29,3.9,Ban Tha Pong Daeng,น้ำปาย,ผาบ่อง,เมือง,แม่ฮ่องสอน
2022-12-29,12,Ban Thung Nong,แม่น้ำยม,สระ,เชียงม่วน,พะเยา
2022-12-29,4,Ban Ton Yang,น้ำแม่ลาว,บัวสลี,แม่ลาว,เชียงราย
2022-12-29,13,Ban Wang Chin,แม่น้ำยม,วังชิ้น,วังชิ้น,แพร่
2022-12-29,4.4,Chedingam,น้ำอิง,ท่าวังทอง,เมือง,พะเยา
2022-12-29,7,In front of the Forestry Office,แม่น้ำน่าน,ในเวียง,เมือง,น่าน
2022-12-29,3.6,Nam Mae Chaem,น้ำแม่แจ่ม,บ้านท่าข้าม,จอมทอง,เชียงใหม่
2022-12-29,5.1,Nawarat Bridge,แม่น้ำปิง,วัดเกต,เมือง,เชียงใหม่
2022-12-29,5.1,Nawarat Bridge,แม่น้ำปิง,วัดเกต,เมือง,เชียงใหม่
2022-12-29,4.4,Pracha Uthit Bridge,น้ำแม่กลาง,บ้านหลวง,จอมทอง,เชียงใหม่
2022-12-29,5.5,Romklao Cooperative House,น้ำแม่งัด,แม่แวน,พร้าว,เชียงใหม่
2022-12-29,4.2,Saphan Ban Khay,น้ำฝาง,แม่นาวาง,แม่อาย,เชียงใหม่
2022-12-29,4.5,Setuwaree Bridge,แม้น้ำวัง,เวียงเหนือ,เมือง,ลำปาง
2022-12-29,12.4,Tha Li Bridge,น้ำว้า,ขึ่ง,เวียงสา,น่าน
2022-12-29,7.6,Tha Nang Bridge,น้ำแม่กวง,ในเมือง,เมือง,ลำพูน
2022-12-29,3.7,Wang Phrao,น้ำแม่จาง,วังพร้าว,เกาะคา,ลำปาง
2022-12-30,2.6,Ban Chiang Dao,แม่น้ำปิง,เชียงดาว,เชียงดาว,เชียงใหม่
2022-12-30,3.6,Ban Chor Lae,แม่น้ำปิง,ช่อแล,แม่แตง,เชียงใหม่
2022-12-30,4,Ban Don Chai,แม่น้ำวัง,ล้อมแรด,เถิน,ลำปาง
2022-12-30,5.5,Ban Don Mun,แม่น้ำวัง,บ้านแลง,เมือง,ลำปาง
2022-12-30,4.8,Ban Don Sali,น้ำแม่ลาว,ป่าแดด,แม่สรวย,เชียงราย
2022-12-30,5.7,Ban Hai,แม่น้ำวัง,ปงดอน,แจ้ห่ม,ลำปาง
2022-12-30,4,Ban Hong,น้ำแม่ออน,ร้องวัวแดง,สันกำแพง,เชียงใหม่
2022-12-30,2.8,Ban Hua Sapan,น้ำแม่จัน,ป่าซาง,แม่จัน,เชียงราย
2022-12-30,5.5,Ban Huai Pa Sang,น้ำแม่แตง,กึ๊ดช้าง,แม่แตง,เชียงใหม่
2022-12-30,8.9,Ban Huai Sak,แม่น้ำยม,เตาปูน,สอง,แพร่
2022-12-30,0.5,Ban Klang,น้ำแม่ขาน,บ้านกลาง,สันป่าตอง,เชียงใหม่
2022-12-30,6.4,Ban Klang,น้ำแม่ขาน,บ้านกลาง,สันป่าตอง,เชียงใหม่
2022-12-30,3.3,Ban Ko Kha,แม่น้ำวัง,ศาลา,เกาะคา,ลำปาง
2022-12-30,6,Ban Kok Tong,แม่น้ำกก,รอบเวียง,เมือง,เชียงราย
2022-12-30,4.4,Ban Krariang Tung Phrao,น้ำแม่สรวย,วาวี,แม่สรวย,เชียงราย
2022-12-30,3.1,Ban Lai Kaeo,น้ำแม่ลี้,ศรีเตี้ย,บ้านโฮ่ง,ลำพูน
2022-12-30,6.6,Ban Luang,น้ำแม่ตื่น,ยางเปียง,อมก๋อย,เชียงใหม่
2022-12-30,7.7,Ban Luang Nuea,น้ำงาว,หลวงใต้,งาว,ลำปาง
2022-12-30,6.8,Ban Mae E Hi,น้ำแม่ลี้,ศรีวิชัย,ลี้,ลำพูน
2022-12-30,5,Ban Mae Kha Bridge,น้ำฝาง,แม่ข่า,ฝาง,เชียงใหม่
2022-12-30,6.8,Ban Mae Khom Mi Tamnak Tham,น้ำแม่คำมี,ตำหนักธรรม,หนองม่วงไข่,แพร่
2022-12-30,6,Ban Mae Lai,น้ำแม่หล่าย,แม่หล่าย,เมือง,แพร่
2022-12-30,2.4,Ban Mae Tae,แม่น้ำปิง,แม่แฝกเก่า,สันทราย,เชียงใหม่
2022-12-30,2.6,Ban Mae Taeng,แม่น้ำแตง,สันมหาพล,แม่แตง,เชียงใหม่
2022-12-30,3.9,Ban Mae Wan,น้ำแม่กวง,ป่าเมี่ยง,ดอยสะเก็ด,เชียงใหม่
2022-12-30,5.4,Ban Mai Rim Fang,น้ำฝาง,เวียงฝาง,ฝาง,เชียงใหม่
2022-12-30,7.1,Ban Mang,น้ำปี้,มาง,เชียงม่วน,พะเยา
2022-12-30,6.1,Ban Muang Pok,น้ำแม่แตง,เปียงหลวง,เวียงแหง,เชียงใหม่
2022-12-30,4,Ban Mueang Kuet,น้ำแม่แตง,กึ๊ดช้าง,แม่แตง,เชียงใหม่
2022-12-30,2.5,Ban Mueang Mai,ห้วยแม่ต๋า,เมืองมาย,แจ้ห่ม,ลำปาง
2022-12-30,4.6,Ban Mueang Pha,น้ำแม่ริม,ริมเหนือ,แม่ริม,เชียงใหม่
2022-12-30,1.1,Ban Nam Ing,น้ำอิง,ต้า,ขุนตาล,เชียงราย
2022-12-30,9.4,Ban Nam Khong,แม่น้ำยม,ป่าแมต,เมือง,แพร่
2022-12-30,5.6,Ban Nam Yao,น้ำยาว,อวน,ปัว,น่าน
2022-12-30,0.3,Ban Nong Daeng,แม่น้ำน่าน,เปือ,เชียงกลาง,น่าน
2022-12-30,1.7,Ban Nong Naw,น้ำแม่สอย,แจ้ห่ม,แจ้ห่ม,ลำปาง
2022-12-30,3.8,Ban Nong Pham,น้ำแม่ลาว,แม่สรวย,แม่สรวย,เชียงราย
2022-12-30,7.4,Ban Pa Kha,น้ำควร,ควร,ปง,พะเยา
2022-12-30,8,Ban Pa Khoi Tai,แม่น้ำปิง,สันผีเสื้อ,เมือง,เชียงใหม่
2022-12-30,4.7,Ban Pa Sang,น้ำแม่ทา,ป่าซาง,ป่าซาง,ลำพูน
2022-12-30,5.7,Ban Pang Sa,ห้วยน้ำยาว,ผาทอง,ท่าวังผา,น่าน
2022-12-30,10.3,Ban Pha Khwang,แม่น้ำน่าน,บ่อ,เมือง,น่าน
2022-12-30,6.6,Ban Phai Ngarm,แม่น้ำน่าน,ส้าน,เวียงสา,น่าน
2022-12-30,4.4,Ban Phan Ton,น้ำแม่วาง,ทุ่งปี้,แม่วาง,เชียงใหม่
2022-12-30,4.8,Ban Phi Tai,น้ำปี้,บ้านพี้,บ้านหลวง,น่าน
2022-12-30,2.9,Ban Phu Yaeng,น้ำมวบ,ดู่พงษ์,สันติสุข,น่าน
2022-12-30,6.7,Ban Pong,น้ำแม่กวง,บวกค้าง,สันกำแพง,เชียงใหม่
2022-12-30,8.5,Ban Pong,น้ำแม่กวง,บวกค้าง,สันกำแพง,เชียงใหม่
2022-12-30,4.58,Ban Pong,ห้วยโป่ง,บ้านโป่ง,งาว,ลำปาง
2022-12-30,4.1,Ban Rong Kho,แม่น้ำวัง,ร่องเคาะ,วังเหนือ,ลำปาง
2022-12-30,4.9,Ban Rong Khun,น้ำแม่ลาว,ป่าอ้อดอนชัย,เมือง,เชียงราย
2022-12-30,3.2,Ban Saluang Nok,น้ำแม่ริม,สลวง,แม่ริม,เชียงใหม่
2022-12-30,6.3,Ban San Pu Loei,น้ำแม่ขอด,โหล่งขอด,พร้าว,เชียงใหม่
2022-12-30,7.3,Ban Singpotin,น้ำแม่ลาย,ป่าเมี่ยง,ดอยสะเก็ด,เชียงใหม่
2022-12-30,9.7,Ban Sob Soi,แม่น้ำปิง,แม่สอย,จอมทอง,เชียงใหม่
2022-12-30,5.3,Ban Sop Mae Sapoot,แม่น้ำแม่ทา,ทาสบเส้า,แม่ทา,ลำพูน
2022-12-30,8.2,Ban Sop Pae,แม่น้ำปิง,สบแปะ,จอมทอง,เชียงใหม่
2022-12-30,5.7,Ban Sop Prap,แม่น้ำวัง,สบปราบ,สบปราบ,ลำปาง
2022-12-30,5.8,Ban Sop Tam,น้ำแม่ต่ำ,เกาะคา,เกาะคา,ลำปาง
2022-12-30,4.5,Ban Sop Win,น้ำแม่วาง,แม่วิน,แม่วาง,เชียงใหม่
2022-12-30,7.3,Ban Tha Duea,แม่น้ำวัง,พิชัย,เมือง,ลำปาง
2022-12-30,4.9,Ban Tha Lo,น้ำแม่ตุ๋ย,บ่อแฮ้ว,เมือง,ลำปาง
2022-12-30,3.9,Ban Tha Pong Daeng,น้ำปาย,ผาบ่อง,เมือง,แม่ฮ่องสอน
2022-12-30,11.9,Ban Thung Nong,แม่น้ำยม,สระ,เชียงม่วน,พะเยา
2022-12-30,3.9,Ban Ton Yang,น้ำแม่ลาว,บัวสลี,แม่ลาว,เชียงราย
2022-12-30,13,Ban Wang Chin,แม่น้ำยม,วังชิ้น,วังชิ้น,แพร่
2022-12-30,4.4,Chedingam,น้ำอิง,ท่าวังทอง,เมือง,พะเยา
2022-12-30,6.9,In front of the Forestry Office,แม่น้ำน่าน,ในเวียง,เมือง,น่าน
2022-12-30,5.7,Mae Kham Lak Chet,น้ำแม่คำ,ศรีค้ำ,แม่จัน,เชียงราย
2022-12-30,3.6,Nam Mae Chaem,น้ำแม่แจ่ม,บ้านท่าข้าม,จอมทอง,เชียงใหม่
2022-12-30,5.2,Nawarat Bridge,แม่น้ำปิง,วัดเกต,เมือง,เชียงใหม่
2022-12-30,5.2,Nawarat Bridge,แม่น้ำปิง,วัดเกต,เมือง,เชียงใหม่
2022-12-30,4.4,Pracha Uthit Bridge,น้ำแม่กลาง,บ้านหลวง,จอมทอง,เชียงใหม่
2022-12-30,5.5,Romklao Cooperative House,น้ำแม่งัด,แม่แวน,พร้าว,เชียงใหม่
2022-12-30,4.2,Saphan Ban Khay,น้ำฝาง,แม่นาวาง,แม่อาย,เชียงใหม่
2022-12-30,4.5,Setuwaree Bridge,แม้น้ำวัง,เวียงเหนือ,เมือง,ลำปาง
2022-12-30,12.4,Tha Li Bridge,น้ำว้า,ขึ่ง,เวียงสา,น่าน
2022-12-30,7.5,Tha Nang Bridge,น้ำแม่กวง,ในเมือง,เมือง,ลำพูน
2022-12-30,3.7,Wang Phrao,น้ำแม่จาง,วังพร้าว,เกาะคา,ลำปาง
2022-12-31,4.58,Ban Pong,ห้วยโป่ง,บ้านโป่ง,งาว,ลำปาง