Date,Water volume in dams (by %),Name of dam
2021-01-01,40.63,Bhumibol Dam
2021-01-01,55.94,Sirikit Dam
2021-01-01,53.4,Mae Ngat Somboon Chon Dam
2021-01-01,41.99,Mae Kuang Udom Thara Dam
2021-01-01,64.42,Kiew Lom Dam
2021-01-01,44.64,Kiew Kor Ma Dam
2021-01-01,43.35,Khwae Noi Bamrung Dan Dam
2021-01-01,38.73,Mae Mok Dam
2021-01-02,40.59,Bhumibol Dam
2021-01-02,55.79,Sirikit Dam
2021-01-02,53.35,Mae Ngat Somboon Chon Dam
2021-01-02,41.72,Mae Kuang Udom Thara Dam
2021-01-02,64.52,Kiew Lom Dam
2021-01-02,44.4,Kiew Kor Ma Dam
2021-01-02,43.08,Khwae Noi Bamrung Dan Dam
2021-01-02,38.65,Mae Mok Dam
2021-01-03,40.54,Bhumibol Dam
2021-01-03,55.67,Sirikit Dam
2021-01-03,53.34,Mae Ngat Somboon Chon Dam
2021-01-03,41.51,Mae Kuang Udom Thara Dam
2021-01-03,64.52,Kiew Lom Dam
2021-01-03,44.25,Kiew Kor Ma Dam
2021-01-03,42.87,Khwae Noi Bamrung Dan Dam
2021-01-03,38.65,Mae Mok Dam
2021-01-04,40.48,Bhumibol Dam
2021-01-04,55.51,Sirikit Dam
2021-01-04,53.32,Mae Ngat Somboon Chon Dam
2021-01-04,41.39,Mae Kuang Udom Thara Dam
2021-01-04,64.63,Kiew Lom Dam
2021-01-04,44.16,Kiew Kor Ma Dam
2021-01-04,42.78,Khwae Noi Bamrung Dan Dam
2021-01-04,38.65,Mae Mok Dam
2021-01-05,40.42,Bhumibol Dam
2021-01-05,55.34,Sirikit Dam
2021-01-05,53.26,Mae Ngat Somboon Chon Dam
2021-01-05,41.25,Mae Kuang Udom Thara Dam
2021-01-05,64.63,Kiew Lom Dam
2021-01-05,44.16,Kiew Kor Ma Dam
2021-01-05,42.7,Khwae Noi Bamrung Dan Dam
2021-01-05,38.51,Mae Mok Dam
2021-01-06,40.34,Bhumibol Dam
2021-01-06,55.18,Sirikit Dam
2021-01-06,53.16,Mae Ngat Somboon Chon Dam
2021-01-06,41.07,Mae Kuang Udom Thara Dam
2021-01-06,64.52,Kiew Lom Dam
2021-01-06,44.16,Kiew Kor Ma Dam
2021-01-06,42.7,Khwae Noi Bamrung Dan Dam
2021-01-06,38.51,Mae Mok Dam
2021-01-07,40.25,Bhumibol Dam
2021-01-07,55.02,Sirikit Dam
2021-01-07,53.05,Mae Ngat Somboon Chon Dam
2021-01-07,40.9,Mae Kuang Udom Thara Dam
2021-01-07,64.52,Kiew Lom Dam
2021-01-07,44.16,Kiew Kor Ma Dam
2021-01-07,42.7,Khwae Noi Bamrung Dan Dam
2021-01-07,38.51,Mae Mok Dam
2021-01-08,40.19,Bhumibol Dam
2021-01-08,54.86,Sirikit Dam
2021-01-08,52.73,Mae Ngat Somboon Chon Dam
2021-01-08,40.62,Mae Kuang Udom Thara Dam
2021-01-08,64.4,Kiew Lom Dam
2021-01-08,44.11,Kiew Kor Ma Dam
2021-01-08,42.61,Khwae Noi Bamrung Dan Dam
2021-01-08,38.44,Mae Mok Dam
2021-01-09,40.16,Bhumibol Dam
2021-01-09,54.71,Sirikit Dam
2021-01-09,52.45,Mae Ngat Somboon Chon Dam
2021-01-09,40.47,Mae Kuang Udom Thara Dam
2021-01-09,64.23,Kiew Lom Dam
2021-01-09,43.92,Kiew Kor Ma Dam
2021-01-09,42.47,Khwae Noi Bamrung Dan Dam
2021-01-09,38.44,Mae Mok Dam
2021-01-10,40.1,Bhumibol Dam
2021-01-10,54.6,Sirikit Dam
2021-01-10,52.43,Mae Ngat Somboon Chon Dam
2021-01-10,40.24,Mae Kuang Udom Thara Dam
2021-01-10,64.01,Kiew Lom Dam
2021-01-10,43.82,Kiew Kor Ma Dam
2021-01-10,42.32,Khwae Noi Bamrung Dan Dam
2021-01-10,38.44,Mae Mok Dam
2021-01-11,40.05,Bhumibol Dam
2021-01-11,54.47,Sirikit Dam
2021-01-11,52.42,Mae Ngat Somboon Chon Dam
2021-01-11,40.03,Mae Kuang Udom Thara Dam
2021-01-11,63.74,Kiew Lom Dam
2021-01-11,43.72,Kiew Kor Ma Dam
2021-01-11,42.24,Khwae Noi Bamrung Dan Dam
2021-01-11,38.36,Mae Mok Dam
2021-01-12,40,Bhumibol Dam
2021-01-12,54.33,Sirikit Dam
2021-01-12,52.31,Mae Ngat Somboon Chon Dam
2021-01-12,39.86,Mae Kuang Udom Thara Dam
2021-01-12,63.64,Kiew Lom Dam
2021-01-12,43.58,Kiew Kor Ma Dam
2021-01-12,42.12,Khwae Noi Bamrung Dan Dam
2021-01-12,38.36,Mae Mok Dam
2021-01-13,39.96,Bhumibol Dam
2021-01-13,54.15,Sirikit Dam
2021-01-13,52.2,Mae Ngat Somboon Chon Dam
2021-01-13,39.56,Mae Kuang Udom Thara Dam
2021-01-13,63.38,Kiew Lom Dam
2021-01-13,43.44,Kiew Kor Ma Dam
2021-01-13,42.06,Khwae Noi Bamrung Dan Dam
2021-01-13,38.29,Mae Mok Dam
2021-01-14,39.9,Bhumibol Dam
2021-01-14,53.96,Sirikit Dam
2021-01-14,52.09,Mae Ngat Somboon Chon Dam
2021-01-14,39.24,Mae Kuang Udom Thara Dam
2021-01-14,63.27,Kiew Lom Dam
2021-01-14,43.29,Kiew Kor Ma Dam
2021-01-14,41.98,Khwae Noi Bamrung Dan Dam
2021-01-14,38.22,Mae Mok Dam
2021-01-15,39.85,Bhumibol Dam
2021-01-15,53.81,Sirikit Dam
2021-01-15,51.82,Mae Ngat Somboon Chon Dam
2021-01-15,38.99,Mae Kuang Udom Thara Dam
2021-01-15,63.16,Kiew Lom Dam
2021-01-15,43.15,Kiew Kor Ma Dam
2021-01-15,41.83,Khwae Noi Bamrung Dan Dam
2021-01-15,38.15,Mae Mok Dam
2021-01-16,39.78,Bhumibol Dam
2021-01-16,53.65,Sirikit Dam
2021-01-16,51.41,Mae Ngat Somboon Chon Dam
2021-01-16,38.73,Mae Kuang Udom Thara Dam
2021-01-16,63.22,Kiew Lom Dam
2021-01-16,43.01,Kiew Kor Ma Dam
2021-01-16,41.72,Khwae Noi Bamrung Dan Dam
2021-01-16,38.07,Mae Mok Dam
2021-01-17,39.7,Bhumibol Dam
2021-01-17,53.49,Sirikit Dam
2021-01-17,51.26,Mae Ngat Somboon Chon Dam
2021-01-17,38.51,Mae Kuang Udom Thara Dam
2021-01-17,63.27,Kiew Lom Dam
2021-01-17,42.86,Kiew Kor Ma Dam
2021-01-17,41.58,Khwae Noi Bamrung Dan Dam
2021-01-17,38,Mae Mok Dam
2021-01-18,39.63,Bhumibol Dam
2021-01-18,53.33,Sirikit Dam
2021-01-18,51.25,Mae Ngat Somboon Chon Dam
2021-01-18,38.36,Mae Kuang Udom Thara Dam
2021-01-18,63.27,Kiew Lom Dam
2021-01-18,42.76,Kiew Kor Ma Dam
2021-01-18,41.43,Khwae Noi Bamrung Dan Dam
2021-01-18,38,Mae Mok Dam
2021-01-19,39.58,Bhumibol Dam
2021-01-19,53.17,Sirikit Dam
2021-01-19,51.14,Mae Ngat Somboon Chon Dam
2021-01-19,38.24,Mae Kuang Udom Thara Dam
2021-01-19,63.27,Kiew Lom Dam
2021-01-19,42.76,Kiew Kor Ma Dam
2021-01-19,41.32,Khwae Noi Bamrung Dan Dam
2021-01-19,37.93,Mae Mok Dam
2021-01-20,39.51,Bhumibol Dam
2021-01-20,53.01,Sirikit Dam
2021-01-20,51.03,Mae Ngat Somboon Chon Dam
2021-01-20,38.12,Mae Kuang Udom Thara Dam
2021-01-20,63.27,Kiew Lom Dam
2021-01-20,42.76,Kiew Kor Ma Dam
2021-01-20,41.26,Khwae Noi Bamrung Dan Dam
2021-01-20,37.93,Mae Mok Dam
2021-01-21,39.46,Bhumibol Dam
2021-01-21,52.85,Sirikit Dam
2021-01-21,50.92,Mae Ngat Somboon Chon Dam
2021-01-21,37.99,Mae Kuang Udom Thara Dam
2021-01-21,63.27,Kiew Lom Dam
2021-01-21,42.76,Kiew Kor Ma Dam
2021-01-21,41.12,Khwae Noi Bamrung Dan Dam
2021-01-21,37.93,Mae Mok Dam
2021-01-22,39.39,Bhumibol Dam
2021-01-22,52.69,Sirikit Dam
2021-01-22,50.67,Mae Ngat Somboon Chon Dam
2021-01-22,37.89,Mae Kuang Udom Thara Dam
2021-01-22,63.21,Kiew Lom Dam
2021-01-22,42.51,Kiew Kor Ma Dam
2021-01-22,41,Khwae Noi Bamrung Dan Dam
2021-01-22,37.78,Mae Mok Dam
2021-01-23,39.33,Bhumibol Dam
2021-01-23,52.53,Sirikit Dam
2021-01-23,50.25,Mae Ngat Somboon Chon Dam
2021-01-23,37.56,Mae Kuang Udom Thara Dam
2021-01-23,63.16,Kiew Lom Dam
2021-01-23,42.76,Kiew Kor Ma Dam
2021-01-23,40.94,Khwae Noi Bamrung Dan Dam
2021-01-23,37.78,Mae Mok Dam
2021-01-24,39.26,Bhumibol Dam
2021-01-24,52.38,Sirikit Dam
2021-01-24,50.23,Mae Ngat Somboon Chon Dam
2021-01-24,37.2,Mae Kuang Udom Thara Dam
2021-01-24,63.99,Kiew Lom Dam
2021-01-24,42.67,Kiew Kor Ma Dam
2021-01-24,40.8,Khwae Noi Bamrung Dan Dam
2021-01-24,37.78,Mae Mok Dam
2021-01-25,39.21,Bhumibol Dam
2021-01-25,52.22,Sirikit Dam
2021-01-25,50.18,Mae Ngat Somboon Chon Dam
2021-01-25,36.95,Mae Kuang Udom Thara Dam
2021-01-25,62.94,Kiew Lom Dam
2021-01-25,42.48,Kiew Kor Ma Dam
2021-01-25,40.68,Khwae Noi Bamrung Dan Dam
2021-01-25,37.71,Mae Mok Dam
2021-01-26,39.15,Bhumibol Dam
2021-01-26,52.08,Sirikit Dam
2021-01-26,50.09,Mae Ngat Somboon Chon Dam
2021-01-26,36.74,Mae Kuang Udom Thara Dam
2021-01-26,62.94,Kiew Lom Dam
2021-01-26,42.38,Kiew Kor Ma Dam
2021-01-26,40.63,Khwae Noi Bamrung Dan Dam
2021-01-26,37.71,Mae Mok Dam
2021-01-27,39.07,Bhumibol Dam
2021-01-27,51.95,Sirikit Dam
2021-01-27,49.99,Mae Ngat Somboon Chon Dam
2021-01-27,36.52,Mae Kuang Udom Thara Dam
2021-01-27,62.71,Kiew Lom Dam
2021-01-27,42.24,Kiew Kor Ma Dam
2021-01-27,40.48,Khwae Noi Bamrung Dan Dam
2021-01-27,37.71,Mae Mok Dam
2021-01-28,39.04,Bhumibol Dam
2021-01-28,51.81,Sirikit Dam
2021-01-28,49.89,Mae Ngat Somboon Chon Dam
2021-01-28,36.21,Mae Kuang Udom Thara Dam
2021-01-28,62.37,Kiew Lom Dam
2021-01-28,42.14,Kiew Kor Ma Dam
2021-01-28,37.64,Mae Mok Dam
2021-01-29,38.98,Bhumibol Dam
2021-01-29,51.67,Sirikit Dam
2021-01-29,49.63,Mae Ngat Somboon Chon Dam
2021-01-29,35.91,Mae Kuang Udom Thara Dam
2021-01-29,61.92,Kiew Lom Dam
2021-01-29,41.95,Kiew Kor Ma Dam
2021-01-29,40.37,Khwae Noi Bamrung Dan Dam
2021-01-29,37.64,Mae Mok Dam
2021-01-30,38.95,Bhumibol Dam
2021-01-30,51.54,Sirikit Dam
2021-01-30,49.32,Mae Ngat Somboon Chon Dam
2021-01-30,35.75,Mae Kuang Udom Thara Dam
2021-01-30,61.96,Kiew Lom Dam
2021-01-30,41.81,Kiew Kor Ma Dam
2021-01-30,40.22,Khwae Noi Bamrung Dan Dam
2021-01-30,37.64,Mae Mok Dam
2021-01-31,38.92,Bhumibol Dam
2021-01-31,51.4,Sirikit Dam
2021-01-31,49.34,Mae Ngat Somboon Chon Dam
2021-01-31,35.65,Mae Kuang Udom Thara Dam
2021-01-31,61.82,Kiew Lom Dam
2021-01-31,41.66,Kiew Kor Ma Dam
2021-01-31,40.08,Khwae Noi Bamrung Dan Dam
2021-01-31,37.49,Mae Mok Dam
2021-02-01,38.85,Bhumibol Dam
2021-02-01,51.24,Sirikit Dam
2021-02-01,49.36,Mae Ngat Somboon Chon Dam
2021-02-01,35.59,Mae Kuang Udom Thara Dam
2021-02-01,61.92,Kiew Lom Dam
2021-02-01,41.56,Kiew Kor Ma Dam
2021-02-01,39.83,Khwae Noi Bamrung Dan Dam
2021-02-01,37.49,Mae Mok Dam
2021-02-02,38.79,Bhumibol Dam
2021-02-02,51.1,Sirikit Dam
2021-02-02,49.29,Mae Ngat Somboon Chon Dam
2021-02-02,35.42,Mae Kuang Udom Thara Dam
2021-02-02,61.92,Kiew Lom Dam
2021-02-02,41.32,Kiew Kor Ma Dam
2021-02-02,39.71,Khwae Noi Bamrung Dan Dam
2021-02-02,37.49,Mae Mok Dam
2021-02-03,38.71,Bhumibol Dam
2021-02-03,50.95,Sirikit Dam
2021-02-03,49.2,Mae Ngat Somboon Chon Dam
2021-02-03,35.24,Mae Kuang Udom Thara Dam
2021-02-03,61.92,Kiew Lom Dam
2021-02-03,41.15,Kiew Kor Ma Dam
2021-02-03,39.55,Khwae Noi Bamrung Dan Dam
2021-02-03,37.35,Mae Mok Dam
2021-02-04,38.66,Bhumibol Dam
2021-02-04,50.79,Sirikit Dam
2021-02-04,49.11,Mae Ngat Somboon Chon Dam
2021-02-04,34.93,Mae Kuang Udom Thara Dam
2021-02-04,61.92,Kiew Lom Dam
2021-02-04,41.15,Kiew Kor Ma Dam
2021-02-04,39.55,Khwae Noi Bamrung Dan Dam
2021-02-04,37.35,Mae Mok Dam
2021-02-05,38.59,Bhumibol Dam
2021-02-05,50.64,Sirikit Dam
2021-02-05,48.74,Mae Ngat Somboon Chon Dam
2021-02-05,34.61,Mae Kuang Udom Thara Dam
2021-02-05,61.7,Kiew Lom Dam
2021-02-05,41.15,Kiew Kor Ma Dam
2021-02-05,39.48,Khwae Noi Bamrung Dan Dam
2021-02-05,37.35,Mae Mok Dam
2021-02-06,38.52,Bhumibol Dam
2021-02-06,50.48,Sirikit Dam
2021-02-06,48.36,Mae Ngat Somboon Chon Dam
2021-02-06,34.29,Mae Kuang Udom Thara Dam
2021-02-06,61.65,Kiew Lom Dam
2021-02-06,41.15,Kiew Kor Ma Dam
2021-02-06,39.37,Khwae Noi Bamrung Dan Dam
2021-02-06,37.27,Mae Mok Dam
2021-02-07,38.46,Bhumibol Dam
2021-02-07,50.33,Sirikit Dam
2021-02-07,48.35,Mae Ngat Somboon Chon Dam
2021-02-07,33.93,Mae Kuang Udom Thara Dam
2021-02-07,61.65,Kiew Lom Dam
2021-02-07,41.15,Kiew Kor Ma Dam
2021-02-07,39.3,Khwae Noi Bamrung Dan Dam
2021-02-07,37.27,Mae Mok Dam
2021-02-08,38.4,Bhumibol Dam
2021-02-08,50.18,Sirikit Dam
2021-02-08,48.32,Mae Ngat Somboon Chon Dam
2021-02-08,33.57,Mae Kuang Udom Thara Dam
2021-02-08,61.48,Kiew Lom Dam
2021-02-08,41.12,Kiew Kor Ma Dam
2021-02-08,39.3,Khwae Noi Bamrung Dan Dam
2021-02-08,37.27,Mae Mok Dam
2021-02-09,38.37,Bhumibol Dam
2021-02-09,50.02,Sirikit Dam
2021-02-09,48.51,Mae Ngat Somboon Chon Dam
2021-02-09,33.34,Mae Kuang Udom Thara Dam
2021-02-09,61.48,Kiew Lom Dam
2021-02-09,41.12,Kiew Kor Ma Dam
2021-02-09,39.19,Khwae Noi Bamrung Dan Dam
2021-02-09,37.19,Mae Mok Dam
2021-02-10,38.32,Bhumibol Dam
2021-02-10,49.88,Sirikit Dam
2021-02-10,48.66,Mae Ngat Somboon Chon Dam
2021-02-10,33.14,Mae Kuang Udom Thara Dam
2021-02-10,61.48,Kiew Lom Dam
2021-02-10,40.99,Kiew Kor Ma Dam
2021-02-10,39.09,Khwae Noi Bamrung Dan Dam
2021-02-10,37.19,Mae Mok Dam
2021-02-11,38.26,Bhumibol Dam
2021-02-11,49.79,Sirikit Dam
2021-02-11,48.74,Mae Ngat Somboon Chon Dam
2021-02-11,33.06,Mae Kuang Udom Thara Dam
2021-02-11,61.48,Kiew Lom Dam
2021-02-11,40.88,Kiew Kor Ma Dam
2021-02-11,39.04,Khwae Noi Bamrung Dan Dam
2021-02-11,37.19,Mae Mok Dam
2021-02-12,38.18,Bhumibol Dam
2021-02-12,49.7,Sirikit Dam
2021-02-12,48.74,Mae Ngat Somboon Chon Dam
2021-02-12,32.89,Mae Kuang Udom Thara Dam
2021-02-12,61.48,Kiew Lom Dam
2021-02-12,40.71,Kiew Kor Ma Dam
2021-02-12,38.91,Khwae Noi Bamrung Dan Dam
2021-02-12,37.03,Mae Mok Dam
2021-02-13,38.11,Bhumibol Dam
2021-02-13,49.6,Sirikit Dam
2021-02-13,48.75,Mae Ngat Somboon Chon Dam
2021-02-13,32.73,Mae Kuang Udom Thara Dam
2021-02-13,61.36,Kiew Lom Dam
2021-02-13,40.59,Kiew Kor Ma Dam
2021-02-13,38.81,Khwae Noi Bamrung Dan Dam
2021-02-13,37.03,Mae Mok Dam
2021-02-14,38.04,Bhumibol Dam
2021-02-14,49.51,Sirikit Dam
2021-02-14,48.79,Mae Ngat Somboon Chon Dam
2021-02-14,32.56,Mae Kuang Udom Thara Dam
2021-02-14,61.03,Kiew Lom Dam
2021-02-14,40.43,Kiew Kor Ma Dam
2021-02-14,38.68,Khwae Noi Bamrung Dan Dam
2021-02-14,37.03,Mae Mok Dam
2021-02-15,37.97,Bhumibol Dam
2021-02-15,49.41,Sirikit Dam
2021-02-15,48.78,Mae Ngat Somboon Chon Dam
2021-02-15,32.4,Mae Kuang Udom Thara Dam
2021-02-15,60.69,Kiew Lom Dam
2021-02-15,40.27,Kiew Kor Ma Dam
2021-02-15,38.56,Khwae Noi Bamrung Dan Dam
2021-02-15,37.03,Mae Mok Dam
2021-02-16,37.92,Bhumibol Dam
2021-02-16,49.3,Sirikit Dam
2021-02-16,48.72,Mae Ngat Somboon Chon Dam
2021-02-16,32.08,Mae Kuang Udom Thara Dam
2021-02-16,60.3,Kiew Lom Dam
2021-02-16,40.11,Kiew Kor Ma Dam
2021-02-16,38.4,Khwae Noi Bamrung Dan Dam
2021-02-16,36.95,Mae Mok Dam
2021-02-17,37.88,Bhumibol Dam
2021-02-17,49.18,Sirikit Dam
2021-02-17,48.64,Mae Ngat Somboon Chon Dam
2021-02-17,31.75,Mae Kuang Udom Thara Dam
2021-02-17,59.86,Kiew Lom Dam
2021-02-17,39.99,Kiew Kor Ma Dam
2021-02-17,38.25,Khwae Noi Bamrung Dan Dam
2021-02-17,36.95,Mae Mok Dam
2021-02-18,37.82,Bhumibol Dam
2021-02-18,49.06,Sirikit Dam
2021-02-18,48.54,Mae Ngat Somboon Chon Dam
2021-02-18,31.32,Mae Kuang Udom Thara Dam
2021-02-18,59.27,Kiew Lom Dam
2021-02-18,39.91,Kiew Kor Ma Dam
2021-02-18,38.07,Khwae Noi Bamrung Dan Dam
2021-02-18,36.54,Mae Mok Dam
2021-02-19,37.75,Bhumibol Dam
2021-02-19,48.94,Sirikit Dam
2021-02-19,48.18,Mae Ngat Somboon Chon Dam
2021-02-19,30.95,Mae Kuang Udom Thara Dam
2021-02-19,58.68,Kiew Lom Dam
2021-02-19,39.91,Kiew Kor Ma Dam
2021-02-19,37.81,Khwae Noi Bamrung Dan Dam
2021-02-19,36.54,Mae Mok Dam
2021-02-20,37.7,Bhumibol Dam
2021-02-20,48.8,Sirikit Dam
2021-02-20,47.68,Mae Ngat Somboon Chon Dam
2021-02-20,30.64,Mae Kuang Udom Thara Dam
2021-02-20,58.09,Kiew Lom Dam
2021-02-20,39.87,Kiew Kor Ma Dam
2021-02-20,37.69,Khwae Noi Bamrung Dan Dam
2021-02-20,36.54,Mae Mok Dam
2021-02-21,37.61,Bhumibol Dam
2021-02-21,48.66,Sirikit Dam
2021-02-21,47.53,Mae Ngat Somboon Chon Dam
2021-02-21,30.36,Mae Kuang Udom Thara Dam
2021-02-21,57.7,Kiew Lom Dam
2021-02-21,39.87,Kiew Kor Ma Dam
2021-02-21,37.64,Khwae Noi Bamrung Dan Dam
2021-02-21,36.54,Mae Mok Dam
2021-02-22,37.51,Bhumibol Dam
2021-02-22,48.54,Sirikit Dam
2021-02-22,47.48,Mae Ngat Somboon Chon Dam
2021-02-22,30.07,Mae Kuang Udom Thara Dam
2021-02-22,57.5,Kiew Lom Dam
2021-02-22,39.87,Kiew Kor Ma Dam
2021-02-22,37.53,Khwae Noi Bamrung Dan Dam
2021-02-22,36.54,Mae Mok Dam
2021-02-23,37.45,Bhumibol Dam
2021-02-23,48.37,Sirikit Dam
2021-02-23,47.38,Mae Ngat Somboon Chon Dam
2021-02-23,29.85,Mae Kuang Udom Thara Dam
2021-02-23,57.2,Kiew Lom Dam
2021-02-23,39.79,Kiew Kor Ma Dam
2021-02-23,37.43,Khwae Noi Bamrung Dan Dam
2021-02-23,36.54,Mae Mok Dam
2021-02-24,37.39,Bhumibol Dam
2021-02-24,48.22,Sirikit Dam
2021-02-24,47.27,Mae Ngat Somboon Chon Dam
2021-02-24,29.81,Mae Kuang Udom Thara Dam
2021-02-24,57,Kiew Lom Dam
2021-02-24,39.63,Kiew Kor Ma Dam
2021-02-24,37.33,Khwae Noi Bamrung Dan Dam
2021-02-24,36.37,Mae Mok Dam
2021-02-25,37.33,Bhumibol Dam
2021-02-25,48.07,Sirikit Dam
2021-02-25,47.16,Mae Ngat Somboon Chon Dam
2021-02-25,29.73,Mae Kuang Udom Thara Dam
2021-02-25,56.96,Kiew Lom Dam
2021-02-25,39.46,Kiew Kor Ma Dam
2021-02-25,37.2,Khwae Noi Bamrung Dan Dam
2021-02-25,36.37,Mae Mok Dam
2021-02-26,37.28,Bhumibol Dam
2021-02-26,47.92,Sirikit Dam
2021-02-26,46.78,Mae Ngat Somboon Chon Dam
2021-02-26,29.64,Mae Kuang Udom Thara Dam
2021-02-26,56.96,Kiew Lom Dam
2021-02-26,39.31,Kiew Kor Ma Dam
2021-02-26,37.05,Khwae Noi Bamrung Dan Dam
2021-02-26,36.37,Mae Mok Dam
2021-02-27,37.23,Bhumibol Dam
2021-02-27,47.75,Sirikit Dam
2021-02-27,46.28,Mae Ngat Somboon Chon Dam
2021-02-27,29.49,Mae Kuang Udom Thara Dam
2021-02-27,56.96,Kiew Lom Dam
2021-02-27,39.11,Kiew Kor Ma Dam
2021-02-27,36.87,Khwae Noi Bamrung Dan Dam
2021-02-27,36.37,Mae Mok Dam
2021-02-28,37.17,Bhumibol Dam
2021-02-28,47.6,Sirikit Dam
2021-02-28,46.12,Mae Ngat Somboon Chon Dam
2021-02-28,29.21,Mae Kuang Udom Thara Dam
2021-02-28,56.96,Kiew Lom Dam
2021-02-28,38.98,Kiew Kor Ma Dam
2021-02-28,36.74,Khwae Noi Bamrung Dan Dam
2021-02-28,36.29,Mae Mok Dam
2021-03-01,37.13,Bhumibol Dam
2021-03-01,47.46,Sirikit Dam
2021-03-01,46.08,Mae Ngat Somboon Chon Dam
2021-03-01,28.9,Mae Kuang Udom Thara Dam
2021-03-01,56.96,Kiew Lom Dam
2021-03-01,38.82,Kiew Kor Ma Dam
2021-03-01,36.61,Khwae Noi Bamrung Dan Dam
2021-03-01,36.21,Mae Mok Dam
2021-03-02,37.07,Bhumibol Dam
2021-03-02,47.31,Sirikit Dam
2021-03-02,45.97,Mae Ngat Somboon Chon Dam
2021-03-02,28.61,Mae Kuang Udom Thara Dam
2021-03-02,57.01,Kiew Lom Dam
2021-03-02,38.62,Kiew Kor Ma Dam
2021-03-02,36.54,Khwae Noi Bamrung Dan Dam
2021-03-02,36.13,Mae Mok Dam
2021-03-03,37,Bhumibol Dam
2021-03-03,47.16,Sirikit Dam
2021-03-03,45.86,Mae Ngat Somboon Chon Dam
2021-03-03,28.33,Mae Kuang Udom Thara Dam
2021-03-03,57.11,Kiew Lom Dam
2021-03-03,38.5,Kiew Kor Ma Dam
2021-03-03,36.46,Khwae Noi Bamrung Dan Dam
2021-03-03,36.13,Mae Mok Dam
2021-03-04,36.94,Bhumibol Dam
2021-03-04,47.01,Sirikit Dam
2021-03-04,45.76,Mae Ngat Somboon Chon Dam
2021-03-04,28.05,Mae Kuang Udom Thara Dam
2021-03-04,57.06,Kiew Lom Dam
2021-03-04,38.3,Kiew Kor Ma Dam
2021-03-04,36.36,Khwae Noi Bamrung Dan Dam
2021-03-04,36.05,Mae Mok Dam
2021-03-05,36.89,Bhumibol Dam
2021-03-05,46.86,Sirikit Dam
2021-03-05,44.9,Mae Ngat Somboon Chon Dam
2021-03-05,27.77,Mae Kuang Udom Thara Dam
2021-03-05,57.11,Kiew Lom Dam
2021-03-05,38.26,Kiew Kor Ma Dam
2021-03-05,36.26,Khwae Noi Bamrung Dan Dam
2021-03-05,36.05,Mae Mok Dam
2021-03-06,36.81,Bhumibol Dam
2021-03-06,46.72,Sirikit Dam
2021-03-06,44.42,Mae Ngat Somboon Chon Dam
2021-03-06,27.45,Mae Kuang Udom Thara Dam
2021-03-06,57.2,Kiew Lom Dam
2021-03-06,38.53,Kiew Kor Ma Dam
2021-03-06,36.23,Khwae Noi Bamrung Dan Dam
2021-03-06,35.96,Mae Mok Dam
2021-03-07,36.75,Bhumibol Dam
2021-03-07,46.57,Sirikit Dam
2021-03-07,44.4,Mae Ngat Somboon Chon Dam
2021-03-07,27.27,Mae Kuang Udom Thara Dam
2021-03-07,57.2,Kiew Lom Dam
2021-03-07,38.14,Kiew Kor Ma Dam
2021-03-07,36.13,Khwae Noi Bamrung Dan Dam
2021-03-07,35.96,Mae Mok Dam
2021-03-08,36.67,Bhumibol Dam
2021-03-08,46.42,Sirikit Dam
2021-03-08,44.35,Mae Ngat Somboon Chon Dam
2021-03-08,27.12,Mae Kuang Udom Thara Dam
2021-03-08,57.11,Kiew Lom Dam
2021-03-08,38.14,Kiew Kor Ma Dam
2021-03-08,36.05,Khwae Noi Bamrung Dan Dam
2021-03-08,35.96,Mae Mok Dam
2021-03-09,36.6,Bhumibol Dam
2021-03-09,46.28,Sirikit Dam
2021-03-09,44.24,Mae Ngat Somboon Chon Dam
2021-03-09,26.91,Mae Kuang Udom Thara Dam
2021-03-09,57.11,Kiew Lom Dam
2021-03-09,38.14,Kiew Kor Ma Dam
2021-03-09,35.97,Khwae Noi Bamrung Dan Dam
2021-03-09,35.96,Mae Mok Dam
2021-03-10,36.53,Bhumibol Dam
2021-03-10,46.13,Sirikit Dam
2021-03-10,44.14,Mae Ngat Somboon Chon Dam
2021-03-10,26.72,Mae Kuang Udom Thara Dam
2021-03-10,57.11,Kiew Lom Dam
2021-03-10,38.1,Kiew Kor Ma Dam
2021-03-10,35.87,Khwae Noi Bamrung Dan Dam
2021-03-10,35.88,Mae Mok Dam
2021-03-11,36.47,Bhumibol Dam
2021-03-11,45.98,Sirikit Dam
2021-03-11,44.03,Mae Ngat Somboon Chon Dam
2021-03-11,26.63,Mae Kuang Udom Thara Dam
2021-03-11,57.11,Kiew Lom Dam
2021-03-11,37.89,Kiew Kor Ma Dam
2021-03-11,35.77,Khwae Noi Bamrung Dan Dam
2021-03-11,35.8,Mae Mok Dam
2021-03-12,36.39,Bhumibol Dam
2021-03-12,45.84,Sirikit Dam
2021-03-12,43.18,Mae Ngat Somboon Chon Dam
2021-03-12,26.42,Mae Kuang Udom Thara Dam
2021-03-12,56.84,Kiew Lom Dam
2021-03-12,37.74,Kiew Kor Ma Dam
2021-03-12,35.62,Khwae Noi Bamrung Dan Dam
2021-03-12,35.8,Mae Mok Dam
2021-03-13,36.37,Bhumibol Dam
2021-03-13,45.69,Sirikit Dam
2021-03-13,42.7,Mae Ngat Somboon Chon Dam
2021-03-13,26.24,Mae Kuang Udom Thara Dam
2021-03-13,56.35,Kiew Lom Dam
2021-03-13,37.62,Kiew Kor Ma Dam
2021-03-13,35.54,Khwae Noi Bamrung Dan Dam
2021-03-13,35.8,Mae Mok Dam
2021-03-14,36.31,Bhumibol Dam
2021-03-14,45.53,Sirikit Dam
2021-03-14,42.68,Mae Ngat Somboon Chon Dam
2021-03-14,25.95,Mae Kuang Udom Thara Dam
2021-03-14,55.64,Kiew Lom Dam
2021-03-14,37.49,Kiew Kor Ma Dam
2021-03-14,35.49,Khwae Noi Bamrung Dan Dam
2021-03-14,35.72,Mae Mok Dam
2021-03-15,36.27,Bhumibol Dam
2021-03-15,45.35,Sirikit Dam
2021-03-15,42.63,Mae Ngat Somboon Chon Dam
2021-03-15,25.68,Mae Kuang Udom Thara Dam
2021-03-15,54.89,Kiew Lom Dam
2021-03-15,37.29,Kiew Kor Ma Dam
2021-03-15,35.44,Khwae Noi Bamrung Dan Dam
2021-03-15,35.72,Mae Mok Dam
2021-03-16,36.21,Bhumibol Dam
2021-03-16,45.17,Sirikit Dam
2021-03-16,42.53,Mae Ngat Somboon Chon Dam
2021-03-16,25.41,Mae Kuang Udom Thara Dam
2021-03-16,54.16,Kiew Lom Dam
2021-03-16,37.1,Kiew Kor Ma Dam
2021-03-16,35.41,Khwae Noi Bamrung Dan Dam
2021-03-16,35.64,Mae Mok Dam
2021-03-17,36.15,Bhumibol Dam
2021-03-17,44.99,Sirikit Dam
2021-03-17,42.42,Mae Ngat Somboon Chon Dam
2021-03-17,25.14,Mae Kuang Udom Thara Dam
2021-03-17,53.57,Kiew Lom Dam
2021-03-17,36.94,Kiew Kor Ma Dam
2021-03-17,35.39,Khwae Noi Bamrung Dan Dam
2021-03-17,35.55,Mae Mok Dam
2021-03-18,36.1,Bhumibol Dam
2021-03-18,44.82,Sirikit Dam
2021-03-18,42.32,Mae Ngat Somboon Chon Dam
2021-03-18,24.86,Mae Kuang Udom Thara Dam
2021-03-18,53.02,Kiew Lom Dam
2021-03-18,35.99,Kiew Kor Ma Dam
2021-03-18,35.26,Khwae Noi Bamrung Dan Dam
2021-03-18,35.55,Mae Mok Dam
2021-03-19,36.03,Bhumibol Dam
2021-03-19,44.64,Sirikit Dam
2021-03-19,41.46,Mae Ngat Somboon Chon Dam
2021-03-19,24.71,Mae Kuang Udom Thara Dam
2021-03-19,52.79,Kiew Lom Dam
2021-03-19,36.18,Kiew Kor Ma Dam
2021-03-19,35.18,Khwae Noi Bamrung Dan Dam
2021-03-19,35.55,Mae Mok Dam
2021-03-20,35.98,Bhumibol Dam
2021-03-20,44.46,Sirikit Dam
2021-03-20,40.99,Mae Ngat Somboon Chon Dam
2021-03-20,24.56,Mae Kuang Udom Thara Dam
2021-03-20,52.69,Kiew Lom Dam
2021-03-20,36.02,Kiew Kor Ma Dam
2021-03-20,35.13,Khwae Noi Bamrung Dan Dam
2021-03-20,35.39,Mae Mok Dam
2021-03-21,35.89,Bhumibol Dam
2021-03-21,44.28,Sirikit Dam
2021-03-21,40.96,Mae Ngat Somboon Chon Dam
2021-03-21,24.42,Mae Kuang Udom Thara Dam
2021-03-21,52.79,Kiew Lom Dam
2021-03-21,36.02,Kiew Kor Ma Dam
2021-03-21,35.03,Khwae Noi Bamrung Dan Dam
2021-03-21,35.39,Mae Mok Dam
2021-03-22,35.83,Bhumibol Dam
2021-03-22,44.1,Sirikit Dam
2021-03-22,40.91,Mae Ngat Somboon Chon Dam
2021-03-22,24.27,Mae Kuang Udom Thara Dam
2021-03-22,52.8,Kiew Lom Dam
2021-03-22,36.02,Kiew Kor Ma Dam
2021-03-22,34.93,Khwae Noi Bamrung Dan Dam
2021-03-22,34.9,Mae Mok Dam
2021-03-23,35.77,Bhumibol Dam
2021-03-23,43.94,Sirikit Dam
2021-03-23,40.82,Mae Ngat Somboon Chon Dam
2021-03-23,24.14,Mae Kuang Udom Thara Dam
2021-03-23,52.8,Kiew Lom Dam
2021-03-23,35.95,Kiew Kor Ma Dam
2021-03-23,34.88,Khwae Noi Bamrung Dan Dam
2021-03-23,34.25,Mae Mok Dam
2021-03-24,35.71,Bhumibol Dam
2021-03-24,43.79,Sirikit Dam
2021-03-24,40.72,Mae Ngat Somboon Chon Dam
2021-03-24,23.82,Mae Kuang Udom Thara Dam
2021-03-24,52.79,Kiew Lom Dam
2021-03-24,35.91,Kiew Kor Ma Dam
2021-03-24,34.78,Khwae Noi Bamrung Dan Dam
2021-03-24,33.75,Mae Mok Dam
2021-03-25,35.66,Bhumibol Dam
2021-03-25,43.63,Sirikit Dam
2021-03-25,40.63,Mae Ngat Somboon Chon Dam
2021-03-25,23.52,Mae Kuang Udom Thara Dam
2021-03-25,52.79,Kiew Lom Dam
2021-03-25,35.83,Kiew Kor Ma Dam
2021-03-25,34.63,Khwae Noi Bamrung Dan Dam
2021-03-25,33.18,Mae Mok Dam
2021-03-26,35.61,Bhumibol Dam
2021-03-26,43.47,Sirikit Dam
2021-03-26,39.78,Mae Ngat Somboon Chon Dam
2021-03-26,23.31,Mae Kuang Udom Thara Dam
2021-03-26,52.69,Kiew Lom Dam
2021-03-26,35.63,Kiew Kor Ma Dam
2021-03-26,34.55,Khwae Noi Bamrung Dan Dam
2021-03-26,32.53,Mae Mok Dam
2021-03-27,35.56,Bhumibol Dam
2021-03-27,43.31,Sirikit Dam
2021-03-27,39.3,Mae Ngat Somboon Chon Dam
2021-03-27,23.1,Mae Kuang Udom Thara Dam
2021-03-27,52.69,Kiew Lom Dam
2021-03-27,35.47,Kiew Kor Ma Dam
2021-03-27,34.46,Khwae Noi Bamrung Dan Dam
2021-03-27,32.02,Mae Mok Dam
2021-03-28,35.51,Bhumibol Dam
2021-03-28,43.15,Sirikit Dam
2021-03-28,39.27,Mae Ngat Somboon Chon Dam
2021-03-28,22.89,Mae Kuang Udom Thara Dam
2021-03-28,52.59,Kiew Lom Dam
2021-03-28,35.23,Kiew Kor Ma Dam
2021-03-28,34.33,Khwae Noi Bamrung Dan Dam
2021-03-28,31.44,Mae Mok Dam
2021-03-29,35.45,Bhumibol Dam
2021-03-29,43,Sirikit Dam
2021-03-29,39.23,Mae Ngat Somboon Chon Dam
2021-03-29,22.61,Mae Kuang Udom Thara Dam
2021-03-29,52.59,Kiew Lom Dam
2021-03-29,35.07,Kiew Kor Ma Dam
2021-03-29,34.21,Khwae Noi Bamrung Dan Dam
2021-03-29,31.44,Mae Mok Dam
2021-03-30,35.38,Bhumibol Dam
2021-03-30,42.85,Sirikit Dam
2021-03-30,39.13,Mae Ngat Somboon Chon Dam
2021-03-30,22.32,Mae Kuang Udom Thara Dam
2021-03-30,52.59,Kiew Lom Dam
2021-03-30,34.84,Kiew Kor Ma Dam
2021-03-30,34.11,Khwae Noi Bamrung Dan Dam
2021-03-30,31.44,Mae Mok Dam
2021-03-31,35.32,Bhumibol Dam
2021-03-31,42.69,Sirikit Dam
2021-03-31,39.04,Mae Ngat Somboon Chon Dam
2021-03-31,22.16,Mae Kuang Udom Thara Dam
2021-03-31,52.59,Kiew Lom Dam
2021-03-31,34.59,Kiew Kor Ma Dam
2021-03-31,33.99,Khwae Noi Bamrung Dan Dam
2021-03-31,31.44,Mae Mok Dam
2021-04-01,35.27,Bhumibol Dam
2021-04-01,42.53,Sirikit Dam
2021-04-01,38.95,Mae Ngat Somboon Chon Dam
2021-04-01,22,Mae Kuang Udom Thara Dam
2021-04-01,52.54,Kiew Lom Dam
2021-04-01,34.32,Kiew Kor Ma Dam
2021-04-01,33.82,Khwae Noi Bamrung Dan Dam
2021-04-01,31.44,Mae Mok Dam
2021-04-02,35.2,Bhumibol Dam
2021-04-02,42.37,Sirikit Dam
2021-04-02,38.11,Mae Ngat Somboon Chon Dam
2021-04-02,21.83,Mae Kuang Udom Thara Dam
2021-04-02,52.59,Kiew Lom Dam
2021-04-02,33.88,Kiew Kor Ma Dam
2021-04-02,33.72,Khwae Noi Bamrung Dan Dam
2021-04-02,31.44,Mae Mok Dam
2021-04-03,35.14,Bhumibol Dam
2021-04-03,42.19,Sirikit Dam
2021-04-03,37.27,Mae Ngat Somboon Chon Dam
2021-04-03,21.67,Mae Kuang Udom Thara Dam
2021-04-03,52.98,Kiew Lom Dam
2021-04-03,33.2,Kiew Kor Ma Dam
2021-04-03,33.6,Khwae Noi Bamrung Dan Dam
2021-04-03,31.44,Mae Mok Dam
2021-04-04,35.11,Bhumibol Dam
2021-04-04,42.02,Sirikit Dam
2021-04-04,37.26,Mae Ngat Somboon Chon Dam
2021-04-04,21.56,Mae Kuang Udom Thara Dam
2021-04-04,53.67,Kiew Lom Dam
2021-04-04,32.59,Kiew Kor Ma Dam
2021-04-04,33.5,Khwae Noi Bamrung Dan Dam
2021-04-04,31.44,Mae Mok Dam
2021-04-05,35.1,Bhumibol Dam
2021-04-05,41.85,Sirikit Dam
2021-04-05,37.25,Mae Ngat Somboon Chon Dam
2021-04-05,21.28,Mae Kuang Udom Thara Dam
2021-04-05,54.56,Kiew Lom Dam
2021-04-05,32.1,Kiew Kor Ma Dam
2021-04-05,33.45,Khwae Noi Bamrung Dan Dam
2021-04-05,31.58,Mae Mok Dam
2021-04-06,35.05,Bhumibol Dam
2021-04-06,41.68,Sirikit Dam
2021-04-06,37.26,Mae Ngat Somboon Chon Dam
2021-04-06,21.02,Mae Kuang Udom Thara Dam
2021-04-06,55.73,Kiew Lom Dam
2021-04-06,32.2,Kiew Kor Ma Dam
2021-04-06,33.48,Khwae Noi Bamrung Dan Dam
2021-04-06,31.65,Mae Mok Dam
2021-04-07,35.02,Bhumibol Dam
2021-04-07,41.55,Sirikit Dam
2021-04-07,37.35,Mae Ngat Somboon Chon Dam
2021-04-07,20.74,Mae Kuang Udom Thara Dam
2021-04-07,55.47,Kiew Lom Dam
2021-04-07,31.72,Kiew Kor Ma Dam
2021-04-07,33.53,Khwae Noi Bamrung Dan Dam
2021-04-07,31.73,Mae Mok Dam
2021-04-08,34.97,Bhumibol Dam
2021-04-08,41.58,Sirikit Dam
2021-04-08,37.36,Mae Ngat Somboon Chon Dam
2021-04-08,20.44,Mae Kuang Udom Thara Dam
2021-04-08,51.43,Kiew Lom Dam
2021-04-08,31.23,Kiew Kor Ma Dam
2021-04-08,33.6,Khwae Noi Bamrung Dan Dam
2021-04-08,31.73,Mae Mok Dam
2021-04-09,34.92,Bhumibol Dam
2021-04-09,41.6,Sirikit Dam
2021-04-09,36.55,Mae Ngat Somboon Chon Dam
2021-04-09,20.15,Mae Kuang Udom Thara Dam
2021-04-09,47.14,Kiew Lom Dam
2021-04-09,30.71,Kiew Kor Ma Dam
2021-04-09,33.6,Khwae Noi Bamrung Dan Dam
2021-04-09,31.8,Mae Mok Dam
2021-04-10,34.86,Bhumibol Dam
2021-04-10,41.48,Sirikit Dam
2021-04-10,36.09,Mae Ngat Somboon Chon Dam
2021-04-10,19.97,Mae Kuang Udom Thara Dam
2021-04-10,46.36,Kiew Lom Dam
2021-04-10,30.14,Kiew Kor Ma Dam
2021-04-10,33.6,Khwae Noi Bamrung Dan Dam
2021-04-10,31.95,Mae Mok Dam
2021-04-11,34.78,Bhumibol Dam
2021-04-11,41.36,Sirikit Dam
2021-04-11,36.11,Mae Ngat Somboon Chon Dam
2021-04-11,19.8,Mae Kuang Udom Thara Dam
2021-04-11,47.48,Kiew Lom Dam
2021-04-11,29.49,Kiew Kor Ma Dam
2021-04-11,33.6,Khwae Noi Bamrung Dan Dam
2021-04-11,31.95,Mae Mok Dam
2021-04-12,34.74,Bhumibol Dam
2021-04-12,41.27,Sirikit Dam
2021-04-12,36.09,Mae Ngat Somboon Chon Dam
2021-04-12,19.74,Mae Kuang Udom Thara Dam
2021-04-12,48.49,Kiew Lom Dam
2021-04-12,28.78,Kiew Kor Ma Dam
2021-04-12,33.6,Khwae Noi Bamrung Dan Dam
2021-04-12,31.95,Mae Mok Dam
2021-04-13,34.71,Bhumibol Dam
2021-04-13,41.19,Sirikit Dam
2021-04-13,36.02,Mae Ngat Somboon Chon Dam
2021-04-13,19.69,Mae Kuang Udom Thara Dam
2021-04-13,49.6,Kiew Lom Dam
2021-04-13,28.58,Kiew Kor Ma Dam
2021-04-13,33.58,Khwae Noi Bamrung Dan Dam
2021-04-13,31.95,Mae Mok Dam
2021-04-14,34.69,Bhumibol Dam
2021-04-14,41.11,Sirikit Dam
2021-04-14,35.94,Mae Ngat Somboon Chon Dam
2021-04-14,19.63,Mae Kuang Udom Thara Dam
2021-04-14,49.6,Kiew Lom Dam
2021-04-14,28.36,Kiew Kor Ma Dam
2021-04-14,33.55,Khwae Noi Bamrung Dan Dam
2021-04-14,32.02,Mae Mok Dam
2021-04-15,34.66,Bhumibol Dam
2021-04-15,41.03,Sirikit Dam
2021-04-15,35.86,Mae Ngat Somboon Chon Dam
2021-04-15,19.57,Mae Kuang Udom Thara Dam
2021-04-15,49.52,Kiew Lom Dam
2021-04-15,28.26,Kiew Kor Ma Dam
2021-04-15,33.53,Khwae Noi Bamrung Dan Dam
2021-04-15,32.02,Mae Mok Dam
2021-04-16,34.61,Bhumibol Dam
2021-04-16,40.93,Sirikit Dam
2021-04-16,35.09,Mae Ngat Somboon Chon Dam
2021-04-16,19.5,Mae Kuang Udom Thara Dam
2021-04-16,49.44,Kiew Lom Dam
2021-04-16,28.13,Kiew Kor Ma Dam
2021-04-16,33.5,Khwae Noi Bamrung Dan Dam
2021-04-16,32.09,Mae Mok Dam
2021-04-17,34.59,Bhumibol Dam
2021-04-17,40.83,Sirikit Dam
2021-04-17,34.73,Mae Ngat Somboon Chon Dam
2021-04-17,19.45,Mae Kuang Udom Thara Dam
2021-04-17,49.6,Kiew Lom Dam
2021-04-17,28,Kiew Kor Ma Dam
2021-04-17,33.5,Khwae Noi Bamrung Dan Dam
2021-04-17,32.09,Mae Mok Dam
2021-04-18,34.6,Bhumibol Dam
2021-04-18,40.75,Sirikit Dam
2021-04-18,34.79,Mae Ngat Somboon Chon Dam
2021-04-18,19.53,Mae Kuang Udom Thara Dam
2021-04-18,49.52,Kiew Lom Dam
2021-04-18,27.94,Kiew Kor Ma Dam
2021-04-18,33.55,Khwae Noi Bamrung Dan Dam
2021-04-18,32.16,Mae Mok Dam
2021-04-19,34.56,Bhumibol Dam
2021-04-19,40.66,Sirikit Dam
2021-04-19,34.85,Mae Ngat Somboon Chon Dam
2021-04-19,19.61,Mae Kuang Udom Thara Dam
2021-04-19,49.52,Kiew Lom Dam
2021-04-19,27.87,Kiew Kor Ma Dam
2021-04-19,33.6,Khwae Noi Bamrung Dan Dam
2021-04-19,32.16,Mae Mok Dam
2021-04-20,34.53,Bhumibol Dam
2021-04-20,40.58,Sirikit Dam
2021-04-20,34.82,Mae Ngat Somboon Chon Dam
2021-04-20,19.63,Mae Kuang Udom Thara Dam
2021-04-20,50.04,Kiew Lom Dam
2021-04-20,27.81,Kiew Kor Ma Dam
2021-04-20,33.72,Khwae Noi Bamrung Dan Dam
2021-04-20,32.16,Mae Mok Dam
2021-04-21,34.5,Bhumibol Dam
2021-04-21,40.49,Sirikit Dam
2021-04-21,34.76,Mae Ngat Somboon Chon Dam
2021-04-21,19.56,Mae Kuang Udom Thara Dam
2021-04-21,50.38,Kiew Lom Dam
2021-04-21,27.81,Kiew Kor Ma Dam
2021-04-21,33.8,Khwae Noi Bamrung Dan Dam
2021-04-21,32.09,Mae Mok Dam
2021-04-22,34.47,Bhumibol Dam
2021-04-22,40.41,Sirikit Dam
2021-04-22,34.69,Mae Ngat Somboon Chon Dam
2021-04-22,19.43,Mae Kuang Udom Thara Dam
2021-04-22,50.55,Kiew Lom Dam
2021-04-22,27.81,Kiew Kor Ma Dam
2021-04-22,33.92,Khwae Noi Bamrung Dan Dam
2021-04-22,32.09,Mae Mok Dam
2021-04-23,34.44,Bhumibol Dam
2021-04-23,40.33,Sirikit Dam
2021-04-23,34.62,Mae Ngat Somboon Chon Dam
2021-04-23,19.27,Mae Kuang Udom Thara Dam
2021-04-23,50.71,Kiew Lom Dam
2021-04-23,27.81,Kiew Kor Ma Dam
2021-04-23,34.02,Khwae Noi Bamrung Dan Dam
2021-04-23,32.09,Mae Mok Dam
2021-04-24,34.39,Bhumibol Dam
2021-04-24,40.24,Sirikit Dam
2021-04-24,34.62,Mae Ngat Somboon Chon Dam
2021-04-24,19.1,Mae Kuang Udom Thara Dam
2021-04-24,50.88,Kiew Lom Dam
2021-04-24,27.78,Kiew Kor Ma Dam
2021-04-24,33.99,Khwae Noi Bamrung Dan Dam
2021-04-24,32.09,Mae Mok Dam
2021-04-25,34.34,Bhumibol Dam
2021-04-25,40.18,Sirikit Dam
2021-04-25,34.79,Mae Ngat Somboon Chon Dam
2021-04-25,18.94,Mae Kuang Udom Thara Dam
2021-04-25,51.05,Kiew Lom Dam
2021-04-25,27.78,Kiew Kor Ma Dam
2021-04-25,33.99,Khwae Noi Bamrung Dan Dam
2021-04-25,31.95,Mae Mok Dam
2021-04-26,34.3,Bhumibol Dam
2021-04-26,40.09,Sirikit Dam
2021-04-26,34.85,Mae Ngat Somboon Chon Dam
2021-04-26,18.81,Mae Kuang Udom Thara Dam
2021-04-26,52,Kiew Lom Dam
2021-04-26,27.81,Kiew Kor Ma Dam
2021-04-26,33.92,Khwae Noi Bamrung Dan Dam
2021-04-26,31.95,Mae Mok Dam
2021-04-27,34.3,Bhumibol Dam
2021-04-27,40.02,Sirikit Dam
2021-04-27,34.85,Mae Ngat Somboon Chon Dam
2021-04-27,18.7,Mae Kuang Udom Thara Dam
2021-04-27,52.59,Kiew Lom Dam
2021-04-27,27.81,Kiew Kor Ma Dam
2021-04-27,33.89,Khwae Noi Bamrung Dan Dam
2021-04-27,31.95,Mae Mok Dam
2021-04-28,34.39,Bhumibol Dam
2021-04-28,39.92,Sirikit Dam
2021-04-28,34.88,Mae Ngat Somboon Chon Dam
2021-04-28,18.51,Mae Kuang Udom Thara Dam
2021-04-28,53.07,Kiew Lom Dam
2021-04-28,27.81,Kiew Kor Ma Dam
2021-04-28,33.89,Khwae Noi Bamrung Dan Dam
2021-04-28,32.82,Mae Mok Dam
2021-04-29,34.39,Bhumibol Dam
2021-04-29,39.84,Sirikit Dam
2021-04-29,34.88,Mae Ngat Somboon Chon Dam
2021-04-29,18.38,Mae Kuang Udom Thara Dam
2021-04-29,53.46,Kiew Lom Dam
2021-04-29,27.81,Kiew Kor Ma Dam
2021-04-29,34.02,Khwae Noi Bamrung Dan Dam
2021-04-29,34.25,Mae Mok Dam
2021-04-30,34.39,Bhumibol Dam
2021-04-30,39.76,Sirikit Dam
2021-04-30,34.86,Mae Ngat Somboon Chon Dam
2021-04-30,18.3,Mae Kuang Udom Thara Dam
2021-04-30,53.87,Kiew Lom Dam
2021-04-30,27.87,Kiew Kor Ma Dam
2021-04-30,34.04,Khwae Noi Bamrung Dan Dam
2021-04-30,35.88,Mae Mok Dam
2021-05-01,34.42,Bhumibol Dam
2021-05-01,39.71,Sirikit Dam
2021-05-01,34.85,Mae Ngat Somboon Chon Dam
2021-05-01,18.2,Mae Kuang Udom Thara Dam
2021-05-01,54.36,Kiew Lom Dam
2021-05-01,27.94,Kiew Kor Ma Dam
2021-05-01,34.11,Khwae Noi Bamrung Dan Dam
2021-05-01,36.45,Mae Mok Dam
2021-05-02,34.41,Bhumibol Dam
2021-05-02,39.65,Sirikit Dam
2021-05-02,34.88,Mae Ngat Somboon Chon Dam
2021-05-02,18.25,Mae Kuang Udom Thara Dam
2021-05-02,55.74,Kiew Lom Dam
2021-05-02,28,Kiew Kor Ma Dam
2021-05-02,34.21,Khwae Noi Bamrung Dan Dam
2021-05-02,36.78,Mae Mok Dam
2021-05-03,34.41,Bhumibol Dam
2021-05-03,39.58,Sirikit Dam
2021-05-03,34.88,Mae Ngat Somboon Chon Dam
2021-05-03,18.34,Mae Kuang Udom Thara Dam
2021-05-03,56.44,Kiew Lom Dam
2021-05-03,27.97,Kiew Kor Ma Dam
2021-05-03,34.36,Khwae Noi Bamrung Dan Dam
2021-05-03,36.95,Mae Mok Dam
2021-05-04,34.36,Bhumibol Dam
2021-05-04,39.48,Sirikit Dam
2021-05-04,34.85,Mae Ngat Somboon Chon Dam
2021-05-04,18.39,Mae Kuang Udom Thara Dam
2021-05-04,56.83,Kiew Lom Dam
2021-05-04,27.94,Kiew Kor Ma Dam
2021-05-04,34.51,Khwae Noi Bamrung Dan Dam
2021-05-04,37.03,Mae Mok Dam
2021-05-05,34.33,Bhumibol Dam
2021-05-05,39.4,Sirikit Dam
2021-05-05,34.8,Mae Ngat Somboon Chon Dam
2021-05-05,18.39,Mae Kuang Udom Thara Dam
2021-05-05,57.11,Kiew Lom Dam
2021-05-05,27.94,Kiew Kor Ma Dam
2021-05-05,34.63,Khwae Noi Bamrung Dan Dam
2021-05-05,37.03,Mae Mok Dam
2021-05-06,34.36,Bhumibol Dam
2021-05-06,39.32,Sirikit Dam
2021-05-06,34.76,Mae Ngat Somboon Chon Dam
2021-05-06,18.39,Mae Kuang Udom Thara Dam
2021-05-06,57.5,Kiew Lom Dam
2021-05-06,27.94,Kiew Kor Ma Dam
2021-05-06,34.73,Khwae Noi Bamrung Dan Dam
2021-05-06,37.11,Mae Mok Dam
2021-05-07,34.36,Bhumibol Dam
2021-05-07,39.23,Sirikit Dam
2021-05-07,34.71,Mae Ngat Somboon Chon Dam
2021-05-07,18.42,Mae Kuang Udom Thara Dam
2021-05-07,57.8,Kiew Lom Dam
2021-05-07,27.94,Kiew Kor Ma Dam
2021-05-07,34.73,Khwae Noi Bamrung Dan Dam
2021-05-07,37.11,Mae Mok Dam
2021-05-08,34.33,Bhumibol Dam
2021-05-08,39.16,Sirikit Dam
2021-05-08,34.58,Mae Ngat Somboon Chon Dam
2021-05-08,18.43,Mae Kuang Udom Thara Dam
2021-05-08,58.06,Kiew Lom Dam
2021-05-08,27.91,Kiew Kor Ma Dam
2021-05-08,34.75,Khwae Noi Bamrung Dan Dam
2021-05-08,37.42,Mae Mok Dam
2021-05-09,34.3,Bhumibol Dam
2021-05-09,39.07,Sirikit Dam
2021-05-09,34.7,Mae Ngat Somboon Chon Dam
2021-05-09,18.43,Mae Kuang Udom Thara Dam
2021-05-09,58.53,Kiew Lom Dam
2021-05-09,27.91,Kiew Kor Ma Dam
2021-05-09,34.68,Khwae Noi Bamrung Dan Dam
2021-05-09,37.85,Mae Mok Dam
2021-05-10,34.33,Bhumibol Dam
2021-05-10,39,Sirikit Dam
2021-05-10,34.79,Mae Ngat Somboon Chon Dam
2021-05-10,18.43,Mae Kuang Udom Thara Dam
2021-05-10,58.78,Kiew Lom Dam
2021-05-10,27.87,Kiew Kor Ma Dam
2021-05-10,34.53,Khwae Noi Bamrung Dan Dam
2021-05-10,37.93,Mae Mok Dam
2021-05-11,34.28,Bhumibol Dam
2021-05-11,38.89,Sirikit Dam
2021-05-11,34.82,Mae Ngat Somboon Chon Dam
2021-05-11,18.44,Mae Kuang Udom Thara Dam
2021-05-11,58.96,Kiew Lom Dam
2021-05-11,27.87,Kiew Kor Ma Dam
2021-05-11,34.33,Khwae Noi Bamrung Dan Dam
2021-05-11,38,Mae Mok Dam
2021-05-12,34.27,Bhumibol Dam
2021-05-12,38.79,Sirikit Dam
2021-05-12,34.82,Mae Ngat Somboon Chon Dam
2021-05-12,18.44,Mae Kuang Udom Thara Dam
2021-05-12,59.07,Kiew Lom Dam
2021-05-12,27.81,Kiew Kor Ma Dam
2021-05-12,34.16,Khwae Noi Bamrung Dan Dam
2021-05-12,38,Mae Mok Dam
2021-05-13,34.22,Bhumibol Dam
2021-05-13,38.7,Sirikit Dam
2021-05-13,34.81,Mae Ngat Somboon Chon Dam
2021-05-13,18.45,Mae Kuang Udom Thara Dam
2021-05-13,58.79,Kiew Lom Dam
2021-05-13,27.81,Kiew Kor Ma Dam
2021-05-13,33.97,Khwae Noi Bamrung Dan Dam
2021-05-13,38,Mae Mok Dam
2021-05-14,34.19,Bhumibol Dam
2021-05-14,38.6,Sirikit Dam
2021-05-14,34.82,Mae Ngat Somboon Chon Dam
2021-05-14,18.45,Mae Kuang Udom Thara Dam
2021-05-14,58.44,Kiew Lom Dam
2021-05-14,27.74,Kiew Kor Ma Dam
2021-05-14,33.92,Khwae Noi Bamrung Dan Dam
2021-05-14,38,Mae Mok Dam
2021-05-15,34.14,Bhumibol Dam
2021-05-15,38.51,Sirikit Dam
2021-05-15,34.83,Mae Ngat Somboon Chon Dam
2021-05-15,18.47,Mae Kuang Udom Thara Dam
2021-05-15,57.97,Kiew Lom Dam
2021-05-15,27.71,Kiew Kor Ma Dam
2021-05-15,33.67,Khwae Noi Bamrung Dan Dam
2021-05-15,37.93,Mae Mok Dam
2021-05-16,34.1,Bhumibol Dam
2021-05-16,38.38,Sirikit Dam
2021-05-16,34.85,Mae Ngat Somboon Chon Dam
2021-05-16,18.48,Mae Kuang Udom Thara Dam
2021-05-16,57.69,Kiew Lom Dam
2021-05-16,27.68,Kiew Kor Ma Dam
2021-05-16,33.35,Khwae Noi Bamrung Dan Dam
2021-05-16,37.93,Mae Mok Dam
2021-05-17,34.03,Bhumibol Dam
2021-05-17,38.22,Sirikit Dam
2021-05-17,34.88,Mae Ngat Somboon Chon Dam
2021-05-17,18.47,Mae Kuang Udom Thara Dam
2021-05-17,57.5,Kiew Lom Dam
2021-05-17,27.68,Kiew Kor Ma Dam
2021-05-17,33.04,Khwae Noi Bamrung Dan Dam
2021-05-17,37.93,Mae Mok Dam
2021-05-18,34.02,Bhumibol Dam
2021-05-18,38.07,Sirikit Dam
2021-05-18,34.89,Mae Ngat Somboon Chon Dam
2021-05-18,18.45,Mae Kuang Udom Thara Dam
2021-05-18,57.4,Kiew Lom Dam
2021-05-18,27.61,Kiew Kor Ma Dam
2021-05-18,32.72,Khwae Noi Bamrung Dan Dam
2021-05-18,37.85,Mae Mok Dam
2021-05-19,33.97,Bhumibol Dam
2021-05-19,37.91,Sirikit Dam
2021-05-19,34.9,Mae Ngat Somboon Chon Dam
2021-05-19,18.45,Mae Kuang Udom Thara Dam
2021-05-19,57.4,Kiew Lom Dam
2021-05-19,27.58,Kiew Kor Ma Dam
2021-05-19,32.4,Khwae Noi Bamrung Dan Dam
2021-05-19,37.78,Mae Mok Dam
2021-05-20,33.93,Bhumibol Dam
2021-05-20,37.76,Sirikit Dam
2021-05-20,34.88,Mae Ngat Somboon Chon Dam
2021-05-20,18.48,Mae Kuang Udom Thara Dam
2021-05-20,57.4,Kiew Lom Dam
2021-05-20,27.58,Kiew Kor Ma Dam
2021-05-20,32.05,Khwae Noi Bamrung Dan Dam
2021-05-20,37.78,Mae Mok Dam
2021-05-21,33.88,Bhumibol Dam
2021-05-21,37.62,Sirikit Dam
2021-05-21,34.85,Mae Ngat Somboon Chon Dam
2021-05-21,18.48,Mae Kuang Udom Thara Dam
2021-05-21,57.5,Kiew Lom Dam
2021-05-21,27.55,Kiew Kor Ma Dam
2021-05-21,31.74,Khwae Noi Bamrung Dan Dam
2021-05-21,37.78,Mae Mok Dam
2021-05-22,33.83,Bhumibol Dam
2021-05-22,37.49,Sirikit Dam
2021-05-22,34.83,Mae Ngat Somboon Chon Dam
2021-05-22,18.47,Mae Kuang Udom Thara Dam
2021-05-22,57.5,Kiew Lom Dam
2021-05-22,27.52,Kiew Kor Ma Dam
2021-05-22,31.44,Khwae Noi Bamrung Dan Dam
2021-05-22,37.78,Mae Mok Dam
2021-05-23,33.77,Bhumibol Dam
2021-05-23,37.33,Sirikit Dam
2021-05-23,34.52,Mae Ngat Somboon Chon Dam
2021-05-23,18.48,Mae Kuang Udom Thara Dam
2021-05-23,57.5,Kiew Lom Dam
2021-05-23,27.48,Kiew Kor Ma Dam
2021-05-23,31.02,Khwae Noi Bamrung Dan Dam
2021-05-23,37.64,Mae Mok Dam
2021-05-24,33.71,Bhumibol Dam
2021-05-24,37.19,Sirikit Dam
2021-05-24,34.49,Mae Ngat Somboon Chon Dam
2021-05-24,18.48,Mae Kuang Udom Thara Dam
2021-05-24,57.5,Kiew Lom Dam
2021-05-24,27.39,Kiew Kor Ma Dam
2021-05-24,30.71,Khwae Noi Bamrung Dan Dam
2021-05-24,37.64,Mae Mok Dam
2021-05-25,33.65,Bhumibol Dam
2021-05-25,37.09,Sirikit Dam
2021-05-25,34.52,Mae Ngat Somboon Chon Dam
2021-05-25,18.48,Mae Kuang Udom Thara Dam
2021-05-25,57.6,Kiew Lom Dam
2021-05-25,27.71,Kiew Kor Ma Dam
2021-05-25,30.45,Khwae Noi Bamrung Dan Dam
2021-05-25,37.64,Mae Mok Dam
2021-05-26,33.58,Bhumibol Dam
2021-05-26,36.99,Sirikit Dam
2021-05-26,34.58,Mae Ngat Somboon Chon Dam
2021-05-26,18.51,Mae Kuang Udom Thara Dam
2021-05-26,57.65,Kiew Lom Dam
2021-05-26,27.94,Kiew Kor Ma Dam
2021-05-26,30.03,Khwae Noi Bamrung Dan Dam
2021-05-26,37.56,Mae Mok Dam
2021-05-27,33.52,Bhumibol Dam
2021-05-27,36.89,Sirikit Dam
2021-05-27,34.62,Mae Ngat Somboon Chon Dam
2021-05-27,18.57,Mae Kuang Udom Thara Dam
2021-05-27,57.88,Kiew Lom Dam
2021-05-27,28,Kiew Kor Ma Dam
2021-05-27,29.58,Khwae Noi Bamrung Dan Dam
2021-05-27,37.56,Mae Mok Dam
2021-05-28,33.49,Bhumibol Dam
2021-05-28,36.79,Sirikit Dam
2021-05-28,34.55,Mae Ngat Somboon Chon Dam
2021-05-28,18.59,Mae Kuang Udom Thara Dam
2021-05-28,58.19,Kiew Lom Dam
2021-05-28,28.16,Kiew Kor Ma Dam
2021-05-28,29.29,Khwae Noi Bamrung Dan Dam
2021-05-28,37.56,Mae Mok Dam
2021-05-29,33.36,Bhumibol Dam
2021-05-29,36.69,Sirikit Dam
2021-05-29,34.48,Mae Ngat Somboon Chon Dam
2021-05-29,18.67,Mae Kuang Udom Thara Dam
2021-05-29,58.28,Kiew Lom Dam
2021-05-29,28.32,Kiew Kor Ma Dam
2021-05-29,29,Khwae Noi Bamrung Dan Dam
2021-05-29,37.56,Mae Mok Dam
2021-05-30,33.32,Bhumibol Dam
2021-05-30,36.58,Sirikit Dam
2021-05-30,34.44,Mae Ngat Somboon Chon Dam
2021-05-30,18.76,Mae Kuang Udom Thara Dam
2021-05-30,58.58,Kiew Lom Dam
2021-05-30,28.52,Kiew Kor Ma Dam
2021-05-30,28.69,Khwae Noi Bamrung Dan Dam
2021-05-30,37.71,Mae Mok Dam
2021-05-31,33.21,Bhumibol Dam
2021-05-31,36.51,Sirikit Dam
2021-05-31,34.38,Mae Ngat Somboon Chon Dam
2021-05-31,18.85,Mae Kuang Udom Thara Dam
2021-05-31,58.88,Kiew Lom Dam
2021-05-31,28.65,Kiew Kor Ma Dam
2021-05-31,28.42,Khwae Noi Bamrung Dan Dam
2021-05-31,37.78,Mae Mok Dam
2021-06-01,33.08,Bhumibol Dam
2021-06-01,36.41,Sirikit Dam
2021-06-01,34.3,Mae Ngat Somboon Chon Dam
2021-06-01,18.93,Mae Kuang Udom Thara Dam
2021-06-01,58.68,Kiew Lom Dam
2021-06-01,28.68,Kiew Kor Ma Dam
2021-06-01,28.22,Khwae Noi Bamrung Dan Dam
2021-06-01,37.64,Mae Mok Dam
2021-06-02,32.92,Bhumibol Dam
2021-06-02,36.33,Sirikit Dam
2021-06-02,34.32,Mae Ngat Somboon Chon Dam
2021-06-02,19,Mae Kuang Udom Thara Dam
2021-06-02,58.48,Kiew Lom Dam
2021-06-02,28.78,Kiew Kor Ma Dam
2021-06-02,27.95,Khwae Noi Bamrung Dan Dam
2021-06-02,37.42,Mae Mok Dam
2021-06-03,32.74,Bhumibol Dam
2021-06-03,36.23,Sirikit Dam
2021-06-03,34.34,Mae Ngat Somboon Chon Dam
2021-06-03,19.04,Mae Kuang Udom Thara Dam
2021-06-03,58.21,Kiew Lom Dam
2021-06-03,28.78,Kiew Kor Ma Dam
2021-06-03,27.65,Khwae Noi Bamrung Dan Dam
2021-06-03,37.27,Mae Mok Dam
2021-06-04,32.57,Bhumibol Dam
2021-06-04,36.12,Sirikit Dam
2021-06-04,34.35,Mae Ngat Somboon Chon Dam
2021-06-04,19.04,Mae Kuang Udom Thara Dam
2021-06-04,57.8,Kiew Lom Dam
2021-06-04,28.81,Kiew Kor Ma Dam
2021-06-04,27.35,Khwae Noi Bamrung Dan Dam
2021-06-04,37.11,Mae Mok Dam
2021-06-05,32.4,Bhumibol Dam
2021-06-05,36.01,Sirikit Dam
2021-06-05,34.33,Mae Ngat Somboon Chon Dam
2021-06-05,19.07,Mae Kuang Udom Thara Dam
2021-06-05,58.17,Kiew Lom Dam
2021-06-05,28.84,Kiew Kor Ma Dam
2021-06-05,27.01,Khwae Noi Bamrung Dan Dam
2021-06-05,37.03,Mae Mok Dam
2021-06-06,32.29,Bhumibol Dam
2021-06-06,35.9,Sirikit Dam
2021-06-06,34.29,Mae Ngat Somboon Chon Dam
2021-06-06,19.1,Mae Kuang Udom Thara Dam
2021-06-06,58.58,Kiew Lom Dam
2021-06-06,28.84,Kiew Kor Ma Dam
2021-06-06,26.62,Khwae Noi Bamrung Dan Dam
2021-06-06,36.95,Mae Mok Dam
2021-06-07,32.19,Bhumibol Dam
2021-06-07,35.77,Sirikit Dam
2021-06-07,34.32,Mae Ngat Somboon Chon Dam
2021-06-07,19.11,Mae Kuang Udom Thara Dam
2021-06-07,58.91,Kiew Lom Dam
2021-06-07,28.87,Kiew Kor Ma Dam
2021-06-07,26.24,Khwae Noi Bamrung Dan Dam
2021-06-07,36.78,Mae Mok Dam
2021-06-08,32.11,Bhumibol Dam
2021-06-08,35.63,Sirikit Dam
2021-06-08,34.36,Mae Ngat Somboon Chon Dam
2021-06-08,19.13,Mae Kuang Udom Thara Dam
2021-06-08,59.08,Kiew Lom Dam
2021-06-08,28.91,Kiew Kor Ma Dam
2021-06-08,25.86,Khwae Noi Bamrung Dan Dam
2021-06-08,36.45,Mae Mok Dam
2021-06-09,32.03,Bhumibol Dam
2021-06-09,35.5,Sirikit Dam
2021-06-09,34.41,Mae Ngat Somboon Chon Dam
2021-06-09,19.27,Mae Kuang Udom Thara Dam
2021-06-09,59.27,Kiew Lom Dam
2021-06-09,28.97,Kiew Kor Ma Dam
2021-06-09,25.49,Khwae Noi Bamrung Dan Dam
2021-06-09,36.36,Mae Mok Dam
2021-06-10,31.96,Bhumibol Dam
2021-06-10,35.38,Sirikit Dam
2021-06-10,34.58,Mae Ngat Somboon Chon Dam
2021-06-10,19.48,Mae Kuang Udom Thara Dam
2021-06-10,59.55,Kiew Lom Dam
2021-06-10,28.97,Kiew Kor Ma Dam
2021-06-10,25.45,Khwae Noi Bamrung Dan Dam
2021-06-10,36.36,Mae Mok Dam
2021-06-11,31.86,Bhumibol Dam
2021-06-11,35.25,Sirikit Dam
2021-06-11,34.79,Mae Ngat Somboon Chon Dam
2021-06-11,19.59,Mae Kuang Udom Thara Dam
2021-06-11,60.05,Kiew Lom Dam
2021-06-11,29,Kiew Kor Ma Dam
2021-06-11,25.24,Khwae Noi Bamrung Dan Dam
2021-06-11,36.36,Mae Mok Dam
2021-06-12,31.76,Bhumibol Dam
2021-06-12,35.17,Sirikit Dam
2021-06-12,34.89,Mae Ngat Somboon Chon Dam
2021-06-12,19.65,Mae Kuang Udom Thara Dam
2021-06-12,60.35,Kiew Lom Dam
2021-06-12,29.13,Kiew Kor Ma Dam
2021-06-12,25.03,Khwae Noi Bamrung Dan Dam
2021-06-12,36.36,Mae Mok Dam
2021-06-13,31.64,Bhumibol Dam
2021-06-13,35.1,Sirikit Dam
2021-06-13,34.95,Mae Ngat Somboon Chon Dam
2021-06-13,19.71,Mae Kuang Udom Thara Dam
2021-06-13,60.54,Kiew Lom Dam
2021-06-13,29.16,Kiew Kor Ma Dam
2021-06-13,24.81,Khwae Noi Bamrung Dan Dam
2021-06-13,35.45,Mae Mok Dam
2021-06-14,31.53,Bhumibol Dam
2021-06-14,35.02,Sirikit Dam
2021-06-14,35.05,Mae Ngat Somboon Chon Dam
2021-06-14,19.77,Mae Kuang Udom Thara Dam
2021-06-14,61.12,Kiew Lom Dam
2021-06-14,29.23,Kiew Kor Ma Dam
2021-06-14,24.72,Khwae Noi Bamrung Dan Dam
2021-06-14,35.45,Mae Mok Dam
2021-06-15,31.44,Bhumibol Dam
2021-06-15,35.09,Sirikit Dam
2021-06-15,35.22,Mae Ngat Somboon Chon Dam
2021-06-15,19.97,Mae Kuang Udom Thara Dam
2021-06-15,61.61,Kiew Lom Dam
2021-06-15,29.45,Kiew Kor Ma Dam
2021-06-15,24.6,Khwae Noi Bamrung Dan Dam
2021-06-15,36.36,Mae Mok Dam
2021-06-16,31.33,Bhumibol Dam
2021-06-16,35.72,Sirikit Dam
2021-06-16,35.28,Mae Ngat Somboon Chon Dam
2021-06-16,20.17,Mae Kuang Udom Thara Dam
2021-06-16,62.48,Kiew Lom Dam
2021-06-16,29.88,Kiew Kor Ma Dam
2021-06-16,24.6,Khwae Noi Bamrung Dan Dam
2021-06-16,36.36,Mae Mok Dam
2021-06-17,31.25,Bhumibol Dam
2021-06-17,36.23,Sirikit Dam
2021-06-17,35.37,Mae Ngat Somboon Chon Dam
2021-06-17,20.36,Mae Kuang Udom Thara Dam
2021-06-17,63.27,Kiew Lom Dam
2021-06-17,30.33,Kiew Kor Ma Dam
2021-06-17,24.81,Khwae Noi Bamrung Dan Dam
2021-06-17,36.36,Mae Mok Dam
2021-06-18,31.21,Bhumibol Dam
2021-06-18,36.36,Sirikit Dam
2021-06-18,35.4,Mae Ngat Somboon Chon Dam
2021-06-18,20.46,Mae Kuang Udom Thara Dam
2021-06-18,64.18,Kiew Lom Dam
2021-06-18,30.39,Kiew Kor Ma Dam
2021-06-18,25.03,Khwae Noi Bamrung Dan Dam
2021-06-18,35.45,Mae Mok Dam
2021-06-19,31.14,Bhumibol Dam
2021-06-19,36.36,Sirikit Dam
2021-06-19,35.42,Mae Ngat Somboon Chon Dam
2021-06-19,20.56,Mae Kuang Udom Thara Dam
2021-06-19,64.63,Kiew Lom Dam
2021-06-19,30.46,Kiew Kor Ma Dam
2021-06-19,25.13,Khwae Noi Bamrung Dan Dam
2021-06-19,35.45,Mae Mok Dam
2021-06-20,31.09,Bhumibol Dam
2021-06-20,36.31,Sirikit Dam
2021-06-20,35.5,Mae Ngat Somboon Chon Dam
2021-06-20,20.61,Mae Kuang Udom Thara Dam
2021-06-20,64.93,Kiew Lom Dam
2021-06-20,30.42,Kiew Kor Ma Dam
2021-06-20,25.13,Khwae Noi Bamrung Dan Dam
2021-06-20,35.45,Mae Mok Dam
2021-06-21,31,Bhumibol Dam
2021-06-21,36.26,Sirikit Dam
2021-06-21,35.51,Mae Ngat Somboon Chon Dam
2021-06-21,20.65,Mae Kuang Udom Thara Dam
2021-06-21,65.07,Kiew Lom Dam
2021-06-21,30.32,Kiew Kor Ma Dam
2021-06-21,25.13,Khwae Noi Bamrung Dan Dam
2021-06-21,35.45,Mae Mok Dam
2021-06-22,30.95,Bhumibol Dam
2021-06-22,36.17,Sirikit Dam
2021-06-22,35.42,Mae Ngat Somboon Chon Dam
2021-06-22,20.69,Mae Kuang Udom Thara Dam
2021-06-22,65.3,Kiew Lom Dam
2021-06-22,30.14,Kiew Kor Ma Dam
2021-06-22,25.13,Khwae Noi Bamrung Dan Dam
2021-06-22,35.45,Mae Mok Dam
2021-06-23,30.87,Bhumibol Dam
2021-06-23,36.09,Sirikit Dam
2021-06-23,35.33,Mae Ngat Somboon Chon Dam
2021-06-23,20.71,Mae Kuang Udom Thara Dam
2021-06-23,65.41,Kiew Lom Dam
2021-06-23,30.07,Kiew Kor Ma Dam
2021-06-23,24.81,Khwae Noi Bamrung Dan Dam
2021-06-23,35.45,Mae Mok Dam
2021-06-24,30.85,Bhumibol Dam
2021-06-24,36.01,Sirikit Dam
2021-06-24,35.22,Mae Ngat Somboon Chon Dam
2021-06-24,20.73,Mae Kuang Udom Thara Dam
2021-06-24,65.07,Kiew Lom Dam
2021-06-24,29.88,Kiew Kor Ma Dam
2021-06-24,24.6,Khwae Noi Bamrung Dan Dam
2021-06-24,35.45,Mae Mok Dam
2021-06-25,30.81,Bhumibol Dam
2021-06-25,35.91,Sirikit Dam
2021-06-25,35.11,Mae Ngat Somboon Chon Dam
2021-06-25,20.8,Mae Kuang Udom Thara Dam
2021-06-25,63.95,Kiew Lom Dam
2021-06-25,29.75,Kiew Kor Ma Dam
2021-06-25,24.28,Khwae Noi Bamrung Dan Dam
2021-06-25,35.45,Mae Mok Dam
2021-06-26,30.72,Bhumibol Dam
2021-06-26,35.79,Sirikit Dam
2021-06-26,35.03,Mae Ngat Somboon Chon Dam
2021-06-26,20.83,Mae Kuang Udom Thara Dam
2021-06-26,62.23,Kiew Lom Dam
2021-06-26,29.55,Kiew Kor Ma Dam
2021-06-26,23.96,Khwae Noi Bamrung Dan Dam
2021-06-26,34.82,Mae Mok Dam
2021-06-27,30.64,Bhumibol Dam
2021-06-27,35.63,Sirikit Dam
2021-06-27,35.06,Mae Ngat Somboon Chon Dam
2021-06-27,20.96,Mae Kuang Udom Thara Dam
2021-06-27,60.74,Kiew Lom Dam
2021-06-27,29.49,Kiew Kor Ma Dam
2021-06-27,23.62,Khwae Noi Bamrung Dan Dam
2021-06-27,34.55,Mae Mok Dam
2021-06-28,30.57,Bhumibol Dam
2021-06-28,35.39,Sirikit Dam
2021-06-28,35.04,Mae Ngat Somboon Chon Dam
2021-06-28,20.96,Mae Kuang Udom Thara Dam
2021-06-28,59.3,Kiew Lom Dam
2021-06-28,29.32,Kiew Kor Ma Dam
2021-06-28,23.32,Khwae Noi Bamrung Dan Dam
2021-06-28,34.55,Mae Mok Dam
2021-06-29,30.51,Bhumibol Dam
2021-06-29,35.16,Sirikit Dam
2021-06-29,34.94,Mae Ngat Somboon Chon Dam
2021-06-29,21.04,Mae Kuang Udom Thara Dam
2021-06-29,57.87,Kiew Lom Dam
2021-06-29,29.23,Kiew Kor Ma Dam
2021-06-29,23,Khwae Noi Bamrung Dan Dam
2021-06-29,34.55,Mae Mok Dam
2021-06-30,30.43,Bhumibol Dam
2021-06-30,34.93,Sirikit Dam
2021-06-30,34.83,Mae Ngat Somboon Chon Dam
2021-06-30,21.09,Mae Kuang Udom Thara Dam
2021-06-30,56.51,Kiew Lom Dam
2021-06-30,29.13,Kiew Kor Ma Dam
2021-06-30,22.58,Khwae Noi Bamrung Dan Dam
2021-06-30,34.55,Mae Mok Dam
2021-07-01,30.37,Bhumibol Dam
2021-07-01,34.71,Sirikit Dam
2021-07-01,34.73,Mae Ngat Somboon Chon Dam
2021-07-01,21.12,Mae Kuang Udom Thara Dam
2021-07-01,54.94,Kiew Lom Dam
2021-07-01,29.06,Kiew Kor Ma Dam
2021-07-01,22.26,Khwae Noi Bamrung Dan Dam
2021-07-01,34.55,Mae Mok Dam
2021-07-02,30.3,Bhumibol Dam
2021-07-02,34.5,Sirikit Dam
2021-07-02,34.44,Mae Ngat Somboon Chon Dam
2021-07-02,21.2,Mae Kuang Udom Thara Dam
2021-07-02,53.38,Kiew Lom Dam
2021-07-02,28.91,Kiew Kor Ma Dam
2021-07-02,21.94,Khwae Noi Bamrung Dan Dam
2021-07-02,33.64,Mae Mok Dam
2021-07-03,30.23,Bhumibol Dam
2021-07-03,34.29,Sirikit Dam
2021-07-03,34.24,Mae Ngat Somboon Chon Dam
2021-07-03,21.2,Mae Kuang Udom Thara Dam
2021-07-03,51.96,Kiew Lom Dam
2021-07-03,28.71,Kiew Kor Ma Dam
2021-07-03,21.62,Khwae Noi Bamrung Dan Dam
2021-07-03,33.64,Mae Mok Dam
2021-07-04,30.14,Bhumibol Dam
2021-07-04,34.08,Sirikit Dam
2021-07-04,34.15,Mae Ngat Somboon Chon Dam
2021-07-04,21.2,Mae Kuang Udom Thara Dam
2021-07-04,50.58,Kiew Lom Dam
2021-07-04,28.58,Kiew Kor Ma Dam
2021-07-04,21.3,Khwae Noi Bamrung Dan Dam
2021-07-04,33.64,Mae Mok Dam
2021-07-05,30.05,Bhumibol Dam
2021-07-05,33.85,Sirikit Dam
2021-07-05,34.05,Mae Ngat Somboon Chon Dam
2021-07-05,21.23,Mae Kuang Udom Thara Dam
2021-07-05,49.1,Kiew Lom Dam
2021-07-05,28.36,Kiew Kor Ma Dam
2021-07-05,20.98,Khwae Noi Bamrung Dan Dam
2021-07-05,33.64,Mae Mok Dam
2021-07-06,29.98,Bhumibol Dam
2021-07-06,33.67,Sirikit Dam
2021-07-06,33.94,Mae Ngat Somboon Chon Dam
2021-07-06,20.87,Mae Kuang Udom Thara Dam
2021-07-06,47.73,Kiew Lom Dam
2021-07-06,28.26,Kiew Kor Ma Dam
2021-07-06,20.66,Khwae Noi Bamrung Dan Dam
2021-07-06,33.64,Mae Mok Dam
2021-07-07,29.91,Bhumibol Dam
2021-07-07,33.52,Sirikit Dam
2021-07-07,33.86,Mae Ngat Somboon Chon Dam
2021-07-07,20.46,Mae Kuang Udom Thara Dam
2021-07-07,46.63,Kiew Lom Dam
2021-07-07,28.04,Kiew Kor Ma Dam
2021-07-07,20.45,Khwae Noi Bamrung Dan Dam
2021-07-07,33.64,Mae Mok Dam
2021-07-08,29.84,Bhumibol Dam
2021-07-08,33.41,Sirikit Dam
2021-07-08,33.86,Mae Ngat Somboon Chon Dam
2021-07-08,20.15,Mae Kuang Udom Thara Dam
2021-07-08,45.51,Kiew Lom Dam
2021-07-08,27.94,Kiew Kor Ma Dam
2021-07-08,20.13,Khwae Noi Bamrung Dan Dam
2021-07-08,34.55,Mae Mok Dam
2021-07-09,29.78,Bhumibol Dam
2021-07-09,33.35,Sirikit Dam
2021-07-09,34.03,Mae Ngat Somboon Chon Dam
2021-07-09,20.04,Mae Kuang Udom Thara Dam
2021-07-09,44.43,Kiew Lom Dam
2021-07-09,27.81,Kiew Kor Ma Dam
2021-07-09,19.91,Khwae Noi Bamrung Dan Dam
2021-07-09,36.29,Mae Mok Dam
2021-07-10,29.78,Bhumibol Dam
2021-07-10,33.31,Sirikit Dam
2021-07-10,34.32,Mae Ngat Somboon Chon Dam
2021-07-10,19.86,Mae Kuang Udom Thara Dam
2021-07-10,43.79,Kiew Lom Dam
2021-07-10,27.81,Kiew Kor Ma Dam
2021-07-10,19.72,Khwae Noi Bamrung Dan Dam
2021-07-10,38.18,Mae Mok Dam
2021-07-11,29.76,Bhumibol Dam
2021-07-11,33.3,Sirikit Dam
2021-07-11,34.64,Mae Ngat Somboon Chon Dam
2021-07-11,19.66,Mae Kuang Udom Thara Dam
2021-07-11,44.29,Kiew Lom Dam
2021-07-11,28.45,Kiew Kor Ma Dam
2021-07-11,19.7,Khwae Noi Bamrung Dan Dam
2021-07-11,40,Mae Mok Dam
2021-07-12,29.84,Bhumibol Dam
2021-07-12,33.3,Sirikit Dam
2021-07-12,34.88,Mae Ngat Somboon Chon Dam
2021-07-12,19.42,Mae Kuang Udom Thara Dam
2021-07-12,44.41,Kiew Lom Dam
2021-07-12,29,Kiew Kor Ma Dam
2021-07-12,19.7,Khwae Noi Bamrung Dan Dam
2021-07-12,40.91,Mae Mok Dam
2021-07-13,29.99,Bhumibol Dam
2021-07-13,33.28,Sirikit Dam
2021-07-13,34.99,Mae Ngat Somboon Chon Dam
2021-07-13,19.21,Mae Kuang Udom Thara Dam
2021-07-13,44.75,Kiew Lom Dam
2021-07-13,29.49,Kiew Kor Ma Dam
2021-07-13,19.6,Khwae Noi Bamrung Dan Dam
2021-07-13,40.91,Mae Mok Dam
2021-07-14,30.08,Bhumibol Dam
2021-07-14,33.28,Sirikit Dam
2021-07-14,35.03,Mae Ngat Somboon Chon Dam
2021-07-14,19.01,Mae Kuang Udom Thara Dam
2021-07-14,45.77,Kiew Lom Dam
2021-07-14,29.75,Kiew Kor Ma Dam
2021-07-14,19.49,Khwae Noi Bamrung Dan Dam
2021-07-14,41.32,Mae Mok Dam
2021-07-15,30.29,Bhumibol Dam
2021-07-15,33.23,Sirikit Dam
2021-07-15,35.05,Mae Ngat Somboon Chon Dam
2021-07-15,18.68,Mae Kuang Udom Thara Dam
2021-07-15,45.77,Kiew Lom Dam
2021-07-15,29.88,Kiew Kor Ma Dam
2021-07-15,19.45,Khwae Noi Bamrung Dan Dam
2021-07-15,41.56,Mae Mok Dam
2021-07-16,30.42,Bhumibol Dam
2021-07-16,33.16,Sirikit Dam
2021-07-16,35.08,Mae Ngat Somboon Chon Dam
2021-07-16,18.47,Mae Kuang Udom Thara Dam
2021-07-16,45.77,Kiew Lom Dam
2021-07-16,29.97,Kiew Kor Ma Dam
2021-07-16,19.51,Khwae Noi Bamrung Dan Dam
2021-07-16,44.55,Mae Mok Dam
2021-07-17,30.54,Bhumibol Dam
2021-07-17,33.18,Sirikit Dam
2021-07-17,35.11,Mae Ngat Somboon Chon Dam
2021-07-17,18.34,Mae Kuang Udom Thara Dam
2021-07-17,45.59,Kiew Lom Dam
2021-07-17,30.14,Kiew Kor Ma Dam
2021-07-17,19.7,Khwae Noi Bamrung Dan Dam
2021-07-17,45.45,Mae Mok Dam
2021-07-18,30.64,Bhumibol Dam
2021-07-18,33.17,Sirikit Dam
2021-07-18,35.11,Mae Ngat Somboon Chon Dam
2021-07-18,18.3,Mae Kuang Udom Thara Dam
2021-07-18,45.51,Kiew Lom Dam
2021-07-18,30.14,Kiew Kor Ma Dam
2021-07-18,20.02,Khwae Noi Bamrung Dan Dam
2021-07-18,46.36,Mae Mok Dam
2021-07-19,30.77,Bhumibol Dam
2021-07-19,33.15,Sirikit Dam
2021-07-19,35.09,Mae Ngat Somboon Chon Dam
2021-07-19,18.19,Mae Kuang Udom Thara Dam
2021-07-19,44.66,Kiew Lom Dam
2021-07-19,30.1,Kiew Kor Ma Dam
2021-07-19,20.13,Khwae Noi Bamrung Dan Dam
2021-07-19,46.36,Mae Mok Dam
2021-07-20,30.81,Bhumibol Dam
2021-07-20,33.15,Sirikit Dam
2021-07-20,35.06,Mae Ngat Somboon Chon Dam
2021-07-20,18.1,Mae Kuang Udom Thara Dam
2021-07-20,43.81,Kiew Lom Dam
2021-07-20,30.46,Kiew Kor Ma Dam
2021-07-20,20.13,Khwae Noi Bamrung Dan Dam
2021-07-20,45.55,Mae Mok Dam
2021-07-21,30.86,Bhumibol Dam
2021-07-21,33.14,Sirikit Dam
2021-07-21,35.14,Mae Ngat Somboon Chon Dam
2021-07-21,18,Mae Kuang Udom Thara Dam
2021-07-21,45.26,Kiew Lom Dam
2021-07-21,30.78,Kiew Kor Ma Dam
2021-07-21,20.14,Khwae Noi Bamrung Dan Dam
2021-07-21,45.45,Mae Mok Dam
2021-07-22,30.89,Bhumibol Dam
2021-07-22,33.13,Sirikit Dam
2021-07-22,35.19,Mae Ngat Somboon Chon Dam
2021-07-22,17.96,Mae Kuang Udom Thara Dam
2021-07-22,46.48,Kiew Lom Dam
2021-07-22,31.04,Kiew Kor Ma Dam
2021-07-22,20.45,Khwae Noi Bamrung Dan Dam
2021-07-22,44.55,Mae Mok Dam
2021-07-23,30.99,Bhumibol Dam
2021-07-23,33.23,Sirikit Dam
2021-07-23,35.24,Mae Ngat Somboon Chon Dam
2021-07-23,17.94,Mae Kuang Udom Thara Dam
2021-07-23,46.62,Kiew Lom Dam
2021-07-23,31.1,Kiew Kor Ma Dam
2021-07-23,20.34,Khwae Noi Bamrung Dan Dam
2021-07-23,43.64,Mae Mok Dam
2021-07-24,31.12,Bhumibol Dam
2021-07-24,33.31,Sirikit Dam
2021-07-24,35.25,Mae Ngat Somboon Chon Dam
2021-07-24,17.87,Mae Kuang Udom Thara Dam
2021-07-24,46.45,Kiew Lom Dam
2021-07-24,31.1,Kiew Kor Ma Dam
2021-07-24,20.66,Khwae Noi Bamrung Dan Dam
2021-07-24,43.45,Mae Mok Dam
2021-07-25,31.25,Bhumibol Dam
2021-07-25,33.38,Sirikit Dam
2021-07-25,35.25,Mae Ngat Somboon Chon Dam
2021-07-25,17.59,Mae Kuang Udom Thara Dam
2021-07-25,45.95,Kiew Lom Dam
2021-07-25,31.04,Kiew Kor Ma Dam
2021-07-25,21.06,Khwae Noi Bamrung Dan Dam
2021-07-25,43.12,Mae Mok Dam
2021-07-26,31.37,Bhumibol Dam
2021-07-26,33.48,Sirikit Dam
2021-07-26,35.26,Mae Ngat Somboon Chon Dam
2021-07-26,17.3,Mae Kuang Udom Thara Dam
2021-07-26,45.59,Kiew Lom Dam
2021-07-26,30.94,Kiew Kor Ma Dam
2021-07-26,21.92,Khwae Noi Bamrung Dan Dam
2021-07-26,42.73,Mae Mok Dam
2021-07-27,31.53,Bhumibol Dam
2021-07-27,33.63,Sirikit Dam
2021-07-27,35.26,Mae Ngat Somboon Chon Dam
2021-07-27,17.01,Mae Kuang Udom Thara Dam
2021-07-27,45.19,Kiew Lom Dam
2021-07-27,30.97,Kiew Kor Ma Dam
2021-07-27,23.11,Khwae Noi Bamrung Dan Dam
2021-07-27,42.73,Mae Mok Dam
2021-07-28,31.74,Bhumibol Dam
2021-07-28,33.92,Sirikit Dam
2021-07-28,35.28,Mae Ngat Somboon Chon Dam
2021-07-28,16.72,Mae Kuang Udom Thara Dam
2021-07-28,44.62,Kiew Lom Dam
2021-07-28,31.04,Kiew Kor Ma Dam
2021-07-28,24.17,Khwae Noi Bamrung Dan Dam
2021-07-28,42.73,Mae Mok Dam
2021-07-29,32.1,Bhumibol Dam
2021-07-29,34.22,Sirikit Dam
2021-07-29,35.25,Mae Ngat Somboon Chon Dam
2021-07-29,16.44,Mae Kuang Udom Thara Dam
2021-07-29,43.89,Kiew Lom Dam
2021-07-29,30.97,Kiew Kor Ma Dam
2021-07-29,25.13,Khwae Noi Bamrung Dan Dam
2021-07-29,41.97,Mae Mok Dam
2021-07-30,32.28,Bhumibol Dam
2021-07-30,34.44,Sirikit Dam
2021-07-30,35.22,Mae Ngat Somboon Chon Dam
2021-07-30,16.22,Mae Kuang Udom Thara Dam
2021-07-30,43.21,Kiew Lom Dam
2021-07-30,30.91,Kiew Kor Ma Dam
2021-07-30,26.05,Khwae Noi Bamrung Dan Dam
2021-07-30,41.73,Mae Mok Dam
2021-07-31,32.37,Bhumibol Dam
2021-07-31,34.63,Sirikit Dam
2021-07-31,35.16,Mae Ngat Somboon Chon Dam
2021-07-31,16.01,Mae Kuang Udom Thara Dam
2021-07-31,42.41,Kiew Lom Dam
2021-07-31,30.81,Kiew Kor Ma Dam
2021-07-31,26.73,Khwae Noi Bamrung Dan Dam
2021-07-31,41.56,Mae Mok Dam
2021-08-01,32.47,Bhumibol Dam
2021-08-01,34.86,Sirikit Dam
2021-08-01,35.09,Mae Ngat Somboon Chon Dam
2021-08-01,15.94,Mae Kuang Udom Thara Dam
2021-08-01,41.68,Kiew Lom Dam
2021-08-01,30.81,Kiew Kor Ma Dam
2021-08-01,27.33,Khwae Noi Bamrung Dan Dam
2021-08-01,40.91,Mae Mok Dam
2021-08-02,32.55,Bhumibol Dam
2021-08-02,35.08,Sirikit Dam
2021-08-02,35.03,Mae Ngat Somboon Chon Dam
2021-08-02,15.88,Mae Kuang Udom Thara Dam
2021-08-02,40.56,Kiew Lom Dam
2021-08-02,30.91,Kiew Kor Ma Dam
2021-08-02,27.8,Khwae Noi Bamrung Dan Dam
2021-08-02,41.24,Mae Mok Dam
2021-08-03,32.63,Bhumibol Dam
2021-08-03,35.26,Sirikit Dam
2021-08-03,34.97,Mae Ngat Somboon Chon Dam
2021-08-03,15.69,Mae Kuang Udom Thara Dam
2021-08-03,39.27,Kiew Lom Dam
2021-08-03,30.94,Kiew Kor Ma Dam
2021-08-03,28.13,Khwae Noi Bamrung Dan Dam
2021-08-03,41.07,Mae Mok Dam
2021-08-04,32.66,Bhumibol Dam
2021-08-04,35.44,Sirikit Dam
2021-08-04,34.9,Mae Ngat Somboon Chon Dam
2021-08-04,15.5,Mae Kuang Udom Thara Dam
2021-08-04,37.7,Kiew Lom Dam
2021-08-04,31.04,Kiew Kor Ma Dam
2021-08-04,28.35,Khwae Noi Bamrung Dan Dam
2021-08-04,41.24,Mae Mok Dam
2021-08-05,32.72,Bhumibol Dam
2021-08-05,35.75,Sirikit Dam
2021-08-05,34.82,Mae Ngat Somboon Chon Dam
2021-08-05,15.27,Mae Kuang Udom Thara Dam
2021-08-05,36.1,Kiew Lom Dam
2021-08-05,30.62,Kiew Kor Ma Dam
2021-08-05,28.47,Khwae Noi Bamrung Dan Dam
2021-08-05,40.91,Mae Mok Dam
2021-08-06,32.82,Bhumibol Dam
2021-08-06,35.98,Sirikit Dam
2021-08-06,34.74,Mae Ngat Somboon Chon Dam
2021-08-06,15.07,Mae Kuang Udom Thara Dam
2021-08-06,35.02,Kiew Lom Dam
2021-08-06,30.14,Kiew Kor Ma Dam
2021-08-06,28.54,Khwae Noi Bamrung Dan Dam
2021-08-06,40.91,Mae Mok Dam
2021-08-07,32.88,Bhumibol Dam
2021-08-07,36.12,Sirikit Dam
2021-08-07,34.73,Mae Ngat Somboon Chon Dam
2021-08-07,14.85,Mae Kuang Udom Thara Dam
2021-08-07,34.46,Kiew Lom Dam
2021-08-07,29.65,Kiew Kor Ma Dam
2021-08-07,28.54,Khwae Noi Bamrung Dan Dam
2021-08-07,40.91,Mae Mok Dam
2021-08-08,32.95,Bhumibol Dam
2021-08-08,36.2,Sirikit Dam
2021-08-08,34.77,Mae Ngat Somboon Chon Dam
2021-08-08,14.1,Mae Kuang Udom Thara Dam
2021-08-08,33.8,Kiew Lom Dam
2021-08-08,29.23,Kiew Kor Ma Dam
2021-08-08,28.54,Khwae Noi Bamrung Dan Dam
2021-08-08,40.91,Mae Mok Dam
2021-08-09,32.99,Bhumibol Dam
2021-08-09,36.31,Sirikit Dam
2021-08-09,34.74,Mae Ngat Somboon Chon Dam
2021-08-09,14.1,Mae Kuang Udom Thara Dam
2021-08-09,33.13,Kiew Lom Dam
2021-08-09,28.65,Kiew Kor Ma Dam
2021-08-09,28.43,Khwae Noi Bamrung Dan Dam
2021-08-09,41.15,Mae Mok Dam
2021-08-10,33.01,Bhumibol Dam
2021-08-10,36.34,Sirikit Dam
2021-08-10,34.66,Mae Ngat Somboon Chon Dam
2021-08-10,13.77,Mae Kuang Udom Thara Dam
2021-08-10,32.56,Kiew Lom Dam
2021-08-10,28.04,Kiew Kor Ma Dam
2021-08-10,28.24,Khwae Noi Bamrung Dan Dam
2021-08-10,41.15,Mae Mok Dam
2021-08-11,33.03,Bhumibol Dam
2021-08-11,36.38,Sirikit Dam
2021-08-11,34.56,Mae Ngat Somboon Chon Dam
2021-08-11,13.46,Mae Kuang Udom Thara Dam
2021-08-11,31.95,Kiew Lom Dam
2021-08-11,27.48,Kiew Kor Ma Dam
2021-08-11,28,Khwae Noi Bamrung Dan Dam
2021-08-11,40.91,Mae Mok Dam
2021-08-12,33.05,Bhumibol Dam
2021-08-12,36.38,Sirikit Dam
2021-08-12,34.47,Mae Ngat Somboon Chon Dam
2021-08-12,13.24,Mae Kuang Udom Thara Dam
2021-08-12,31.76,Kiew Lom Dam
2021-08-12,26.86,Kiew Kor Ma Dam
2021-08-12,27.69,Khwae Noi Bamrung Dan Dam
2021-08-12,40.91,Mae Mok Dam
2021-08-13,33.05,Bhumibol Dam
2021-08-13,36.37,Sirikit Dam
2021-08-13,34.37,Mae Ngat Somboon Chon Dam
2021-08-13,13.06,Mae Kuang Udom Thara Dam
2021-08-13,31.92,Kiew Lom Dam
2021-08-13,26.75,Kiew Kor Ma Dam
2021-08-13,27.48,Khwae Noi Bamrung Dan Dam
2021-08-13,40.91,Mae Mok Dam
2021-08-14,33.03,Bhumibol Dam
2021-08-14,36.37,Sirikit Dam
2021-08-14,34.29,Mae Ngat Somboon Chon Dam
2021-08-14,12.92,Mae Kuang Udom Thara Dam
2021-08-14,32.84,Kiew Lom Dam
2021-08-14,26.69,Kiew Kor Ma Dam
2021-08-14,27.16,Khwae Noi Bamrung Dan Dam
2021-08-14,40.91,Mae Mok Dam
2021-08-15,33.02,Bhumibol Dam
2021-08-15,36.37,Sirikit Dam
2021-08-15,34.32,Mae Ngat Somboon Chon Dam
2021-08-15,13.12,Mae Kuang Udom Thara Dam
2021-08-15,33.83,Kiew Lom Dam
2021-08-15,26.89,Kiew Kor Ma Dam
2021-08-15,26.84,Khwae Noi Bamrung Dan Dam
2021-08-15,40.91,Mae Mok Dam
2021-08-16,33.01,Bhumibol Dam
2021-08-16,36.38,Sirikit Dam
2021-08-16,34.47,Mae Ngat Somboon Chon Dam
2021-08-16,13.4,Mae Kuang Udom Thara Dam
2021-08-16,36.22,Kiew Lom Dam
2021-08-16,26.92,Kiew Kor Ma Dam
2021-08-16,26.62,Khwae Noi Bamrung Dan Dam
2021-08-16,41.15,Mae Mok Dam
2021-08-17,33.05,Bhumibol Dam
2021-08-17,36.51,Sirikit Dam
2021-08-17,34.48,Mae Ngat Somboon Chon Dam
2021-08-17,13.75,Mae Kuang Udom Thara Dam
2021-08-17,37.33,Kiew Lom Dam
2021-08-17,27.23,Kiew Kor Ma Dam
2021-08-17,26.52,Khwae Noi Bamrung Dan Dam
2021-08-17,40.69,Mae Mok Dam
2021-08-18,33.06,Bhumibol Dam
2021-08-18,36.76,Sirikit Dam
2021-08-18,34.45,Mae Ngat Somboon Chon Dam
2021-08-18,14.05,Mae Kuang Udom Thara Dam
2021-08-18,37.86,Kiew Lom Dam
2021-08-18,27.35,Kiew Kor Ma Dam
2021-08-18,26.41,Khwae Noi Bamrung Dan Dam
2021-08-18,40,Mae Mok Dam
2021-08-19,33.08,Bhumibol Dam
2021-08-19,36.95,Sirikit Dam
2021-08-19,34.41,Mae Ngat Somboon Chon Dam
2021-08-19,14.27,Mae Kuang Udom Thara Dam
2021-08-19,37.62,Kiew Lom Dam
2021-08-19,27.48,Kiew Kor Ma Dam
2021-08-19,26.3,Khwae Noi Bamrung Dan Dam
2021-08-19,40,Mae Mok Dam
2021-08-20,33.15,Bhumibol Dam
2021-08-20,37.07,Sirikit Dam
2021-08-20,34.41,Mae Ngat Somboon Chon Dam
2021-08-20,14.47,Mae Kuang Udom Thara Dam
2021-08-20,37.54,Kiew Lom Dam
2021-08-20,27.61,Kiew Kor Ma Dam
2021-08-20,26.3,Khwae Noi Bamrung Dan Dam
2021-08-20,39.09,Mae Mok Dam
2021-08-21,33.18,Bhumibol Dam
2021-08-21,37.16,Sirikit Dam
2021-08-21,34.5,Mae Ngat Somboon Chon Dam
2021-08-21,15.48,Mae Kuang Udom Thara Dam
2021-08-21,38.43,Kiew Lom Dam
2021-08-21,28.19,Kiew Kor Ma Dam
2021-08-21,26.2,Khwae Noi Bamrung Dan Dam
2021-08-21,38.18,Mae Mok Dam
2021-08-22,33.23,Bhumibol Dam
2021-08-22,37.27,Sirikit Dam
2021-08-22,34.58,Mae Ngat Somboon Chon Dam
2021-08-22,15.79,Mae Kuang Udom Thara Dam
2021-08-22,39.16,Kiew Lom Dam
2021-08-22,29.88,Kiew Kor Ma Dam
2021-08-22,26.09,Khwae Noi Bamrung Dan Dam
2021-08-22,38.18,Mae Mok Dam
2021-08-23,33.27,Bhumibol Dam
2021-08-23,37.35,Sirikit Dam
2021-08-23,34.62,Mae Ngat Somboon Chon Dam
2021-08-23,15.98,Mae Kuang Udom Thara Dam
2021-08-23,39.31,Kiew Lom Dam
2021-08-23,30.33,Kiew Kor Ma Dam
2021-08-23,25.88,Khwae Noi Bamrung Dan Dam
2021-08-23,37.49,Mae Mok Dam
2021-08-24,33.32,Bhumibol Dam
2021-08-24,37.39,Sirikit Dam
2021-08-24,34.6,Mae Ngat Somboon Chon Dam
2021-08-24,16.1,Mae Kuang Udom Thara Dam
2021-08-24,39.2,Kiew Lom Dam
2021-08-24,30.52,Kiew Kor Ma Dam
2021-08-24,25.69,Khwae Noi Bamrung Dan Dam
2021-08-24,37.64,Mae Mok Dam
2021-08-25,33.35,Bhumibol Dam
2021-08-25,37.43,Sirikit Dam
2021-08-25,34.58,Mae Ngat Somboon Chon Dam
2021-08-25,16.38,Mae Kuang Udom Thara Dam
2021-08-25,39.32,Kiew Lom Dam
2021-08-25,30.62,Kiew Kor Ma Dam
2021-08-25,25.53,Khwae Noi Bamrung Dan Dam
2021-08-25,38.07,Mae Mok Dam
2021-08-26,33.35,Bhumibol Dam
2021-08-26,37.58,Sirikit Dam
2021-08-26,34.55,Mae Ngat Somboon Chon Dam
2021-08-26,16.58,Mae Kuang Udom Thara Dam
2021-08-26,40.5,Kiew Lom Dam
2021-08-26,31.16,Kiew Kor Ma Dam
2021-08-26,25.51,Khwae Noi Bamrung Dan Dam
2021-08-26,39.09,Mae Mok Dam
2021-08-27,33.38,Bhumibol Dam
2021-08-27,37.72,Sirikit Dam
2021-08-27,34.51,Mae Ngat Somboon Chon Dam
2021-08-27,16.72,Mae Kuang Udom Thara Dam
2021-08-27,40.94,Kiew Lom Dam
2021-08-27,31.49,Kiew Kor Ma Dam
2021-08-27,25.67,Khwae Noi Bamrung Dan Dam
2021-08-27,39.09,Mae Mok Dam
2021-08-28,33.48,Bhumibol Dam
2021-08-28,37.81,Sirikit Dam
2021-08-28,34.55,Mae Ngat Somboon Chon Dam
2021-08-28,16.84,Mae Kuang Udom Thara Dam
2021-08-28,40.56,Kiew Lom Dam
2021-08-28,31.55,Kiew Kor Ma Dam
2021-08-28,25.99,Khwae Noi Bamrung Dan Dam
2021-08-28,40.11,Mae Mok Dam
2021-08-29,33.64,Bhumibol Dam
2021-08-29,37.89,Sirikit Dam
2021-08-29,34.64,Mae Ngat Somboon Chon Dam
2021-08-29,16.94,Mae Kuang Udom Thara Dam
2021-08-29,40.06,Kiew Lom Dam
2021-08-29,31.55,Kiew Kor Ma Dam
2021-08-29,26.28,Khwae Noi Bamrung Dan Dam
2021-08-29,42.73,Mae Mok Dam
2021-08-30,33.79,Bhumibol Dam
2021-08-30,37.95,Sirikit Dam
2021-08-30,34.69,Mae Ngat Somboon Chon Dam
2021-08-30,17.06,Mae Kuang Udom Thara Dam
2021-08-30,39.76,Kiew Lom Dam
2021-08-30,31.59,Kiew Kor Ma Dam
2021-08-30,26.52,Khwae Noi Bamrung Dan Dam
2021-08-30,45,Mae Mok Dam
2021-08-31,33.93,Bhumibol Dam
2021-08-31,38.01,Sirikit Dam
2021-08-31,34.67,Mae Ngat Somboon Chon Dam
2021-08-31,17.14,Mae Kuang Udom Thara Dam
2021-08-31,39.76,Kiew Lom Dam
2021-08-31,31.88,Kiew Kor Ma Dam
2021-08-31,27.14,Khwae Noi Bamrung Dan Dam
2021-08-31,47.27,Mae Mok Dam
2021-09-01,34.04,Bhumibol Dam
2021-09-01,38.07,Sirikit Dam
2021-09-01,34.64,Mae Ngat Somboon Chon Dam
2021-09-01,17.25,Mae Kuang Udom Thara Dam
2021-09-01,40.06,Kiew Lom Dam
2021-09-01,32.14,Kiew Kor Ma Dam
2021-09-01,28.12,Khwae Noi Bamrung Dan Dam
2021-09-01,49.09,Mae Mok Dam
2021-09-02,34.22,Bhumibol Dam
2021-09-02,38.13,Sirikit Dam
2021-09-02,34.6,Mae Ngat Somboon Chon Dam
2021-09-02,17.36,Mae Kuang Udom Thara Dam
2021-09-02,40.64,Kiew Lom Dam
2021-09-02,32.33,Kiew Kor Ma Dam
2021-09-02,29.07,Khwae Noi Bamrung Dan Dam
2021-09-02,51.82,Mae Mok Dam
2021-09-03,34.36,Bhumibol Dam
2021-09-03,38.22,Sirikit Dam
2021-09-03,34.55,Mae Ngat Somboon Chon Dam
2021-09-03,17.51,Mae Kuang Udom Thara Dam
2021-09-03,41.31,Kiew Lom Dam
2021-09-03,32.62,Kiew Kor Ma Dam
2021-09-03,30.14,Khwae Noi Bamrung Dan Dam
2021-09-03,54.55,Mae Mok Dam
2021-09-04,34.52,Bhumibol Dam
2021-09-04,38.3,Sirikit Dam
2021-09-04,34.67,Mae Ngat Somboon Chon Dam
2021-09-04,17.68,Mae Kuang Udom Thara Dam
2021-09-04,41.31,Kiew Lom Dam
2021-09-04,32.78,Kiew Kor Ma Dam
2021-09-04,31.31,Khwae Noi Bamrung Dan Dam
2021-09-04,55.45,Mae Mok Dam
2021-09-05,34.66,Bhumibol Dam
2021-09-05,38.36,Sirikit Dam
2021-09-05,34.79,Mae Ngat Somboon Chon Dam
2021-09-05,17.77,Mae Kuang Udom Thara Dam
2021-09-05,41.24,Kiew Lom Dam
2021-09-05,32.88,Kiew Kor Ma Dam
2021-09-05,32.8,Khwae Noi Bamrung Dan Dam
2021-09-05,56.36,Mae Mok Dam
2021-09-06,34.75,Bhumibol Dam
2021-09-06,38.48,Sirikit Dam
2021-09-06,34.82,Mae Ngat Somboon Chon Dam
2021-09-06,17.8,Mae Kuang Udom Thara Dam
2021-09-06,41.16,Kiew Lom Dam
2021-09-06,33.04,Kiew Kor Ma Dam
2021-09-06,34.29,Khwae Noi Bamrung Dan Dam
2021-09-06,58.18,Mae Mok Dam
2021-09-07,34.88,Bhumibol Dam
2021-09-07,38.57,Sirikit Dam
2021-09-07,34.82,Mae Ngat Somboon Chon Dam
2021-09-07,17.95,Mae Kuang Udom Thara Dam
2021-09-07,41.98,Kiew Lom Dam
2021-09-07,33.11,Kiew Kor Ma Dam
2021-09-07,36.1,Khwae Noi Bamrung Dan Dam
2021-09-07,63.64,Mae Mok Dam
2021-09-08,34.99,Bhumibol Dam
2021-09-08,38.68,Sirikit Dam
2021-09-08,34.85,Mae Ngat Somboon Chon Dam
2021-09-08,17.97,Mae Kuang Udom Thara Dam
2021-09-08,43.55,Kiew Lom Dam
2021-09-08,33.2,Kiew Kor Ma Dam
2021-09-08,38.23,Khwae Noi Bamrung Dan Dam
2021-09-08,68.18,Mae Mok Dam
2021-09-09,35.17,Bhumibol Dam
2021-09-09,38.83,Sirikit Dam
2021-09-09,34.9,Mae Ngat Somboon Chon Dam
2021-09-09,17.99,Mae Kuang Udom Thara Dam
2021-09-09,45.59,Kiew Lom Dam
2021-09-09,33.3,Kiew Kor Ma Dam
2021-09-09,40.58,Khwae Noi Bamrung Dan Dam
2021-09-09,80.91,Mae Mok Dam
2021-09-10,35.76,Bhumibol Dam
2021-09-10,39.1,Sirikit Dam
2021-09-10,34.99,Mae Ngat Somboon Chon Dam
2021-09-10,18.15,Mae Kuang Udom Thara Dam
2021-09-10,48.23,Kiew Lom Dam
2021-09-10,33.36,Kiew Kor Ma Dam
2021-09-10,43.24,Khwae Noi Bamrung Dan Dam
2021-09-10,88.18,Mae Mok Dam
2021-09-11,36.37,Bhumibol Dam
2021-09-11,39.4,Sirikit Dam
2021-09-11,35.14,Mae Ngat Somboon Chon Dam
2021-09-11,18.35,Mae Kuang Udom Thara Dam
2021-09-11,50.56,Kiew Lom Dam
2021-09-11,33.92,Kiew Kor Ma Dam
2021-09-11,44.73,Khwae Noi Bamrung Dan Dam
2021-09-11,95.29,Mae Mok Dam
2021-09-12,37.07,Bhumibol Dam
2021-09-12,39.76,Sirikit Dam
2021-09-12,35.34,Mae Ngat Somboon Chon Dam
2021-09-12,18.64,Mae Kuang Udom Thara Dam
2021-09-12,52.26,Kiew Lom Dam
2021-09-12,34.2,Kiew Kor Ma Dam
2021-09-12,47.58,Khwae Noi Bamrung Dan Dam
2021-09-12,97.27,Mae Mok Dam
2021-09-13,37.74,Bhumibol Dam
2021-09-13,39.95,Sirikit Dam
2021-09-13,35.42,Mae Ngat Somboon Chon Dam
2021-09-13,18.88,Mae Kuang Udom Thara Dam
2021-09-13,53.18,Kiew Lom Dam
2021-09-13,34.32,Kiew Kor Ma Dam
2021-09-13,50.8,Khwae Noi Bamrung Dan Dam
2021-09-13,98.18,Mae Mok Dam
2021-09-14,38.13,Bhumibol Dam
2021-09-14,40.17,Sirikit Dam
2021-09-14,35.48,Mae Ngat Somboon Chon Dam
2021-09-14,19.35,Mae Kuang Udom Thara Dam
2021-09-14,53.72,Kiew Lom Dam
2021-09-14,34.72,Kiew Kor Ma Dam
2021-09-14,54.1,Khwae Noi Bamrung Dan Dam
2021-09-14,99.09,Mae Mok Dam
2021-09-15,38.47,Bhumibol Dam
2021-09-15,40.32,Sirikit Dam
2021-09-15,35.57,Mae Ngat Somboon Chon Dam
2021-09-15,19.35,Mae Kuang Udom Thara Dam
2021-09-15,56.15,Kiew Lom Dam
2021-09-15,37.54,Kiew Kor Ma Dam
2021-09-15,57.19,Khwae Noi Bamrung Dan Dam
2021-09-15,107.27,Mae Mok Dam
2021-09-16,38.83,Bhumibol Dam
2021-09-16,40.49,Sirikit Dam
2021-09-16,35.66,Mae Ngat Somboon Chon Dam
2021-09-16,19.65,Mae Kuang Udom Thara Dam
2021-09-16,58.76,Kiew Lom Dam
2021-09-16,39.87,Kiew Kor Ma Dam
2021-09-16,59.96,Khwae Noi Bamrung Dan Dam
2021-09-16,110,Mae Mok Dam
2021-09-17,39.37,Bhumibol Dam
2021-09-17,40.75,Sirikit Dam
2021-09-17,35.77,Mae Ngat Somboon Chon Dam
2021-09-17,19.92,Mae Kuang Udom Thara Dam
2021-09-17,60.07,Kiew Lom Dam
2021-09-17,41.61,Kiew Kor Ma Dam
2021-09-17,62.19,Khwae Noi Bamrung Dan Dam
2021-09-17,107.51,Mae Mok Dam
2021-09-18,39.87,Bhumibol Dam
2021-09-18,41.04,Sirikit Dam
2021-09-18,35.92,Mae Ngat Somboon Chon Dam
2021-09-18,20.2,Mae Kuang Udom Thara Dam
2021-09-18,62.03,Kiew Lom Dam
2021-09-18,43.39,Kiew Kor Ma Dam
2021-09-18,64.34,Khwae Noi Bamrung Dan Dam
2021-09-18,105.45,Mae Mok Dam
2021-09-19,40.41,Bhumibol Dam
2021-09-19,41.26,Sirikit Dam
2021-09-19,36.03,Mae Ngat Somboon Chon Dam
2021-09-19,20.4,Mae Kuang Udom Thara Dam
2021-09-19,63.28,Kiew Lom Dam
2021-09-19,44.35,Kiew Kor Ma Dam
2021-09-19,66.35,Khwae Noi Bamrung Dan Dam
2021-09-19,103.64,Mae Mok Dam
2021-09-20,40.93,Bhumibol Dam
2021-09-20,41.44,Sirikit Dam
2021-09-20,36.06,Mae Ngat Somboon Chon Dam
2021-09-20,20.55,Mae Kuang Udom Thara Dam
2021-09-20,63.5,Kiew Lom Dam
2021-09-20,44.83,Kiew Kor Ma Dam
2021-09-20,68.48,Khwae Noi Bamrung Dan Dam
2021-09-20,103.56,Mae Mok Dam
2021-09-21,41.21,Bhumibol Dam
2021-09-21,41.63,Sirikit Dam
2021-09-21,36.12,Mae Ngat Somboon Chon Dam
2021-09-21,21.17,Mae Kuang Udom Thara Dam
2021-09-21,63.5,Kiew Lom Dam
2021-09-21,45.31,Kiew Kor Ma Dam
2021-09-21,70.5,Khwae Noi Bamrung Dan Dam
2021-09-21,104.55,Mae Mok Dam
2021-09-22,41.63,Bhumibol Dam
2021-09-22,41.79,Sirikit Dam
2021-09-22,36.21,Mae Ngat Somboon Chon Dam
2021-09-22,20.99,Mae Kuang Udom Thara Dam
2021-09-22,63.73,Kiew Lom Dam
2021-09-22,46.56,Kiew Kor Ma Dam
2021-09-22,72.42,Khwae Noi Bamrung Dan Dam
2021-09-22,109.67,Mae Mok Dam
2021-09-23,42.03,Bhumibol Dam
2021-09-23,41.97,Sirikit Dam
2021-09-23,36.26,Mae Ngat Somboon Chon Dam
2021-09-23,21.18,Mae Kuang Udom Thara Dam
2021-09-23,63.84,Kiew Lom Dam
2021-09-23,47.55,Kiew Kor Ma Dam
2021-09-23,74.44,Khwae Noi Bamrung Dan Dam
2021-09-23,112.73,Mae Mok Dam
2021-09-24,42.66,Bhumibol Dam
2021-09-24,42.18,Sirikit Dam
2021-09-24,36.35,Mae Ngat Somboon Chon Dam
2021-09-24,21.37,Mae Kuang Udom Thara Dam
2021-09-24,64.77,Kiew Lom Dam
2021-09-24,48.78,Kiew Kor Ma Dam
2021-09-24,76.46,Khwae Noi Bamrung Dan Dam
2021-09-24,108.91,Mae Mok Dam
2021-09-25,43.51,Bhumibol Dam
2021-09-25,42.4,Sirikit Dam
2021-09-25,36.44,Mae Ngat Somboon Chon Dam
2021-09-25,21.57,Mae Kuang Udom Thara Dam
2021-09-25,65.69,Kiew Lom Dam
2021-09-25,49.51,Kiew Kor Ma Dam
2021-09-25,78.7,Khwae Noi Bamrung Dan Dam
2021-09-25,106.24,Mae Mok Dam
2021-09-26,44.32,Bhumibol Dam
2021-09-26,42.6,Sirikit Dam
2021-09-26,36.58,Mae Ngat Somboon Chon Dam
2021-09-26,21.74,Mae Kuang Udom Thara Dam
2021-09-26,66.63,Kiew Lom Dam
2021-09-26,50.2,Kiew Kor Ma Dam
2021-09-26,80.62,Khwae Noi Bamrung Dan Dam
2021-09-26,108.18,Mae Mok Dam
2021-09-27,45.3,Bhumibol Dam
2021-09-27,42.78,Sirikit Dam
2021-09-27,36.67,Mae Ngat Somboon Chon Dam
2021-09-27,21.94,Mae Kuang Udom Thara Dam
2021-09-27,68.45,Kiew Lom Dam
2021-09-27,51.28,Kiew Kor Ma Dam
2021-09-27,82.75,Khwae Noi Bamrung Dan Dam
2021-09-27,110,Mae Mok Dam
2021-09-28,46.69,Bhumibol Dam
2021-09-28,43.02,Sirikit Dam
2021-09-28,36.87,Mae Ngat Somboon Chon Dam
2021-09-28,22.22,Mae Kuang Udom Thara Dam
2021-09-28,70.33,Kiew Lom Dam
2021-09-28,52.57,Kiew Kor Ma Dam
2021-09-28,85.09,Khwae Noi Bamrung Dan Dam
2021-09-28,107.27,Mae Mok Dam
2021-09-29,47.77,Bhumibol Dam
2021-09-29,43.29,Sirikit Dam
2021-09-29,37.08,Mae Ngat Somboon Chon Dam
2021-09-29,22.45,Mae Kuang Udom Thara Dam
2021-09-29,72.06,Kiew Lom Dam
2021-09-29,54.59,Kiew Kor Ma Dam
2021-09-29,87.11,Khwae Noi Bamrung Dan Dam
2021-09-29,105.45,Mae Mok Dam
2021-09-30,48.53,Bhumibol Dam
2021-09-30,43.6,Sirikit Dam
2021-09-30,37.22,Mae Ngat Somboon Chon Dam
2021-09-30,22.74,Mae Kuang Udom Thara Dam
2021-09-30,73.33,Kiew Lom Dam
2021-09-30,55.96,Kiew Kor Ma Dam
2021-09-30,89.24,Khwae Noi Bamrung Dan Dam
2021-09-30,103.64,Mae Mok Dam
2021-10-01,49.1,Bhumibol Dam
2021-10-01,43.82,Sirikit Dam
2021-10-01,37.31,Mae Ngat Somboon Chon Dam
2021-10-01,22.96,Mae Kuang Udom Thara Dam
2021-10-01,73.84,Kiew Lom Dam
2021-10-01,56.72,Kiew Kor Ma Dam
2021-10-01,91.05,Khwae Noi Bamrung Dan Dam
2021-10-01,103.56,Mae Mok Dam
2021-10-02,49.62,Bhumibol Dam
2021-10-02,44.02,Sirikit Dam
2021-10-02,37.51,Mae Ngat Somboon Chon Dam
2021-10-02,23.3,Mae Kuang Udom Thara Dam
2021-10-02,74.34,Kiew Lom Dam
2021-10-02,57.31,Kiew Kor Ma Dam
2021-10-02,92.67,Khwae Noi Bamrung Dan Dam
2021-10-02,103.64,Mae Mok Dam
2021-10-03,50.11,Bhumibol Dam
2021-10-03,44.21,Sirikit Dam
2021-10-03,37.68,Mae Ngat Somboon Chon Dam
2021-10-03,23623.19,Mae Kuang Udom Thara Dam
2021-10-03,75.32,Kiew Lom Dam
2021-10-03,58.38,Kiew Kor Ma Dam
2021-10-03,93.72,Khwae Noi Bamrung Dan Dam
2021-10-03,102.8,Mae Mok Dam
2021-10-04,50.51,Bhumibol Dam
2021-10-04,44.42,Sirikit Dam
2021-10-04,37.8,Mae Ngat Somboon Chon Dam
2021-10-04,23.84,Mae Kuang Udom Thara Dam
2021-10-04,76.4,Kiew Lom Dam
2021-10-04,59.62,Kiew Kor Ma Dam
2021-10-04,94.14,Khwae Noi Bamrung Dan Dam
2021-10-04,102.29,Mae Mok Dam
2021-10-05,50.86,Bhumibol Dam
2021-10-05,44.6,Sirikit Dam
2021-10-05,37.86,Mae Ngat Somboon Chon Dam
2021-10-05,23.99,Mae Kuang Udom Thara Dam
2021-10-05,77.05,Kiew Lom Dam
2021-10-05,60.07,Kiew Kor Ma Dam
2021-10-05,94.25,Khwae Noi Bamrung Dan Dam
2021-10-05,101.82,Mae Mok Dam
2021-10-06,51.23,Bhumibol Dam
2021-10-06,44.76,Sirikit Dam
2021-10-06,37.89,Mae Ngat Somboon Chon Dam
2021-10-06,24.13,Mae Kuang Udom Thara Dam
2021-10-06,77.05,Kiew Lom Dam
2021-10-06,60.61,Kiew Kor Ma Dam
2021-10-06,94.68,Khwae Noi Bamrung Dan Dam
2021-10-06,101.65,Mae Mok Dam
2021-10-07,51.47,Bhumibol Dam
2021-10-07,44.88,Sirikit Dam
2021-10-07,37.89,Mae Ngat Somboon Chon Dam
2021-10-07,24.23,Mae Kuang Udom Thara Dam
2021-10-07,76.77,Kiew Lom Dam
2021-10-07,60.97,Kiew Kor Ma Dam
2021-10-07,94.99,Khwae Noi Bamrung Dan Dam
2021-10-07,101.53,Mae Mok Dam
2021-10-08,51.72,Bhumibol Dam
2021-10-08,44.99,Sirikit Dam
2021-10-08,37.86,Mae Ngat Somboon Chon Dam
2021-10-08,24.14,Mae Kuang Udom Thara Dam
2021-10-08,76.4,Kiew Lom Dam
2021-10-08,61.18,Kiew Kor Ma Dam
2021-10-08,95.53,Khwae Noi Bamrung Dan Dam
2021-10-08,101.27,Mae Mok Dam
2021-10-09,51.85,Bhumibol Dam
2021-10-09,45.12,Sirikit Dam
2021-10-09,37.83,Mae Ngat Somboon Chon Dam
2021-10-09,24.08,Mae Kuang Udom Thara Dam
2021-10-09,76.01,Kiew Lom Dam
2021-10-09,61.28,Kiew Kor Ma Dam
2021-10-09,95.8,Khwae Noi Bamrung Dan Dam
2021-10-09,100.91,Mae Mok Dam
2021-10-10,51.98,Bhumibol Dam
2021-10-10,45.21,Sirikit Dam
2021-10-10,37.86,Mae Ngat Somboon Chon Dam
2021-10-10,24,Mae Kuang Udom Thara Dam
2021-10-10,75.53,Kiew Lom Dam
2021-10-10,61.34,Kiew Kor Ma Dam
2021-10-10,95.95,Khwae Noi Bamrung Dan Dam
2021-10-10,100.91,Mae Mok Dam
2021-10-11,52.12,Bhumibol Dam
2021-10-11,45.3,Sirikit Dam
2021-10-11,37.91,Mae Ngat Somboon Chon Dam
2021-10-11,23.95,Mae Kuang Udom Thara Dam
2021-10-11,75.36,Kiew Lom Dam
2021-10-11,61.91,Kiew Kor Ma Dam
2021-10-11,96.17,Khwae Noi Bamrung Dan Dam
2021-10-11,101.82,Mae Mok Dam
2021-10-12,52.33,Bhumibol Dam
2021-10-12,45.36,Sirikit Dam
2021-10-12,37.97,Mae Ngat Somboon Chon Dam
2021-10-12,23.93,Mae Kuang Udom Thara Dam
2021-10-12,76.28,Kiew Lom Dam
2021-10-12,63.88,Kiew Kor Ma Dam
2021-10-12,96.38,Khwae Noi Bamrung Dan Dam
2021-10-12,101.82,Mae Mok Dam
2021-10-13,52.51,Bhumibol Dam
2021-10-13,45.53,Sirikit Dam
2021-10-13,38.03,Mae Ngat Somboon Chon Dam
2021-10-13,24.02,Mae Kuang Udom Thara Dam
2021-10-13,77.2,Kiew Lom Dam
2021-10-13,64.97,Kiew Kor Ma Dam
2021-10-13,96.81,Khwae Noi Bamrung Dan Dam
2021-10-13,102.73,Mae Mok Dam
2021-10-14,52.74,Bhumibol Dam
2021-10-14,45.68,Sirikit Dam
2021-10-14,38.06,Mae Ngat Somboon Chon Dam
2021-10-14,24.12,Mae Kuang Udom Thara Dam
2021-10-14,77.5,Kiew Lom Dam
2021-10-14,65.54,Kiew Kor Ma Dam
2021-10-14,97.23,Khwae Noi Bamrung Dan Dam
2021-10-14,102.73,Mae Mok Dam
2021-10-15,52.96,Bhumibol Dam
2021-10-15,45.81,Sirikit Dam
2021-10-15,38.09,Mae Ngat Somboon Chon Dam
2021-10-15,24.22,Mae Kuang Udom Thara Dam
2021-10-15,77.57,Kiew Lom Dam
2021-10-15,65.92,Kiew Kor Ma Dam
2021-10-15,97.66,Khwae Noi Bamrung Dan Dam
2021-10-15,102.42,Mae Mok Dam
2021-10-16,53.13,Bhumibol Dam
2021-10-16,45.89,Sirikit Dam
2021-10-16,38.2,Mae Ngat Somboon Chon Dam
2021-10-16,23.99,Mae Kuang Udom Thara Dam
2021-10-16,77.57,Kiew Lom Dam
2021-10-16,66.25,Kiew Kor Ma Dam
2021-10-16,97.98,Khwae Noi Bamrung Dan Dam
2021-10-16,103.64,Mae Mok Dam
2021-10-17,53.51,Bhumibol Dam
2021-10-17,46,Sirikit Dam
2021-10-17,38.38,Mae Ngat Somboon Chon Dam
2021-10-17,24.33,Mae Kuang Udom Thara Dam
2021-10-17,78.21,Kiew Lom Dam
2021-10-17,66.75,Kiew Kor Ma Dam
2021-10-17,98.51,Khwae Noi Bamrung Dan Dam
2021-10-17,103.31,Mae Mok Dam
2021-10-18,54.15,Bhumibol Dam
2021-10-18,46.06,Sirikit Dam
2021-10-18,38.49,Mae Ngat Somboon Chon Dam
2021-10-18,24.92,Mae Kuang Udom Thara Dam
2021-10-18,79.24,Kiew Lom Dam
2021-10-18,67.35,Kiew Kor Ma Dam
2021-10-18,98.83,Khwae Noi Bamrung Dan Dam
2021-10-18,103.44,Mae Mok Dam
2021-10-19,54.82,Bhumibol Dam
2021-10-19,46.15,Sirikit Dam
2021-10-19,38.55,Mae Ngat Somboon Chon Dam
2021-10-19,25.04,Mae Kuang Udom Thara Dam
2021-10-19,79.79,Kiew Lom Dam
2021-10-19,67.84,Kiew Kor Ma Dam
2021-10-19,99.25,Khwae Noi Bamrung Dan Dam
2021-10-19,103.64,Mae Mok Dam
2021-10-20,55.48,Bhumibol Dam
2021-10-20,46.23,Sirikit Dam
2021-10-20,38.64,Mae Ngat Somboon Chon Dam
2021-10-20,25.23,Mae Kuang Udom Thara Dam
2021-10-20,80.49,Kiew Lom Dam
2021-10-20,68.38,Kiew Kor Ma Dam
2021-10-20,99.47,Khwae Noi Bamrung Dan Dam
2021-10-20,103.64,Mae Mok Dam
2021-10-21,55.79,Bhumibol Dam
2021-10-21,46.26,Sirikit Dam
2021-10-21,38.68,Mae Ngat Somboon Chon Dam
2021-10-21,25.39,Mae Kuang Udom Thara Dam
2021-10-21,81.18,Kiew Lom Dam
2021-10-21,68.93,Kiew Kor Ma Dam
2021-10-21,99.79,Khwae Noi Bamrung Dan Dam
2021-10-21,104.2,Mae Mok Dam
2021-10-22,56.14,Bhumibol Dam
2021-10-22,46.33,Sirikit Dam
2021-10-22,38.72,Mae Ngat Somboon Chon Dam
2021-10-22,25.4,Mae Kuang Udom Thara Dam
2021-10-22,81.85,Kiew Lom Dam
2021-10-22,69.48,Kiew Kor Ma Dam
2021-10-22,100.65,Khwae Noi Bamrung Dan Dam
2021-10-22,104.58,Mae Mok Dam
2021-10-23,56.52,Bhumibol Dam
2021-10-23,46.44,Sirikit Dam
2021-10-23,38.84,Mae Ngat Somboon Chon Dam
2021-10-23,25.49,Mae Kuang Udom Thara Dam
2021-10-23,82.22,Kiew Lom Dam
2021-10-23,69.86,Kiew Kor Ma Dam
2021-10-23,101.47,Khwae Noi Bamrung Dan Dam
2021-10-23,104.55,Mae Mok Dam
2021-10-24,57.03,Bhumibol Dam
2021-10-24,46.5,Sirikit Dam
2021-10-24,39.1,Mae Ngat Somboon Chon Dam
2021-10-24,25.73,Mae Kuang Udom Thara Dam
2021-10-24,82.85,Kiew Lom Dam
2021-10-24,71.25,Kiew Kor Ma Dam
2021-10-24,101.92,Khwae Noi Bamrung Dan Dam
2021-10-24,103.64,Mae Mok Dam
2021-10-25,57.5,Bhumibol Dam
2021-10-25,46.57,Sirikit Dam
2021-10-25,39.33,Mae Ngat Somboon Chon Dam
2021-10-25,25.88,Mae Kuang Udom Thara Dam
2021-10-25,84.16,Kiew Lom Dam
2021-10-25,72.49,Kiew Kor Ma Dam
2021-10-25,101.92,Khwae Noi Bamrung Dan Dam
2021-10-25,103.64,Mae Mok Dam
2021-10-26,57.89,Bhumibol Dam
2021-10-26,46.62,Sirikit Dam
2021-10-26,39.52,Mae Ngat Somboon Chon Dam
2021-10-26,25.91,Mae Kuang Udom Thara Dam
2021-10-26,84.47,Kiew Lom Dam
2021-10-26,73.32,Kiew Kor Ma Dam
2021-10-26,101.92,Khwae Noi Bamrung Dan Dam
2021-10-26,102.73,Mae Mok Dam
2021-10-27,58.17,Bhumibol Dam
2021-10-27,46.68,Sirikit Dam
2021-10-27,39.67,Mae Ngat Somboon Chon Dam
2021-10-27,25.94,Mae Kuang Udom Thara Dam
2021-10-27,84.65,Kiew Lom Dam
2021-10-27,73.85,Kiew Kor Ma Dam
2021-10-27,101.7,Khwae Noi Bamrung Dan Dam
2021-10-27,102.73,Mae Mok Dam
2021-10-28,58.48,Bhumibol Dam
2021-10-28,46.73,Sirikit Dam
2021-10-28,39.78,Mae Ngat Somboon Chon Dam
2021-10-28,26,Mae Kuang Udom Thara Dam
2021-10-28,84.8,Kiew Lom Dam
2021-10-28,74.32,Kiew Kor Ma Dam
2021-10-28,101.38,Khwae Noi Bamrung Dan Dam
2021-10-28,101.82,Mae Mok Dam
2021-10-29,58.77,Bhumibol Dam
2021-10-29,46.77,Sirikit Dam
2021-10-29,39.84,Mae Ngat Somboon Chon Dam
2021-10-29,26.14,Mae Kuang Udom Thara Dam
2021-10-29,84.93,Kiew Lom Dam
2021-10-29,74.68,Kiew Kor Ma Dam
2021-10-29,100.85,Khwae Noi Bamrung Dan Dam
2021-10-29,101.82,Mae Mok Dam
2021-10-30,58.99,Bhumibol Dam
2021-10-30,46.78,Sirikit Dam
2021-10-30,39.93,Mae Ngat Somboon Chon Dam
2021-10-30,26.28,Mae Kuang Udom Thara Dam
2021-10-30,85.03,Kiew Lom Dam
2021-10-30,75.04,Kiew Kor Ma Dam
2021-10-30,100.43,Khwae Noi Bamrung Dan Dam
2021-10-30,102.04,Mae Mok Dam
2021-10-31,59.22,Bhumibol Dam
2021-10-31,46.88,Sirikit Dam
2021-10-31,40.09,Mae Ngat Somboon Chon Dam
2021-10-31,26.5,Mae Kuang Udom Thara Dam
2021-10-31,85.13,Kiew Lom Dam
2021-10-31,75.51,Kiew Kor Ma Dam
2021-10-31,100.38,Khwae Noi Bamrung Dan Dam
2021-10-31,102.42,Mae Mok Dam
2021-11-01,59.64,Bhumibol Dam
2021-11-01,46.97,Sirikit Dam
2021-11-01,40.29,Mae Ngat Somboon Chon Dam
2021-11-01,26.93,Mae Kuang Udom Thara Dam
2021-11-01,85.61,Kiew Lom Dam
2021-11-01,75.86,Kiew Kor Ma Dam
2021-11-01,100.49,Khwae Noi Bamrung Dan Dam
2021-11-01,102.55,Mae Mok Dam
2021-11-02,59.78,Bhumibol Dam
2021-11-02,47.09,Sirikit Dam
2021-11-02,40.98,Mae Ngat Somboon Chon Dam
2021-11-02,27.28,Mae Kuang Udom Thara Dam
2021-11-02,86.64,Kiew Lom Dam
2021-11-02,76.28,Kiew Kor Ma Dam
2021-11-02,100.75,Khwae Noi Bamrung Dan Dam
2021-11-02,102.73,Mae Mok Dam
2021-11-03,60.01,Bhumibol Dam
2021-11-03,47.17,Sirikit Dam
2021-11-03,41.59,Mae Ngat Somboon Chon Dam
2021-11-03,27.52,Mae Kuang Udom Thara Dam
2021-11-03,87.25,Kiew Lom Dam
2021-11-03,76.58,Kiew Kor Ma Dam
2021-11-03,100.96,Khwae Noi Bamrung Dan Dam
2021-11-03,102.73,Mae Mok Dam
2021-11-04,60.24,Bhumibol Dam
2021-11-04,47.25,Sirikit Dam
2021-11-04,42.03,Mae Ngat Somboon Chon Dam
2021-11-04,27.78,Mae Kuang Udom Thara Dam
2021-11-04,88.25,Kiew Lom Dam
2021-11-04,78.01,Kiew Kor Ma Dam
2021-11-04,101.28,Khwae Noi Bamrung Dan Dam
2021-11-04,101.82,Mae Mok Dam
2021-11-05,60.48,Bhumibol Dam
2021-11-05,47.29,Sirikit Dam
2021-11-05,42.32,Mae Ngat Somboon Chon Dam
2021-11-05,28.01,Mae Kuang Udom Thara Dam
2021-11-05,89.74,Kiew Lom Dam
2021-11-05,78.66,Kiew Kor Ma Dam
2021-11-05,101.38,Khwae Noi Bamrung Dan Dam
2021-11-05,101.82,Mae Mok Dam
2021-11-06,60.7,Bhumibol Dam
2021-11-06,47.36,Sirikit Dam
2021-11-06,42.55,Mae Ngat Somboon Chon Dam
2021-11-06,27.8,Mae Kuang Udom Thara Dam
2021-11-06,90.3,Kiew Lom Dam
2021-11-06,79.2,Kiew Kor Ma Dam
2021-11-06,101.38,Khwae Noi Bamrung Dan Dam
2021-11-06,101.82,Mae Mok Dam
2021-11-07,60.88,Bhumibol Dam
2021-11-07,47.39,Sirikit Dam
2021-11-07,42.72,Mae Ngat Somboon Chon Dam
2021-11-07,28.35,Mae Kuang Udom Thara Dam
2021-11-07,90.88,Kiew Lom Dam
2021-11-07,79.68,Kiew Kor Ma Dam
2021-11-07,101.28,Khwae Noi Bamrung Dan Dam
2021-11-07,101.82,Mae Mok Dam
2021-11-08,61.08,Bhumibol Dam
2021-11-08,47.41,Sirikit Dam
2021-11-08,42.84,Mae Ngat Somboon Chon Dam
2021-11-08,28.48,Mae Kuang Udom Thara Dam
2021-11-08,91.34,Kiew Lom Dam
2021-11-08,80.16,Kiew Kor Ma Dam
2021-11-08,101.28,Khwae Noi Bamrung Dan Dam
2021-11-08,100.91,Mae Mok Dam
2021-11-09,61.14,Bhumibol Dam
2021-11-09,47.48,Sirikit Dam
2021-11-09,42.89,Mae Ngat Somboon Chon Dam
2021-11-09,28.62,Mae Kuang Udom Thara Dam
2021-11-09,91.92,Kiew Lom Dam
2021-11-09,80.46,Kiew Kor Ma Dam
2021-11-09,101.28,Khwae Noi Bamrung Dan Dam
2021-11-09,100.91,Mae Mok Dam
2021-11-10,61.3,Bhumibol Dam
2021-11-10,47.46,Sirikit Dam
2021-11-10,42.92,Mae Ngat Somboon Chon Dam
2021-11-10,28.8,Mae Kuang Udom Thara Dam
2021-11-10,92.36,Kiew Lom Dam
2021-11-10,80.99,Kiew Kor Ma Dam
2021-11-10,101.38,Khwae Noi Bamrung Dan Dam
2021-11-10,100.91,Mae Mok Dam
2021-11-11,61.42,Bhumibol Dam
2021-11-11,47.49,Sirikit Dam
2021-11-11,43.04,Mae Ngat Somboon Chon Dam
2021-11-11,28.96,Mae Kuang Udom Thara Dam
2021-11-11,92.82,Kiew Lom Dam
2021-11-11,81.47,Kiew Kor Ma Dam
2021-11-11,101.49,Khwae Noi Bamrung Dan Dam
2021-11-11,100.91,Mae Mok Dam
2021-11-12,61.57,Bhumibol Dam
2021-11-12,47.51,Sirikit Dam
2021-11-12,43.1,Mae Ngat Somboon Chon Dam
2021-11-12,29.09,Mae Kuang Udom Thara Dam
2021-11-12,93.1,Kiew Lom Dam
2021-11-12,81.83,Kiew Kor Ma Dam
2021-11-12,101.6,Khwae Noi Bamrung Dan Dam
2021-11-12,100.91,Mae Mok Dam
2021-11-13,61.68,Bhumibol Dam
2021-11-13,47.51,Sirikit Dam
2021-11-13,43.22,Mae Ngat Somboon Chon Dam
2021-11-13,29.23,Mae Kuang Udom Thara Dam
2021-11-13,93.39,Kiew Lom Dam
2021-11-13,82.19,Kiew Kor Ma Dam
2021-11-13,101.6,Khwae Noi Bamrung Dan Dam
2021-11-13,100.89,Mae Mok Dam
2021-11-14,61.77,Bhumibol Dam
2021-11-14,47.51,Sirikit Dam
2021-11-14,43.33,Mae Ngat Somboon Chon Dam
2021-11-14,29.35,Mae Kuang Udom Thara Dam
2021-11-14,93.68,Kiew Lom Dam
2021-11-14,82.43,Kiew Kor Ma Dam
2021-11-14,101.63,Khwae Noi Bamrung Dan Dam
2021-11-14,100.91,Mae Mok Dam
2021-11-15,61.89,Bhumibol Dam
2021-11-15,47.53,Sirikit Dam
2021-11-15,43.45,Mae Ngat Somboon Chon Dam
2021-11-15,29.47,Mae Kuang Udom Thara Dam
2021-11-15,93.83,Kiew Lom Dam
2021-11-15,82.92,Kiew Kor Ma Dam
2021-11-15,101.7,Khwae Noi Bamrung Dan Dam
2021-11-15,100.91,Mae Mok Dam
2021-11-16,61.97,Bhumibol Dam
2021-11-16,47.53,Sirikit Dam
2021-11-16,43.53,Mae Ngat Somboon Chon Dam
2021-11-16,29.59,Mae Kuang Udom Thara Dam
2021-11-16,94.13,Kiew Lom Dam
2021-11-16,82.92,Kiew Kor Ma Dam
2021-11-16,101.7,Khwae Noi Bamrung Dan Dam
2021-11-16,100.91,Mae Mok Dam
2021-11-17,62.03,Bhumibol Dam
2021-11-17,47.55,Sirikit Dam
2021-11-17,43.59,Mae Ngat Somboon Chon Dam
2021-11-17,29.71,Mae Kuang Udom Thara Dam
2021-11-17,94.28,Kiew Lom Dam
2021-11-17,83.08,Kiew Kor Ma Dam
2021-11-17,101.7,Khwae Noi Bamrung Dan Dam
2021-11-17,100.91,Mae Mok Dam
2021-11-18,62.08,Bhumibol Dam
2021-11-18,47.56,Sirikit Dam
2021-11-18,43.63,Mae Ngat Somboon Chon Dam
2021-11-18,29.81,Mae Kuang Udom Thara Dam
2021-11-18,94.28,Kiew Lom Dam
2021-11-18,83.4,Kiew Kor Ma Dam
2021-11-18,101.6,Khwae Noi Bamrung Dan Dam
2021-11-18,100.91,Mae Mok Dam
2021-11-19,62.13,Bhumibol Dam
2021-11-19,47.56,Sirikit Dam
2021-11-19,43.65,Mae Ngat Somboon Chon Dam
2021-11-19,29.91,Mae Kuang Udom Thara Dam
2021-11-19,93.97,Kiew Lom Dam
2021-11-19,83.56,Kiew Kor Ma Dam
2021-11-19,101.6,Khwae Noi Bamrung Dan Dam
2021-11-19,100.91,Mae Mok Dam
2021-11-20,62.15,Bhumibol Dam
2021-11-20,47.56,Sirikit Dam
2021-11-20,43.68,Mae Ngat Somboon Chon Dam
2021-11-20,30.01,Mae Kuang Udom Thara Dam
2021-11-20,93.84,Kiew Lom Dam
2021-11-20,83.32,Kiew Kor Ma Dam
2021-11-20,101.6,Khwae Noi Bamrung Dan Dam
2021-11-20,100.64,Mae Mok Dam
2021-11-21,62.21,Bhumibol Dam
2021-11-21,47.56,Sirikit Dam
2021-11-21,43.72,Mae Ngat Somboon Chon Dam
2021-11-21,30.11,Mae Kuang Udom Thara Dam
2021-11-21,94.29,Kiew Lom Dam
2021-11-21,83.08,Kiew Kor Ma Dam
2021-11-21,101.58,Khwae Noi Bamrung Dan Dam
2021-11-21,100.91,Mae Mok Dam
2021-11-22,62.25,Bhumibol Dam
2021-11-22,47.56,Sirikit Dam
2021-11-22,43.75,Mae Ngat Somboon Chon Dam
2021-11-22,30.18,Mae Kuang Udom Thara Dam
2021-11-22,94.86,Kiew Lom Dam
2021-11-22,83.08,Kiew Kor Ma Dam
2021-11-22,101.38,Khwae Noi Bamrung Dan Dam
2021-11-22,100.91,Mae Mok Dam
2021-11-23,62.32,Bhumibol Dam
2021-11-23,47.56,Sirikit Dam
2021-11-23,43.77,Mae Ngat Somboon Chon Dam
2021-11-23,30.25,Mae Kuang Udom Thara Dam
2021-11-23,95.15,Kiew Lom Dam
2021-11-23,83.32,Kiew Kor Ma Dam
2021-11-23,101.28,Khwae Noi Bamrung Dan Dam
2021-11-23,100.91,Mae Mok Dam
2021-11-24,62.35,Bhumibol Dam
2021-11-24,47.55,Sirikit Dam
2021-11-24,43.79,Mae Ngat Somboon Chon Dam
2021-11-24,30.42,Mae Kuang Udom Thara Dam
2021-11-24,95.3,Kiew Lom Dam
2021-11-24,83.88,Kiew Kor Ma Dam
2021-11-24,101.06,Khwae Noi Bamrung Dan Dam
2021-11-24,100.91,Mae Mok Dam
2021-11-25,62.42,Bhumibol Dam
2021-11-25,47.53,Sirikit Dam
2021-11-25,43.8,Mae Ngat Somboon Chon Dam
2021-11-25,30.5,Mae Kuang Udom Thara Dam
2021-11-25,95.44,Kiew Lom Dam
2021-11-25,84.04,Kiew Kor Ma Dam
2021-11-25,100.85,Khwae Noi Bamrung Dan Dam
2021-11-25,100,Mae Mok Dam
2021-11-26,62.51,Bhumibol Dam
2021-11-26,47.49,Sirikit Dam
2021-11-26,43.8,Mae Ngat Somboon Chon Dam
2021-11-26,30.58,Mae Kuang Udom Thara Dam
2021-11-26,95.59,Kiew Lom Dam
2021-11-26,84.19,Kiew Kor Ma Dam
2021-11-26,100.64,Khwae Noi Bamrung Dan Dam
2021-11-26,100,Mae Mok Dam
2021-11-27,62.59,Bhumibol Dam
2021-11-27,47.46,Sirikit Dam
2021-11-27,43.85,Mae Ngat Somboon Chon Dam
2021-11-27,30.68,Mae Kuang Udom Thara Dam
2021-11-27,95.74,Kiew Lom Dam
2021-11-27,84.35,Kiew Kor Ma Dam
2021-11-27,100.43,Khwae Noi Bamrung Dan Dam
2021-11-27,100.38,Mae Mok Dam
2021-11-28,62.64,Bhumibol Dam
2021-11-28,47.41,Sirikit Dam
2021-11-28,43.91,Mae Ngat Somboon Chon Dam
2021-11-28,30.74,Mae Kuang Udom Thara Dam
2021-11-28,95.83,Kiew Lom Dam
2021-11-28,84.43,Kiew Kor Ma Dam
2021-11-28,100.22,Khwae Noi Bamrung Dan Dam
2021-11-28,100,Mae Mok Dam
2021-11-29,62.71,Bhumibol Dam
2021-11-29,47.38,Sirikit Dam
2021-11-29,43.96,Mae Ngat Somboon Chon Dam
2021-11-29,30.91,Mae Kuang Udom Thara Dam
2021-11-29,95.83,Kiew Lom Dam
2021-11-29,84.43,Kiew Kor Ma Dam
2021-11-29,100,Khwae Noi Bamrung Dan Dam
2021-11-29,100,Mae Mok Dam
2021-11-30,62.71,Bhumibol Dam
2021-11-30,47.36,Sirikit Dam
2021-11-30,43.98,Mae Ngat Somboon Chon Dam
2021-11-30,30.91,Mae Kuang Udom Thara Dam
2021-11-30,95.89,Kiew Lom Dam
2021-11-30,84.66,Kiew Kor Ma Dam
2021-11-30,99.89,Khwae Noi Bamrung Dan Dam
2021-11-30,100,Mae Mok Dam
2021-12-01,62.69,Bhumibol Dam
2021-12-01,47.38,Sirikit Dam
2021-12-01,43.98,Mae Ngat Somboon Chon Dam
2021-12-01,30.98,Mae Kuang Udom Thara Dam
2021-12-01,95.89,Kiew Lom Dam
2021-12-01,84.66,Kiew Kor Ma Dam
2021-12-01,99.68,Khwae Noi Bamrung Dan Dam
2021-12-01,100,Mae Mok Dam
2021-12-02,62.69,Bhumibol Dam
2021-12-02,47.34,Sirikit Dam
2021-12-02,43.97,Mae Ngat Somboon Chon Dam
2021-12-02,31.05,Mae Kuang Udom Thara Dam
2021-12-02,95.89,Kiew Lom Dam
2021-12-02,84.66,Kiew Kor Ma Dam
2021-12-02,99.36,Khwae Noi Bamrung Dan Dam
2021-12-02,100,Mae Mok Dam
2021-12-03,62.68,Bhumibol Dam
2021-12-03,47.31,Sirikit Dam
2021-12-03,43.95,Mae Ngat Somboon Chon Dam
2021-12-03,31.11,Mae Kuang Udom Thara Dam
2021-12-03,95.74,Kiew Lom Dam
2021-12-03,84.66,Kiew Kor Ma Dam
2021-12-03,99.15,Khwae Noi Bamrung Dan Dam
2021-12-03,100.25,Mae Mok Dam
2021-12-04,62.64,Bhumibol Dam
2021-12-04,47.27,Sirikit Dam
2021-12-04,43.97,Mae Ngat Somboon Chon Dam
2021-12-04,31.19,Mae Kuang Udom Thara Dam
2021-12-04,95.74,Kiew Lom Dam
2021-12-04,84.66,Kiew Kor Ma Dam
2021-12-04,98.94,Khwae Noi Bamrung Dan Dam
2021-12-04,100.13,Mae Mok Dam
2021-12-05,62.64,Bhumibol Dam
2021-12-05,47.23,Sirikit Dam
2021-12-05,44,Mae Ngat Somboon Chon Dam
2021-12-05,31.27,Mae Kuang Udom Thara Dam
2021-12-05,95.74,Kiew Lom Dam
2021-12-05,84.66,Kiew Kor Ma Dam
2021-12-05,98.65,Khwae Noi Bamrung Dan Dam
2021-12-05,100.13,Mae Mok Dam
2021-12-06,62.61,Bhumibol Dam
2021-12-06,47.19,Sirikit Dam
2021-12-06,44.02,Mae Ngat Somboon Chon Dam
2021-12-06,31.34,Mae Kuang Udom Thara Dam
2021-12-06,95.74,Kiew Lom Dam
2021-12-06,84.74,Kiew Kor Ma Dam
2021-12-06,98.4,Khwae Noi Bamrung Dan Dam
2021-12-06,100,Mae Mok Dam
2021-12-07,62.55,Bhumibol Dam
2021-12-07,47.16,Sirikit Dam
2021-12-07,44.03,Mae Ngat Somboon Chon Dam
2021-12-07,31.41,Mae Kuang Udom Thara Dam
2021-12-07,95.59,Kiew Lom Dam
2021-12-07,84.82,Kiew Kor Ma Dam
2021-12-07,98.19,Khwae Noi Bamrung Dan Dam
2021-12-07,100,Mae Mok Dam
2021-12-08,62.49,Bhumibol Dam
2021-12-08,47.12,Sirikit Dam
2021-12-08,44,Mae Ngat Somboon Chon Dam
2021-12-08,31.46,Mae Kuang Udom Thara Dam
2021-12-08,95.59,Kiew Lom Dam
2021-12-08,84.82,Kiew Kor Ma Dam
2021-12-08,97.87,Khwae Noi Bamrung Dan Dam
2021-12-08,100,Mae Mok Dam
2021-12-09,62.35,Bhumibol Dam
2021-12-09,47.09,Sirikit Dam
2021-12-09,43.96,Mae Ngat Somboon Chon Dam
2021-12-09,31.52,Mae Kuang Udom Thara Dam
2021-12-09,95.44,Kiew Lom Dam
2021-12-09,84.82,Kiew Kor Ma Dam
2021-12-09,97.66,Khwae Noi Bamrung Dan Dam
2021-12-09,100,Mae Mok Dam
2021-12-10,62.26,Bhumibol Dam
2021-12-10,47.05,Sirikit Dam
2021-12-10,43.92,Mae Ngat Somboon Chon Dam
2021-12-10,31.58,Mae Kuang Udom Thara Dam
2021-12-10,95.44,Kiew Lom Dam
2021-12-10,84.82,Kiew Kor Ma Dam
2021-12-10,97.45,Khwae Noi Bamrung Dan Dam
2021-12-10,100,Mae Mok Dam
2021-12-11,62.16,Bhumibol Dam
2021-12-11,47.01,Sirikit Dam
2021-12-11,43.92,Mae Ngat Somboon Chon Dam
2021-12-11,31.64,Mae Kuang Udom Thara Dam
2021-12-11,95.44,Kiew Lom Dam
2021-12-11,84.74,Kiew Kor Ma Dam
2021-12-11,97.2,Khwae Noi Bamrung Dan Dam
2021-12-11,100,Mae Mok Dam
2021-12-12,62.03,Bhumibol Dam
2021-12-12,46.97,Sirikit Dam
2021-12-12,43.94,Mae Ngat Somboon Chon Dam
2021-12-12,31.71,Mae Kuang Udom Thara Dam
2021-12-12,95.44,Kiew Lom Dam
2021-12-12,84.66,Kiew Kor Ma Dam
2021-12-12,96.91,Khwae Noi Bamrung Dan Dam
2021-12-12,100,Mae Mok Dam
2021-12-13,61.89,Bhumibol Dam
2021-12-13,46.92,Sirikit Dam
2021-12-13,43.93,Mae Ngat Somboon Chon Dam
2021-12-13,31.77,Mae Kuang Udom Thara Dam
2021-12-13,95.44,Kiew Lom Dam
2021-12-13,84.43,Kiew Kor Ma Dam
2021-12-13,96.7,Khwae Noi Bamrung Dan Dam
2021-12-13,100,Mae Mok Dam
2021-12-14,61.79,Bhumibol Dam
2021-12-14,46.86,Sirikit Dam
2021-12-14,43.9,Mae Ngat Somboon Chon Dam
2021-12-14,31.83,Mae Kuang Udom Thara Dam
2021-12-14,95.44,Kiew Lom Dam
2021-12-14,84.35,Kiew Kor Ma Dam
2021-12-14,96.49,Khwae Noi Bamrung Dan Dam
2021-12-14,100,Mae Mok Dam
2021-12-15,61.66,Bhumibol Dam
2021-12-15,46.8,Sirikit Dam
2021-12-15,43.86,Mae Ngat Somboon Chon Dam
2021-12-15,31.89,Mae Kuang Udom Thara Dam
2021-12-15,95.38,Kiew Lom Dam
2021-12-15,84.27,Kiew Kor Ma Dam
2021-12-15,96.17,Khwae Noi Bamrung Dan Dam
2021-12-15,100,Mae Mok Dam
2021-12-16,61.57,Bhumibol Dam
2021-12-16,46.75,Sirikit Dam
2021-12-16,43.82,Mae Ngat Somboon Chon Dam
2021-12-16,31.95,Mae Kuang Udom Thara Dam
2021-12-16,95.38,Kiew Lom Dam
2021-12-16,84.19,Kiew Kor Ma Dam
2021-12-16,95.95,Khwae Noi Bamrung Dan Dam
2021-12-16,99.09,Mae Mok Dam
2021-12-17,61.42,Bhumibol Dam
2021-12-17,46.73,Sirikit Dam
2021-12-17,43.77,Mae Ngat Somboon Chon Dam
2021-12-17,32,Mae Kuang Udom Thara Dam
2021-12-17,95.38,Kiew Lom Dam
2021-12-17,84.04,Kiew Kor Ma Dam
2021-12-17,95.74,Khwae Noi Bamrung Dan Dam
2021-12-17,98.18,Mae Mok Dam
2021-12-18,61.3,Bhumibol Dam
2021-12-18,46.7,Sirikit Dam
2021-12-18,43.77,Mae Ngat Somboon Chon Dam
2021-12-18,32.04,Mae Kuang Udom Thara Dam
2021-12-18,95.23,Kiew Lom Dam
2021-12-18,83.88,Kiew Kor Ma Dam
2021-12-18,95.42,Khwae Noi Bamrung Dan Dam
2021-12-18,98.09,Mae Mok Dam
2021-12-19,61.19,Bhumibol Dam
2021-12-19,46.66,Sirikit Dam
2021-12-19,43.77,Mae Ngat Somboon Chon Dam
2021-12-19,32.08,Mae Kuang Udom Thara Dam
2021-12-19,95.23,Kiew Lom Dam
2021-12-19,83.79,Kiew Kor Ma Dam
2021-12-19,95.24,Khwae Noi Bamrung Dan Dam
2021-12-19,97.27,Mae Mok Dam
2021-12-20,61.1,Bhumibol Dam
2021-12-20,46.62,Sirikit Dam
2021-12-20,43.75,Mae Ngat Somboon Chon Dam
2021-12-20,32.12,Mae Kuang Udom Thara Dam
2021-12-20,95.38,Kiew Lom Dam
2021-12-20,83.72,Kiew Kor Ma Dam
2021-12-20,94.99,Khwae Noi Bamrung Dan Dam
2021-12-20,97.27,Mae Mok Dam
2021-12-21,60.96,Bhumibol Dam
2021-12-21,46.58,Sirikit Dam
2021-12-21,43.69,Mae Ngat Somboon Chon Dam
2021-12-21,32.16,Mae Kuang Udom Thara Dam
2021-12-21,95.44,Kiew Lom Dam
2021-12-21,83.64,Kiew Kor Ma Dam
2021-12-21,94.78,Khwae Noi Bamrung Dan Dam
2021-12-21,96.36,Mae Mok Dam
2021-12-22,60.85,Bhumibol Dam
2021-12-22,46.53,Sirikit Dam
2021-12-22,43.63,Mae Ngat Somboon Chon Dam
2021-12-22,32.2,Mae Kuang Udom Thara Dam
2021-12-22,95.38,Kiew Lom Dam
2021-12-22,83.56,Kiew Kor Ma Dam
2021-12-22,94.46,Khwae Noi Bamrung Dan Dam
2021-12-22,96.36,Mae Mok Dam
2021-12-23,60.71,Bhumibol Dam
2021-12-23,46.48,Sirikit Dam
2021-12-23,43.57,Mae Ngat Somboon Chon Dam
2021-12-23,32.23,Mae Kuang Udom Thara Dam
2021-12-23,95.38,Kiew Lom Dam
2021-12-23,83.4,Kiew Kor Ma Dam
2021-12-23,94.14,Khwae Noi Bamrung Dan Dam
2021-12-23,95.45,Mae Mok Dam
2021-12-24,60.58,Bhumibol Dam
2021-12-24,46.42,Sirikit Dam
2021-12-24,43.5,Mae Ngat Somboon Chon Dam
2021-12-24,32.27,Mae Kuang Udom Thara Dam
2021-12-24,95.38,Kiew Lom Dam
2021-12-24,83.32,Kiew Kor Ma Dam
2021-12-24,93.93,Khwae Noi Bamrung Dan Dam
2021-12-24,94.78,Mae Mok Dam
2021-12-25,60.44,Bhumibol Dam
2021-12-25,46.36,Sirikit Dam
2021-12-25,43.49,Mae Ngat Somboon Chon Dam
2021-12-25,32.31,Mae Kuang Udom Thara Dam
2021-12-25,95.31,Kiew Lom Dam
2021-12-25,83.16,Kiew Kor Ma Dam
2021-12-25,93.62,Khwae Noi Bamrung Dan Dam
2021-12-25,94.27,Mae Mok Dam
2021-12-26,60.27,Bhumibol Dam
2021-12-26,46.31,Sirikit Dam
2021-12-26,43.49,Mae Ngat Somboon Chon Dam
2021-12-26,32.35,Mae Kuang Udom Thara Dam
2021-12-26,95.31,Kiew Lom Dam
2021-12-26,82.92,Kiew Kor Ma Dam
2021-12-26,93.29,Khwae Noi Bamrung Dan Dam
2021-12-26,93.64,Mae Mok Dam
2021-12-27,60.05,Bhumibol Dam
2021-12-27,46.26,Sirikit Dam
2021-12-27,43.45,Mae Ngat Somboon Chon Dam
2021-12-27,32.39,Mae Kuang Udom Thara Dam
2021-12-27,95.44,Kiew Lom Dam
2021-12-27,82.92,Kiew Kor Ma Dam
2021-12-27,92.97,Khwae Noi Bamrung Dan Dam
2021-12-27,92.73,Mae Mok Dam
2021-12-28,59.93,Bhumibol Dam
2021-12-28,46.23,Sirikit Dam
2021-12-28,43.39,Mae Ngat Somboon Chon Dam
2021-12-28,32.43,Mae Kuang Udom Thara Dam
2021-12-28,94.94,Kiew Lom Dam
2021-12-28,82.92,Kiew Kor Ma Dam
2021-12-28,92.65,Khwae Noi Bamrung Dan Dam
2021-12-28,92.73,Mae Mok Dam
2021-12-29,59.75,Bhumibol Dam
2021-12-29,46.18,Sirikit Dam
2021-12-29,43.32,Mae Ngat Somboon Chon Dam
2021-12-29,32.47,Mae Kuang Udom Thara Dam
2021-12-29,93.97,Kiew Lom Dam
2021-12-29,82.92,Kiew Kor Ma Dam
2021-12-29,92.33,Khwae Noi Bamrung Dan Dam
2021-12-29,91.82,Mae Mok Dam
2021-12-30,59.54,Bhumibol Dam
2021-12-30,46.15,Sirikit Dam
2021-12-30,43.25,Mae Ngat Somboon Chon Dam
2021-12-30,32.51,Mae Kuang Udom Thara Dam
2021-12-30,93.1,Kiew Lom Dam
2021-12-30,82.92,Kiew Kor Ma Dam
2021-12-30,92.01,Khwae Noi Bamrung Dan Dam
2021-12-30,90.91,Mae Mok Dam
2021-12-31,59.4,Bhumibol Dam
2021-12-31,46.11,Sirikit Dam
2021-12-31,43.18,Mae Ngat Somboon Chon Dam
2021-12-31,32.55,Mae Kuang Udom Thara Dam
2021-12-31,92.19,Kiew Lom Dam
2021-12-31,82.73,Kiew Kor Ma Dam
2021-12-31,91.69,Khwae Noi Bamrung Dan Dam