Date,Water volume in dams (by %),Name of dam
2022-01-01,59.26,Bhumibol Dam
2022-01-01,46.08,Sirikit Dam
2022-01-01,43.14,Mae Ngat Somboon Chon Dam
2022-01-01,32.59,Mae Kuang Udom Thara Dam
2022-01-01,91.17,Kiew Lom Dam
2022-01-01,82.67,Kiew Kor Ma Dam
2022-01-01,91.48,Khwae Noi Bamrung Dan Dam
2022-01-01,90.91,Mae Mok Dam
2022-01-02,59.07,Bhumibol Dam
2022-01-02,46.01,Sirikit Dam
2022-01-02,43.09,Mae Ngat Somboon Chon Dam
2022-01-02,32.63,Mae Kuang Udom Thara Dam
2022-01-02,90.19,Kiew Lom Dam
2022-01-02,82.67,Kiew Kor Ma Dam
2022-01-02,91.11,Khwae Noi Bamrung Dan Dam
2022-01-02,90.07,Mae Mok Dam
2022-01-03,58.91,Bhumibol Dam
2022-01-03,45.96,Sirikit Dam
2022-01-03,43,Mae Ngat Somboon Chon Dam
2022-01-03,32.67,Mae Kuang Udom Thara Dam
2022-01-03,89.14,Kiew Lom Dam
2022-01-03,82.61,Kiew Kor Ma Dam
2022-01-03,90.84,Khwae Noi Bamrung Dan Dam
2022-01-03,90,Mae Mok Dam
2022-01-04,58.77,Bhumibol Dam
2022-01-04,45.91,Sirikit Dam
2022-01-04,42.88,Mae Ngat Somboon Chon Dam
2022-01-04,32.71,Mae Kuang Udom Thara Dam
2022-01-04,88.11,Kiew Lom Dam
2022-01-04,82.55,Kiew Kor Ma Dam
2022-01-04,90.52,Khwae Noi Bamrung Dan Dam
2022-01-04,89.09,Mae Mok Dam
2022-01-05,58.62,Bhumibol Dam
2022-01-05,45.84,Sirikit Dam
2022-01-05,42.77,Mae Ngat Somboon Chon Dam
2022-01-05,32.75,Mae Kuang Udom Thara Dam
2022-01-05,87.22,Kiew Lom Dam
2022-01-05,82.49,Kiew Kor Ma Dam
2022-01-05,90.2,Khwae Noi Bamrung Dan Dam
2022-01-05,88.18,Mae Mok Dam
2022-01-06,58.45,Bhumibol Dam
2022-01-06,45.78,Sirikit Dam
2022-01-06,42.65,Mae Ngat Somboon Chon Dam
2022-01-06,32.79,Mae Kuang Udom Thara Dam
2022-01-06,86.17,Kiew Lom Dam
2022-01-06,82.43,Kiew Kor Ma Dam
2022-01-06,89.88,Khwae Noi Bamrung Dan Dam
2022-01-06,88.18,Mae Mok Dam
2022-01-07,58.27,Bhumibol Dam
2022-01-07,45.75,Sirikit Dam
2022-01-07,42.4,Mae Ngat Somboon Chon Dam
2022-01-07,32.82,Mae Kuang Udom Thara Dam
2022-01-07,85.29,Kiew Lom Dam
2022-01-07,82.37,Kiew Kor Ma Dam
2022-01-07,89.46,Khwae Noi Bamrung Dan Dam
2022-01-07,87.27,Mae Mok Dam
2022-01-08,58.1,Bhumibol Dam
2022-01-08,45.71,Sirikit Dam
2022-01-08,42.13,Mae Ngat Somboon Chon Dam
2022-01-08,32.85,Mae Kuang Udom Thara Dam
2022-01-08,84.54,Kiew Lom Dam
2022-01-08,82.25,Kiew Kor Ma Dam
2022-01-08,89.03,Khwae Noi Bamrung Dan Dam
2022-01-08,87.27,Mae Mok Dam
2022-01-09,57.97,Bhumibol Dam
2022-01-09,45.66,Sirikit Dam
2022-01-09,42.05,Mae Ngat Somboon Chon Dam
2022-01-09,32.88,Mae Kuang Udom Thara Dam
2022-01-09,83.91,Kiew Lom Dam
2022-01-09,82.19,Kiew Kor Ma Dam
2022-01-09,88.63,Khwae Noi Bamrung Dan Dam
2022-01-09,86.4,Mae Mok Dam
2022-01-10,57.83,Bhumibol Dam
2022-01-10,45.6,Sirikit Dam
2022-01-10,41.97,Mae Ngat Somboon Chon Dam
2022-01-10,32.91,Mae Kuang Udom Thara Dam
2022-01-10,83.12,Kiew Lom Dam
2022-01-10,82.07,Kiew Kor Ma Dam
2022-01-10,88.18,Khwae Noi Bamrung Dan Dam
2022-01-10,85.45,Mae Mok Dam
2022-01-11,57.69,Bhumibol Dam
2022-01-11,45.53,Sirikit Dam
2022-01-11,41.86,Mae Ngat Somboon Chon Dam
2022-01-11,32.92,Mae Kuang Udom Thara Dam
2022-01-11,82.47,Kiew Lom Dam
2022-01-11,81.65,Kiew Kor Ma Dam
2022-01-11,87.75,Khwae Noi Bamrung Dan Dam
2022-01-11,85.45,Mae Mok Dam
2022-01-12,57.55,Bhumibol Dam
2022-01-12,45.46,Sirikit Dam
2022-01-12,41.74,Mae Ngat Somboon Chon Dam
2022-01-12,32.94,Mae Kuang Udom Thara Dam
2022-01-12,82.08,Kiew Lom Dam
2022-01-12,81.35,Kiew Kor Ma Dam
2022-01-12,87.33,Khwae Noi Bamrung Dan Dam
2022-01-12,85.45,Mae Mok Dam
2022-01-13,57.39,Bhumibol Dam
2022-01-13,45.38,Sirikit Dam
2022-01-13,41.63,Mae Ngat Somboon Chon Dam
2022-01-13,32.96,Mae Kuang Udom Thara Dam
2022-01-13,81.83,Kiew Lom Dam
2022-01-13,80.99,Kiew Kor Ma Dam
2022-01-13,86.9,Khwae Noi Bamrung Dan Dam
2022-01-13,83.64,Mae Mok Dam
2022-01-14,57.22,Bhumibol Dam
2022-01-14,45.31,Sirikit Dam
2022-01-14,41.51,Mae Ngat Somboon Chon Dam
2022-01-14,32.98,Mae Kuang Udom Thara Dam
2022-01-14,81.7,Kiew Lom Dam
2022-01-14,80.64,Kiew Kor Ma Dam
2022-01-14,86.37,Khwae Noi Bamrung Dan Dam
2022-01-14,81.82,Mae Mok Dam
2022-01-15,57.03,Bhumibol Dam
2022-01-15,45.26,Sirikit Dam
2022-01-15,41.26,Mae Ngat Somboon Chon Dam
2022-01-15,33,Mae Kuang Udom Thara Dam
2022-01-15,81.57,Kiew Lom Dam
2022-01-15,80.28,Kiew Kor Ma Dam
2022-01-15,85.96,Khwae Noi Bamrung Dan Dam
2022-01-15,79.85,Mae Mok Dam
2022-01-16,56.86,Bhumibol Dam
2022-01-16,45.21,Sirikit Dam
2022-01-16,41.27,Mae Ngat Somboon Chon Dam
2022-01-16,33.02,Mae Kuang Udom Thara Dam
2022-01-16,81.43,Kiew Lom Dam
2022-01-16,79.92,Kiew Kor Ma Dam
2022-01-16,85.52,Khwae Noi Bamrung Dan Dam
2022-01-16,78.18,Mae Mok Dam
2022-01-17,56.62,Bhumibol Dam
2022-01-17,45.15,Sirikit Dam
2022-01-17,41.33,Mae Ngat Somboon Chon Dam
2022-01-17,33.12,Mae Kuang Udom Thara Dam
2022-01-17,81.43,Kiew Lom Dam
2022-01-17,79.8,Kiew Kor Ma Dam
2022-01-17,85.09,Khwae Noi Bamrung Dan Dam
2022-01-17,75.45,Mae Mok Dam
2022-01-18,56.46,Bhumibol Dam
2022-01-18,45.08,Sirikit Dam
2022-01-18,41.39,Mae Ngat Somboon Chon Dam
2022-01-18,33.17,Mae Kuang Udom Thara Dam
2022-01-18,81.05,Kiew Lom Dam
2022-01-18,79.68,Kiew Kor Ma Dam
2022-01-18,84.66,Khwae Noi Bamrung Dan Dam
2022-01-18,73.64,Mae Mok Dam
2022-01-19,56.31,Bhumibol Dam
2022-01-19,45.01,Sirikit Dam
2022-01-19,41.42,Mae Ngat Somboon Chon Dam
2022-01-19,33.23,Mae Kuang Udom Thara Dam
2022-01-19,80.43,Kiew Lom Dam
2022-01-19,79.68,Kiew Kor Ma Dam
2022-01-19,84.24,Khwae Noi Bamrung Dan Dam
2022-01-19,71.82,Mae Mok Dam
2022-01-20,56.17,Bhumibol Dam
2022-01-20,44.94,Sirikit Dam
2022-01-20,41.48,Mae Ngat Somboon Chon Dam
2022-01-20,33.32,Mae Kuang Udom Thara Dam
2022-01-20,79.89,Kiew Lom Dam
2022-01-20,79.74,Kiew Kor Ma Dam
2022-01-20,83.81,Khwae Noi Bamrung Dan Dam
2022-01-20,71.82,Mae Mok Dam
2022-01-21,56.05,Bhumibol Dam
2022-01-21,44.87,Sirikit Dam
2022-01-21,41.53,Mae Ngat Somboon Chon Dam
2022-01-21,33.45,Mae Kuang Udom Thara Dam
2022-01-21,79.11,Kiew Lom Dam
2022-01-21,79.8,Kiew Kor Ma Dam
2022-01-21,83.39,Khwae Noi Bamrung Dan Dam
2022-01-21,71.82,Mae Mok Dam
2022-01-22,55.98,Bhumibol Dam
2022-01-22,44.79,Sirikit Dam
2022-01-22,41.65,Mae Ngat Somboon Chon Dam
2022-01-22,33.54,Mae Kuang Udom Thara Dam
2022-01-22,78.47,Kiew Lom Dam
2022-01-22,79.92,Kiew Kor Ma Dam
2022-01-22,82.96,Khwae Noi Bamrung Dan Dam
2022-01-22,71.5,Mae Mok Dam
2022-01-23,55.84,Bhumibol Dam
2022-01-23,44.76,Sirikit Dam
2022-01-23,41.77,Mae Ngat Somboon Chon Dam
2022-01-23,33.57,Mae Kuang Udom Thara Dam
2022-01-23,78.06,Kiew Lom Dam
2022-01-23,80.1,Kiew Kor Ma Dam
2022-01-23,82.53,Khwae Noi Bamrung Dan Dam
2022-01-23,71.36,Mae Mok Dam
2022-01-24,55.7,Bhumibol Dam
2022-01-24,44.72,Sirikit Dam
2022-01-24,41.82,Mae Ngat Somboon Chon Dam
2022-01-24,33.6,Mae Kuang Udom Thara Dam
2022-01-24,77.69,Kiew Lom Dam
2022-01-24,80.16,Kiew Kor Ma Dam
2022-01-24,82.11,Khwae Noi Bamrung Dan Dam
2022-01-24,70.91,Mae Mok Dam
2022-01-25,55.57,Bhumibol Dam
2022-01-25,44.65,Sirikit Dam
2022-01-25,41.84,Mae Ngat Somboon Chon Dam
2022-01-25,33.64,Mae Kuang Udom Thara Dam
2022-01-25,77.12,Kiew Lom Dam
2022-01-25,80.16,Kiew Kor Ma Dam
2022-01-25,81.68,Khwae Noi Bamrung Dan Dam
2022-01-25,70.91,Mae Mok Dam
2022-01-26,55.44,Bhumibol Dam
2022-01-26,44.58,Sirikit Dam
2022-01-26,41.84,Mae Ngat Somboon Chon Dam
2022-01-26,33.67,Mae Kuang Udom Thara Dam
2022-01-26,76.4,Kiew Lom Dam
2022-01-26,80.04,Kiew Kor Ma Dam
2022-01-26,81.26,Khwae Noi Bamrung Dan Dam
2022-01-26,70.91,Mae Mok Dam
2022-01-27,55.26,Bhumibol Dam
2022-01-27,44.51,Sirikit Dam
2022-01-27,41.82,Mae Ngat Somboon Chon Dam
2022-01-27,33.7,Mae Kuang Udom Thara Dam
2022-01-27,75.63,Kiew Lom Dam
2022-01-27,80.04,Kiew Kor Ma Dam
2022-01-27,80.83,Khwae Noi Bamrung Dan Dam
2022-01-27,70.91,Mae Mok Dam
2022-01-28,55.11,Bhumibol Dam
2022-01-28,44.46,Sirikit Dam
2022-01-28,41.8,Mae Ngat Somboon Chon Dam
2022-01-28,33.73,Mae Kuang Udom Thara Dam
2022-01-28,74.85,Kiew Lom Dam
2022-01-28,79.92,Kiew Kor Ma Dam
2022-01-28,80.4,Khwae Noi Bamrung Dan Dam
2022-01-28,70.55,Mae Mok Dam
2022-01-29,54.96,Bhumibol Dam
2022-01-29,44.41,Sirikit Dam
2022-01-29,41.62,Mae Ngat Somboon Chon Dam
2022-01-29,33.75,Mae Kuang Udom Thara Dam
2022-01-29,74.07,Kiew Lom Dam
2022-01-29,79.8,Kiew Kor Ma Dam
2022-01-29,79.98,Khwae Noi Bamrung Dan Dam
2022-01-29,70,Mae Mok Dam
2022-01-30,54.82,Bhumibol Dam
2022-01-30,44.35,Sirikit Dam
2022-01-30,41.65,Mae Ngat Somboon Chon Dam
2022-01-30,33.77,Mae Kuang Udom Thara Dam
2022-01-30,73.23,Kiew Lom Dam
2022-01-30,79.74,Kiew Kor Ma Dam
2022-01-30,79.55,Khwae Noi Bamrung Dan Dam
2022-01-30,69.73,Mae Mok Dam
2022-01-31,54.67,Bhumibol Dam
2022-01-31,44.3,Sirikit Dam
2022-01-31,41.63,Mae Ngat Somboon Chon Dam
2022-01-31,33.78,Mae Kuang Udom Thara Dam
2022-01-31,72.52,Kiew Lom Dam
2022-01-31,79.68,Kiew Kor Ma Dam
2022-01-31,79.13,Khwae Noi Bamrung Dan Dam
2022-01-31,69.09,Mae Mok Dam
2022-02-01,54.52,Bhumibol Dam
2022-02-01,44.25,Sirikit Dam
2022-02-01,41.57,Mae Ngat Somboon Chon Dam
2022-02-01,33.79,Mae Kuang Udom Thara Dam
2022-02-01,72.06,Kiew Lom Dam
2022-02-01,79.56,Kiew Kor Ma Dam
2022-02-01,78.7,Khwae Noi Bamrung Dan Dam
2022-02-01,68.5,Mae Mok Dam
2022-02-02,54.35,Bhumibol Dam
2022-02-02,44.2,Sirikit Dam
2022-02-02,41.5,Mae Ngat Somboon Chon Dam
2022-02-02,33.79,Mae Kuang Udom Thara Dam
2022-02-02,71.61,Kiew Lom Dam
2022-02-02,79.44,Kiew Kor Ma Dam
2022-02-02,78.27,Khwae Noi Bamrung Dan Dam
2022-02-02,67.96,Mae Mok Dam
2022-02-03,54.18,Bhumibol Dam
2022-02-03,44.13,Sirikit Dam
2022-02-03,41.43,Mae Ngat Somboon Chon Dam
2022-02-03,33.8,Mae Kuang Udom Thara Dam
2022-02-03,70.93,Kiew Lom Dam
2022-02-03,79.08,Kiew Kor Ma Dam
2022-02-03,77.85,Khwae Noi Bamrung Dan Dam
2022-02-03,67.27,Mae Mok Dam
2022-02-04,54,Bhumibol Dam
2022-02-04,44.07,Sirikit Dam
2022-02-04,41.35,Mae Ngat Somboon Chon Dam
2022-02-04,33.8,Mae Kuang Udom Thara Dam
2022-02-04,70.48,Kiew Lom Dam
2022-02-04,78.66,Kiew Kor Ma Dam
2022-02-04,77.42,Khwae Noi Bamrung Dan Dam
2022-02-04,66.36,Mae Mok Dam
2022-02-05,53.82,Bhumibol Dam
2022-02-05,44.02,Sirikit Dam
2022-02-05,41.14,Mae Ngat Somboon Chon Dam
2022-02-05,33.85,Mae Kuang Udom Thara Dam
2022-02-05,70.15,Kiew Lom Dam
2022-02-05,78.25,Kiew Kor Ma Dam
2022-02-05,77,Khwae Noi Bamrung Dan Dam
2022-02-05,66.36,Mae Mok Dam
2022-02-06,53.68,Bhumibol Dam
2022-02-06,43.97,Sirikit Dam
2022-02-06,41.17,Mae Ngat Somboon Chon Dam
2022-02-06,33.91,Mae Kuang Udom Thara Dam
2022-02-06,70.48,Kiew Lom Dam
2022-02-06,77.59,Kiew Kor Ma Dam
2022-02-06,76.61,Khwae Noi Bamrung Dan Dam
2022-02-06,66.55,Mae Mok Dam
2022-02-07,53.55,Bhumibol Dam
2022-02-07,43.94,Sirikit Dam
2022-02-07,41.18,Mae Ngat Somboon Chon Dam
2022-02-07,33.92,Mae Kuang Udom Thara Dam
2022-02-07,71.38,Kiew Lom Dam
2022-02-07,76.93,Kiew Kor Ma Dam
2022-02-07,76.14,Khwae Noi Bamrung Dan Dam
2022-02-07,66.36,Mae Mok Dam
2022-02-08,53.41,Bhumibol Dam
2022-02-08,43.92,Sirikit Dam
2022-02-08,41.16,Mae Ngat Somboon Chon Dam
2022-02-08,33.95,Mae Kuang Udom Thara Dam
2022-02-08,72.19,Kiew Lom Dam
2022-02-08,76.28,Kiew Kor Ma Dam
2022-02-08,75.83,Khwae Noi Bamrung Dan Dam
2022-02-08,65.45,Mae Mok Dam
2022-02-09,53.25,Bhumibol Dam
2022-02-09,43.89,Sirikit Dam
2022-02-09,41.12,Mae Ngat Somboon Chon Dam
2022-02-09,33.98,Mae Kuang Udom Thara Dam
2022-02-09,72.91,Kiew Lom Dam
2022-02-09,75.63,Kiew Kor Ma Dam
2022-02-09,75.4,Khwae Noi Bamrung Dan Dam
2022-02-09,65.45,Mae Mok Dam
2022-02-10,53.11,Bhumibol Dam
2022-02-10,43.86,Sirikit Dam
2022-02-10,41.08,Mae Ngat Somboon Chon Dam
2022-02-10,33.99,Mae Kuang Udom Thara Dam
2022-02-10,73.57,Kiew Lom Dam
2022-02-10,74.98,Kiew Kor Ma Dam
2022-02-10,74.97,Khwae Noi Bamrung Dan Dam
2022-02-10,64.55,Mae Mok Dam
2022-02-11,52.96,Bhumibol Dam
2022-02-11,43.82,Sirikit Dam
2022-02-11,41.03,Mae Ngat Somboon Chon Dam
2022-02-11,34,Mae Kuang Udom Thara Dam
2022-02-11,74.07,Kiew Lom Dam
2022-02-11,74.26,Kiew Kor Ma Dam
2022-02-11,74.65,Khwae Noi Bamrung Dan Dam
2022-02-11,63.64,Mae Mok Dam
2022-02-12,52.82,Bhumibol Dam
2022-02-12,43.79,Sirikit Dam
2022-02-12,40.77,Mae Ngat Somboon Chon Dam
2022-02-12,34.01,Mae Kuang Udom Thara Dam
2022-02-12,74.68,Kiew Lom Dam
2022-02-12,73.5,Kiew Kor Ma Dam
2022-02-12,74.23,Khwae Noi Bamrung Dan Dam
2022-02-12,63.64,Mae Mok Dam
2022-02-13,52.67,Bhumibol Dam
2022-02-13,43.75,Sirikit Dam
2022-02-13,40.78,Mae Ngat Somboon Chon Dam
2022-02-13,34.01,Mae Kuang Udom Thara Dam
2022-02-13,75.29,Kiew Lom Dam
2022-02-13,72.73,Kiew Kor Ma Dam
2022-02-13,73.82,Khwae Noi Bamrung Dan Dam
2022-02-13,62.85,Mae Mok Dam
2022-02-14,52.54,Bhumibol Dam
2022-02-14,43.7,Sirikit Dam
2022-02-14,40.76,Mae Ngat Somboon Chon Dam
2022-02-14,33.88,Mae Kuang Udom Thara Dam
2022-02-14,75.95,Kiew Lom Dam
2022-02-14,72.02,Kiew Kor Ma Dam
2022-02-14,73.38,Khwae Noi Bamrung Dan Dam
2022-02-14,61.82,Mae Mok Dam
2022-02-15,52.4,Bhumibol Dam
2022-02-15,43.65,Sirikit Dam
2022-02-15,40.69,Mae Ngat Somboon Chon Dam
2022-02-15,33.88,Mae Kuang Udom Thara Dam
2022-02-15,76.75,Kiew Lom Dam
2022-02-15,71.25,Kiew Kor Ma Dam
2022-02-15,73.06,Khwae Noi Bamrung Dan Dam
2022-02-15,61.82,Mae Mok Dam
2022-02-16,52.22,Bhumibol Dam
2022-02-16,43.6,Sirikit Dam
2022-02-16,40.62,Mae Ngat Somboon Chon Dam
2022-02-16,33.39,Mae Kuang Udom Thara Dam
2022-02-16,76.98,Kiew Lom Dam
2022-02-16,71.01,Kiew Kor Ma Dam
2022-02-16,72.62,Khwae Noi Bamrung Dan Dam
2022-02-16,60.95,Mae Mok Dam
2022-02-17,52.02,Bhumibol Dam
2022-02-17,43.54,Sirikit Dam
2022-02-17,40.54,Mae Ngat Somboon Chon Dam
2022-02-17,32.91,Mae Kuang Udom Thara Dam
2022-02-17,76.4,Kiew Lom Dam
2022-02-17,71.01,Kiew Kor Ma Dam
2022-02-17,72.31,Khwae Noi Bamrung Dan Dam
2022-02-17,60,Mae Mok Dam
2022-02-18,51.9,Bhumibol Dam
2022-02-18,43.49,Sirikit Dam
2022-02-18,40.45,Mae Ngat Somboon Chon Dam
2022-02-18,32.48,Mae Kuang Udom Thara Dam
2022-02-18,75.59,Kiew Lom Dam
2022-02-18,70.95,Kiew Kor Ma Dam
2022-02-18,71.88,Khwae Noi Bamrung Dan Dam
2022-02-18,60,Mae Mok Dam
2022-02-19,51.78,Bhumibol Dam
2022-02-19,43.44,Sirikit Dam
2022-02-19,40.19,Mae Ngat Somboon Chon Dam
2022-02-19,32.48,Mae Kuang Udom Thara Dam
2022-02-19,74.52,Kiew Lom Dam
2022-02-19,70.95,Kiew Kor Ma Dam
2022-02-19,71.54,Khwae Noi Bamrung Dan Dam
2022-02-19,59.67,Mae Mok Dam
2022-02-20,51.66,Bhumibol Dam
2022-02-20,43.39,Sirikit Dam
2022-02-20,40.23,Mae Ngat Somboon Chon Dam
2022-02-20,32.58,Mae Kuang Udom Thara Dam
2022-02-20,74.27,Kiew Lom Dam
2022-02-20,71.01,Kiew Kor Ma Dam
2022-02-20,71.14,Khwae Noi Bamrung Dan Dam
2022-02-20,60,Mae Mok Dam
2022-02-21,51.52,Bhumibol Dam
2022-02-21,43.39,Sirikit Dam
2022-02-21,40.35,Mae Ngat Somboon Chon Dam
2022-02-21,32.64,Mae Kuang Udom Thara Dam
2022-02-21,73.69,Kiew Lom Dam
2022-02-21,71.25,Kiew Kor Ma Dam
2022-02-21,70.82,Khwae Noi Bamrung Dan Dam
2022-02-21,59.09,Mae Mok Dam
2022-02-22,51.4,Bhumibol Dam
2022-02-22,43.34,Sirikit Dam
2022-02-22,40.4,Mae Ngat Somboon Chon Dam
2022-02-22,32.67,Mae Kuang Udom Thara Dam
2022-02-22,73.07,Kiew Lom Dam
2022-02-22,71.36,Kiew Kor Ma Dam
2022-02-22,70.5,Khwae Noi Bamrung Dan Dam
2022-02-22,59.09,Mae Mok Dam
2022-02-23,51.28,Bhumibol Dam
2022-02-23,43.31,Sirikit Dam
2022-02-23,40.43,Mae Ngat Somboon Chon Dam
2022-02-23,32.69,Mae Kuang Udom Thara Dam
2022-02-23,72.44,Kiew Lom Dam
2022-02-23,71.36,Kiew Kor Ma Dam
2022-02-23,70.07,Khwae Noi Bamrung Dan Dam
2022-02-23,58.18,Mae Mok Dam
2022-02-24,51.16,Bhumibol Dam
2022-02-24,43.28,Sirikit Dam
2022-02-24,40.43,Mae Ngat Somboon Chon Dam
2022-02-24,32.71,Mae Kuang Udom Thara Dam
2022-02-24,71.95,Kiew Lom Dam
2022-02-24,71.25,Kiew Kor Ma Dam
2022-02-24,69.76,Khwae Noi Bamrung Dan Dam
2022-02-24,58.18,Mae Mok Dam
2022-02-25,51.05,Bhumibol Dam
2022-02-25,43.24,Sirikit Dam
2022-02-25,40.39,Mae Ngat Somboon Chon Dam
2022-02-25,32.72,Mae Kuang Udom Thara Dam
2022-02-25,71.41,Kiew Lom Dam
2022-02-25,71.25,Kiew Kor Ma Dam
2022-02-25,69.44,Khwae Noi Bamrung Dan Dam
2022-02-25,58.18,Mae Mok Dam
2022-02-26,50.94,Bhumibol Dam
2022-02-26,43.21,Sirikit Dam
2022-02-26,40.14,Mae Ngat Somboon Chon Dam
2022-02-26,32.73,Mae Kuang Udom Thara Dam
2022-02-26,70.7,Kiew Lom Dam
2022-02-26,71.13,Kiew Kor Ma Dam
2022-02-26,69.01,Khwae Noi Bamrung Dan Dam
2022-02-26,58.18,Mae Mok Dam
2022-02-27,50.82,Bhumibol Dam
2022-02-27,43.15,Sirikit Dam
2022-02-27,40.01,Mae Ngat Somboon Chon Dam
2022-02-27,32.75,Mae Kuang Udom Thara Dam
2022-02-27,69.92,Kiew Lom Dam
2022-02-27,71.01,Kiew Kor Ma Dam
2022-02-27,68.69,Khwae Noi Bamrung Dan Dam
2022-02-27,58.18,Mae Mok Dam
2022-02-28,50.69,Bhumibol Dam
2022-02-28,43.12,Sirikit Dam
2022-02-28,39.98,Mae Ngat Somboon Chon Dam
2022-02-28,32.76,Mae Kuang Udom Thara Dam
2022-02-28,68.96,Kiew Lom Dam
2022-02-28,71.01,Kiew Kor Ma Dam
2022-02-28,68.37,Khwae Noi Bamrung Dan Dam
2022-02-28,57.27,Mae Mok Dam
2022-03-01,50.53,Bhumibol Dam
2022-03-01,43.09,Sirikit Dam
2022-03-01,39.92,Mae Ngat Somboon Chon Dam
2022-03-01,32.77,Mae Kuang Udom Thara Dam
2022-03-01,68.23,Kiew Lom Dam
2022-03-01,70.84,Kiew Kor Ma Dam
2022-03-01,68.05,Khwae Noi Bamrung Dan Dam
2022-03-01,57.27,Mae Mok Dam
2022-03-02,50.37,Bhumibol Dam
2022-03-02,43.05,Sirikit Dam
2022-03-02,39.85,Mae Ngat Somboon Chon Dam
2022-03-02,32.77,Mae Kuang Udom Thara Dam
2022-03-02,67.11,Kiew Lom Dam
2022-03-02,70.74,Kiew Kor Ma Dam
2022-03-02,67.73,Khwae Noi Bamrung Dan Dam
2022-03-02,57.27,Mae Mok Dam
2022-03-03,50.22,Bhumibol Dam
2022-03-03,43.02,Sirikit Dam
2022-03-03,39.77,Mae Ngat Somboon Chon Dam
2022-03-03,32.78,Mae Kuang Udom Thara Dam
2022-03-03,65.98,Kiew Lom Dam
2022-03-03,70.35,Kiew Kor Ma Dam
2022-03-03,67.41,Khwae Noi Bamrung Dan Dam
2022-03-03,57.27,Mae Mok Dam
2022-03-04,50.01,Bhumibol Dam
2022-03-04,42.99,Sirikit Dam
2022-03-04,39.69,Mae Ngat Somboon Chon Dam
2022-03-04,32.78,Mae Kuang Udom Thara Dam
2022-03-04,65.17,Kiew Lom Dam
2022-03-04,69.59,Kiew Kor Ma Dam
2022-03-04,66.99,Khwae Noi Bamrung Dan Dam
2022-03-04,57.27,Mae Mok Dam
2022-03-05,49.81,Bhumibol Dam
2022-03-05,42.93,Sirikit Dam
2022-03-05,39.34,Mae Ngat Somboon Chon Dam
2022-03-05,32.79,Mae Kuang Udom Thara Dam
2022-03-05,65.07,Kiew Lom Dam
2022-03-05,68.82,Kiew Kor Ma Dam
2022-03-05,66.67,Khwae Noi Bamrung Dan Dam
2022-03-05,56.36,Mae Mok Dam
2022-03-06,49.62,Bhumibol Dam
2022-03-06,42.88,Sirikit Dam
2022-03-06,39.34,Mae Ngat Somboon Chon Dam
2022-03-06,32.79,Mae Kuang Udom Thara Dam
2022-03-06,65.02,Kiew Lom Dam
2022-03-06,68.16,Kiew Kor Ma Dam
2022-03-06,66.35,Khwae Noi Bamrung Dan Dam
2022-03-06,56.36,Mae Mok Dam
2022-03-07,49.43,Bhumibol Dam
2022-03-07,42.83,Sirikit Dam
2022-03-07,39.02,Mae Ngat Somboon Chon Dam
2022-03-07,32.8,Mae Kuang Udom Thara Dam
2022-03-07,64.73,Kiew Lom Dam
2022-03-07,67.62,Kiew Kor Ma Dam
2022-03-07,66.03,Khwae Noi Bamrung Dan Dam
2022-03-07,56.36,Mae Mok Dam
2022-03-08,49.23,Bhumibol Dam
2022-03-08,42.78,Sirikit Dam
2022-03-08,39.05,Mae Ngat Somboon Chon Dam
2022-03-08,32.82,Mae Kuang Udom Thara Dam
2022-03-08,64.96,Kiew Lom Dam
2022-03-08,66.96,Kiew Kor Ma Dam
2022-03-08,65.71,Khwae Noi Bamrung Dan Dam
2022-03-08,55.45,Mae Mok Dam
2022-03-09,49.09,Bhumibol Dam
2022-03-09,42.72,Sirikit Dam
2022-03-09,39.03,Mae Ngat Somboon Chon Dam
2022-03-09,32.86,Mae Kuang Udom Thara Dam
2022-03-09,65.52,Kiew Lom Dam
2022-03-09,66.36,Kiew Kor Ma Dam
2022-03-09,65.39,Khwae Noi Bamrung Dan Dam
2022-03-09,55.45,Mae Mok Dam
2022-03-10,48.93,Bhumibol Dam
2022-03-10,42.67,Sirikit Dam
2022-03-10,38.98,Mae Ngat Somboon Chon Dam
2022-03-10,32.89,Mae Kuang Udom Thara Dam
2022-03-10,66.07,Kiew Lom Dam
2022-03-10,65.76,Kiew Kor Ma Dam
2022-03-10,65.07,Khwae Noi Bamrung Dan Dam
2022-03-10,54.55,Mae Mok Dam
2022-03-11,48.81,Bhumibol Dam
2022-03-11,42.57,Sirikit Dam
2022-03-11,38.93,Mae Ngat Somboon Chon Dam
2022-03-11,32.9,Mae Kuang Udom Thara Dam
2022-03-11,66.65,Kiew Lom Dam
2022-03-11,65.12,Kiew Kor Ma Dam
2022-03-11,64.75,Khwae Noi Bamrung Dan Dam
2022-03-11,54.55,Mae Mok Dam
2022-03-12,48.69,Bhumibol Dam
2022-03-12,42.46,Sirikit Dam
2022-03-12,38.66,Mae Ngat Somboon Chon Dam
2022-03-12,32.91,Mae Kuang Udom Thara Dam
2022-03-12,67.44,Kiew Lom Dam
2022-03-12,64.45,Kiew Kor Ma Dam
2022-03-12,64.43,Khwae Noi Bamrung Dan Dam
2022-03-12,54.55,Mae Mok Dam
2022-03-13,48.58,Bhumibol Dam
2022-03-13,42.37,Sirikit Dam
2022-03-13,38.52,Mae Ngat Somboon Chon Dam
2022-03-13,32.92,Mae Kuang Udom Thara Dam
2022-03-13,68.34,Kiew Lom Dam
2022-03-13,64.09,Kiew Kor Ma Dam
2022-03-13,64.11,Khwae Noi Bamrung Dan Dam
2022-03-13,53.64,Mae Mok Dam
2022-03-14,48.46,Bhumibol Dam
2022-03-14,42.26,Sirikit Dam
2022-03-14,38.48,Mae Ngat Somboon Chon Dam
2022-03-14,32.92,Mae Kuang Udom Thara Dam
2022-03-14,68.79,Kiew Lom Dam
2022-03-14,63.93,Kiew Kor Ma Dam
2022-03-14,63.79,Khwae Noi Bamrung Dan Dam
2022-03-14,53.64,Mae Mok Dam
2022-03-15,48.34,Bhumibol Dam
2022-03-15,42.16,Sirikit Dam
2022-03-15,38.41,Mae Ngat Somboon Chon Dam
2022-03-15,32.92,Mae Kuang Udom Thara Dam
2022-03-15,68.68,Kiew Lom Dam
2022-03-15,63.88,Kiew Kor Ma Dam
2022-03-15,63.47,Khwae Noi Bamrung Dan Dam
2022-03-15,52.73,Mae Mok Dam
2022-03-16,48.26,Bhumibol Dam
2022-03-16,42.05,Sirikit Dam
2022-03-16,38.34,Mae Ngat Somboon Chon Dam
2022-03-16,32.58,Mae Kuang Udom Thara Dam
2022-03-16,68.57,Kiew Lom Dam
2022-03-16,63.78,Kiew Kor Ma Dam
2022-03-16,63.15,Khwae Noi Bamrung Dan Dam
2022-03-16,52.73,Mae Mok Dam
2022-03-17,48.16,Bhumibol Dam
2022-03-17,41.96,Sirikit Dam
2022-03-17,38.26,Mae Ngat Somboon Chon Dam
2022-03-17,32.1,Mae Kuang Udom Thara Dam
2022-03-17,68.4,Kiew Lom Dam
2022-03-17,63.62,Kiew Kor Ma Dam
2022-03-17,62.83,Khwae Noi Bamrung Dan Dam
2022-03-17,51.82,Mae Mok Dam
2022-03-18,48.05,Bhumibol Dam
2022-03-18,41.85,Sirikit Dam
2022-03-18,38.19,Mae Ngat Somboon Chon Dam
2022-03-18,31.66,Mae Kuang Udom Thara Dam
2022-03-18,68,Kiew Lom Dam
2022-03-18,63.56,Kiew Kor Ma Dam
2022-03-18,62.51,Khwae Noi Bamrung Dan Dam
2022-03-18,51.82,Mae Mok Dam
2022-03-19,47.97,Bhumibol Dam
2022-03-19,41.77,Sirikit Dam
2022-03-19,37.86,Mae Ngat Somboon Chon Dam
2022-03-19,31.57,Mae Kuang Udom Thara Dam
2022-03-19,67.55,Kiew Lom Dam
2022-03-19,63.56,Kiew Kor Ma Dam
2022-03-19,62.12,Khwae Noi Bamrung Dan Dam
2022-03-19,50.95,Mae Mok Dam
2022-03-20,47.86,Bhumibol Dam
2022-03-20,41.68,Sirikit Dam
2022-03-20,37.6,Mae Ngat Somboon Chon Dam
2022-03-20,31.53,Mae Kuang Udom Thara Dam
2022-03-20,67.22,Kiew Lom Dam
2022-03-20,63.56,Kiew Kor Ma Dam
2022-03-20,61.66,Khwae Noi Bamrung Dan Dam
2022-03-20,50,Mae Mok Dam
2022-03-21,47.77,Bhumibol Dam
2022-03-21,41.6,Sirikit Dam
2022-03-21,37.55,Mae Ngat Somboon Chon Dam
2022-03-21,31.5,Mae Kuang Udom Thara Dam
2022-03-21,66.65,Kiew Lom Dam
2022-03-21,63.56,Kiew Kor Ma Dam
2022-03-21,61.02,Khwae Noi Bamrung Dan Dam
2022-03-21,50,Mae Mok Dam
2022-03-22,47.67,Bhumibol Dam
2022-03-22,41.51,Sirikit Dam
2022-03-22,37.48,Mae Ngat Somboon Chon Dam
2022-03-22,31.46,Mae Kuang Udom Thara Dam
2022-03-22,65.64,Kiew Lom Dam
2022-03-22,63.56,Kiew Kor Ma Dam
2022-03-22,60.28,Khwae Noi Bamrung Dan Dam
2022-03-22,50,Mae Mok Dam
2022-03-23,47.55,Bhumibol Dam
2022-03-23,41.43,Sirikit Dam
2022-03-23,37.42,Mae Ngat Somboon Chon Dam
2022-03-23,31.43,Mae Kuang Udom Thara Dam
2022-03-23,64.73,Kiew Lom Dam
2022-03-23,63.72,Kiew Kor Ma Dam
2022-03-23,59.64,Khwae Noi Bamrung Dan Dam
2022-03-23,49.09,Mae Mok Dam
2022-03-24,47.41,Bhumibol Dam
2022-03-24,41.35,Sirikit Dam
2022-03-24,37.35,Mae Ngat Somboon Chon Dam
2022-03-24,31.4,Mae Kuang Udom Thara Dam
2022-03-24,63.39,Kiew Lom Dam
2022-03-24,63.88,Kiew Kor Ma Dam
2022-03-24,58.89,Khwae Noi Bamrung Dan Dam
2022-03-24,49.09,Mae Mok Dam
2022-03-25,47.3,Bhumibol Dam
2022-03-25,41.26,Sirikit Dam
2022-03-25,37.26,Mae Ngat Somboon Chon Dam
2022-03-25,31.36,Mae Kuang Udom Thara Dam
2022-03-25,62.14,Kiew Lom Dam
2022-03-25,63.93,Kiew Kor Ma Dam
2022-03-25,58.25,Khwae Noi Bamrung Dan Dam
2022-03-25,49.09,Mae Mok Dam
2022-03-26,47.18,Bhumibol Dam
2022-03-26,41.18,Sirikit Dam
2022-03-26,36.86,Mae Ngat Somboon Chon Dam
2022-03-26,31.33,Mae Kuang Udom Thara Dam
2022-03-26,60.84,Kiew Lom Dam
2022-03-26,63.88,Kiew Kor Ma Dam
2022-03-26,57.83,Khwae Noi Bamrung Dan Dam
2022-03-26,49.09,Mae Mok Dam
2022-03-27,47.09,Bhumibol Dam
2022-03-27,41.11,Sirikit Dam
2022-03-27,36.53,Mae Ngat Somboon Chon Dam
2022-03-27,31.3,Mae Kuang Udom Thara Dam
2022-03-27,60.05,Kiew Lom Dam
2022-03-27,63.88,Kiew Kor Ma Dam
2022-03-27,57.38,Khwae Noi Bamrung Dan Dam
2022-03-27,48.27,Mae Mok Dam
2022-03-28,46.97,Bhumibol Dam
2022-03-28,41.03,Sirikit Dam
2022-03-28,36.47,Mae Ngat Somboon Chon Dam
2022-03-28,31.26,Mae Kuang Udom Thara Dam
2022-03-28,59.17,Kiew Lom Dam
2022-03-28,63.78,Kiew Kor Ma Dam
2022-03-28,56.87,Khwae Noi Bamrung Dan Dam
2022-03-28,48.18,Mae Mok Dam
2022-03-29,46.87,Bhumibol Dam
2022-03-29,40.95,Sirikit Dam
2022-03-29,36.38,Mae Ngat Somboon Chon Dam
2022-03-29,31.25,Mae Kuang Udom Thara Dam
2022-03-29,58.28,Kiew Lom Dam
2022-03-29,64.09,Kiew Kor Ma Dam
2022-03-29,56.46,Khwae Noi Bamrung Dan Dam
2022-03-29,48.18,Mae Mok Dam
2022-03-30,46.75,Bhumibol Dam
2022-03-30,40.87,Sirikit Dam
2022-03-30,36.29,Mae Ngat Somboon Chon Dam
2022-03-30,31.26,Mae Kuang Udom Thara Dam
2022-03-30,57.68,Kiew Lom Dam
2022-03-30,64.4,Kiew Kor Ma Dam
2022-03-30,56.02,Khwae Noi Bamrung Dan Dam
2022-03-30,48.18,Mae Mok Dam
2022-03-31,46.63,Bhumibol Dam
2022-03-31,40.81,Sirikit Dam
2022-03-31,36.2,Mae Ngat Somboon Chon Dam
2022-03-31,31.26,Mae Kuang Udom Thara Dam
2022-03-31,57.11,Kiew Lom Dam
2022-03-31,64.61,Kiew Kor Ma Dam
2022-03-31,55.59,Khwae Noi Bamrung Dan Dam
2022-03-31,48.18,Mae Mok Dam
2022-04-01,46.52,Bhumibol Dam
2022-04-01,40.76,Sirikit Dam
2022-04-01,36.11,Mae Ngat Somboon Chon Dam
2022-04-01,31.3,Mae Kuang Udom Thara Dam
2022-04-01,56.82,Kiew Lom Dam
2022-04-01,64.61,Kiew Kor Ma Dam
2022-04-01,55.06,Khwae Noi Bamrung Dan Dam
2022-04-01,47.27,Mae Mok Dam
2022-04-02,46.4,Bhumibol Dam
2022-04-02,40.7,Sirikit Dam
2022-04-02,35.68,Mae Ngat Somboon Chon Dam
2022-04-02,31.36,Mae Kuang Udom Thara Dam
2022-04-02,56.52,Kiew Lom Dam
2022-04-02,64.61,Kiew Kor Ma Dam
2022-04-02,54.63,Khwae Noi Bamrung Dan Dam
2022-04-02,47.27,Mae Mok Dam
2022-04-03,46.29,Bhumibol Dam
2022-04-03,40.66,Sirikit Dam
2022-04-03,35.92,Mae Ngat Somboon Chon Dam
2022-04-03,31.42,Mae Kuang Udom Thara Dam
2022-04-03,56.22,Kiew Lom Dam
2022-04-03,64.61,Kiew Kor Ma Dam
2022-04-03,54.31,Khwae Noi Bamrung Dan Dam
2022-04-03,47.27,Mae Mok Dam
2022-04-04,46.19,Bhumibol Dam
2022-04-04,40.61,Sirikit Dam
2022-04-04,36,Mae Ngat Somboon Chon Dam
2022-04-04,31.48,Mae Kuang Udom Thara Dam
2022-04-04,55.83,Kiew Lom Dam
2022-04-04,64.61,Kiew Kor Ma Dam
2022-04-04,53.89,Khwae Noi Bamrung Dan Dam
2022-04-04,47.27,Mae Mok Dam
2022-04-05,46.09,Bhumibol Dam
2022-04-05,40.55,Sirikit Dam
2022-04-05,36.02,Mae Ngat Somboon Chon Dam
2022-04-05,31.52,Mae Kuang Udom Thara Dam
2022-04-05,55.24,Kiew Lom Dam
2022-04-05,64.66,Kiew Kor Ma Dam
2022-04-05,53.14,Khwae Noi Bamrung Dan Dam
2022-04-05,47.27,Mae Mok Dam
2022-04-06,46,Bhumibol Dam
2022-04-06,40.47,Sirikit Dam
2022-04-06,35.98,Mae Ngat Somboon Chon Dam
2022-04-06,31.56,Mae Kuang Udom Thara Dam
2022-04-06,54.56,Kiew Lom Dam
2022-04-06,64.71,Kiew Kor Ma Dam
2022-04-06,52.4,Khwae Noi Bamrung Dan Dam
2022-04-06,46.36,Mae Mok Dam
2022-04-07,45.92,Bhumibol Dam
2022-04-07,40.41,Sirikit Dam
2022-04-07,35.95,Mae Ngat Somboon Chon Dam
2022-04-07,31.58,Mae Kuang Udom Thara Dam
2022-04-07,53.85,Kiew Lom Dam
2022-04-07,64.76,Kiew Kor Ma Dam
2022-04-07,51.65,Khwae Noi Bamrung Dan Dam
2022-04-07,46.36,Mae Mok Dam
2022-04-08,45.85,Bhumibol Dam
2022-04-08,40.35,Sirikit Dam
2022-04-08,35.94,Mae Ngat Somboon Chon Dam
2022-04-08,31.59,Mae Kuang Udom Thara Dam
2022-04-08,53.73,Kiew Lom Dam
2022-04-08,64.76,Kiew Kor Ma Dam
2022-04-08,50.8,Khwae Noi Bamrung Dan Dam
2022-04-08,46.36,Mae Mok Dam
2022-04-09,45.84,Bhumibol Dam
2022-04-09,40.28,Sirikit Dam
2022-04-09,35.94,Mae Ngat Somboon Chon Dam
2022-04-09,31.61,Mae Kuang Udom Thara Dam
2022-04-09,53.67,Kiew Lom Dam
2022-04-09,64.81,Kiew Kor Ma Dam
2022-04-09,50.05,Khwae Noi Bamrung Dan Dam
2022-04-09,46.36,Mae Mok Dam
2022-04-10,45.84,Bhumibol Dam
2022-04-10,40.21,Sirikit Dam
2022-04-10,35.96,Mae Ngat Somboon Chon Dam
2022-04-10,31.62,Mae Kuang Udom Thara Dam
2022-04-10,53.43,Kiew Lom Dam
2022-04-10,64.71,Kiew Kor Ma Dam
2022-04-10,49.2,Khwae Noi Bamrung Dan Dam
2022-04-10,46.36,Mae Mok Dam
2022-04-11,45.83,Bhumibol Dam
2022-04-11,40.15,Sirikit Dam
2022-04-11,35.92,Mae Ngat Somboon Chon Dam
2022-04-11,31.62,Mae Kuang Udom Thara Dam
2022-04-11,53.1,Kiew Lom Dam
2022-04-11,64.4,Kiew Kor Ma Dam
2022-04-11,48.24,Khwae Noi Bamrung Dan Dam
2022-04-11,46.36,Mae Mok Dam
2022-04-12,45.71,Bhumibol Dam
2022-04-12,40.08,Sirikit Dam
2022-04-12,35.86,Mae Ngat Somboon Chon Dam
2022-04-12,31.63,Mae Kuang Udom Thara Dam
2022-04-12,52.19,Kiew Lom Dam
2022-04-12,63.31,Kiew Kor Ma Dam
2022-04-12,47.39,Khwae Noi Bamrung Dan Dam
2022-04-12,46.36,Mae Mok Dam
2022-04-13,45.59,Bhumibol Dam
2022-04-13,40.02,Sirikit Dam
2022-04-13,35.66,Mae Ngat Somboon Chon Dam
2022-04-13,31.63,Mae Kuang Udom Thara Dam
2022-04-13,52.3,Kiew Lom Dam
2022-04-13,62.22,Kiew Kor Ma Dam
2022-04-13,46.54,Khwae Noi Bamrung Dan Dam
2022-04-13,46.36,Mae Mok Dam
2022-04-14,45.43,Bhumibol Dam
2022-04-14,39.95,Sirikit Dam
2022-04-14,35.35,Mae Ngat Somboon Chon Dam
2022-04-14,31.63,Mae Kuang Udom Thara Dam
2022-04-14,52.59,Kiew Lom Dam
2022-04-14,61.08,Kiew Kor Ma Dam
2022-04-14,45.69,Khwae Noi Bamrung Dan Dam
2022-04-14,46.36,Mae Mok Dam
2022-04-15,45.27,Bhumibol Dam
2022-04-15,39.87,Sirikit Dam
2022-04-15,35.03,Mae Ngat Somboon Chon Dam
2022-04-15,31.62,Mae Kuang Udom Thara Dam
2022-04-15,53.1,Kiew Lom Dam
2022-04-15,60.07,Kiew Kor Ma Dam
2022-04-15,45.15,Khwae Noi Bamrung Dan Dam
2022-04-15,45.45,Mae Mok Dam
2022-04-16,45.11,Bhumibol Dam
2022-04-16,39.79,Sirikit Dam
2022-04-16,34.88,Mae Ngat Somboon Chon Dam
2022-04-16,31.62,Mae Kuang Udom Thara Dam
2022-04-16,53.96,Kiew Lom Dam
2022-04-16,59.09,Kiew Kor Ma Dam
2022-04-16,44.94,Khwae Noi Bamrung Dan Dam
2022-04-16,45.45,Mae Mok Dam
2022-04-17,44.97,Bhumibol Dam
2022-04-17,39.71,Sirikit Dam
2022-04-17,34.89,Mae Ngat Somboon Chon Dam
2022-04-17,31.61,Mae Kuang Udom Thara Dam
2022-04-17,54.75,Kiew Lom Dam
2022-04-17,58.19,Kiew Kor Ma Dam
2022-04-17,44.62,Khwae Noi Bamrung Dan Dam
2022-04-17,45.45,Mae Mok Dam
2022-04-18,44.82,Bhumibol Dam
2022-04-18,39.62,Sirikit Dam
2022-04-18,34.83,Mae Ngat Somboon Chon Dam
2022-04-18,31.6,Mae Kuang Udom Thara Dam
2022-04-18,55.34,Kiew Lom Dam
2022-04-18,57.31,Kiew Kor Ma Dam
2022-04-18,44.3,Khwae Noi Bamrung Dan Dam
2022-04-18,45.45,Mae Mok Dam
2022-04-19,44.67,Bhumibol Dam
2022-04-19,39.55,Sirikit Dam
2022-04-19,34.79,Mae Ngat Somboon Chon Dam
2022-04-19,31.73,Mae Kuang Udom Thara Dam
2022-04-19,56.13,Kiew Lom Dam
2022-04-19,56.72,Kiew Kor Ma Dam
2022-04-19,43.98,Khwae Noi Bamrung Dan Dam
2022-04-19,45.45,Mae Mok Dam
2022-04-20,44.53,Bhumibol Dam
2022-04-20,39.48,Sirikit Dam
2022-04-20,34.73,Mae Ngat Somboon Chon Dam
2022-04-20,31.77,Mae Kuang Udom Thara Dam
2022-04-20,57.2,Kiew Lom Dam
2022-04-20,56.59,Kiew Kor Ma Dam
2022-04-20,43.66,Khwae Noi Bamrung Dan Dam
2022-04-20,45.45,Mae Mok Dam
2022-04-21,44.38,Bhumibol Dam
2022-04-21,39.41,Sirikit Dam
2022-04-21,34.67,Mae Ngat Somboon Chon Dam
2022-04-21,31.78,Mae Kuang Udom Thara Dam
2022-04-21,58.19,Kiew Lom Dam
2022-04-21,56.41,Kiew Kor Ma Dam
2022-04-21,43.45,Khwae Noi Bamrung Dan Dam
2022-04-21,45.45,Mae Mok Dam
2022-04-22,44.22,Bhumibol Dam
2022-04-22,39.37,Sirikit Dam
2022-04-22,34.61,Mae Ngat Somboon Chon Dam
2022-04-22,31.79,Mae Kuang Udom Thara Dam
2022-04-22,59.27,Kiew Lom Dam
2022-04-22,56.28,Kiew Kor Ma Dam
2022-04-22,43.13,Khwae Noi Bamrung Dan Dam
2022-04-22,45.45,Mae Mok Dam
2022-04-23,44.08,Bhumibol Dam
2022-04-23,39.34,Sirikit Dam
2022-04-23,34.6,Mae Ngat Somboon Chon Dam
2022-04-23,31.79,Mae Kuang Udom Thara Dam
2022-04-23,59.58,Kiew Lom Dam
2022-04-23,56.45,Kiew Kor Ma Dam
2022-04-23,42.81,Khwae Noi Bamrung Dan Dam
2022-04-23,45.45,Mae Mok Dam
2022-04-24,43.93,Bhumibol Dam
2022-04-24,39.31,Sirikit Dam
2022-04-24,34.63,Mae Ngat Somboon Chon Dam
2022-04-24,31.79,Mae Kuang Udom Thara Dam
2022-04-24,59.22,Kiew Lom Dam
2022-04-24,56.59,Kiew Kor Ma Dam
2022-04-24,42.6,Khwae Noi Bamrung Dan Dam
2022-04-24,45.45,Mae Mok Dam
2022-04-25,43.78,Bhumibol Dam
2022-04-25,39.25,Sirikit Dam
2022-04-25,34.6,Mae Ngat Somboon Chon Dam
2022-04-25,31.79,Mae Kuang Udom Thara Dam
2022-04-25,58.75,Kiew Lom Dam
2022-04-25,56.68,Kiew Kor Ma Dam
2022-04-25,42.39,Khwae Noi Bamrung Dan Dam
2022-04-25,45.45,Mae Mok Dam
2022-04-26,43.66,Bhumibol Dam
2022-04-26,39.19,Sirikit Dam
2022-04-26,34.52,Mae Ngat Somboon Chon Dam
2022-04-26,31.79,Mae Kuang Udom Thara Dam
2022-04-26,58.1,Kiew Lom Dam
2022-04-26,56.72,Kiew Kor Ma Dam
2022-04-26,42.07,Khwae Noi Bamrung Dan Dam
2022-04-26,45.45,Mae Mok Dam
2022-04-27,43.51,Bhumibol Dam
2022-04-27,39.13,Sirikit Dam
2022-04-27,34.46,Mae Ngat Somboon Chon Dam
2022-04-27,31.78,Mae Kuang Udom Thara Dam
2022-04-27,57.31,Kiew Lom Dam
2022-04-27,56.86,Kiew Kor Ma Dam
2022-04-27,41.85,Khwae Noi Bamrung Dan Dam
2022-04-27,44.55,Mae Mok Dam
2022-04-28,43.39,Bhumibol Dam
2022-04-28,39.07,Sirikit Dam
2022-04-28,34.39,Mae Ngat Somboon Chon Dam
2022-04-28,31.62,Mae Kuang Udom Thara Dam
2022-04-28,56.69,Kiew Lom Dam
2022-04-28,56.86,Kiew Kor Ma Dam
2022-04-28,41.53,Khwae Noi Bamrung Dan Dam
2022-04-28,44.55,Mae Mok Dam
2022-04-29,43.28,Bhumibol Dam
2022-04-29,39.03,Sirikit Dam
2022-04-29,34.32,Mae Ngat Somboon Chon Dam
2022-04-29,31.37,Mae Kuang Udom Thara Dam
2022-04-29,56.13,Kiew Lom Dam
2022-04-29,56.95,Kiew Kor Ma Dam
2022-04-29,41.21,Khwae Noi Bamrung Dan Dam
2022-04-29,44.55,Mae Mok Dam
2022-04-30,43.16,Bhumibol Dam
2022-04-30,38.97,Sirikit Dam
2022-04-30,34.08,Mae Ngat Somboon Chon Dam
2022-04-30,31.14,Mae Kuang Udom Thara Dam
2022-04-30,55.64,Kiew Lom Dam
2022-04-30,56.95,Kiew Kor Ma Dam
2022-04-30,41,Khwae Noi Bamrung Dan Dam
2022-04-30,44.55,Mae Mok Dam
2022-05-01,43.02,Bhumibol Dam
2022-05-01,38.93,Sirikit Dam
2022-05-01,34.09,Mae Ngat Somboon Chon Dam
2022-05-01,31.05,Mae Kuang Udom Thara Dam
2022-05-01,55.78,Kiew Lom Dam
2022-05-01,57.04,Kiew Kor Ma Dam
2022-05-01,40.79,Khwae Noi Bamrung Dan Dam
2022-05-01,44.55,Mae Mok Dam
2022-05-02,42.89,Bhumibol Dam
2022-05-02,38.89,Sirikit Dam
2022-05-02,34.14,Mae Ngat Somboon Chon Dam
2022-05-02,30.88,Mae Kuang Udom Thara Dam
2022-05-02,55.98,Kiew Lom Dam
2022-05-02,57.08,Kiew Kor Ma Dam
2022-05-02,40.58,Khwae Noi Bamrung Dan Dam
2022-05-02,44.55,Mae Mok Dam
2022-05-03,42.78,Bhumibol Dam
2022-05-03,38.79,Sirikit Dam
2022-05-03,34.13,Mae Ngat Somboon Chon Dam
2022-05-03,30.74,Mae Kuang Udom Thara Dam
2022-05-03,56.33,Kiew Lom Dam
2022-05-03,57.12,Kiew Kor Ma Dam
2022-05-03,40.26,Khwae Noi Bamrung Dan Dam
2022-05-03,44.55,Mae Mok Dam
2022-05-04,42.65,Bhumibol Dam
2022-05-04,38.71,Sirikit Dam
2022-05-04,34.11,Mae Ngat Somboon Chon Dam
2022-05-04,30.61,Mae Kuang Udom Thara Dam
2022-05-04,56.67,Kiew Lom Dam
2022-05-04,57.12,Kiew Kor Ma Dam
2022-05-04,39.94,Khwae Noi Bamrung Dan Dam
2022-05-04,44.67,Mae Mok Dam
2022-05-05,42.5,Bhumibol Dam
2022-05-05,38.63,Sirikit Dam
2022-05-05,34.08,Mae Ngat Somboon Chon Dam
2022-05-05,30.59,Mae Kuang Udom Thara Dam
2022-05-05,56.82,Kiew Lom Dam
2022-05-05,57.17,Kiew Kor Ma Dam
2022-05-05,39.72,Khwae Noi Bamrung Dan Dam
2022-05-05,44.55,Mae Mok Dam
2022-05-06,42.34,Bhumibol Dam
2022-05-06,38.55,Sirikit Dam
2022-05-06,34.04,Mae Ngat Somboon Chon Dam
2022-05-06,30.56,Mae Kuang Udom Thara Dam
2022-05-06,56.91,Kiew Lom Dam
2022-05-06,57.17,Kiew Kor Ma Dam
2022-05-06,39.51,Khwae Noi Bamrung Dan Dam
2022-05-06,44.55,Mae Mok Dam
2022-05-07,42.18,Bhumibol Dam
2022-05-07,38.48,Sirikit Dam
2022-05-07,34.15,Mae Ngat Somboon Chon Dam
2022-05-07,30.54,Mae Kuang Udom Thara Dam
2022-05-07,57.15,Kiew Lom Dam
2022-05-07,57.21,Kiew Kor Ma Dam
2022-05-07,39.3,Khwae Noi Bamrung Dan Dam
2022-05-07,44.55,Mae Mok Dam
2022-05-08,42.04,Bhumibol Dam
2022-05-08,38.39,Sirikit Dam
2022-05-08,34.28,Mae Ngat Somboon Chon Dam
2022-05-08,30.56,Mae Kuang Udom Thara Dam
2022-05-08,57.5,Kiew Lom Dam
2022-05-08,57.35,Kiew Kor Ma Dam
2022-05-08,39.19,Khwae Noi Bamrung Dan Dam
2022-05-08,44.55,Mae Mok Dam
2022-05-09,41.89,Bhumibol Dam
2022-05-09,38.33,Sirikit Dam
2022-05-09,34.4,Mae Ngat Somboon Chon Dam
2022-05-09,30.62,Mae Kuang Udom Thara Dam
2022-05-09,57.7,Kiew Lom Dam
2022-05-09,57.48,Kiew Kor Ma Dam
2022-05-09,38.98,Khwae Noi Bamrung Dan Dam
2022-05-09,44.55,Mae Mok Dam
2022-05-10,41.74,Bhumibol Dam
2022-05-10,38.32,Sirikit Dam
2022-05-10,34.44,Mae Ngat Somboon Chon Dam
2022-05-10,30.66,Mae Kuang Udom Thara Dam
2022-05-10,58.09,Kiew Lom Dam
2022-05-10,57.57,Kiew Kor Ma Dam
2022-05-10,38.87,Khwae Noi Bamrung Dan Dam
2022-05-10,44.55,Mae Mok Dam
2022-05-11,41.64,Bhumibol Dam
2022-05-11,38.32,Sirikit Dam
2022-05-11,34.67,Mae Ngat Somboon Chon Dam
2022-05-11,30.79,Mae Kuang Udom Thara Dam
2022-05-11,58.23,Kiew Lom Dam
2022-05-11,57.62,Kiew Kor Ma Dam
2022-05-11,38.66,Khwae Noi Bamrung Dan Dam
2022-05-11,44.55,Mae Mok Dam
2022-05-12,41.54,Bhumibol Dam
2022-05-12,38.32,Sirikit Dam
2022-05-12,34.96,Mae Ngat Somboon Chon Dam
2022-05-12,30.99,Mae Kuang Udom Thara Dam
2022-05-12,58.29,Kiew Lom Dam
2022-05-12,57.75,Kiew Kor Ma Dam
2022-05-12,38.55,Khwae Noi Bamrung Dan Dam
2022-05-12,44.55,Mae Mok Dam
2022-05-13,41.49,Bhumibol Dam
2022-05-13,38.32,Sirikit Dam
2022-05-13,35.14,Mae Ngat Somboon Chon Dam
2022-05-13,31.09,Mae Kuang Udom Thara Dam
2022-05-13,58.48,Kiew Lom Dam
2022-05-13,57.84,Kiew Kor Ma Dam
2022-05-13,38.34,Khwae Noi Bamrung Dan Dam
2022-05-13,44.55,Mae Mok Dam
2022-05-14,41.45,Bhumibol Dam
2022-05-14,38.33,Sirikit Dam
2022-05-14,35.24,Mae Ngat Somboon Chon Dam
2022-05-14,31.14,Mae Kuang Udom Thara Dam
2022-05-14,58.71,Kiew Lom Dam
2022-05-14,57.93,Kiew Kor Ma Dam
2022-05-14,38.13,Khwae Noi Bamrung Dan Dam
2022-05-14,44.55,Mae Mok Dam
2022-05-15,41.41,Bhumibol Dam
2022-05-15,38.35,Sirikit Dam
2022-05-15,35.31,Mae Ngat Somboon Chon Dam
2022-05-15,31.19,Mae Kuang Udom Thara Dam
2022-05-15,58.94,Kiew Lom Dam
2022-05-15,57.97,Kiew Kor Ma Dam
2022-05-15,37.91,Khwae Noi Bamrung Dan Dam
2022-05-15,44.55,Mae Mok Dam
2022-05-16,41.38,Bhumibol Dam
2022-05-16,38.35,Sirikit Dam
2022-05-16,35.37,Mae Ngat Somboon Chon Dam
2022-05-16,31.2,Mae Kuang Udom Thara Dam
2022-05-16,59.11,Kiew Lom Dam
2022-05-16,58.02,Kiew Kor Ma Dam
2022-05-16,37.7,Khwae Noi Bamrung Dan Dam
2022-05-16,44.43,Mae Mok Dam
2022-05-17,41.33,Bhumibol Dam
2022-05-17,38.33,Sirikit Dam
2022-05-17,35.63,Mae Ngat Somboon Chon Dam
2022-05-17,31.25,Mae Kuang Udom Thara Dam
2022-05-17,59.76,Kiew Lom Dam
2022-05-17,58.64,Kiew Kor Ma Dam
2022-05-17,37.49,Khwae Noi Bamrung Dan Dam
2022-05-17,44.55,Mae Mok Dam
2022-05-18,41.3,Bhumibol Dam
2022-05-18,38.68,Sirikit Dam
2022-05-18,36.12,Mae Ngat Somboon Chon Dam
2022-05-18,31.34,Mae Kuang Udom Thara Dam
2022-05-18,62.37,Kiew Lom Dam
2022-05-18,59.54,Kiew Kor Ma Dam
2022-05-18,37.38,Khwae Noi Bamrung Dan Dam
2022-05-18,44.55,Mae Mok Dam
2022-05-19,41.38,Bhumibol Dam
2022-05-19,38.76,Sirikit Dam
2022-05-19,37.05,Mae Ngat Somboon Chon Dam
2022-05-19,31.48,Mae Kuang Udom Thara Dam
2022-05-19,65.07,Kiew Lom Dam
2022-05-19,59.98,Kiew Kor Ma Dam
2022-05-19,37.59,Khwae Noi Bamrung Dan Dam
2022-05-19,44.55,Mae Mok Dam
2022-05-20,41.44,Bhumibol Dam
2022-05-20,38.82,Sirikit Dam
2022-05-20,37.83,Mae Ngat Somboon Chon Dam
2022-05-20,31.53,Mae Kuang Udom Thara Dam
2022-05-20,66.15,Kiew Lom Dam
2022-05-20,60.07,Kiew Kor Ma Dam
2022-05-20,37.81,Khwae Noi Bamrung Dan Dam
2022-05-20,44.55,Mae Mok Dam
2022-05-21,41.54,Bhumibol Dam
2022-05-21,38.86,Sirikit Dam
2022-05-21,38.81,Mae Ngat Somboon Chon Dam
2022-05-21,31.95,Mae Kuang Udom Thara Dam
2022-05-21,68.68,Kiew Lom Dam
2022-05-21,61.18,Kiew Kor Ma Dam
2022-05-21,38.02,Khwae Noi Bamrung Dan Dam
2022-05-21,45.45,Mae Mok Dam
2022-05-22,41.89,Bhumibol Dam
2022-05-22,38.89,Sirikit Dam
2022-05-22,41.04,Mae Ngat Somboon Chon Dam
2022-05-22,34.3,Mae Kuang Udom Thara Dam
2022-05-22,74.36,Kiew Lom Dam
2022-05-22,64.92,Kiew Kor Ma Dam
2022-05-22,38.23,Khwae Noi Bamrung Dan Dam
2022-05-22,46.36,Mae Mok Dam
2022-05-23,42.73,Bhumibol Dam
2022-05-23,38.92,Sirikit Dam
2022-05-23,43.07,Mae Ngat Somboon Chon Dam
2022-05-23,35.15,Mae Kuang Udom Thara Dam
2022-05-23,84.16,Kiew Lom Dam
2022-05-23,72.73,Kiew Kor Ma Dam
2022-05-23,38.34,Khwae Noi Bamrung Dan Dam
2022-05-23,46.36,Mae Mok Dam
2022-05-24,43.6,Bhumibol Dam
2022-05-24,39.11,Sirikit Dam
2022-05-24,44.54,Mae Ngat Somboon Chon Dam
2022-05-24,35.61,Mae Kuang Udom Thara Dam
2022-05-24,83.12,Kiew Lom Dam
2022-05-24,78.61,Kiew Kor Ma Dam
2022-05-24,38.34,Khwae Noi Bamrung Dan Dam
2022-05-24,47.27,Mae Mok Dam
2022-05-25,44.19,Bhumibol Dam
2022-05-25,39.31,Sirikit Dam
2022-05-25,45.27,Mae Ngat Somboon Chon Dam
2022-05-25,35.91,Mae Kuang Udom Thara Dam
2022-05-25,79.28,Kiew Lom Dam
2022-05-25,80.46,Kiew Kor Ma Dam
2022-05-25,38.45,Khwae Noi Bamrung Dan Dam
2022-05-25,47.27,Mae Mok Dam
2022-05-26,44.58,Bhumibol Dam
2022-05-26,39.4,Sirikit Dam
2022-05-26,45.73,Mae Ngat Somboon Chon Dam
2022-05-26,36.13,Mae Kuang Udom Thara Dam
2022-05-26,74.46,Kiew Lom Dam
2022-05-26,81.47,Kiew Kor Ma Dam
2022-05-26,38.45,Khwae Noi Bamrung Dan Dam
2022-05-26,47.27,Mae Mok Dam
2022-05-27,44.78,Bhumibol Dam
2022-05-27,39.4,Sirikit Dam
2022-05-27,45.99,Mae Ngat Somboon Chon Dam
2022-05-27,36.31,Mae Kuang Udom Thara Dam
2022-05-27,72.26,Kiew Lom Dam
2022-05-27,82.07,Kiew Kor Ma Dam
2022-05-27,38.55,Khwae Noi Bamrung Dan Dam
2022-05-27,47.27,Mae Mok Dam
2022-05-28,44.93,Bhumibol Dam
2022-05-28,39.37,Sirikit Dam
2022-05-28,46.14,Mae Ngat Somboon Chon Dam
2022-05-28,36.46,Mae Kuang Udom Thara Dam
2022-05-28,72.52,Kiew Lom Dam
2022-05-28,82.67,Kiew Kor Ma Dam
2022-05-28,38.55,Khwae Noi Bamrung Dan Dam
2022-05-28,47.27,Mae Mok Dam
2022-05-29,45.09,Bhumibol Dam
2022-05-29,39.34,Sirikit Dam
2022-05-29,46.2,Mae Ngat Somboon Chon Dam
2022-05-29,36.54,Mae Kuang Udom Thara Dam
2022-05-29,72.83,Kiew Lom Dam
2022-05-29,83.24,Kiew Kor Ma Dam
2022-05-29,38.45,Khwae Noi Bamrung Dan Dam
2022-05-29,47.27,Mae Mok Dam
2022-05-30,45.19,Bhumibol Dam
2022-05-30,39.32,Sirikit Dam
2022-05-30,46.21,Mae Ngat Somboon Chon Dam
2022-05-30,36.64,Mae Kuang Udom Thara Dam
2022-05-30,73.04,Kiew Lom Dam
2022-05-30,83.72,Kiew Kor Ma Dam
2022-05-30,38.34,Khwae Noi Bamrung Dan Dam
2022-05-30,47.27,Mae Mok Dam
2022-05-31,45.25,Bhumibol Dam
2022-05-31,39.25,Sirikit Dam
2022-05-31,46.2,Mae Ngat Somboon Chon Dam
2022-05-31,36.71,Mae Kuang Udom Thara Dam
2022-05-31,73.27,Kiew Lom Dam
2022-05-31,84.43,Kiew Kor Ma Dam
2022-05-31,38.23,Khwae Noi Bamrung Dan Dam
2022-05-31,47.27,Mae Mok Dam
2022-06-01,45.35,Bhumibol Dam
2022-06-01,39.22,Sirikit Dam
2022-06-01,46.28,Mae Ngat Somboon Chon Dam
2022-06-01,36.87,Mae Kuang Udom Thara Dam
2022-06-01,73.82,Kiew Lom Dam
2022-06-01,84.98,Kiew Kor Ma Dam
2022-06-01,38.13,Khwae Noi Bamrung Dan Dam
2022-06-01,47.27,Mae Mok Dam
2022-06-02,45.41,Bhumibol Dam
2022-06-02,39.2,Sirikit Dam
2022-06-02,46.32,Mae Ngat Somboon Chon Dam
2022-06-02,37.02,Mae Kuang Udom Thara Dam
2022-06-02,74.2,Kiew Lom Dam
2022-06-02,85.45,Kiew Kor Ma Dam
2022-06-02,37.91,Khwae Noi Bamrung Dan Dam
2022-06-02,47.27,Mae Mok Dam
2022-06-03,45.41,Bhumibol Dam
2022-06-03,39.23,Sirikit Dam
2022-06-03,46.37,Mae Ngat Somboon Chon Dam
2022-06-03,37.08,Mae Kuang Udom Thara Dam
2022-06-03,73.35,Kiew Lom Dam
2022-06-03,85.69,Kiew Kor Ma Dam
2022-06-03,37.49,Khwae Noi Bamrung Dan Dam
2022-06-03,47.27,Mae Mok Dam
2022-06-04,45.36,Bhumibol Dam
2022-06-04,39.22,Sirikit Dam
2022-06-04,46.49,Mae Ngat Somboon Chon Dam
2022-06-04,37.14,Mae Kuang Udom Thara Dam
2022-06-04,72.28,Kiew Lom Dam
2022-06-04,85.61,Kiew Kor Ma Dam
2022-06-04,36.95,Khwae Noi Bamrung Dan Dam
2022-06-04,47.27,Mae Mok Dam
2022-06-05,45.29,Bhumibol Dam
2022-06-05,39.14,Sirikit Dam
2022-06-05,46.57,Mae Ngat Somboon Chon Dam
2022-06-05,37.2,Mae Kuang Udom Thara Dam
2022-06-05,71.49,Kiew Lom Dam
2022-06-05,85.45,Kiew Kor Ma Dam
2022-06-05,36.63,Khwae Noi Bamrung Dan Dam
2022-06-05,47.27,Mae Mok Dam
2022-06-06,45.15,Bhumibol Dam
2022-06-06,39.04,Sirikit Dam
2022-06-06,46.63,Mae Ngat Somboon Chon Dam
2022-06-06,37.26,Mae Kuang Udom Thara Dam
2022-06-06,71.15,Kiew Lom Dam
2022-06-06,85.22,Kiew Kor Ma Dam
2022-06-06,36.21,Khwae Noi Bamrung Dan Dam
2022-06-06,47.27,Mae Mok Dam
2022-06-07,44.99,Bhumibol Dam
2022-06-07,38.95,Sirikit Dam
2022-06-07,46.68,Mae Ngat Somboon Chon Dam
2022-06-07,37.34,Mae Kuang Udom Thara Dam
2022-06-07,70.59,Kiew Lom Dam
2022-06-07,84.51,Kiew Kor Ma Dam
2022-06-07,35.89,Khwae Noi Bamrung Dan Dam
2022-06-07,47.27,Mae Mok Dam
2022-06-08,44.86,Bhumibol Dam
2022-06-08,38.82,Sirikit Dam
2022-06-08,46.7,Mae Ngat Somboon Chon Dam
2022-06-08,37.47,Mae Kuang Udom Thara Dam
2022-06-08,70.48,Kiew Lom Dam
2022-06-08,83.56,Kiew Kor Ma Dam
2022-06-08,35.57,Khwae Noi Bamrung Dan Dam
2022-06-08,47.27,Mae Mok Dam
2022-06-09,44.7,Bhumibol Dam
2022-06-09,38.73,Sirikit Dam
2022-06-09,46.73,Mae Ngat Somboon Chon Dam
2022-06-09,37.59,Mae Kuang Udom Thara Dam
2022-06-09,70.7,Kiew Lom Dam
2022-06-09,82.55,Kiew Kor Ma Dam
2022-06-09,35.25,Khwae Noi Bamrung Dan Dam
2022-06-09,47.27,Mae Mok Dam
2022-06-10,44.56,Bhumibol Dam
2022-06-10,38.63,Sirikit Dam
2022-06-10,46.75,Mae Ngat Somboon Chon Dam
2022-06-10,37.66,Mae Kuang Udom Thara Dam
2022-06-10,71.44,Kiew Lom Dam
2022-06-10,81.65,Kiew Kor Ma Dam
2022-06-10,34.93,Khwae Noi Bamrung Dan Dam
2022-06-10,47.27,Mae Mok Dam
2022-06-11,44.44,Bhumibol Dam
2022-06-11,38.55,Sirikit Dam
2022-06-11,46.77,Mae Ngat Somboon Chon Dam
2022-06-11,37.72,Mae Kuang Udom Thara Dam
2022-06-11,72.6,Kiew Lom Dam
2022-06-11,80.94,Kiew Kor Ma Dam
2022-06-11,34.72,Khwae Noi Bamrung Dan Dam
2022-06-11,47.27,Mae Mok Dam
2022-06-12,44.34,Bhumibol Dam
2022-06-12,38.45,Sirikit Dam
2022-06-12,46.77,Mae Ngat Somboon Chon Dam
2022-06-12,37.78,Mae Kuang Udom Thara Dam
2022-06-12,73.94,Kiew Lom Dam
2022-06-12,80.22,Kiew Kor Ma Dam
2022-06-12,34.5,Khwae Noi Bamrung Dan Dam
2022-06-12,47.27,Mae Mok Dam
2022-06-13,44.2,Bhumibol Dam
2022-06-13,38.39,Sirikit Dam
2022-06-13,46.78,Mae Ngat Somboon Chon Dam
2022-06-13,37.81,Mae Kuang Udom Thara Dam
2022-06-13,75.11,Kiew Lom Dam
2022-06-13,79.44,Kiew Kor Ma Dam
2022-06-13,34.19,Khwae Noi Bamrung Dan Dam
2022-06-13,47.27,Mae Mok Dam
2022-06-14,44.09,Bhumibol Dam
2022-06-14,38.3,Sirikit Dam
2022-06-14,46.81,Mae Ngat Somboon Chon Dam
2022-06-14,37.87,Mae Kuang Udom Thara Dam
2022-06-14,76.25,Kiew Lom Dam
2022-06-14,78.66,Kiew Kor Ma Dam
2022-06-14,33.87,Khwae Noi Bamrung Dan Dam
2022-06-14,47.27,Mae Mok Dam
2022-06-15,43.99,Bhumibol Dam
2022-06-15,38.23,Sirikit Dam
2022-06-15,46.83,Mae Ngat Somboon Chon Dam
2022-06-15,37.89,Mae Kuang Udom Thara Dam
2022-06-15,77.57,Kiew Lom Dam
2022-06-15,78.01,Kiew Kor Ma Dam
2022-06-15,33.65,Khwae Noi Bamrung Dan Dam
2022-06-15,46.36,Mae Mok Dam
2022-06-16,43.89,Bhumibol Dam
2022-06-16,38.14,Sirikit Dam
2022-06-16,46.82,Mae Ngat Somboon Chon Dam
2022-06-16,37.93,Mae Kuang Udom Thara Dam
2022-06-16,79.05,Kiew Lom Dam
2022-06-16,77.47,Kiew Kor Ma Dam
2022-06-16,33.33,Khwae Noi Bamrung Dan Dam
2022-06-16,46.36,Mae Mok Dam
2022-06-17,43.81,Bhumibol Dam
2022-06-17,38.03,Sirikit Dam
2022-06-17,46.79,Mae Ngat Somboon Chon Dam
2022-06-17,37.98,Mae Kuang Udom Thara Dam
2022-06-17,80.41,Kiew Lom Dam
2022-06-17,77.29,Kiew Kor Ma Dam
2022-06-17,33.12,Khwae Noi Bamrung Dan Dam
2022-06-17,46.36,Mae Mok Dam
2022-06-18,43.77,Bhumibol Dam
2022-06-18,38.1,Sirikit Dam
2022-06-18,46.77,Mae Ngat Somboon Chon Dam
2022-06-18,37.99,Mae Kuang Udom Thara Dam
2022-06-18,81.03,Kiew Lom Dam
2022-06-18,77.41,Kiew Kor Ma Dam
2022-06-18,32.91,Khwae Noi Bamrung Dan Dam
2022-06-18,46.36,Mae Mok Dam
2022-06-19,43.69,Bhumibol Dam
2022-06-19,38.08,Sirikit Dam
2022-06-19,46.75,Mae Ngat Somboon Chon Dam
2022-06-19,38.02,Mae Kuang Udom Thara Dam
2022-06-19,81.11,Kiew Lom Dam
2022-06-19,77.53,Kiew Kor Ma Dam
2022-06-19,32.69,Khwae Noi Bamrung Dan Dam
2022-06-19,46.36,Mae Mok Dam
2022-06-20,43.63,Bhumibol Dam
2022-06-20,38.03,Sirikit Dam
2022-06-20,46.7,Mae Ngat Somboon Chon Dam
2022-06-20,38.05,Mae Kuang Udom Thara Dam
2022-06-20,81.18,Kiew Lom Dam
2022-06-20,77.65,Kiew Kor Ma Dam
2022-06-20,32.37,Khwae Noi Bamrung Dan Dam
2022-06-20,46.36,Mae Mok Dam
2022-06-21,43.57,Bhumibol Dam
2022-06-21,37.98,Sirikit Dam
2022-06-21,46.66,Mae Ngat Somboon Chon Dam
2022-06-21,38.02,Mae Kuang Udom Thara Dam
2022-06-21,81.11,Kiew Lom Dam
2022-06-21,77.76,Kiew Kor Ma Dam
2022-06-21,32.16,Khwae Noi Bamrung Dan Dam
2022-06-21,46.36,Mae Mok Dam
2022-06-22,43.51,Bhumibol Dam
2022-06-22,37.94,Sirikit Dam
2022-06-22,46.63,Mae Ngat Somboon Chon Dam
2022-06-22,38.02,Mae Kuang Udom Thara Dam
2022-06-22,81.05,Kiew Lom Dam
2022-06-22,77.76,Kiew Kor Ma Dam
2022-06-22,31.95,Khwae Noi Bamrung Dan Dam
2022-06-22,46.36,Mae Mok Dam
2022-06-23,43.4,Bhumibol Dam
2022-06-23,37.88,Sirikit Dam
2022-06-23,46.59,Mae Ngat Somboon Chon Dam
2022-06-23,38.02,Mae Kuang Udom Thara Dam
2022-06-23,80.93,Kiew Lom Dam
2022-06-23,77.76,Kiew Kor Ma Dam
2022-06-23,31.63,Khwae Noi Bamrung Dan Dam
2022-06-23,46.36,Mae Mok Dam
2022-06-24,43.26,Bhumibol Dam
2022-06-24,37.78,Sirikit Dam
2022-06-24,46.54,Mae Ngat Somboon Chon Dam
2022-06-24,38.19,Mae Kuang Udom Thara Dam
2022-06-24,80.53,Kiew Lom Dam
2022-06-24,77.71,Kiew Kor Ma Dam
2022-06-24,31.42,Khwae Noi Bamrung Dan Dam
2022-06-24,46.36,Mae Mok Dam
2022-06-25,43.16,Bhumibol Dam
2022-06-25,37.7,Sirikit Dam
2022-06-25,46.56,Mae Ngat Somboon Chon Dam
2022-06-25,38.22,Mae Kuang Udom Thara Dam
2022-06-25,79.5,Kiew Lom Dam
2022-06-25,77.65,Kiew Kor Ma Dam
2022-06-25,31.2,Khwae Noi Bamrung Dan Dam
2022-06-25,45.45,Mae Mok Dam
2022-06-26,43.02,Bhumibol Dam
2022-06-26,37.59,Sirikit Dam
2022-06-26,46.63,Mae Ngat Somboon Chon Dam
2022-06-26,38.23,Mae Kuang Udom Thara Dam
2022-06-26,77.95,Kiew Lom Dam
2022-06-26,77.53,Kiew Kor Ma Dam
2022-06-26,30.99,Khwae Noi Bamrung Dan Dam
2022-06-26,45.45,Mae Mok Dam
2022-06-27,42.91,Bhumibol Dam
2022-06-27,37.52,Sirikit Dam
2022-06-27,46.63,Mae Ngat Somboon Chon Dam
2022-06-27,38.4,Mae Kuang Udom Thara Dam
2022-06-27,76.33,Kiew Lom Dam
2022-06-27,77.47,Kiew Kor Ma Dam
2022-06-27,30.78,Khwae Noi Bamrung Dan Dam
2022-06-27,45.45,Mae Mok Dam
2022-06-28,42.74,Bhumibol Dam
2022-06-28,37.46,Sirikit Dam
2022-06-28,46.57,Mae Ngat Somboon Chon Dam
2022-06-28,38.4,Mae Kuang Udom Thara Dam
2022-06-28,74.59,Kiew Lom Dam
2022-06-28,77.41,Kiew Kor Ma Dam
2022-06-28,30.56,Khwae Noi Bamrung Dan Dam
2022-06-28,45.45,Mae Mok Dam
2022-06-29,42.6,Bhumibol Dam
2022-06-29,37.38,Sirikit Dam
2022-06-29,46.5,Mae Ngat Somboon Chon Dam
2022-06-29,38.4,Mae Kuang Udom Thara Dam
2022-06-29,72.65,Kiew Lom Dam
2022-06-29,77.23,Kiew Kor Ma Dam
2022-06-29,30.24,Khwae Noi Bamrung Dan Dam
2022-06-29,45.45,Mae Mok Dam
2022-06-30,42.49,Bhumibol Dam
2022-06-30,37.27,Sirikit Dam
2022-06-30,46.47,Mae Ngat Somboon Chon Dam
2022-06-30,38.4,Mae Kuang Udom Thara Dam
2022-06-30,71.04,Kiew Lom Dam
2022-06-30,77.41,Kiew Kor Ma Dam
2022-06-30,30.03,Khwae Noi Bamrung Dan Dam
2022-06-30,45.45,Mae Mok Dam
2022-07-01,42.34,Bhumibol Dam
2022-07-01,37.18,Sirikit Dam
2022-07-01,46.6,Mae Ngat Somboon Chon Dam
2022-07-01,38.47,Mae Kuang Udom Thara Dam
2022-07-01,69.47,Kiew Lom Dam
2022-07-01,77.41,Kiew Kor Ma Dam
2022-07-01,29.82,Khwae Noi Bamrung Dan Dam
2022-07-01,45.45,Mae Mok Dam
2022-07-02,42.24,Bhumibol Dam
2022-07-02,37.12,Sirikit Dam
2022-07-02,47.29,Mae Ngat Somboon Chon Dam
2022-07-02,38.11,Mae Kuang Udom Thara Dam
2022-07-02,68.11,Kiew Lom Dam
2022-07-02,78.01,Kiew Kor Ma Dam
2022-07-02,29.71,Khwae Noi Bamrung Dan Dam
2022-07-02,45.45,Mae Mok Dam
2022-07-03,42.12,Bhumibol Dam
2022-07-03,37.26,Sirikit Dam
2022-07-03,48.25,Mae Ngat Somboon Chon Dam
2022-07-03,37.84,Mae Kuang Udom Thara Dam
2022-07-03,66.87,Kiew Lom Dam
2022-07-03,79.44,Kiew Kor Ma Dam
2022-07-03,29.5,Khwae Noi Bamrung Dan Dam
2022-07-03,45.45,Mae Mok Dam
2022-07-04,42.01,Bhumibol Dam
2022-07-04,37.39,Sirikit Dam
2022-07-04,48.7,Mae Ngat Somboon Chon Dam
2022-07-04,37.64,Mae Kuang Udom Thara Dam
2022-07-04,65.75,Kiew Lom Dam
2022-07-04,80.28,Kiew Kor Ma Dam
2022-07-04,29.29,Khwae Noi Bamrung Dan Dam
2022-07-04,45.45,Mae Mok Dam
2022-07-05,41.84,Bhumibol Dam
2022-07-05,37.55,Sirikit Dam
2022-07-05,48.89,Mae Ngat Somboon Chon Dam
2022-07-05,37.26,Mae Kuang Udom Thara Dam
2022-07-05,64.63,Kiew Lom Dam
2022-07-05,80.46,Kiew Kor Ma Dam
2022-07-05,29.07,Khwae Noi Bamrung Dan Dam
2022-07-05,44.55,Mae Mok Dam
2022-07-06,41.7,Bhumibol Dam
2022-07-06,37.7,Sirikit Dam
2022-07-06,48.97,Mae Ngat Somboon Chon Dam
2022-07-06,36.88,Mae Kuang Udom Thara Dam
2022-07-06,63.78,Kiew Lom Dam
2022-07-06,80.39,Kiew Kor Ma Dam
2022-07-06,28.75,Khwae Noi Bamrung Dan Dam
2022-07-06,44.55,Mae Mok Dam
2022-07-07,41.49,Bhumibol Dam
2022-07-07,37.78,Sirikit Dam
2022-07-07,49,Mae Ngat Somboon Chon Dam
2022-07-07,36.31,Mae Kuang Udom Thara Dam
2022-07-07,63.5,Kiew Lom Dam
2022-07-07,80.39,Kiew Kor Ma Dam
2022-07-07,28.43,Khwae Noi Bamrung Dan Dam
2022-07-07,44.55,Mae Mok Dam
2022-07-08,41.33,Bhumibol Dam
2022-07-08,37.82,Sirikit Dam
2022-07-08,49.23,Mae Ngat Somboon Chon Dam
2022-07-08,35.93,Mae Kuang Udom Thara Dam
2022-07-08,63.67,Kiew Lom Dam
2022-07-08,81.24,Kiew Kor Ma Dam
2022-07-08,28.01,Khwae Noi Bamrung Dan Dam
2022-07-08,44.55,Mae Mok Dam
2022-07-09,41.15,Bhumibol Dam
2022-07-09,38.03,Sirikit Dam
2022-07-09,49.84,Mae Ngat Somboon Chon Dam
2022-07-09,35.95,Mae Kuang Udom Thara Dam
2022-07-09,63.95,Kiew Lom Dam
2022-07-09,81.71,Kiew Kor Ma Dam
2022-07-09,27.58,Khwae Noi Bamrung Dan Dam
2022-07-09,44.55,Mae Mok Dam
2022-07-10,41,Bhumibol Dam
2022-07-10,38.22,Sirikit Dam
2022-07-10,50.25,Mae Ngat Somboon Chon Dam
2022-07-10,35.75,Mae Kuang Udom Thara Dam
2022-07-10,64.18,Kiew Lom Dam
2022-07-10,82.37,Kiew Kor Ma Dam
2022-07-10,27.26,Khwae Noi Bamrung Dan Dam
2022-07-10,44.55,Mae Mok Dam
2022-07-11,40.89,Bhumibol Dam
2022-07-11,38.39,Sirikit Dam
2022-07-11,50.48,Mae Ngat Somboon Chon Dam
2022-07-11,35.61,Mae Kuang Udom Thara Dam
2022-07-11,63.72,Kiew Lom Dam
2022-07-11,83.08,Kiew Kor Ma Dam
2022-07-11,27.05,Khwae Noi Bamrung Dan Dam
2022-07-11,44.55,Mae Mok Dam
2022-07-12,40.94,Bhumibol Dam
2022-07-12,38.45,Sirikit Dam
2022-07-12,50.71,Mae Ngat Somboon Chon Dam
2022-07-12,35.96,Mae Kuang Udom Thara Dam
2022-07-12,63.5,Kiew Lom Dam
2022-07-12,84.04,Kiew Kor Ma Dam
2022-07-12,26.94,Khwae Noi Bamrung Dan Dam
2022-07-12,43.64,Mae Mok Dam
2022-07-13,40.93,Bhumibol Dam
2022-07-13,38.48,Sirikit Dam
2022-07-13,50.97,Mae Ngat Somboon Chon Dam
2022-07-13,35.95,Mae Kuang Udom Thara Dam
2022-07-13,63.2,Kiew Lom Dam
2022-07-13,84.82,Kiew Kor Ma Dam
2022-07-13,26.73,Khwae Noi Bamrung Dan Dam
2022-07-13,43.64,Mae Mok Dam
2022-07-14,40.94,Bhumibol Dam
2022-07-14,38.63,Sirikit Dam
2022-07-14,51.2,Mae Ngat Somboon Chon Dam
2022-07-14,36.03,Mae Kuang Udom Thara Dam
2022-07-14,62.82,Kiew Lom Dam
2022-07-14,85.93,Kiew Kor Ma Dam
2022-07-14,26.84,Khwae Noi Bamrung Dan Dam
2022-07-14,43.64,Mae Mok Dam
2022-07-15,40.95,Bhumibol Dam
2022-07-15,38.79,Sirikit Dam
2022-07-15,51.57,Mae Ngat Somboon Chon Dam
2022-07-15,36.17,Mae Kuang Udom Thara Dam
2022-07-15,63.75,Kiew Lom Dam
2022-07-15,88.38,Kiew Kor Ma Dam
2022-07-15,27.26,Khwae Noi Bamrung Dan Dam
2022-07-15,43.64,Mae Mok Dam
2022-07-16,40.96,Bhumibol Dam
2022-07-16,39.07,Sirikit Dam
2022-07-16,52.11,Mae Ngat Somboon Chon Dam
2022-07-16,36.3,Mae Kuang Udom Thara Dam
2022-07-16,65.79,Kiew Lom Dam
2022-07-16,89.64,Kiew Kor Ma Dam
2022-07-16,28.12,Khwae Noi Bamrung Dan Dam
2022-07-16,42.87,Mae Mok Dam
2022-07-17,41.05,Bhumibol Dam
2022-07-17,39.38,Sirikit Dam
2022-07-17,52.52,Mae Ngat Somboon Chon Dam
2022-07-17,36.33,Mae Kuang Udom Thara Dam
2022-07-17,66.65,Kiew Lom Dam
2022-07-17,89.41,Kiew Kor Ma Dam
2022-07-17,29.29,Khwae Noi Bamrung Dan Dam
2022-07-17,42.73,Mae Mok Dam
2022-07-18,41.15,Bhumibol Dam
2022-07-18,39.65,Sirikit Dam
2022-07-18,52.82,Mae Ngat Somboon Chon Dam
2022-07-18,36.33,Mae Kuang Udom Thara Dam
2022-07-18,66.99,Kiew Lom Dam
2022-07-18,88.14,Kiew Kor Ma Dam
2022-07-18,30.46,Khwae Noi Bamrung Dan Dam
2022-07-18,42.73,Mae Mok Dam
2022-07-19,41.19,Bhumibol Dam
2022-07-19,39.79,Sirikit Dam
2022-07-19,53.01,Mae Ngat Somboon Chon Dam
2022-07-19,36.07,Mae Kuang Udom Thara Dam
2022-07-19,66.77,Kiew Lom Dam
2022-07-19,86.56,Kiew Kor Ma Dam
2022-07-19,31.63,Khwae Noi Bamrung Dan Dam
2022-07-19,41.82,Mae Mok Dam
2022-07-20,41.23,Bhumibol Dam
2022-07-20,39.84,Sirikit Dam
2022-07-20,53.5,Mae Ngat Somboon Chon Dam
2022-07-20,35.79,Mae Kuang Udom Thara Dam
2022-07-20,67.44,Kiew Lom Dam
2022-07-20,85.77,Kiew Kor Ma Dam
2022-07-20,32.8,Khwae Noi Bamrung Dan Dam
2022-07-20,40.91,Mae Mok Dam
2022-07-21,41.24,Bhumibol Dam
2022-07-21,40.06,Sirikit Dam
2022-07-21,53.8,Mae Ngat Somboon Chon Dam
2022-07-21,35.71,Mae Kuang Udom Thara Dam
2022-07-21,67.33,Kiew Lom Dam
2022-07-21,87.04,Kiew Kor Ma Dam
2022-07-21,33.97,Khwae Noi Bamrung Dan Dam
2022-07-21,40.91,Mae Mok Dam
2022-07-22,41.28,Bhumibol Dam
2022-07-22,40.29,Sirikit Dam
2022-07-22,54.18,Mae Ngat Somboon Chon Dam
2022-07-22,35.5,Mae Kuang Udom Thara Dam
2022-07-22,66.99,Kiew Lom Dam
2022-07-22,86.8,Kiew Kor Ma Dam
2022-07-22,35.25,Khwae Noi Bamrung Dan Dam
2022-07-22,40.91,Mae Mok Dam
2022-07-23,41.41,Bhumibol Dam
2022-07-23,40.67,Sirikit Dam
2022-07-23,54.83,Mae Ngat Somboon Chon Dam
2022-07-23,35.57,Mae Kuang Udom Thara Dam
2022-07-23,68.12,Kiew Lom Dam
2022-07-23,88.77,Kiew Kor Ma Dam
2022-07-23,38.02,Khwae Noi Bamrung Dan Dam
2022-07-23,42.73,Mae Mok Dam
2022-07-24,41.63,Bhumibol Dam
2022-07-24,41.24,Sirikit Dam
2022-07-24,55.66,Mae Ngat Somboon Chon Dam
2022-07-24,35.9,Mae Kuang Udom Thara Dam
2022-07-24,69.47,Kiew Lom Dam
2022-07-24,95.16,Kiew Kor Ma Dam
2022-07-24,39.72,Khwae Noi Bamrung Dan Dam
2022-07-24,43.64,Mae Mok Dam
2022-07-25,41.93,Bhumibol Dam
2022-07-25,41.74,Sirikit Dam
2022-07-25,57.09,Mae Ngat Somboon Chon Dam
2022-07-25,36.34,Mae Kuang Udom Thara Dam
2022-07-25,69.37,Kiew Lom Dam
2022-07-25,95.72,Kiew Kor Ma Dam
2022-07-25,40.89,Khwae Noi Bamrung Dan Dam
2022-07-25,44.55,Mae Mok Dam
2022-07-26,42.07,Bhumibol Dam
2022-07-26,42.1,Sirikit Dam
2022-07-26,58.49,Mae Ngat Somboon Chon Dam
2022-07-26,36.64,Mae Kuang Udom Thara Dam
2022-07-26,68.45,Kiew Lom Dam
2022-07-26,94.69,Kiew Kor Ma Dam
2022-07-26,41.85,Khwae Noi Bamrung Dan Dam
2022-07-26,44.55,Mae Mok Dam
2022-07-27,42.33,Bhumibol Dam
2022-07-27,42.32,Sirikit Dam
2022-07-27,59.25,Mae Ngat Somboon Chon Dam
2022-07-27,36.82,Mae Kuang Udom Thara Dam
2022-07-27,66.99,Kiew Lom Dam
2022-07-27,93.11,Kiew Kor Ma Dam
2022-07-27,42.71,Khwae Noi Bamrung Dan Dam
2022-07-27,44.55,Mae Mok Dam
2022-07-28,42.58,Bhumibol Dam
2022-07-28,42.46,Sirikit Dam
2022-07-28,59.55,Mae Ngat Somboon Chon Dam
2022-07-28,36.95,Mae Kuang Udom Thara Dam
2022-07-28,65.86,Kiew Lom Dam
2022-07-28,90.91,Kiew Kor Ma Dam
2022-07-28,43.56,Khwae Noi Bamrung Dan Dam
2022-07-28,44.55,Mae Mok Dam
2022-07-29,42.7,Bhumibol Dam
2022-07-29,42.57,Sirikit Dam
2022-07-29,59.7,Mae Ngat Somboon Chon Dam
2022-07-29,37.06,Mae Kuang Udom Thara Dam
2022-07-29,65.64,Kiew Lom Dam
2022-07-29,88.38,Kiew Kor Ma Dam
2022-07-29,44.09,Khwae Noi Bamrung Dan Dam
2022-07-29,44.55,Mae Mok Dam
2022-07-30,42.76,Bhumibol Dam
2022-07-30,42.64,Sirikit Dam
2022-07-30,59.78,Mae Ngat Somboon Chon Dam
2022-07-30,37.2,Mae Kuang Udom Thara Dam
2022-07-30,66.2,Kiew Lom Dam
2022-07-30,86.01,Kiew Kor Ma Dam
2022-07-30,44.52,Khwae Noi Bamrung Dan Dam
2022-07-30,44.55,Mae Mok Dam
2022-07-31,42.82,Bhumibol Dam
2022-07-31,42.72,Sirikit Dam
2022-07-31,59.97,Mae Ngat Somboon Chon Dam
2022-07-31,37.29,Mae Kuang Udom Thara Dam
2022-07-31,67.58,Kiew Lom Dam
2022-07-31,83.64,Kiew Kor Ma Dam
2022-07-31,44.83,Khwae Noi Bamrung Dan Dam
2022-07-31,44.55,Mae Mok Dam
2022-08-01,42.91,Bhumibol Dam
2022-08-01,42.94,Sirikit Dam
2022-08-01,60.42,Mae Ngat Somboon Chon Dam
2022-08-01,37.54,Mae Kuang Udom Thara Dam
2022-08-01,68.23,Kiew Lom Dam
2022-08-01,81.65,Kiew Kor Ma Dam
2022-08-01,45.58,Khwae Noi Bamrung Dan Dam
2022-08-01,44.55,Mae Mok Dam
2022-08-02,43,Bhumibol Dam
2022-08-02,43.15,Sirikit Dam
2022-08-02,60.84,Mae Ngat Somboon Chon Dam
2022-08-02,37.66,Mae Kuang Udom Thara Dam
2022-08-02,68.34,Kiew Lom Dam
2022-08-02,80.16,Kiew Kor Ma Dam
2022-08-02,45.79,Khwae Noi Bamrung Dan Dam
2022-08-02,44.55,Mae Mok Dam
2022-08-03,43.08,Bhumibol Dam
2022-08-03,43.31,Sirikit Dam
2022-08-03,61.37,Mae Ngat Somboon Chon Dam
2022-08-03,37.83,Mae Kuang Udom Thara Dam
2022-08-03,68.11,Kiew Lom Dam
2022-08-03,79.5,Kiew Kor Ma Dam
2022-08-03,46.11,Khwae Noi Bamrung Dan Dam
2022-08-03,44.55,Mae Mok Dam
2022-08-04,43.16,Bhumibol Dam
2022-08-04,43.39,Sirikit Dam
2022-08-04,61.74,Mae Ngat Somboon Chon Dam
2022-08-04,37.8,Mae Kuang Udom Thara Dam
2022-08-04,66.65,Kiew Lom Dam
2022-08-04,78.61,Kiew Kor Ma Dam
2022-08-04,46.43,Khwae Noi Bamrung Dan Dam
2022-08-04,44.55,Mae Mok Dam
2022-08-05,43.31,Bhumibol Dam
2022-08-05,43.45,Sirikit Dam
2022-08-05,61.93,Mae Ngat Somboon Chon Dam
2022-08-05,37.66,Mae Kuang Udom Thara Dam
2022-08-05,65.41,Kiew Lom Dam
2022-08-05,77.76,Kiew Kor Ma Dam
2022-08-05,46.54,Khwae Noi Bamrung Dan Dam
2022-08-05,44.55,Mae Mok Dam
2022-08-06,43.46,Bhumibol Dam
2022-08-06,43.52,Sirikit Dam
2022-08-06,62.05,Mae Ngat Somboon Chon Dam
2022-08-06,37.75,Mae Kuang Udom Thara Dam
2022-08-06,65.24,Kiew Lom Dam
2022-08-06,76.75,Kiew Kor Ma Dam
2022-08-06,46.65,Khwae Noi Bamrung Dan Dam
2022-08-06,44.55,Mae Mok Dam
2022-08-07,43.57,Bhumibol Dam
2022-08-07,43.6,Sirikit Dam
2022-08-07,62.58,Mae Ngat Somboon Chon Dam
2022-08-07,38.41,Mae Kuang Udom Thara Dam
2022-08-07,66.01,Kiew Lom Dam
2022-08-07,76.93,Kiew Kor Ma Dam
2022-08-07,46.75,Khwae Noi Bamrung Dan Dam
2022-08-07,44.55,Mae Mok Dam
2022-08-08,43.75,Bhumibol Dam
2022-08-08,43.76,Sirikit Dam
2022-08-08,64.58,Mae Ngat Somboon Chon Dam
2022-08-08,39.25,Mae Kuang Udom Thara Dam
2022-08-08,69.36,Kiew Lom Dam
2022-08-08,79.86,Kiew Kor Ma Dam
2022-08-08,47.5,Khwae Noi Bamrung Dan Dam
2022-08-08,44.55,Mae Mok Dam
2022-08-09,43.93,Bhumibol Dam
2022-08-09,44.02,Sirikit Dam
2022-08-09,67.12,Mae Ngat Somboon Chon Dam
2022-08-09,40.14,Mae Kuang Udom Thara Dam
2022-08-09,71.72,Kiew Lom Dam
2022-08-09,82.25,Kiew Kor Ma Dam
2022-08-09,48.46,Khwae Noi Bamrung Dan Dam
2022-08-09,44.55,Mae Mok Dam
2022-08-10,44.3,Bhumibol Dam
2022-08-10,44.47,Sirikit Dam
2022-08-10,69.46,Mae Ngat Somboon Chon Dam
2022-08-10,41.02,Mae Kuang Udom Thara Dam
2022-08-10,74.07,Kiew Lom Dam
2022-08-10,84.82,Kiew Kor Ma Dam
2022-08-10,50.27,Khwae Noi Bamrung Dan Dam
2022-08-10,45.45,Mae Mok Dam
2022-08-11,44.66,Bhumibol Dam
2022-08-11,44.82,Sirikit Dam
2022-08-11,71.33,Mae Ngat Somboon Chon Dam
2022-08-11,41.56,Mae Kuang Udom Thara Dam
2022-08-11,75.36,Kiew Lom Dam
2022-08-11,84.43,Kiew Kor Ma Dam
2022-08-11,52.29,Khwae Noi Bamrung Dan Dam
2022-08-11,46.36,Mae Mok Dam
2022-08-12,45.13,Bhumibol Dam
2022-08-12,45.18,Sirikit Dam
2022-08-12,72.86,Mae Ngat Somboon Chon Dam
2022-08-12,42.23,Mae Kuang Udom Thara Dam
2022-08-12,73.94,Kiew Lom Dam
2022-08-12,83.56,Kiew Kor Ma Dam
2022-08-12,54.63,Khwae Noi Bamrung Dan Dam
2022-08-12,46.36,Mae Mok Dam
2022-08-13,45.61,Bhumibol Dam
2022-08-13,45.73,Sirikit Dam
2022-08-13,75.78,Mae Ngat Somboon Chon Dam
2022-08-13,43.99,Mae Kuang Udom Thara Dam
2022-08-13,76.6,Kiew Lom Dam
2022-08-13,84.66,Kiew Kor Ma Dam
2022-08-13,57.08,Khwae Noi Bamrung Dan Dam
2022-08-13,47.27,Mae Mok Dam
2022-08-14,46.04,Bhumibol Dam
2022-08-14,46.85,Sirikit Dam
2022-08-14,77.79,Mae Ngat Somboon Chon Dam
2022-08-14,44.87,Mae Kuang Udom Thara Dam
2022-08-14,76.85,Kiew Lom Dam
2022-08-14,84.82,Kiew Kor Ma Dam
2022-08-14,59.74,Khwae Noi Bamrung Dan Dam
2022-08-14,47.27,Mae Mok Dam
2022-08-15,46.47,Bhumibol Dam
2022-08-15,48.09,Sirikit Dam
2022-08-15,78.94,Mae Ngat Somboon Chon Dam
2022-08-15,45.52,Mae Kuang Udom Thara Dam
2022-08-15,75.49,Kiew Lom Dam
2022-08-15,83.01,Kiew Kor Ma Dam
2022-08-15,61.02,Khwae Noi Bamrung Dan Dam
2022-08-15,47.27,Mae Mok Dam
2022-08-16,46.82,Bhumibol Dam
2022-08-16,49.01,Sirikit Dam
2022-08-16,79.8,Mae Ngat Somboon Chon Dam
2022-08-16,46.43,Mae Kuang Udom Thara Dam
2022-08-16,74.34,Kiew Lom Dam
2022-08-16,81.95,Kiew Kor Ma Dam
2022-08-16,62.62,Khwae Noi Bamrung Dan Dam
2022-08-16,47.27,Mae Mok Dam
2022-08-17,47.28,Bhumibol Dam
2022-08-17,49.7,Sirikit Dam
2022-08-17,80.52,Mae Ngat Somboon Chon Dam
2022-08-17,47.58,Mae Kuang Udom Thara Dam
2022-08-17,77.43,Kiew Lom Dam
2022-08-17,80.46,Kiew Kor Ma Dam
2022-08-17,64.96,Khwae Noi Bamrung Dan Dam
2022-08-17,48.18,Mae Mok Dam
2022-08-18,47.53,Bhumibol Dam
2022-08-18,50.25,Sirikit Dam
2022-08-18,81.42,Mae Ngat Somboon Chon Dam
2022-08-18,48.19,Mae Kuang Udom Thara Dam
2022-08-18,76.66,Kiew Lom Dam
2022-08-18,79.2,Kiew Kor Ma Dam
2022-08-18,66.56,Khwae Noi Bamrung Dan Dam
2022-08-18,53.64,Mae Mok Dam
2022-08-19,47.96,Bhumibol Dam
2022-08-19,50.69,Sirikit Dam
2022-08-19,82.05,Mae Ngat Somboon Chon Dam
2022-08-19,48.67,Mae Kuang Udom Thara Dam
2022-08-19,72.52,Kiew Lom Dam
2022-08-19,77.71,Kiew Kor Ma Dam
2022-08-19,67.84,Khwae Noi Bamrung Dan Dam
2022-08-19,55.45,Mae Mok Dam
2022-08-20,48.5,Bhumibol Dam
2022-08-20,51.04,Sirikit Dam
2022-08-20,82.48,Mae Ngat Somboon Chon Dam
2022-08-20,49.08,Mae Kuang Udom Thara Dam
2022-08-20,66.54,Kiew Lom Dam
2022-08-20,76.04,Kiew Kor Ma Dam
2022-08-20,68.9,Khwae Noi Bamrung Dan Dam
2022-08-20,56.36,Mae Mok Dam
2022-08-21,48.9,Bhumibol Dam
2022-08-21,51.34,Sirikit Dam
2022-08-21,82.81,Mae Ngat Somboon Chon Dam
2022-08-21,49.43,Mae Kuang Udom Thara Dam
2022-08-21,64.52,Kiew Lom Dam
2022-08-21,74.74,Kiew Kor Ma Dam
2022-08-21,70.07,Khwae Noi Bamrung Dan Dam
2022-08-21,56.36,Mae Mok Dam
2022-08-22,49.16,Bhumibol Dam
2022-08-22,52,Sirikit Dam
2022-08-22,83.38,Mae Ngat Somboon Chon Dam
2022-08-22,50.49,Mae Kuang Udom Thara Dam
2022-08-22,68.68,Kiew Lom Dam
2022-08-22,77.53,Kiew Kor Ma Dam
2022-08-22,71.67,Khwae Noi Bamrung Dan Dam
2022-08-22,56.36,Mae Mok Dam
2022-08-23,49.37,Bhumibol Dam
2022-08-23,52.67,Sirikit Dam
2022-08-23,85.78,Mae Ngat Somboon Chon Dam
2022-08-23,52.88,Mae Kuang Udom Thara Dam
2022-08-23,70.15,Kiew Lom Dam
2022-08-23,79.86,Kiew Kor Ma Dam
2022-08-23,73.59,Khwae Noi Bamrung Dan Dam
2022-08-23,57.27,Mae Mok Dam
2022-08-24,49.6,Bhumibol Dam
2022-08-24,53.41,Sirikit Dam
2022-08-24,86.16,Mae Ngat Somboon Chon Dam
2022-08-24,53.46,Mae Kuang Udom Thara Dam
2022-08-24,70.03,Kiew Lom Dam
2022-08-24,78.66,Kiew Kor Ma Dam
2022-08-24,75.72,Khwae Noi Bamrung Dan Dam
2022-08-24,57.27,Mae Mok Dam
2022-08-25,49.87,Bhumibol Dam
2022-08-25,53.93,Sirikit Dam
2022-08-25,85.54,Mae Ngat Somboon Chon Dam
2022-08-25,54.29,Mae Kuang Udom Thara Dam
2022-08-25,70.36,Kiew Lom Dam
2022-08-25,76.93,Kiew Kor Ma Dam
2022-08-25,77.85,Khwae Noi Bamrung Dan Dam
2022-08-25,57.27,Mae Mok Dam
2022-08-26,50.07,Bhumibol Dam
2022-08-26,54.25,Sirikit Dam
2022-08-26,85.06,Mae Ngat Somboon Chon Dam
2022-08-26,56.35,Mae Kuang Udom Thara Dam
2022-08-26,91.48,Kiew Lom Dam
2022-08-26,76.69,Kiew Kor Ma Dam
2022-08-26,79.34,Khwae Noi Bamrung Dan Dam
2022-08-26,58.18,Mae Mok Dam
2022-08-27,50.27,Bhumibol Dam
2022-08-27,54.66,Sirikit Dam
2022-08-27,84.49,Mae Ngat Somboon Chon Dam
2022-08-27,57.51,Mae Kuang Udom Thara Dam
2022-08-27,82.08,Kiew Lom Dam
2022-08-27,77.05,Kiew Kor Ma Dam
2022-08-27,80.3,Khwae Noi Bamrung Dan Dam
2022-08-27,59.09,Mae Mok Dam
2022-08-28,50.55,Bhumibol Dam
2022-08-28,55.04,Sirikit Dam
2022-08-28,84.25,Mae Ngat Somboon Chon Dam
2022-08-28,58.3,Mae Kuang Udom Thara Dam
2022-08-28,67.33,Kiew Lom Dam
2022-08-28,77.17,Kiew Kor Ma Dam
2022-08-28,80.3,Khwae Noi Bamrung Dan Dam
2022-08-28,59.09,Mae Mok Dam
2022-08-29,50.95,Bhumibol Dam
2022-08-29,55.4,Sirikit Dam
2022-08-29,84.72,Mae Ngat Somboon Chon Dam
2022-08-29,59.06,Mae Kuang Udom Thara Dam
2022-08-29,62.22,Kiew Lom Dam
2022-08-29,77.17,Kiew Kor Ma Dam
2022-08-29,79.77,Khwae Noi Bamrung Dan Dam
2022-08-29,59.09,Mae Mok Dam
2022-08-30,51.3,Bhumibol Dam
2022-08-30,55.71,Sirikit Dam
2022-08-30,84.1,Mae Ngat Somboon Chon Dam
2022-08-30,59.56,Mae Kuang Udom Thara Dam
2022-08-30,60.54,Kiew Lom Dam
2022-08-30,76.93,Kiew Kor Ma Dam
2022-08-30,79.23,Khwae Noi Bamrung Dan Dam
2022-08-30,60,Mae Mok Dam
2022-08-31,51.63,Bhumibol Dam
2022-08-31,55.94,Sirikit Dam
2022-08-31,83.29,Mae Ngat Somboon Chon Dam
2022-08-31,59.95,Mae Kuang Udom Thara Dam
2022-08-31,60.94,Kiew Lom Dam
2022-08-31,76.28,Kiew Kor Ma Dam
2022-08-31,78.7,Khwae Noi Bamrung Dan Dam
2022-08-31,60,Mae Mok Dam
2022-09-01,51.87,Bhumibol Dam
2022-09-01,56.16,Sirikit Dam
2022-09-01,82.24,Mae Ngat Somboon Chon Dam
2022-09-01,60.23,Mae Kuang Udom Thara Dam
2022-09-01,62.71,Kiew Lom Dam
2022-09-01,76.28,Kiew Kor Ma Dam
2022-09-01,77.74,Khwae Noi Bamrung Dan Dam
2022-09-01,60,Mae Mok Dam
2022-09-02,52.12,Bhumibol Dam
2022-09-02,56.35,Sirikit Dam
2022-09-02,81.76,Mae Ngat Somboon Chon Dam
2022-09-02,60.58,Mae Kuang Udom Thara Dam
2022-09-02,65.3,Kiew Lom Dam
2022-09-02,76.75,Kiew Kor Ma Dam
2022-09-02,77,Khwae Noi Bamrung Dan Dam
2022-09-02,60,Mae Mok Dam
2022-09-03,52.32,Bhumibol Dam
2022-09-03,56.55,Sirikit Dam
2022-09-03,81.38,Mae Ngat Somboon Chon Dam
2022-09-03,61.03,Mae Kuang Udom Thara Dam
2022-09-03,63.95,Kiew Lom Dam
2022-09-03,76.93,Kiew Kor Ma Dam
2022-09-03,76.25,Khwae Noi Bamrung Dan Dam
2022-09-03,60,Mae Mok Dam
2022-09-04,52.5,Bhumibol Dam
2022-09-04,56.76,Sirikit Dam
2022-09-04,80.95,Mae Ngat Somboon Chon Dam
2022-09-04,61.23,Mae Kuang Udom Thara Dam
2022-09-04,60.15,Kiew Lom Dam
2022-09-04,76.64,Kiew Kor Ma Dam
2022-09-04,75.61,Khwae Noi Bamrung Dan Dam
2022-09-04,60.91,Mae Mok Dam
2022-09-05,52.67,Bhumibol Dam
2022-09-05,56.91,Sirikit Dam
2022-09-05,80.52,Mae Ngat Somboon Chon Dam
2022-09-05,61.41,Mae Kuang Udom Thara Dam
2022-09-05,57.89,Kiew Lom Dam
2022-09-05,75.98,Kiew Kor Ma Dam
2022-09-05,74.87,Khwae Noi Bamrung Dan Dam
2022-09-05,61.82,Mae Mok Dam
2022-09-06,52.84,Bhumibol Dam
2022-09-06,57.02,Sirikit Dam
2022-09-06,80.61,Mae Ngat Somboon Chon Dam
2022-09-06,61.93,Mae Kuang Udom Thara Dam
2022-09-06,57.2,Kiew Lom Dam
2022-09-06,77.76,Kiew Kor Ma Dam
2022-09-06,74.01,Khwae Noi Bamrung Dan Dam
2022-09-06,62.73,Mae Mok Dam
2022-09-07,53.01,Bhumibol Dam
2022-09-07,57.21,Sirikit Dam
2022-09-07,80.42,Mae Ngat Somboon Chon Dam
2022-09-07,62.49,Mae Kuang Udom Thara Dam
2022-09-07,57.5,Kiew Lom Dam
2022-09-07,80.04,Kiew Kor Ma Dam
2022-09-07,73.16,Khwae Noi Bamrung Dan Dam
2022-09-07,64.55,Mae Mok Dam
2022-09-08,53.33,Bhumibol Dam
2022-09-08,57.47,Sirikit Dam
2022-09-08,80.52,Mae Ngat Somboon Chon Dam
2022-09-08,63.05,Mae Kuang Udom Thara Dam
2022-09-08,57.7,Kiew Lom Dam
2022-09-08,81.24,Kiew Kor Ma Dam
2022-09-08,72.52,Khwae Noi Bamrung Dan Dam
2022-09-08,65.45,Mae Mok Dam
2022-09-09,53.71,Bhumibol Dam
2022-09-09,57.68,Sirikit Dam
2022-09-09,81.18,Mae Ngat Somboon Chon Dam
2022-09-09,63.52,Mae Kuang Udom Thara Dam
2022-09-09,58.19,Kiew Lom Dam
2022-09-09,82.19,Kiew Kor Ma Dam
2022-09-09,72.2,Khwae Noi Bamrung Dan Dam
2022-09-09,67.27,Mae Mok Dam
2022-09-10,54.03,Bhumibol Dam
2022-09-10,57.96,Sirikit Dam
2022-09-10,82.33,Mae Ngat Somboon Chon Dam
2022-09-10,64.05,Mae Kuang Udom Thara Dam
2022-09-10,60.35,Kiew Lom Dam
2022-09-10,88.14,Kiew Kor Ma Dam
2022-09-10,72.31,Khwae Noi Bamrung Dan Dam
2022-09-10,70.91,Mae Mok Dam
2022-09-11,54.52,Bhumibol Dam
2022-09-11,58.23,Sirikit Dam
2022-09-11,82.48,Mae Ngat Somboon Chon Dam
2022-09-11,65.04,Mae Kuang Udom Thara Dam
2022-09-11,68.23,Kiew Lom Dam
2022-09-11,91.54,Kiew Kor Ma Dam
2022-09-11,72.42,Khwae Noi Bamrung Dan Dam
2022-09-11,76.36,Mae Mok Dam
2022-09-12,55.24,Bhumibol Dam
2022-09-12,58.68,Sirikit Dam
2022-09-12,82.95,Mae Ngat Somboon Chon Dam
2022-09-12,65.86,Mae Kuang Udom Thara Dam
2022-09-12,76.01,Kiew Lom Dam
2022-09-12,92.88,Kiew Kor Ma Dam
2022-09-12,72.42,Khwae Noi Bamrung Dan Dam
2022-09-12,78.18,Mae Mok Dam
2022-09-13,56.13,Bhumibol Dam
2022-09-13,59.2,Sirikit Dam
2022-09-13,84.39,Mae Ngat Somboon Chon Dam
2022-09-13,67.01,Mae Kuang Udom Thara Dam
2022-09-13,76.01,Kiew Lom Dam
2022-09-13,94.69,Kiew Kor Ma Dam
2022-09-13,72.63,Khwae Noi Bamrung Dan Dam
2022-09-13,80,Mae Mok Dam
2022-09-14,57.14,Bhumibol Dam
2022-09-14,59.67,Sirikit Dam
2022-09-14,86.16,Mae Ngat Somboon Chon Dam
2022-09-14,68.41,Mae Kuang Udom Thara Dam
2022-09-14,82.99,Kiew Lom Dam
2022-09-14,101.32,Kiew Kor Ma Dam
2022-09-14,72.42,Khwae Noi Bamrung Dan Dam
2022-09-14,81.82,Mae Mok Dam
2022-09-15,58.13,Bhumibol Dam
2022-09-15,60.16,Sirikit Dam
2022-09-15,87.83,Mae Ngat Somboon Chon Dam
2022-09-15,69.63,Mae Kuang Udom Thara Dam
2022-09-15,77.3,Kiew Lom Dam
2022-09-15,101.24,Kiew Kor Ma Dam
2022-09-15,72.84,Khwae Noi Bamrung Dan Dam
2022-09-15,84.55,Mae Mok Dam
2022-09-16,58.97,Bhumibol Dam
2022-09-16,60.53,Sirikit Dam
2022-09-16,88.22,Mae Ngat Somboon Chon Dam
2022-09-16,70.51,Mae Kuang Udom Thara Dam
2022-09-16,66.99,Kiew Lom Dam
2022-09-16,98.08,Kiew Kor Ma Dam
2022-09-16,73.06,Khwae Noi Bamrung Dan Dam
2022-09-16,85.45,Mae Mok Dam
2022-09-17,59.84,Bhumibol Dam
2022-09-17,60.82,Sirikit Dam
2022-09-17,87.98,Mae Ngat Somboon Chon Dam
2022-09-17,71.2,Mae Kuang Udom Thara Dam
2022-09-17,59.08,Kiew Lom Dam
2022-09-17,93.11,Kiew Kor Ma Dam
2022-09-17,73.38,Khwae Noi Bamrung Dan Dam
2022-09-17,85.45,Mae Mok Dam
2022-09-18,60.48,Bhumibol Dam
2022-09-18,61.17,Sirikit Dam
2022-09-18,87.88,Mae Ngat Somboon Chon Dam
2022-09-18,71.74,Mae Kuang Udom Thara Dam
2022-09-18,52.3,Kiew Lom Dam
2022-09-18,87.59,Kiew Kor Ma Dam
2022-09-18,73.7,Khwae Noi Bamrung Dan Dam
2022-09-18,86.36,Mae Mok Dam
2022-09-19,60.99,Bhumibol Dam
2022-09-19,61.46,Sirikit Dam
2022-09-19,87.83,Mae Ngat Somboon Chon Dam
2022-09-19,72.38,Mae Kuang Udom Thara Dam
2022-09-19,53.77,Kiew Lom Dam
2022-09-19,84.04,Kiew Kor Ma Dam
2022-09-19,74.12,Khwae Noi Bamrung Dan Dam
2022-09-19,88.18,Mae Mok Dam
2022-09-20,61.51,Bhumibol Dam
2022-09-20,61.77,Sirikit Dam
2022-09-20,87.6,Mae Ngat Somboon Chon Dam
2022-09-20,73.03,Mae Kuang Udom Thara Dam
2022-09-20,59.22,Kiew Lom Dam
2022-09-20,85.61,Kiew Kor Ma Dam
2022-09-20,74.33,Khwae Noi Bamrung Dan Dam
2022-09-20,89.09,Mae Mok Dam
2022-09-21,61.96,Bhumibol Dam
2022-09-21,62.05,Sirikit Dam
2022-09-21,87.26,Mae Ngat Somboon Chon Dam
2022-09-21,73.84,Mae Kuang Udom Thara Dam
2022-09-21,61.12,Kiew Lom Dam
2022-09-21,86.72,Kiew Kor Ma Dam
2022-09-21,74.44,Khwae Noi Bamrung Dan Dam
2022-09-21,90,Mae Mok Dam
2022-09-22,62.35,Bhumibol Dam
2022-09-22,62.33,Sirikit Dam
2022-09-22,86.88,Mae Ngat Somboon Chon Dam
2022-09-22,74.44,Mae Kuang Udom Thara Dam
2022-09-22,63.5,Kiew Lom Dam
2022-09-22,87.82,Kiew Kor Ma Dam
2022-09-22,74.65,Khwae Noi Bamrung Dan Dam
2022-09-22,90.91,Mae Mok Dam
2022-09-23,62.75,Bhumibol Dam
2022-09-23,62.64,Sirikit Dam
2022-09-23,86.4,Mae Ngat Somboon Chon Dam
2022-09-23,75.03,Mae Kuang Udom Thara Dam
2022-09-23,65.98,Kiew Lom Dam
2022-09-23,88.14,Kiew Kor Ma Dam
2022-09-23,74.97,Khwae Noi Bamrung Dan Dam
2022-09-23,91.82,Mae Mok Dam
2022-09-24,63.2,Bhumibol Dam
2022-09-24,62.97,Sirikit Dam
2022-09-24,86.49,Mae Ngat Somboon Chon Dam
2022-09-24,75.74,Mae Kuang Udom Thara Dam
2022-09-24,68,Kiew Lom Dam
2022-09-24,90.98,Kiew Kor Ma Dam
2022-09-24,75.4,Khwae Noi Bamrung Dan Dam
2022-09-24,93.64,Mae Mok Dam
2022-09-25,63.85,Bhumibol Dam
2022-09-25,63.29,Sirikit Dam
2022-09-25,86.54,Mae Ngat Somboon Chon Dam
2022-09-25,76.56,Mae Kuang Udom Thara Dam
2022-09-25,66.99,Kiew Lom Dam
2022-09-25,91.77,Kiew Kor Ma Dam
2022-09-25,75.93,Khwae Noi Bamrung Dan Dam
2022-09-25,98.18,Mae Mok Dam
2022-09-26,64.89,Bhumibol Dam
2022-09-26,63.62,Sirikit Dam
2022-09-26,86.64,Mae Ngat Somboon Chon Dam
2022-09-26,78.75,Mae Kuang Udom Thara Dam
2022-09-26,66.77,Kiew Lom Dam
2022-09-26,96.51,Kiew Kor Ma Dam
2022-09-26,76.46,Khwae Noi Bamrung Dan Dam
2022-09-26,109.93,Mae Mok Dam
2022-09-27,66.83,Bhumibol Dam
2022-09-27,63.97,Sirikit Dam
2022-09-27,86.83,Mae Ngat Somboon Chon Dam
2022-09-27,80.01,Mae Kuang Udom Thara Dam
2022-09-27,66.88,Kiew Lom Dam
2022-09-27,97.14,Kiew Kor Ma Dam
2022-09-27,77.85,Khwae Noi Bamrung Dan Dam
2022-09-27,110,Mae Mok Dam
2022-09-28,68.73,Bhumibol Dam
2022-09-28,64.28,Sirikit Dam
2022-09-28,86.35,Mae Ngat Somboon Chon Dam
2022-09-28,80.86,Mae Kuang Udom Thara Dam
2022-09-28,64.4,Kiew Lom Dam
2022-09-28,93.9,Kiew Kor Ma Dam
2022-09-28,79.34,Khwae Noi Bamrung Dan Dam
2022-09-28,106.36,Mae Mok Dam
2022-09-29,70.06,Bhumibol Dam
2022-09-29,64.58,Sirikit Dam
2022-09-29,85.65,Mae Ngat Somboon Chon Dam
2022-09-29,81.49,Mae Kuang Udom Thara Dam
2022-09-29,57.8,Kiew Lom Dam
2022-09-29,89.56,Kiew Kor Ma Dam
2022-09-29,81.36,Khwae Noi Bamrung Dan Dam
2022-09-29,104.55,Mae Mok Dam
2022-09-30,71.01,Bhumibol Dam
2022-09-30,64.88,Sirikit Dam
2022-09-30,84.82,Mae Ngat Somboon Chon Dam
2022-09-30,82.08,Mae Kuang Udom Thara Dam
2022-09-30,57.01,Kiew Lom Dam
2022-09-30,87.27,Kiew Kor Ma Dam
2022-09-30,83.49,Khwae Noi Bamrung Dan Dam
2022-09-30,103.64,Mae Mok Dam
2022-10-01,71.89,Bhumibol Dam
2022-10-01,65.12,Sirikit Dam
2022-10-01,85.35,Mae Ngat Somboon Chon Dam
2022-10-01,82.63,Mae Kuang Udom Thara Dam
2022-10-01,58.88,Kiew Lom Dam
2022-10-01,87.51,Kiew Kor Ma Dam
2022-10-01,85.73,Khwae Noi Bamrung Dan Dam
2022-10-01,109.09,Mae Mok Dam
2022-10-02,73.32,Bhumibol Dam
2022-10-02,65.38,Sirikit Dam
2022-10-02,86.64,Mae Ngat Somboon Chon Dam
2022-10-02,83.34,Mae Kuang Udom Thara Dam
2022-10-02,67.77,Kiew Lom Dam
2022-10-02,91.93,Kiew Kor Ma Dam
2022-10-02,88.5,Khwae Noi Bamrung Dan Dam
2022-10-02,114.55,Mae Mok Dam
2022-10-03,74.75,Bhumibol Dam
2022-10-03,66.24,Sirikit Dam
2022-10-03,87.6,Mae Ngat Somboon Chon Dam
2022-10-03,83.86,Mae Kuang Udom Thara Dam
2022-10-03,79.11,Kiew Lom Dam
2022-10-03,97.45,Kiew Kor Ma Dam
2022-10-03,90.52,Khwae Noi Bamrung Dan Dam
2022-10-03,110,Mae Mok Dam
2022-10-04,76.5,Bhumibol Dam
2022-10-04,66.91,Sirikit Dam
2022-10-04,88.69,Mae Ngat Somboon Chon Dam
2022-10-04,84.46,Mae Kuang Udom Thara Dam
2022-10-04,83.77,Kiew Lom Dam
2022-10-04,100.71,Kiew Kor Ma Dam
2022-10-04,92.65,Khwae Noi Bamrung Dan Dam
2022-10-04,108.18,Mae Mok Dam
2022-10-05,78.26,Bhumibol Dam
2022-10-05,67.56,Sirikit Dam
2022-10-05,89.51,Mae Ngat Somboon Chon Dam
2022-10-05,85.14,Mae Kuang Udom Thara Dam
2022-10-05,87.07,Kiew Lom Dam
2022-10-05,103.78,Kiew Kor Ma Dam
2022-10-05,94.99,Khwae Noi Bamrung Dan Dam
2022-10-05,106.36,Mae Mok Dam
2022-10-06,79.7,Bhumibol Dam
2022-10-06,68.03,Sirikit Dam
2022-10-06,90.28,Mae Ngat Somboon Chon Dam
2022-10-06,85.78,Mae Kuang Udom Thara Dam
2022-10-06,90.01,Kiew Lom Dam
2022-10-06,105.77,Kiew Kor Ma Dam
2022-10-06,96.7,Khwae Noi Bamrung Dan Dam
2022-10-06,105.45,Mae Mok Dam
2022-10-07,80.76,Bhumibol Dam
2022-10-07,68.42,Sirikit Dam
2022-10-07,91.03,Mae Ngat Somboon Chon Dam
2022-10-07,86.31,Mae Kuang Udom Thara Dam
2022-10-07,91.71,Kiew Lom Dam
2022-10-07,107.02,Kiew Kor Ma Dam
2022-10-07,98.19,Khwae Noi Bamrung Dan Dam
2022-10-07,103.64,Mae Mok Dam
2022-10-08,81.56,Bhumibol Dam
2022-10-08,68.76,Sirikit Dam
2022-10-08,91.78,Mae Ngat Somboon Chon Dam
2022-10-08,86.46,Mae Kuang Udom Thara Dam
2022-10-08,92.51,Kiew Lom Dam
2022-10-08,108.15,Kiew Kor Ma Dam
2022-10-08,99.15,Khwae Noi Bamrung Dan Dam
2022-10-08,103.64,Mae Mok Dam
2022-10-09,82.22,Bhumibol Dam
2022-10-09,69.05,Sirikit Dam
2022-10-09,92.48,Mae Ngat Somboon Chon Dam
2022-10-09,86.76,Mae Kuang Udom Thara Dam
2022-10-09,91.92,Kiew Lom Dam
2022-10-09,108.95,Kiew Kor Ma Dam
2022-10-09,99.89,Khwae Noi Bamrung Dan Dam
2022-10-09,103.64,Mae Mok Dam
2022-10-10,82.75,Bhumibol Dam
2022-10-10,69.36,Sirikit Dam
2022-10-10,93.1,Mae Ngat Somboon Chon Dam
2022-10-10,87.06,Mae Kuang Udom Thara Dam
2022-10-10,90.9,Kiew Lom Dam
2022-10-10,109.11,Kiew Kor Ma Dam
2022-10-10,100.53,Khwae Noi Bamrung Dan Dam
2022-10-10,102.73,Mae Mok Dam
2022-10-11,83.33,Bhumibol Dam
2022-10-11,69.7,Sirikit Dam
2022-10-11,94.11,Mae Ngat Somboon Chon Dam
2022-10-11,87.54,Mae Kuang Udom Thara Dam
2022-10-11,90.9,Kiew Lom Dam
2022-10-11,109.42,Kiew Kor Ma Dam
2022-10-11,101.06,Khwae Noi Bamrung Dan Dam
2022-10-11,102.73,Mae Mok Dam
2022-10-12,84.08,Bhumibol Dam
2022-10-12,70.04,Sirikit Dam
2022-10-12,94.98,Mae Ngat Somboon Chon Dam
2022-10-12,87.95,Mae Kuang Udom Thara Dam
2022-10-12,92.07,Kiew Lom Dam
2022-10-12,110.62,Kiew Kor Ma Dam
2022-10-12,101.28,Khwae Noi Bamrung Dan Dam
2022-10-12,101.82,Mae Mok Dam
2022-10-13,84.71,Bhumibol Dam
2022-10-13,70.32,Sirikit Dam
2022-10-13,95.74,Mae Ngat Somboon Chon Dam
2022-10-13,88.2,Mae Kuang Udom Thara Dam
2022-10-13,92.81,Kiew Lom Dam
2022-10-13,111.32,Kiew Kor Ma Dam
2022-10-13,101.38,Khwae Noi Bamrung Dan Dam
2022-10-13,101.82,Mae Mok Dam
2022-10-14,85.18,Bhumibol Dam
2022-10-14,70.55,Sirikit Dam
2022-10-14,96.24,Mae Ngat Somboon Chon Dam
2022-10-14,88.59,Mae Kuang Udom Thara Dam
2022-10-14,94.13,Kiew Lom Dam
2022-10-14,111.82,Kiew Kor Ma Dam
2022-10-14,101.38,Khwae Noi Bamrung Dan Dam
2022-10-14,101.82,Mae Mok Dam
2022-10-15,85.62,Bhumibol Dam
2022-10-15,70.76,Sirikit Dam
2022-10-15,96.74,Mae Ngat Somboon Chon Dam
2022-10-15,88.99,Mae Kuang Udom Thara Dam
2022-10-15,95.07,Kiew Lom Dam
2022-10-15,112.62,Kiew Kor Ma Dam
2022-10-15,101.28,Khwae Noi Bamrung Dan Dam
2022-10-15,102.73,Mae Mok Dam
2022-10-16,86.03,Bhumibol Dam
2022-10-16,70.91,Sirikit Dam
2022-10-16,97.18,Mae Ngat Somboon Chon Dam
2022-10-16,89.23,Mae Kuang Udom Thara Dam
2022-10-16,94.77,Kiew Lom Dam
2022-10-16,112.94,Kiew Kor Ma Dam
2022-10-16,101.06,Khwae Noi Bamrung Dan Dam
2022-10-16,101.82,Mae Mok Dam
2022-10-17,86.38,Bhumibol Dam
2022-10-17,71.05,Sirikit Dam
2022-10-17,97.55,Mae Ngat Somboon Chon Dam
2022-10-17,89.4,Mae Kuang Udom Thara Dam
2022-10-17,95.3,Kiew Lom Dam
2022-10-17,112.62,Kiew Kor Ma Dam
2022-10-17,100.85,Khwae Noi Bamrung Dan Dam
2022-10-17,101.82,Mae Mok Dam
2022-10-18,86.66,Bhumibol Dam
2022-10-18,71.2,Sirikit Dam
2022-10-18,97.87,Mae Ngat Somboon Chon Dam
2022-10-18,89.59,Mae Kuang Udom Thara Dam
2022-10-18,95.74,Kiew Lom Dam
2022-10-18,112.14,Kiew Kor Ma Dam
2022-10-18,100.75,Khwae Noi Bamrung Dan Dam
2022-10-18,101.82,Mae Mok Dam
2022-10-19,86.92,Bhumibol Dam
2022-10-19,71.34,Sirikit Dam
2022-10-19,98.12,Mae Ngat Somboon Chon Dam
2022-10-19,89.77,Mae Kuang Udom Thara Dam
2022-10-19,96.33,Kiew Lom Dam
2022-10-19,111.26,Kiew Kor Ma Dam
2022-10-19,100.64,Khwae Noi Bamrung Dan Dam
2022-10-19,100.91,Mae Mok Dam
2022-10-20,87.12,Bhumibol Dam
2022-10-20,71.45,Sirikit Dam
2022-10-20,98.37,Mae Ngat Somboon Chon Dam
2022-10-20,89.91,Mae Kuang Udom Thara Dam
2022-10-20,96.62,Kiew Lom Dam
2022-10-20,110.22,Kiew Kor Ma Dam
2022-10-20,100.85,Khwae Noi Bamrung Dan Dam
2022-10-20,100.91,Mae Mok Dam
2022-10-21,87.3,Bhumibol Dam
2022-10-21,71.55,Sirikit Dam
2022-10-21,98.61,Mae Ngat Somboon Chon Dam
2022-10-21,89.92,Mae Kuang Udom Thara Dam
2022-10-21,96.62,Kiew Lom Dam
2022-10-21,109.26,Kiew Kor Ma Dam
2022-10-21,101.17,Khwae Noi Bamrung Dan Dam
2022-10-21,100.91,Mae Mok Dam
2022-10-22,87.49,Bhumibol Dam
2022-10-22,71.64,Sirikit Dam
2022-10-22,98.81,Mae Ngat Somboon Chon Dam
2022-10-22,89.92,Mae Kuang Udom Thara Dam
2022-10-22,96.77,Kiew Lom Dam
2022-10-22,108.15,Kiew Kor Ma Dam
2022-10-22,101.28,Khwae Noi Bamrung Dan Dam
2022-10-22,100.91,Mae Mok Dam
2022-10-23,87.65,Bhumibol Dam
2022-10-23,71.72,Sirikit Dam
2022-10-23,99.06,Mae Ngat Somboon Chon Dam
2022-10-23,90.04,Mae Kuang Udom Thara Dam
2022-10-23,97.06,Kiew Lom Dam
2022-10-23,107.35,Kiew Kor Ma Dam
2022-10-23,101.6,Khwae Noi Bamrung Dan Dam
2022-10-23,100.91,Mae Mok Dam
2022-10-24,87.8,Bhumibol Dam
2022-10-24,71.84,Sirikit Dam
2022-10-24,99.44,Mae Ngat Somboon Chon Dam
2022-10-24,90.25,Mae Kuang Udom Thara Dam
2022-10-24,96.91,Kiew Lom Dam
2022-10-24,106.39,Kiew Kor Ma Dam
2022-10-24,101.6,Khwae Noi Bamrung Dan Dam
2022-10-24,100.91,Mae Mok Dam
2022-10-25,87.97,Bhumibol Dam
2022-10-25,71.93,Sirikit Dam
2022-10-25,99.69,Mae Ngat Somboon Chon Dam
2022-10-25,90.37,Mae Kuang Udom Thara Dam
2022-10-25,96.18,Kiew Lom Dam
2022-10-25,105.77,Kiew Kor Ma Dam
2022-10-25,101.6,Khwae Noi Bamrung Dan Dam
2022-10-25,100.91,Mae Mok Dam
2022-10-26,88.13,Bhumibol Dam
2022-10-26,72.01,Sirikit Dam
2022-10-26,100,Mae Ngat Somboon Chon Dam
2022-10-26,90.44,Mae Kuang Udom Thara Dam
2022-10-26,95.01,Kiew Lom Dam
2022-10-26,105.23,Kiew Kor Ma Dam
2022-10-26,101.81,Khwae Noi Bamrung Dan Dam
2022-10-26,100.91,Mae Mok Dam
2022-10-27,88.29,Bhumibol Dam
2022-10-27,72.08,Sirikit Dam
2022-10-27,100.25,Mae Ngat Somboon Chon Dam
2022-10-27,90.54,Mae Kuang Udom Thara Dam
2022-10-27,95.01,Kiew Lom Dam
2022-10-27,104.69,Kiew Kor Ma Dam
2022-10-27,101.92,Khwae Noi Bamrung Dan Dam
2022-10-27,100,Mae Mok Dam
2022-10-28,88.43,Bhumibol Dam
2022-10-28,72.15,Sirikit Dam
2022-10-28,100.44,Mae Ngat Somboon Chon Dam
2022-10-28,90.74,Mae Kuang Udom Thara Dam
2022-10-28,95.01,Kiew Lom Dam
2022-10-28,104.24,Kiew Kor Ma Dam
2022-10-28,101.92,Khwae Noi Bamrung Dan Dam
2022-10-28,100,Mae Mok Dam
2022-10-29,88.57,Bhumibol Dam
2022-10-29,72.17,Sirikit Dam
2022-10-29,100.57,Mae Ngat Somboon Chon Dam
2022-10-29,91.02,Mae Kuang Udom Thara Dam
2022-10-29,94.54,Kiew Lom Dam
2022-10-29,103.93,Kiew Kor Ma Dam
2022-10-29,101.92,Khwae Noi Bamrung Dan Dam
2022-10-29,100,Mae Mok Dam
2022-10-30,88.68,Bhumibol Dam
2022-10-30,72.15,Sirikit Dam
2022-10-30,100.75,Mae Ngat Somboon Chon Dam
2022-10-30,91.24,Mae Kuang Udom Thara Dam
2022-10-30,93.13,Kiew Lom Dam
2022-10-30,103.85,Kiew Kor Ma Dam
2022-10-30,101.92,Khwae Noi Bamrung Dan Dam
2022-10-30,100,Mae Mok Dam
2022-10-31,88.81,Bhumibol Dam
2022-10-31,72.15,Sirikit Dam
2022-10-31,100.94,Mae Ngat Somboon Chon Dam
2022-10-31,91.44,Mae Kuang Udom Thara Dam
2022-10-31,92.66,Kiew Lom Dam
2022-10-31,103.78,Kiew Kor Ma Dam
2022-10-31,101.92,Khwae Noi Bamrung Dan Dam
2022-10-31,100,Mae Mok Dam
2022-11-01,88.95,Bhumibol Dam
2022-11-01,72.17,Sirikit Dam
2022-11-01,101.13,Mae Ngat Somboon Chon Dam
2022-11-01,91.59,Mae Kuang Udom Thara Dam
2022-11-01,92.55,Kiew Lom Dam
2022-11-01,103.93,Kiew Kor Ma Dam
2022-11-01,101.92,Khwae Noi Bamrung Dan Dam
2022-11-01,100,Mae Mok Dam
2022-11-02,89.04,Bhumibol Dam
2022-11-02,72.15,Sirikit Dam
2022-11-02,101.32,Mae Ngat Somboon Chon Dam
2022-11-02,91.74,Mae Kuang Udom Thara Dam
2022-11-02,92.81,Kiew Lom Dam
2022-11-02,104.24,Kiew Kor Ma Dam
2022-11-02,101.92,Khwae Noi Bamrung Dan Dam
2022-11-02,100,Mae Mok Dam
2022-11-03,89.1,Bhumibol Dam
2022-11-03,72.1,Sirikit Dam
2022-11-03,101.45,Mae Ngat Somboon Chon Dam
2022-11-03,91.87,Mae Kuang Udom Thara Dam
2022-11-03,93.61,Kiew Lom Dam
2022-11-03,104.62,Kiew Kor Ma Dam
2022-11-03,101.81,Khwae Noi Bamrung Dan Dam
2022-11-03,100,Mae Mok Dam
2022-11-04,89.17,Bhumibol Dam
2022-11-04,72.1,Sirikit Dam
2022-11-04,101.57,Mae Ngat Somboon Chon Dam
2022-11-04,92.16,Mae Kuang Udom Thara Dam
2022-11-04,94.42,Kiew Lom Dam
2022-11-04,105,Kiew Kor Ma Dam
2022-11-04,101.7,Khwae Noi Bamrung Dan Dam
2022-11-04,100,Mae Mok Dam
2022-11-05,89.26,Bhumibol Dam
2022-11-05,72.08,Sirikit Dam
2022-11-05,101.76,Mae Ngat Somboon Chon Dam
2022-11-05,92.16,Mae Kuang Udom Thara Dam
2022-11-05,95.01,Kiew Lom Dam
2022-11-05,105.31,Kiew Kor Ma Dam
2022-11-05,101.7,Khwae Noi Bamrung Dan Dam
2022-11-05,100,Mae Mok Dam
2022-11-06,89.32,Bhumibol Dam
2022-11-06,72.05,Sirikit Dam
2022-11-06,101.98,Mae Ngat Somboon Chon Dam
2022-11-06,92.31,Mae Kuang Udom Thara Dam
2022-11-06,95.59,Kiew Lom Dam
2022-11-06,105.54,Kiew Kor Ma Dam
2022-11-06,101.6,Khwae Noi Bamrung Dan Dam
2022-11-06,100,Mae Mok Dam
2022-11-07,89.38,Bhumibol Dam
2022-11-07,72.03,Sirikit Dam
2022-11-07,102.14,Mae Ngat Somboon Chon Dam
2022-11-07,92.43,Mae Kuang Udom Thara Dam
2022-11-07,96.04,Kiew Lom Dam
2022-11-07,105.77,Kiew Kor Ma Dam
2022-11-07,101.49,Khwae Noi Bamrung Dan Dam
2022-11-07,100,Mae Mok Dam
2022-11-08,89.45,Bhumibol Dam
2022-11-08,72.01,Sirikit Dam
2022-11-08,102.26,Mae Ngat Somboon Chon Dam
2022-11-08,92.57,Mae Kuang Udom Thara Dam
2022-11-08,95.44,Kiew Lom Dam
2022-11-08,105.77,Kiew Kor Ma Dam
2022-11-08,101.38,Khwae Noi Bamrung Dan Dam
2022-11-08,100,Mae Mok Dam
2022-11-09,89.47,Bhumibol Dam
2022-11-09,71.96,Sirikit Dam
2022-11-09,102.32,Mae Ngat Somboon Chon Dam
2022-11-09,92.74,Mae Kuang Udom Thara Dam
2022-11-09,95.59,Kiew Lom Dam
2022-11-09,105.77,Kiew Kor Ma Dam
2022-11-09,101.28,Khwae Noi Bamrung Dan Dam
2022-11-09,100,Mae Mok Dam
2022-11-10,89.5,Bhumibol Dam
2022-11-10,71.93,Sirikit Dam
2022-11-10,102.45,Mae Ngat Somboon Chon Dam
2022-11-10,92.87,Mae Kuang Udom Thara Dam
2022-11-10,96.62,Kiew Lom Dam
2022-11-10,106.08,Kiew Kor Ma Dam
2022-11-10,101.28,Khwae Noi Bamrung Dan Dam
2022-11-10,100,Mae Mok Dam
2022-11-11,89.54,Bhumibol Dam
2022-11-11,71.91,Sirikit Dam
2022-11-11,102.54,Mae Ngat Somboon Chon Dam
2022-11-11,93.01,Mae Kuang Udom Thara Dam
2022-11-11,97.2,Kiew Lom Dam
2022-11-11,106.55,Kiew Kor Ma Dam
2022-11-11,101.17,Khwae Noi Bamrung Dan Dam
2022-11-11,100,Mae Mok Dam
2022-11-12,89.61,Bhumibol Dam
2022-11-12,71.87,Sirikit Dam
2022-11-12,102.7,Mae Ngat Somboon Chon Dam
2022-11-12,93.15,Mae Kuang Udom Thara Dam
2022-11-12,97.8,Kiew Lom Dam
2022-11-12,106.86,Kiew Kor Ma Dam
2022-11-12,101.06,Khwae Noi Bamrung Dan Dam
2022-11-12,100,Mae Mok Dam
2022-11-13,89.67,Bhumibol Dam
2022-11-13,71.84,Sirikit Dam
2022-11-13,102.89,Mae Ngat Somboon Chon Dam
2022-11-13,93.27,Mae Kuang Udom Thara Dam
2022-11-13,98.24,Kiew Lom Dam
2022-11-13,107.11,Kiew Kor Ma Dam
2022-11-13,100.96,Khwae Noi Bamrung Dan Dam
2022-11-13,100,Mae Mok Dam
2022-11-14,89.72,Bhumibol Dam
2022-11-14,71.82,Sirikit Dam
2022-11-14,103.02,Mae Ngat Somboon Chon Dam
2022-11-14,93.4,Mae Kuang Udom Thara Dam
2022-11-14,98.24,Kiew Lom Dam
2022-11-14,107.51,Kiew Kor Ma Dam
2022-11-14,100.85,Khwae Noi Bamrung Dan Dam
2022-11-14,100,Mae Mok Dam
2022-11-15,89.76,Bhumibol Dam
2022-11-15,71.8,Sirikit Dam
2022-11-15,103.14,Mae Ngat Somboon Chon Dam
2022-11-15,93.53,Mae Kuang Udom Thara Dam
2022-11-15,98.32,Kiew Lom Dam
2022-11-15,107.91,Kiew Kor Ma Dam
2022-11-15,100.43,Khwae Noi Bamrung Dan Dam
2022-11-15,100,Mae Mok Dam
2022-11-16,89.83,Bhumibol Dam
2022-11-16,71.78,Sirikit Dam
2022-11-16,103.52,Mae Ngat Somboon Chon Dam
2022-11-16,93.83,Mae Kuang Udom Thara Dam
2022-11-16,98.38,Kiew Lom Dam
2022-11-16,108.15,Kiew Kor Ma Dam
2022-11-16,100.43,Khwae Noi Bamrung Dan Dam
2022-11-16,100,Mae Mok Dam
2022-11-17,89.9,Bhumibol Dam
2022-11-17,71.76,Sirikit Dam
2022-11-17,103.83,Mae Ngat Somboon Chon Dam
2022-11-17,94.03,Mae Kuang Udom Thara Dam
2022-11-17,97.91,Kiew Lom Dam
2022-11-17,108.46,Kiew Kor Ma Dam
2022-11-17,100.43,Khwae Noi Bamrung Dan Dam
2022-11-17,100,Mae Mok Dam
2022-11-18,89.96,Bhumibol Dam
2022-11-18,71.72,Sirikit Dam
2022-11-18,104.46,Mae Ngat Somboon Chon Dam
2022-11-18,94.32,Mae Kuang Udom Thara Dam
2022-11-18,97.2,Kiew Lom Dam
2022-11-18,108.95,Kiew Kor Ma Dam
2022-11-18,100.32,Khwae Noi Bamrung Dan Dam
2022-11-18,100,Mae Mok Dam
2022-11-19,90.01,Bhumibol Dam
2022-11-19,71.8,Sirikit Dam
2022-11-19,105.15,Mae Ngat Somboon Chon Dam
2022-11-19,94.53,Mae Kuang Udom Thara Dam
2022-11-19,96.47,Kiew Lom Dam
2022-11-19,109.26,Kiew Kor Ma Dam
2022-11-19,100.32,Khwae Noi Bamrung Dan Dam
2022-11-19,100,Mae Mok Dam
2022-11-20,90.08,Bhumibol Dam
2022-11-20,71.8,Sirikit Dam
2022-11-20,105.46,Mae Ngat Somboon Chon Dam
2022-11-20,94.72,Mae Kuang Udom Thara Dam
2022-11-20,95.74,Kiew Lom Dam
2022-11-20,109.74,Kiew Kor Ma Dam
2022-11-20,100.32,Khwae Noi Bamrung Dan Dam
2022-11-20,100,Mae Mok Dam
2022-11-21,90.12,Bhumibol Dam
2022-11-21,71.76,Sirikit Dam
2022-11-21,105.59,Mae Ngat Somboon Chon Dam
2022-11-21,94.88,Mae Kuang Udom Thara Dam
2022-11-21,95.15,Kiew Lom Dam
2022-11-21,110.06,Kiew Kor Ma Dam
2022-11-21,100.21,Khwae Noi Bamrung Dan Dam
2022-11-21,100,Mae Mok Dam
2022-11-22,90.16,Bhumibol Dam
2022-11-22,71.7,Sirikit Dam
2022-11-22,105.4,Mae Ngat Somboon Chon Dam
2022-11-22,95.06,Mae Kuang Udom Thara Dam
2022-11-22,94.28,Kiew Lom Dam
2022-11-22,110.31,Kiew Kor Ma Dam
2022-11-22,100.11,Khwae Noi Bamrung Dan Dam
2022-11-22,100,Mae Mok Dam
2022-11-23,90.16,Bhumibol Dam
2022-11-23,71.68,Sirikit Dam
2022-11-23,105.09,Mae Ngat Somboon Chon Dam
2022-11-23,95.2,Mae Kuang Udom Thara Dam
2022-11-23,93.68,Kiew Lom Dam
2022-11-23,110.71,Kiew Kor Ma Dam
2022-11-23,100,Khwae Noi Bamrung Dan Dam
2022-11-23,100,Mae Mok Dam
2022-11-24,90.23,Bhumibol Dam
2022-11-24,71.64,Sirikit Dam
2022-11-24,104.65,Mae Ngat Somboon Chon Dam
2022-11-24,95.33,Mae Kuang Udom Thara Dam
2022-11-24,93.97,Kiew Lom Dam
2022-11-24,110.86,Kiew Kor Ma Dam
2022-11-24,99.89,Khwae Noi Bamrung Dan Dam
2022-11-24,100,Mae Mok Dam
2022-11-25,90.21,Bhumibol Dam
2022-11-25,71.59,Sirikit Dam
2022-11-25,104.21,Mae Ngat Somboon Chon Dam
2022-11-25,95.45,Mae Kuang Udom Thara Dam
2022-11-25,94.28,Kiew Lom Dam
2022-11-25,111.1,Kiew Kor Ma Dam
2022-11-25,99.79,Khwae Noi Bamrung Dan Dam
2022-11-25,100,Mae Mok Dam
2022-11-26,90.28,Bhumibol Dam
2022-11-26,71.57,Sirikit Dam
2022-11-26,103.83,Mae Ngat Somboon Chon Dam
2022-11-26,95.68,Mae Kuang Udom Thara Dam
2022-11-26,94.57,Kiew Lom Dam
2022-11-26,111.5,Kiew Kor Ma Dam
2022-11-26,99.57,Khwae Noi Bamrung Dan Dam
2022-11-26,100.91,Mae Mok Dam
2022-11-27,90.32,Bhumibol Dam
2022-11-27,71.55,Sirikit Dam
2022-11-27,103.64,Mae Ngat Somboon Chon Dam
2022-11-27,95.83,Mae Kuang Udom Thara Dam
2022-11-27,94.78,Kiew Lom Dam
2022-11-27,111.66,Kiew Kor Ma Dam
2022-11-27,99.57,Khwae Noi Bamrung Dan Dam
2022-11-27,100.91,Mae Mok Dam
2022-11-28,90.34,Bhumibol Dam
2022-11-28,71.51,Sirikit Dam
2022-11-28,103.39,Mae Ngat Somboon Chon Dam
2022-11-28,96,Mae Kuang Udom Thara Dam
2022-11-28,95.08,Kiew Lom Dam
2022-11-28,111.98,Kiew Kor Ma Dam
2022-11-28,99.57,Khwae Noi Bamrung Dan Dam
2022-11-28,100.91,Mae Mok Dam
2022-11-29,90.41,Bhumibol Dam
2022-11-29,71.51,Sirikit Dam
2022-11-29,103.14,Mae Ngat Somboon Chon Dam
2022-11-29,96.13,Mae Kuang Udom Thara Dam
2022-11-29,95.52,Kiew Lom Dam
2022-11-29,112.3,Kiew Kor Ma Dam
2022-11-29,99.57,Khwae Noi Bamrung Dan Dam
2022-11-29,100.91,Mae Mok Dam
2022-11-30,90.41,Bhumibol Dam
2022-11-30,71.49,Sirikit Dam
2022-11-30,103.02,Mae Ngat Somboon Chon Dam
2022-11-30,96.28,Mae Kuang Udom Thara Dam
2022-11-30,95.89,Kiew Lom Dam
2022-11-30,112.54,Kiew Kor Ma Dam
2022-11-30,99.57,Khwae Noi Bamrung Dan Dam
2022-11-30,100.91,Mae Mok Dam
2022-12-01,90.41,Bhumibol Dam
2022-12-01,71.47,Sirikit Dam
2022-12-01,103.08,Mae Ngat Somboon Chon Dam
2022-12-01,96.41,Mae Kuang Udom Thara Dam
2022-12-01,96.25,Kiew Lom Dam
2022-12-01,112.78,Kiew Kor Ma Dam
2022-12-01,99.57,Khwae Noi Bamrung Dan Dam
2022-12-01,100.64,Mae Mok Dam
2022-12-02,90.39,Bhumibol Dam
2022-12-02,71.4,Sirikit Dam
2022-12-02,103.2,Mae Ngat Somboon Chon Dam
2022-12-02,96.72,Mae Kuang Udom Thara Dam
2022-12-02,96.65,Kiew Lom Dam
2022-12-02,113.1,Kiew Kor Ma Dam
2022-12-02,99.47,Khwae Noi Bamrung Dan Dam
2022-12-02,99.75,Mae Mok Dam
2022-12-03,90.37,Bhumibol Dam
2022-12-03,71.31,Sirikit Dam
2022-12-03,103.33,Mae Ngat Somboon Chon Dam
2022-12-03,96.89,Mae Kuang Udom Thara Dam
2022-12-03,96.77,Kiew Lom Dam
2022-12-03,113.42,Kiew Kor Ma Dam
2022-12-03,99.47,Khwae Noi Bamrung Dan Dam
2022-12-03,98.85,Mae Mok Dam
2022-12-04,90.37,Bhumibol Dam
2022-12-04,71.22,Sirikit Dam
2022-12-04,103.45,Mae Ngat Somboon Chon Dam
2022-12-04,97.06,Mae Kuang Udom Thara Dam
2022-12-04,96.77,Kiew Lom Dam
2022-12-04,113.66,Kiew Kor Ma Dam
2022-12-04,99.47,Khwae Noi Bamrung Dan Dam
2022-12-04,97.96,Mae Mok Dam
2022-12-05,90.37,Bhumibol Dam
2022-12-05,71.15,Sirikit Dam
2022-12-05,103.52,Mae Ngat Somboon Chon Dam
2022-12-05,97.18,Mae Kuang Udom Thara Dam
2022-12-05,96.91,Kiew Lom Dam
2022-12-05,113.9,Kiew Kor Ma Dam
2022-12-05,99.47,Khwae Noi Bamrung Dan Dam
2022-12-05,96.95,Mae Mok Dam
2022-12-06,90.34,Bhumibol Dam
2022-12-06,71.08,Sirikit Dam
2022-12-06,103.52,Mae Ngat Somboon Chon Dam
2022-12-06,97.31,Mae Kuang Udom Thara Dam
2022-12-06,96.91,Kiew Lom Dam
2022-12-06,114.06,Kiew Kor Ma Dam
2022-12-06,99.36,Khwae Noi Bamrung Dan Dam
2022-12-06,95.93,Mae Mok Dam
2022-12-07,90.3,Bhumibol Dam
2022-12-07,70.99,Sirikit Dam
2022-12-07,103.52,Mae Ngat Somboon Chon Dam
2022-12-07,97.4,Mae Kuang Udom Thara Dam
2022-12-07,96.77,Kiew Lom Dam
2022-12-07,114.22,Kiew Kor Ma Dam
2022-12-07,99.25,Khwae Noi Bamrung Dan Dam
2022-12-07,94.91,Mae Mok Dam
2022-12-08,90.3,Bhumibol Dam
2022-12-08,70.87,Sirikit Dam
2022-12-08,103.52,Mae Ngat Somboon Chon Dam
2022-12-08,97.51,Mae Kuang Udom Thara Dam
2022-12-08,96.77,Kiew Lom Dam
2022-12-08,114.39,Kiew Kor Ma Dam
2022-12-08,99.15,Khwae Noi Bamrung Dan Dam
2022-12-08,93.89,Mae Mok Dam
2022-12-09,90.28,Bhumibol Dam
2022-12-09,70.76,Sirikit Dam
2022-12-09,103.58,Mae Ngat Somboon Chon Dam
2022-12-09,97.63,Mae Kuang Udom Thara Dam
2022-12-09,96.77,Kiew Lom Dam
2022-12-09,114.57,Kiew Kor Ma Dam
2022-12-09,99.04,Khwae Noi Bamrung Dan Dam
2022-12-09,93,Mae Mok Dam
2022-12-10,90.23,Bhumibol Dam
2022-12-10,70.66,Sirikit Dam
2022-12-10,103.68,Mae Ngat Somboon Chon Dam
2022-12-10,97.72,Mae Kuang Udom Thara Dam
2022-12-10,96.77,Kiew Lom Dam
2022-12-10,114.66,Kiew Kor Ma Dam
2022-12-10,98.72,Khwae Noi Bamrung Dan Dam
2022-12-10,91.98,Mae Mok Dam
2022-12-11,90.23,Bhumibol Dam
2022-12-11,70.45,Sirikit Dam
2022-12-11,103.77,Mae Ngat Somboon Chon Dam
2022-12-11,97.82,Mae Kuang Udom Thara Dam
2022-12-11,96.77,Kiew Lom Dam
2022-12-11,114.66,Kiew Kor Ma Dam
2022-12-11,98.4,Khwae Noi Bamrung Dan Dam
2022-12-11,90.96,Mae Mok Dam
2022-12-12,90.21,Bhumibol Dam
2022-12-12,70.27,Sirikit Dam
2022-12-12,103.8,Mae Ngat Somboon Chon Dam
2022-12-12,97.91,Mae Kuang Udom Thara Dam
2022-12-12,96.77,Kiew Lom Dam
2022-12-12,114.57,Kiew Kor Ma Dam
2022-12-12,98.19,Khwae Noi Bamrung Dan Dam
2022-12-12,89.95,Mae Mok Dam
2022-12-13,90.16,Bhumibol Dam
2022-12-13,70.06,Sirikit Dam
2022-12-13,103.8,Mae Ngat Somboon Chon Dam
2022-12-13,98,Mae Kuang Udom Thara Dam
2022-12-13,96.77,Kiew Lom Dam
2022-12-13,114.75,Kiew Kor Ma Dam
2022-12-13,97.76,Khwae Noi Bamrung Dan Dam
2022-12-13,88.93,Mae Mok Dam
2022-12-14,90.1,Bhumibol Dam
2022-12-14,69.83,Sirikit Dam
2022-12-14,103.78,Mae Ngat Somboon Chon Dam
2022-12-14,98.09,Mae Kuang Udom Thara Dam
2022-12-14,96.7,Kiew Lom Dam
2022-12-14,114.75,Kiew Kor Ma Dam
2022-12-14,97.12,Khwae Noi Bamrung Dan Dam
2022-12-14,87.91,Mae Mok Dam
2022-12-15,90.03,Bhumibol Dam
2022-12-15,69.6,Sirikit Dam
2022-12-15,103.77,Mae Ngat Somboon Chon Dam
2022-12-15,98.17,Mae Kuang Udom Thara Dam
2022-12-15,96.7,Kiew Lom Dam
2022-12-15,114.75,Kiew Kor Ma Dam
2022-12-15,96.7,Khwae Noi Bamrung Dan Dam
2022-12-15,87.02,Mae Mok Dam
2022-12-16,89.99,Bhumibol Dam
2022-12-16,69.38,Sirikit Dam
2022-12-16,103.8,Mae Ngat Somboon Chon Dam
2022-12-16,98.26,Mae Kuang Udom Thara Dam
2022-12-16,96.62,Kiew Lom Dam
2022-12-16,114.57,Kiew Kor Ma Dam
2022-12-16,96.49,Khwae Noi Bamrung Dan Dam
2022-12-16,86.76,Mae Mok Dam
2022-12-17,89.94,Bhumibol Dam
2022-12-17,69.15,Sirikit Dam
2022-12-17,103.86,Mae Ngat Somboon Chon Dam
2022-12-17,98.35,Mae Kuang Udom Thara Dam
2022-12-17,97.06,Kiew Lom Dam
2022-12-17,114.06,Kiew Kor Ma Dam
2022-12-17,95.95,Khwae Noi Bamrung Dan Dam
2022-12-17,86.64,Mae Mok Dam
2022-12-18,89.83,Bhumibol Dam
2022-12-18,68.99,Sirikit Dam
2022-12-18,103.91,Mae Ngat Somboon Chon Dam
2022-12-18,98.43,Mae Kuang Udom Thara Dam
2022-12-18,97.2,Kiew Lom Dam
2022-12-18,113.74,Kiew Kor Ma Dam
2022-12-18,95.53,Khwae Noi Bamrung Dan Dam
2022-12-18,86.51,Mae Mok Dam
2022-12-19,89.81,Bhumibol Dam
2022-12-19,68.78,Sirikit Dam
2022-12-19,103.91,Mae Ngat Somboon Chon Dam
2022-12-19,98.5,Mae Kuang Udom Thara Dam
2022-12-19,97.51,Kiew Lom Dam
2022-12-19,113.5,Kiew Kor Ma Dam
2022-12-19,94.46,Khwae Noi Bamrung Dan Dam
2022-12-19,86.38,Mae Mok Dam
2022-12-20,89.76,Bhumibol Dam
2022-12-20,68.58,Sirikit Dam
2022-12-20,103.86,Mae Ngat Somboon Chon Dam
2022-12-20,98.56,Mae Kuang Udom Thara Dam
2022-12-20,97.8,Kiew Lom Dam
2022-12-20,113.26,Kiew Kor Ma Dam
2022-12-20,93.61,Khwae Noi Bamrung Dan Dam
2022-12-20,86.25,Mae Mok Dam
2022-12-21,89.7,Bhumibol Dam
2022-12-21,68.39,Sirikit Dam
2022-12-21,103.81,Mae Ngat Somboon Chon Dam
2022-12-21,98.34,Mae Kuang Udom Thara Dam
2022-12-21,98.24,Kiew Lom Dam
2022-12-21,113.1,Kiew Kor Ma Dam
2022-12-21,92.76,Khwae Noi Bamrung Dan Dam
2022-12-21,86.13,Mae Mok Dam
2022-12-22,89.61,Bhumibol Dam
2022-12-22,68.21,Sirikit Dam
2022-12-22,103.75,Mae Ngat Somboon Chon Dam
2022-12-22,98.01,Mae Kuang Udom Thara Dam
2022-12-22,98.38,Kiew Lom Dam
2022-12-22,112.7,Kiew Kor Ma Dam
2022-12-22,91.8,Khwae Noi Bamrung Dan Dam
2022-12-22,86,Mae Mok Dam
2022-12-23,89.56,Bhumibol Dam
2022-12-23,68.05,Sirikit Dam
2022-12-23,103.74,Mae Ngat Somboon Chon Dam
2022-12-23,97.66,Mae Kuang Udom Thara Dam
2022-12-23,98.53,Kiew Lom Dam
2022-12-23,112.46,Kiew Kor Ma Dam
2022-12-23,90.84,Khwae Noi Bamrung Dan Dam
2022-12-23,85.87,Mae Mok Dam
2022-12-24,89.5,Bhumibol Dam
2022-12-24,67.9,Sirikit Dam
2022-12-24,103.77,Mae Ngat Somboon Chon Dam
2022-12-24,97.3,Mae Kuang Udom Thara Dam
2022-12-24,98.67,Kiew Lom Dam
2022-12-24,112.3,Kiew Kor Ma Dam
2022-12-24,89.78,Khwae Noi Bamrung Dan Dam
2022-12-24,85.75,Mae Mok Dam
2022-12-25,89.43,Bhumibol Dam
2022-12-25,67.76,Sirikit Dam
2022-12-25,103.78,Mae Ngat Somboon Chon Dam
2022-12-25,96.93,Mae Kuang Udom Thara Dam
2022-12-25,98.9,Kiew Lom Dam
2022-12-25,112.06,Kiew Kor Ma Dam
2022-12-25,89.03,Khwae Noi Bamrung Dan Dam
2022-12-25,85.62,Mae Mok Dam
2022-12-26,89.3,Bhumibol Dam
2022-12-26,67.6,Sirikit Dam
2022-12-26,103.75,Mae Ngat Somboon Chon Dam
2022-12-26,96.56,Mae Kuang Udom Thara Dam
2022-12-26,98.67,Kiew Lom Dam
2022-12-26,111.9,Kiew Kor Ma Dam
2022-12-26,88.18,Khwae Noi Bamrung Dan Dam
2022-12-26,85.49,Mae Mok Dam
2022-12-27,89.15,Bhumibol Dam
2022-12-27,67.47,Sirikit Dam
2022-12-27,103.69,Mae Ngat Somboon Chon Dam
2022-12-27,96.18,Mae Kuang Udom Thara Dam
2022-12-27,98.37,Kiew Lom Dam
2022-12-27,111.66,Kiew Kor Ma Dam
2022-12-27,87.75,Khwae Noi Bamrung Dan Dam
2022-12-27,85.36,Mae Mok Dam
2022-12-28,89.01,Bhumibol Dam
2022-12-28,67.31,Sirikit Dam
2022-12-28,103.61,Mae Ngat Somboon Chon Dam
2022-12-28,95.8,Mae Kuang Udom Thara Dam
2022-12-28,98.09,Kiew Lom Dam
2022-12-28,111.5,Kiew Kor Ma Dam
2022-12-28,87.54,Khwae Noi Bamrung Dan Dam
2022-12-28,85.24,Mae Mok Dam
2022-12-29,88.84,Bhumibol Dam
2022-12-29,67.17,Sirikit Dam
2022-12-29,103.54,Mae Ngat Somboon Chon Dam
2022-12-29,95.42,Mae Kuang Udom Thara Dam
2022-12-29,98.16,Kiew Lom Dam
2022-12-29,111.34,Kiew Kor Ma Dam
2022-12-29,87.33,Khwae Noi Bamrung Dan Dam
2022-12-29,85.11,Mae Mok Dam
2022-12-30,88.68,Bhumibol Dam
2022-12-30,67.01,Sirikit Dam
2022-12-30,103.51,Mae Ngat Somboon Chon Dam
2022-12-30,95,Mae Kuang Udom Thara Dam
2022-12-30,98.31,Kiew Lom Dam
2022-12-30,111.1,Kiew Kor Ma Dam
2022-12-30,87.22,Khwae Noi Bamrung Dan Dam
2022-12-30,84.98,Mae Mok Dam
2022-12-31,88.43,Bhumibol Dam
2022-12-31,66.86,Sirikit Dam
2022-12-31,103.52,Mae Ngat Somboon Chon Dam
2022-12-31,94.91,Mae Kuang Udom Thara Dam
2022-12-31,97.8,Kiew Lom Dam
2022-12-31,111.02,Kiew Kor Ma Dam
2022-12-31,87.01,Khwae Noi Bamrung Dan Dam
2022-12-31,84.85,Mae Mok Dam